signal_id,tier,timeframe,symbol,signal_time,entry_time,close_time,raw_entry_px,raw_exit_px,raw_gross_pct,exit_reason,bars_held,status,first_seen_run_id,last_seen_run_id
4c32eb0dd35f37780c88a09406d545d6,fast,1h,XRP,2019-10-09T13:00:00+00:00,2019-10-09T14:00:00+00:00,2019-10-10T10:00:00+00:00,0.28436,0.2678794624147423,-5.795659581255341,stop,21,closed,5af02e8f4525420d83a664a333615db2,d85ad7e2888f47b79e6eead8595df555
1dc416162442656350e280086f2547cd,fast,1h,BTC,2019-10-09T14:00:00+00:00,2019-10-09T15:00:00+00:00,2019-10-09T15:00:00+00:00,8438.55,8549.5,1.3147993434891259,trend_break,1,closed,5af02e8f4525420d83a664a333615db2,d85ad7e2888f47b79e6eead8595df555
ca42f62eaa6b9146bded90c305702c81,fast,1h,ETH,2019-10-09T14:00:00+00:00,2019-10-09T15:00:00+00:00,2019-10-10T10:00:00+00:00,191.2,188.79,-1.260460251046025,trend_break,20,closed,5af02e8f4525420d83a664a333615db2,d85ad7e2888f47b79e6eead8595df555
e8266265a6abca4fc565be7b36886e6b,fast,1h,XRP,2019-10-12T05:00:00+00:00,2019-10-12T06:00:00+00:00,2019-10-23T12:00:00+00:00,0.27417,0.27487,0.2553160447897218,trend_break,271,closed,5af02e8f4525420d83a664a333615db2,d85ad7e2888f47b79e6eead8595df555
f0ef2ee85f167f5d957f3333088a58de,fast,1h,ETH,2019-10-14T16:00:00+00:00,2019-10-14T17:00:00+00:00,2019-10-14T17:00:00+00:00,185.42,186.06,0.3451623341602872,trend_break,1,closed,5af02e8f4525420d83a664a333615db2,d85ad7e2888f47b79e6eead8595df555
b7f4577bcf174885de3b8cfcd81f5657,fast,1h,BTC,2019-10-20T17:00:00+00:00,2019-10-20T18:00:00+00:00,2019-10-20T18:00:00+00:00,8143,8134.19,-0.10819108436694869,trend_break,1,closed,5af02e8f4525420d83a664a333615db2,d85ad7e2888f47b79e6eead8595df555
5f24aa232bff3da6edaabe8d0c7d5082,fast,1h,ADA,2019-10-25T15:00:00+00:00,2019-10-25T16:00:00+00:00,2019-11-19T07:00:00+00:00,0.04023,0.04174,3.7534178473775714,trend_break,592,closed,5af02e8f4525420d83a664a333615db2,d85ad7e2888f47b79e6eead8595df555
033aeef6c2a48c9d2b89a1b2ce101f1c,fast,1h,BNB,2019-10-25T15:00:00+00:00,2019-10-25T16:00:00+00:00,2019-11-18T11:00:00+00:00,18.4339,19.6263,6.468517242688732,trend_break,572,closed,5af02e8f4525420d83a664a333615db2,d85ad7e2888f47b79e6eead8595df555
2c55548b02602abdf0d25d8cfee0dc89,fast,1h,BTC,2019-10-25T15:00:00+00:00,2019-10-25T16:00:00+00:00,2019-11-08T13:00:00+00:00,8268.45,8807.97,6.525043992525781,trend_break,334,closed,5af02e8f4525420d83a664a333615db2,d85ad7e2888f47b79e6eead8595df555
45855ab8b35f43809d4f566b0f57aa6d,fast,1h,ETH,2019-10-25T15:00:00+00:00,2019-10-25T16:00:00+00:00,2019-10-25T16:00:00+00:00,175.98,179.05,1.744516422320741,trend_break,1,closed,5af02e8f4525420d83a664a333615db2,d85ad7e2888f47b79e6eead8595df555
1779f62038ee403276e5c85db760b6f8,fast,1h,XRP,2019-10-25T15:00:00+00:00,2019-10-25T16:00:00+00:00,2019-11-08T04:00:00+00:00,0.29098,0.2855,-1.883290947831484,trend_break,325,closed,5af02e8f4525420d83a664a333615db2,d85ad7e2888f47b79e6eead8595df555
e15a77d45812b10f50f7e9b6f36a4b4d,fast,1h,ADA,2019-11-04T10:00:00+00:00,2019-11-04T11:00:00+00:00,2019-11-19T07:00:00+00:00,0.04231,0.04174,-1.3471992436776214,trend_break,357,closed,5af02e8f4525420d83a664a333615db2,d85ad7e2888f47b79e6eead8595df555
840f1fd76b32fff7972917506ae860ce,fast,1h,XRP,2019-12-05T20:00:00+00:00,2019-12-05T21:00:00+00:00,2019-12-05T21:00:00+00:00,0.22364,0.22198,-0.7422643534251483,trend_break,1,closed,5af02e8f4525420d83a664a333615db2,d85ad7e2888f47b79e6eead8595df555
22677d78582c1aabaea207fa83d322ed,fast,1h,BTC,2019-12-06T17:00:00+00:00,2019-12-06T18:00:00+00:00,2019-12-06T18:00:00+00:00,7478.25,7437.85,-0.5402333433624174,trend_break,1,closed,5af02e8f4525420d83a664a333615db2,d85ad7e2888f47b79e6eead8595df555
72dbcfffabf305e6c34e4f014cd0f981,fast,1h,BNB,2019-12-07T00:00:00+00:00,2019-12-07T01:00:00+00:00,2019-12-07T01:00:00+00:00,15.7635,15.6822,-0.5157484061280804,trend_break,1,closed,5af02e8f4525420d83a664a333615db2,d85ad7e2888f47b79e6eead8595df555
cf0b575e50aa5d2be9d738873106cc7e,fast,1h,ETH,2019-12-08T15:00:00+00:00,2019-12-08T16:00:00+00:00,2019-12-08T16:00:00+00:00,150.67,150.23,-0.2920289374128915,trend_break,1,closed,5af02e8f4525420d83a664a333615db2,d85ad7e2888f47b79e6eead8595df555
af0d7441c206036b175ff9595a7a278c,fast,1h,BTC,2019-12-22T18:00:00+00:00,2019-12-22T19:00:00+00:00,2019-12-22T19:00:00+00:00,7393.26,7408.1,0.20072336154821624,trend_break,1,closed,5af02e8f4525420d83a664a333615db2,d85ad7e2888f47b79e6eead8595df555
7903a4724fc965f17e7020c8ed81a17d,fast,1h,BNB,2019-12-29T12:00:00+00:00,2019-12-29T13:00:00+00:00,2019-12-29T13:00:00+00:00,13.9134,14.0886,1.2592177325456033,trend_break,1,closed,5af02e8f4525420d83a664a333615db2,d85ad7e2888f47b79e6eead8595df555
7b842ea32c415565fe0ad81a77156cfb,fast,1h,ETH,2020-01-03T09:00:00+00:00,2020-01-03T10:00:00+00:00,2020-01-03T10:00:00+00:00,132.47,131.9,-0.4302861025137661,trend_break,1,closed,5af02e8f4525420d83a664a333615db2,d85ad7e2888f47b79e6eead8595df555
7de90543ec4b5be41c183a29d385de62,fast,1h,BNB,2020-01-04T09:00:00+00:00,2020-01-04T10:00:00+00:00,2020-01-04T10:00:00+00:00,13.8302,13.8018,-0.2053477173142748,trend_break,1,closed,5af02e8f4525420d83a664a333615db2,d85ad7e2888f47b79e6eead8595df555
76c6fca5920d5a270e61776c55e54ab9,fast,1h,ADA,2020-01-05T01:00:00+00:00,2020-01-05T02:00:00+00:00,2020-01-05T02:00:00+00:00,0.03481,0.03463,-0.5170927894283195,trend_break,1,closed,5af02e8f4525420d83a664a333615db2,d85ad7e2888f47b79e6eead8595df555
24b173144bfeda61bb55e47f8048e9f7,fast,1h,BTC,2020-01-05T01:00:00+00:00,2020-01-05T02:00:00+00:00,2020-02-25T14:00:00+00:00,7478.21,9408.55,25.81286163400065,trend_break,1237,closed,5af02e8f4525420d83a664a333615db2,d85ad7e2888f47b79e6eead8595df555
36759377596ee3ffa5297ee335a23fbb,fast,1h,BTC,2020-01-06T02:00:00+00:00,2020-01-06T03:00:00+00:00,2020-02-25T14:00:00+00:00,7568.18,9408.55,24.31720704317284,trend_break,1212,closed,5af02e8f4525420d83a664a333615db2,d85ad7e2888f47b79e6eead8595df555
7f52279153d596e5adceb5994efaf9cd,fast,1h,BNB,2020-01-10T15:00:00+00:00,2020-01-10T16:00:00+00:00,2020-02-25T05:00:00+00:00,14.9097,21.1289,41.71244223559161,trend_break,1094,closed,5af02e8f4525420d83a664a333615db2,d85ad7e2888f47b79e6eead8595df555
5f19792e89647ac49656e6f957c924c0,fast,1h,BTC,2020-01-26T17:00:00+00:00,2020-01-26T18:00:00+00:00,2020-02-25T14:00:00+00:00,8580.7,9408.55,9.647814280886147,trend_break,717,closed,5af02e8f4525420d83a664a333615db2,d85ad7e2888f47b79e6eead8595df555
368df0924c32320b9a70b00bfb3e152f,fast,1h,XRP,2020-01-28T13:00:00+00:00,2020-01-28T14:00:00+00:00,2020-02-20T11:00:00+00:00,0.23821,0.2672,12.169934091767765,trend_break,550,closed,5af02e8f4525420d83a664a333615db2,d85ad7e2888f47b79e6eead8595df555
6088b45c4a5d86261a85cf3f307bbf15,fast,1h,BNB,2020-01-28T23:00:00+00:00,2020-01-29T00:00:00+00:00,2020-02-25T05:00:00+00:00,18.0532,21.1289,17.036868809961668,trend_break,654,closed,5af02e8f4525420d83a664a333615db2,d85ad7e2888f47b79e6eead8595df555
9293478c21ed17d0adcdf04564851aaf,fast,1h,XRP,2020-01-30T20:00:00+00:00,2020-01-30T21:00:00+00:00,2020-02-20T11:00:00+00:00,0.24445,0.2672,9.30660666803027,trend_break,495,closed,5af02e8f4525420d83a664a333615db2,d85ad7e2888f47b79e6eead8595df555
d426caf8798d4e1010f43a69eafcd4b2,fast,1h,XRP,2020-02-02T10:00:00+00:00,2020-02-02T11:00:00+00:00,2020-02-20T11:00:00+00:00,0.25055,0.2672,6.645380163640002,trend_break,433,closed,5af02e8f4525420d83a664a333615db2,d85ad7e2888f47b79e6eead8595df555
95a86c5e11ec209e03248b3a1dd4addc,fast,1h,BNB,2020-02-05T02:00:00+00:00,2020-02-05T03:00:00+00:00,2020-02-25T05:00:00+00:00,18.8189,21.1289,12.274893856707902,trend_break,483,closed,5af02e8f4525420d83a664a333615db2,d85ad7e2888f47b79e6eead8595df555
4b2572f3ab3d0357b02e58d60876edab,fast,1h,BTC,2020-02-18T16:00:00+00:00,2020-02-18T17:00:00+00:00,2020-02-19T21:00:00+00:00,9933.88,9439.972828602597,-4.971946222396517,stop,29,closed,5af02e8f4525420d83a664a333615db2,d85ad7e2888f47b79e6eead8595df555
8ed224dfc7a3109afe6cea58f1b0cb0a,fast,1h,ETH,2020-02-18T16:00:00+00:00,2020-02-18T17:00:00+00:00,2020-02-20T12:00:00+00:00,281.58,250.93412979025237,-10.883539388361251,stop,44,closed,5af02e8f4525420d83a664a333615db2,d85ad7e2888f47b79e6eead8595df555
676e6a405c6dc1502da6149748dae3bb,fast,1h,BNB,2020-03-06T10:00:00+00:00,2020-03-06T11:00:00+00:00,2020-03-07T16:00:00+00:00,21.5852,20.6001,-4.563775179289509,trend_break,30,closed,5af02e8f4525420d83a664a333615db2,d85ad7e2888f47b79e6eead8595df555
860fa683b4c07457a01ed86b892f45fc,fast,1h,ETH,2020-03-06T23:00:00+00:00,2020-03-07T00:00:00+00:00,2020-03-08T02:00:00+00:00,246.46,231.05988931159402,-6.248523366228187,stop,27,closed,5af02e8f4525420d83a664a333615db2,d85ad7e2888f47b79e6eead8595df555
ec24f97fdcd3653678ca4ecc8d0fb9ed,fast,1h,ETH,2020-03-20T10:00:00+00:00,2020-03-20T11:00:00+00:00,2020-03-20T11:00:00+00:00,151.28,145.78,-3.635642517186677,trend_break,1,closed,5af02e8f4525420d83a664a333615db2,d85ad7e2888f47b79e6eead8595df555
aca537132013e6fd3e560af7be2a70b0,fast,1h,BNB,2020-03-31T07:00:00+00:00,2020-03-31T08:00:00+00:00,2020-03-31T08:00:00+00:00,12.5635,12.6045,0.32634218171687657,trend_break,1,closed,5af02e8f4525420d83a664a333615db2,d85ad7e2888f47b79e6eead8595df555
4c47fdd0dce1457d168ff72fdec32c9f,fast,1h,BTC,2020-04-01T22:00:00+00:00,2020-04-01T23:00:00+00:00,2020-04-01T23:00:00+00:00,6528.09,6641,1.729602379869144,trend_break,1,closed,5af02e8f4525420d83a664a333615db2,d85ad7e2888f47b79e6eead8595df555
db86c8cc8f318948e62c556d8acdc232,fast,1h,ETH,2020-04-01T23:00:00+00:00,2020-04-02T00:00:00+00:00,2020-04-02T00:00:00+00:00,135.94,136.24,0.22068559658674491,trend_break,1,closed,5af02e8f4525420d83a664a333615db2,d85ad7e2888f47b79e6eead8595df555
a874d16e0b7b557b2fa6a10e18c5dd9f,fast,1h,XRP,2020-04-02T16:00:00+00:00,2020-04-02T17:00:00+00:00,2020-04-02T17:00:00+00:00,0.18151,0.18258,0.5894992011459266,trend_break,1,closed,5af02e8f4525420d83a664a333615db2,d85ad7e2888f47b79e6eead8595df555
ea2e438811a7db18da39064369e560ae,fast,1h,ADA,2020-04-02T17:00:00+00:00,2020-04-02T18:00:00+00:00,2020-04-02T18:00:00+00:00,0.03253,0.03187,-2.028896403320013,trend_break,1,closed,5af02e8f4525420d83a664a333615db2,d85ad7e2888f47b79e6eead8595df555
1d032c33a06e02f699b8ee6e633c3002,fast,1h,BNB,2020-04-02T17:00:00+00:00,2020-04-02T18:00:00+00:00,2020-04-02T18:00:00+00:00,13.4164,13.059,-2.6639038788348612,trend_break,1,closed,5af02e8f4525420d83a664a333615db2,d85ad7e2888f47b79e6eead8595df555
c38c2c7792d3a4c5d10fef71141ed49b,fast,1h,BNB,2020-04-04T09:00:00+00:00,2020-04-04T10:00:00+00:00,2020-04-04T10:00:00+00:00,13.9954,13.8384,-1.1217971619246314,trend_break,1,closed,5af02e8f4525420d83a664a333615db2,d85ad7e2888f47b79e6eead8595df555
bf33e4b7e5dc5124938ff0a107409e4f,fast,1h,XRP,2020-04-06T00:00:00+00:00,2020-04-06T01:00:00+00:00,2020-04-06T01:00:00+00:00,0.18079,0.18031,-0.2655014104762432,trend_break,1,closed,5af02e8f4525420d83a664a333615db2,d85ad7e2888f47b79e6eead8595df555
788a2c5a414017edc55b7fcba599d771,fast,1h,ADA,2020-04-06T04:00:00+00:00,2020-04-06T05:00:00+00:00,2020-04-06T05:00:00+00:00,0.03281,0.03278,-0.09143553794574988,trend_break,1,closed,5af02e8f4525420d83a664a333615db2,d85ad7e2888f47b79e6eead8595df555
f199d0bedf8c7a9258d4d64d2362b3e6,fast,1h,BNB,2020-04-06T04:00:00+00:00,2020-04-06T05:00:00+00:00,2020-04-10T06:00:00+00:00,13.9582,14.0921,0.9592927454829425,trend_break,98,closed,5af02e8f4525420d83a664a333615db2,d85ad7e2888f47b79e6eead8595df555
51babd9f8301e8ddee19297b6b14b791,fast,1h,ETH,2020-04-14T16:00:00+00:00,2020-04-14T17:00:00+00:00,2020-04-15T00:00:00+00:00,161.25,156.63,-2.865116279069768,trend_break,8,closed,5af02e8f4525420d83a664a333615db2,d85ad7e2888f47b79e6eead8595df555
1e7952e11bbeed731ed3788cd6f922b7,fast,1h,BTC,2020-04-16T07:00:00+00:00,2020-04-16T08:00:00+00:00,2020-04-20T11:00:00+00:00,6900.3,6963.78,0.9199600017390397,trend_break,100,closed,5af02e8f4525420d83a664a333615db2,d85ad7e2888f47b79e6eead8595df555
c0601db4985dd5adda8ba6d96d388508,fast,1h,ETH,2020-04-16T07:00:00+00:00,2020-04-16T08:00:00+00:00,2020-05-10T02:00:00+00:00,164.88,187.69,13.834303736050458,trend_break,562,closed,5af02e8f4525420d83a664a333615db2,d85ad7e2888f47b79e6eead8595df555
433e665b34f1ac108a71783474cef5d5,fast,1h,BNB,2020-04-16T08:00:00+00:00,2020-04-16T09:00:00+00:00,2020-05-10T00:00:00+00:00,15.6743,14.323330257584317,-8.619011645915187,stop,559,closed,5af02e8f4525420d83a664a333615db2,d85ad7e2888f47b79e6eead8595df555
934a6092ce815e04ffdbcc9b47f2bcfa,fast,1h,ADA,2020-04-18T02:00:00+00:00,2020-04-18T03:00:00+00:00,2020-04-20T19:00:00+00:00,0.03505,0.03393,-3.1954350927246633,trend_break,65,closed,5af02e8f4525420d83a664a333615db2,d85ad7e2888f47b79e6eead8595df555
a3228da1e89c36634d720c98f8186011,fast,1h,BTC,2020-04-22T13:00:00+00:00,2020-04-22T14:00:00+00:00,2020-05-24T23:00:00+00:00,7069.53,8716.23,23.292920462887913,trend_break,769,closed,5af02e8f4525420d83a664a333615db2,d85ad7e2888f47b79e6eead8595df555
5d70484d5bae26d5e82095877938d617,fast,1h,XRP,2020-04-23T13:00:00+00:00,2020-04-23T14:00:00+00:00,2020-05-10T00:00:00+00:00,0.19441,0.18531415724360617,-4.678690785656004,stop,386,closed,5af02e8f4525420d83a664a333615db2,d85ad7e2888f47b79e6eead8595df555
2400418ff5f62ba8c64b690f56905727,fast,1h,ADA,2020-05-06T10:00:00+00:00,2020-05-06T11:00:00+00:00,2020-05-10T00:00:00+00:00,0.05105,0.04777308397915752,-6.419032362081245,stop,86,closed,5af02e8f4525420d83a664a333615db2,d85ad7e2888f47b79e6eead8595df555
0228f5d5027f3d826c6d73f78d526aec,fast,1h,ADA,2020-05-07T18:00:00+00:00,2020-05-07T19:00:00+00:00,2020-05-10T00:00:00+00:00,0.0517,0.04830899333405934,-6.5590070907943225,stop,54,closed,5af02e8f4525420d83a664a333615db2,d85ad7e2888f47b79e6eead8595df555
8a0ef62065cfdb0858c58d8d018b0e27,fast,1h,ETH,2020-05-07T18:00:00+00:00,2020-05-07T19:00:00+00:00,2020-05-10T00:00:00+00:00,213.26,198.90226177313644,-6.732504092123959,stop,54,closed,5af02e8f4525420d83a664a333615db2,d85ad7e2888f47b79e6eead8595df555
8e2bc8778c1c7ef77e1ddd0ea069e4fd,fast,1h,XRP,2020-05-07T18:00:00+00:00,2020-05-07T19:00:00+00:00,2020-05-10T00:00:00+00:00,0.21904,0.20551467101329451,-6.174821487721649,stop,54,closed,5af02e8f4525420d83a664a333615db2,d85ad7e2888f47b79e6eead8595df555
5409e3cd18de8324f75790f46e1a4e11,fast,1h,ETH,2020-05-14T09:00:00+00:00,2020-05-14T10:00:00+00:00,2020-05-15T20:00:00+00:00,205.11,191.84201541809801,-6.4687165822739034,stop,35,closed,5af02e8f4525420d83a664a333615db2,d85ad7e2888f47b79e6eead8595df555
575952d2be45e8a929a83494ffbc3fb9,fast,1h,XRP,2020-05-14T09:00:00+00:00,2020-05-14T10:00:00+00:00,2020-05-14T16:00:00+00:00,0.20587,0.20158,-2.083839316073244,trend_break,7,closed,5af02e8f4525420d83a664a333615db2,d85ad7e2888f47b79e6eead8595df555
933502ac195a7059a0148938ea278b0f,fast,1h,ADA,2020-05-28T12:00:00+00:00,2020-05-28T13:00:00+00:00,2020-08-12T02:00:00+00:00,0.05799,0.13047,124.98706673564408,trend_break,1799,closed,5af02e8f4525420d83a664a333615db2,d85ad7e2888f47b79e6eead8595df555
07cd8185d0c457b79ef04d65e883483b,fast,1h,BTC,2020-05-28T12:00:00+00:00,2020-05-28T13:00:00+00:00,2020-06-11T16:00:00+00:00,9427.51,9120.49,-3.2566393459142473,trend_break,340,closed,5af02e8f4525420d83a664a333615db2,d85ad7e2888f47b79e6eead8595df555
d20a677f9332911baf99404e7b9a35c4,fast,1h,ETH,2020-05-28T12:00:00+00:00,2020-05-28T13:00:00+00:00,2020-06-15T05:00:00+00:00,210.04,222.44,5.903637402399542,trend_break,425,closed,5af02e8f4525420d83a664a333615db2,d85ad7e2888f47b79e6eead8595df555
55fc7c4960abad70256dd7ffe47611c3,fast,1h,XRP,2020-05-30T10:00:00+00:00,2020-05-30T11:00:00+00:00,2020-06-02T15:00:00+00:00,0.20454,0.1979013687372996,-3.245639612154294,stop,77,closed,5af02e8f4525420d83a664a333615db2,d85ad7e2888f47b79e6eead8595df555
b07d752f9b33eba513ea986a1d916338,fast,1h,XRP,2020-06-01T23:00:00+00:00,2020-06-02T00:00:00+00:00,2020-06-02T14:00:00+00:00,0.21078,0.200189295199392,-5.024530221372048,stop,15,closed,5af02e8f4525420d83a664a333615db2,d85ad7e2888f47b79e6eead8595df555
cd6366f3636dc74d26d2c6c6f98b352b,fast,1h,BTC,2020-06-03T10:00:00+00:00,2020-06-03T11:00:00+00:00,2020-06-11T16:00:00+00:00,9591.83,9120.49,-4.913973663002791,trend_break,198,closed,5af02e8f4525420d83a664a333615db2,d85ad7e2888f47b79e6eead8595df555
d3abbd9153a62ec60f51cbd97f94e797,fast,1h,BTC,2020-06-10T18:00:00+00:00,2020-06-10T19:00:00+00:00,2020-06-11T15:00:00+00:00,9824.65,9516.72624049011,-3.134195716996424,stop,21,closed,5af02e8f4525420d83a664a333615db2,d85ad7e2888f47b79e6eead8595df555
f5fb0f7801d446e69e4e817397f9418d,fast,1h,ETH,2020-06-10T18:00:00+00:00,2020-06-10T19:00:00+00:00,2020-06-11T16:00:00+00:00,245.54,236.81559650475523,-3.5531495867250795,stop,22,closed,5af02e8f4525420d83a664a333615db2,d85ad7e2888f47b79e6eead8595df555
eebfad202bbee94e9c467b17a1de589e,fast,1h,ADA,2020-06-10T22:00:00+00:00,2020-06-10T23:00:00+00:00,2020-06-11T15:00:00+00:00,0.08385,0.07869895834908217,-6.14316237438024,stop,17,closed,5af02e8f4525420d83a664a333615db2,d85ad7e2888f47b79e6eead8595df555
f86ef71e1549dedf3d011c1d4a98532e,fast,1h,XRP,2020-06-17T07:00:00+00:00,2020-06-17T08:00:00+00:00,2020-06-17T08:00:00+00:00,0.19584,0.19562,-0.11233660130718359,trend_break,1,closed,5af02e8f4525420d83a664a333615db2,d85ad7e2888f47b79e6eead8595df555
d5109964f450a75ea6a31da3be204a90,fast,1h,ETH,2020-06-22T04:00:00+00:00,2020-06-22T05:00:00+00:00,2020-06-26T07:00:00+00:00,235.36,228.77,-2.7999660095173406,trend_break,99,closed,5af02e8f4525420d83a664a333615db2,d85ad7e2888f47b79e6eead8595df555
eff23cd4fc7258718df6ebab51108c7c,fast,1h,BNB,2020-06-24T04:00:00+00:00,2020-06-24T05:00:00+00:00,2020-06-24T05:00:00+00:00,16.5538,16.56,0.037453636023143666,trend_break,1,closed,5af02e8f4525420d83a664a333615db2,d85ad7e2888f47b79e6eead8595df555
9b09e3d9e046a23624cbb1d5f9534a1c,fast,1h,XRP,2020-06-24T04:00:00+00:00,2020-06-24T05:00:00+00:00,2020-06-24T05:00:00+00:00,0.19009,0.18962,-0.24725130201483925,trend_break,1,closed,5af02e8f4525420d83a664a333615db2,d85ad7e2888f47b79e6eead8595df555
263f9729cced7bc6202009b4096055ae,fast,1h,ADA,2020-07-01T13:00:00+00:00,2020-07-01T14:00:00+00:00,2020-08-12T02:00:00+00:00,0.08862,0.13047,47.2241029113067,trend_break,982,closed,5af02e8f4525420d83a664a333615db2,d85ad7e2888f47b79e6eead8595df555
1835968a88042efad1f240f9cee06b94,fast,1h,BNB,2020-07-04T17:00:00+00:00,2020-07-04T18:00:00+00:00,2020-07-04T18:00:00+00:00,15.5924,15.5322,-0.3860855288473908,trend_break,1,closed,5af02e8f4525420d83a664a333615db2,d85ad7e2888f47b79e6eead8595df555
6c19034c254c005a5e33d99e9d8b3612,fast,1h,XRP,2020-07-04T17:00:00+00:00,2020-07-04T18:00:00+00:00,2020-07-04T18:00:00+00:00,0.17909,0.17839,-0.39086492824836894,trend_break,1,closed,5af02e8f4525420d83a664a333615db2,d85ad7e2888f47b79e6eead8595df555
3a1666d3c45728738e791ed4df500895,fast,1h,BTC,2020-07-06T06:00:00+00:00,2020-07-06T07:00:00+00:00,2020-07-06T07:00:00+00:00,9219.33,9199.15,-0.21888792352590114,trend_break,1,closed,5af02e8f4525420d83a664a333615db2,d85ad7e2888f47b79e6eead8595df555
34f2bfcc8f889ba0225f087d84d58778,fast,1h,ETH,2020-07-06T06:00:00+00:00,2020-07-06T07:00:00+00:00,2020-07-16T07:00:00+00:00,232.78,232.77,-0.004295901709761019,trend_break,231,closed,5af02e8f4525420d83a664a333615db2,d85ad7e2888f47b79e6eead8595df555
875a927c0102c6dbea734ed56becec83,fast,1h,XRP,2020-07-06T06:00:00+00:00,2020-07-06T07:00:00+00:00,2020-07-06T07:00:00+00:00,0.18144,0.18137,-0.03858024691357764,trend_break,1,closed,5af02e8f4525420d83a664a333615db2,d85ad7e2888f47b79e6eead8595df555
c9d2b7e736e7508e944b1e16cf2bf851,fast,1h,BNB,2020-07-06T21:00:00+00:00,2020-07-06T22:00:00+00:00,2020-07-16T09:00:00+00:00,16.0332,16.6562,3.885687199061927,trend_break,218,closed,5af02e8f4525420d83a664a333615db2,d85ad7e2888f47b79e6eead8595df555
6655271ac051492a0a46fb3499ca6728,fast,1h,ETH,2020-07-19T22:00:00+00:00,2020-07-19T23:00:00+00:00,2020-09-03T23:00:00+00:00,238.08,382.02,60.458669354838705,trend_break,1100,closed,5af02e8f4525420d83a664a333615db2,d85ad7e2888f47b79e6eead8595df555
7c217e72bb128b5cc8883e618c45b251,fast,1h,BTC,2020-07-19T23:00:00+00:00,2020-07-20T00:00:00+00:00,2020-07-20T00:00:00+00:00,9215.16,9189.69,-0.27639237951374573,trend_break,1,closed,5af02e8f4525420d83a664a333615db2,d85ad7e2888f47b79e6eead8595df555
1c0a8ebbacfd705b9cf5cf6d26c22289,fast,1h,BTC,2020-07-21T07:00:00+00:00,2020-07-21T08:00:00+00:00,2020-08-25T17:00:00+00:00,9323.55,11204.88,20.178258281448592,trend_break,845,closed,5af02e8f4525420d83a664a333615db2,d85ad7e2888f47b79e6eead8595df555
ff6f271cba8078cb273b73f2127cbac7,fast,1h,ETH,2020-07-21T07:00:00+00:00,2020-07-21T08:00:00+00:00,2020-09-03T23:00:00+00:00,241.86,382.02,57.950880674770524,trend_break,1067,closed,5af02e8f4525420d83a664a333615db2,d85ad7e2888f47b79e6eead8595df555
636b6bcd809dd5272fe3b6ece1e084c6,fast,1h,ADA,2020-07-22T22:00:00+00:00,2020-07-22T23:00:00+00:00,2020-08-12T02:00:00+00:00,0.12395,0.13047,5.260185558693009,trend_break,479,closed,5af02e8f4525420d83a664a333615db2,d85ad7e2888f47b79e6eead8595df555
4bebbc06a1a644603677d24e0b8284f3,fast,1h,ADA,2020-07-25T00:00:00+00:00,2020-07-25T01:00:00+00:00,2020-08-12T02:00:00+00:00,0.1254,0.13047,4.043062200956937,trend_break,429,closed,5af02e8f4525420d83a664a333615db2,d85ad7e2888f47b79e6eead8595df555
4a552cb27b432d2794e9d8693d89ae36,fast,1h,ADA,2020-07-28T17:00:00+00:00,2020-07-28T18:00:00+00:00,2020-08-12T02:00:00+00:00,0.14328,0.13047,-8.940536013400324,trend_break,340,closed,5af02e8f4525420d83a664a333615db2,d85ad7e2888f47b79e6eead8595df555
b0b78f0b7ab2bd319e2e98fb2206b058,fast,1h,BNB,2020-08-03T11:00:00+00:00,2020-08-03T12:00:00+00:00,2020-08-12T06:00:00+00:00,22.4311,20.665452383596186,-7.871426797632819,stop,206,closed,5af02e8f4525420d83a664a333615db2,d85ad7e2888f47b79e6eead8595df555
9b6c9362dcc658ef596a53e7b7ef10d1,fast,1h,ADA,2020-08-04T13:00:00+00:00,2020-08-04T14:00:00+00:00,2020-08-11T20:00:00+00:00,0.14388,0.1333837853576757,-7.295117210400548,stop,170,closed,5af02e8f4525420d83a664a333615db2,d85ad7e2888f47b79e6eead8595df555
eb796f51dcd5f8e349535edd666afa97,fast,1h,BNB,2020-08-05T02:00:00+00:00,2020-08-05T03:00:00+00:00,2020-08-11T16:00:00+00:00,22.7356,21.06337918731401,-7.355076675724382,stop,153,closed,5af02e8f4525420d83a664a333615db2,d85ad7e2888f47b79e6eead8595df555
8dfe6df86104cd561a00ffa55dcd5c92,fast,1h,ADA,2020-08-08T23:00:00+00:00,2020-08-09T00:00:00+00:00,2020-08-11T13:00:00+00:00,0.14704,0.139264120925449,-5.2882746698524326,stop,62,closed,5af02e8f4525420d83a664a333615db2,d85ad7e2888f47b79e6eead8595df555
8e3ebdd593d7050881986e7c28581c1e,fast,1h,XRP,2020-08-11T01:00:00+00:00,2020-08-11T02:00:00+00:00,2020-08-11T15:00:00+00:00,0.30384,0.28489726476662725,-6.2344441921316385,stop,14,closed,5af02e8f4525420d83a664a333615db2,d85ad7e2888f47b79e6eead8595df555
390ddb5abfb4fa118974774a2230cbbc,fast,1h,BTC,2020-08-13T21:00:00+00:00,2020-08-13T22:00:00+00:00,2020-08-25T17:00:00+00:00,11700.08,11204.88,-4.232449692651685,trend_break,284,closed,5af02e8f4525420d83a664a333615db2,d85ad7e2888f47b79e6eead8595df555
addd0e5e78d3710c8f28f9121e2b9dea,fast,1h,ETH,2020-08-13T21:00:00+00:00,2020-08-13T22:00:00+00:00,2020-08-21T21:00:00+00:00,419.58,393.47846509693574,-6.220872039435688,stop,192,closed,5af02e8f4525420d83a664a333615db2,d85ad7e2888f47b79e6eead8595df555
792de31d9ccf9f9ccef0f2498a7d18d8,fast,1h,XRP,2020-08-13T22:00:00+00:00,2020-08-13T23:00:00+00:00,2020-08-27T11:00:00+00:00,0.29091,0.270294727062212,-7.086477927121093,stop,325,closed,5af02e8f4525420d83a664a333615db2,d85ad7e2888f47b79e6eead8595df555
c40e56ff75ab8efcdd036d8ac6513838,fast,1h,BNB,2020-08-14T09:00:00+00:00,2020-08-14T10:00:00+00:00,2020-08-25T16:00:00+00:00,22.4719,21.1438,-5.910047659521456,trend_break,271,closed,5af02e8f4525420d83a664a333615db2,d85ad7e2888f47b79e6eead8595df555
2d9fa2dded7c08d4826430abadf62d69,fast,1h,ADA,2020-08-17T09:00:00+00:00,2020-08-17T10:00:00+00:00,2020-08-18T13:00:00+00:00,0.1437,0.1361773027542971,-5.2350015627716795,stop,28,closed,5af02e8f4525420d83a664a333615db2,d85ad7e2888f47b79e6eead8595df555
d8b88c56da67416ee732163c29f100be,fast,1h,BNB,2020-08-20T14:00:00+00:00,2020-08-20T15:00:00+00:00,2020-08-21T21:00:00+00:00,23.0972,21.750365529596685,-5.83115905998699,stop,31,closed,5af02e8f4525420d83a664a333615db2,d85ad7e2888f47b79e6eead8595df555
45d399eb917788b655c1850fc749a97a,fast,1h,XRP,2020-08-30T13:00:00+00:00,2020-08-30T14:00:00+00:00,2020-09-02T11:00:00+00:00,0.28029,0.2682000989814131,-4.313354389591806,stop,70,closed,5af02e8f4525420d83a664a333615db2,d85ad7e2888f47b79e6eead8595df555
36805f0291e549d50f0b77531cb5877e,fast,1h,ADA,2020-08-31T16:00:00+00:00,2020-08-31T17:00:00+00:00,2020-08-31T17:00:00+00:00,0.12183,0.12424,1.9781662972995218,trend_break,1,closed,5af02e8f4525420d83a664a333615db2,d85ad7e2888f47b79e6eead8595df555
f4bdf1cff00edeca2ef6d02337475b1c,fast,1h,XRP,2020-09-01T05:00:00+00:00,2020-09-01T06:00:00+00:00,2020-09-02T11:00:00+00:00,0.29102,0.2784666448357565,-4.313571288654905,stop,30,closed,5af02e8f4525420d83a664a333615db2,d85ad7e2888f47b79e6eead8595df555
177daea48c4a5a161915994989d6801e,fast,1h,BNB,2020-09-01T09:00:00+00:00,2020-09-01T10:00:00+00:00,2020-09-03T12:00:00+00:00,23.6652,22.56168439135362,-4.663030984933059,stop,51,closed,5af02e8f4525420d83a664a333615db2,d85ad7e2888f47b79e6eead8595df555
35e8b802d54128959687bd8d6d962fc8,fast,1h,BNB,2020-09-01T19:00:00+00:00,2020-09-01T20:00:00+00:00,2020-09-02T11:00:00+00:00,24.875,23.6001253170345,-5.1251243536301505,stop,16,closed,5af02e8f4525420d83a664a333615db2,d85ad7e2888f47b79e6eead8595df555
6e455fea849eee3635d6884cbe8ba357,fast,1h,BNB,2020-09-13T01:00:00+00:00,2020-09-13T02:00:00+00:00,2020-09-15T23:00:00+00:00,29.9936,27.032740231592747,-9.8716385109065,stop,70,closed,5af02e8f4525420d83a664a333615db2,d85ad7e2888f47b79e6eead8595df555
519aeca3fc3403d63d1343c4af4deb6e,fast,1h,BTC,2020-09-14T13:00:00+00:00,2020-09-14T14:00:00+00:00,2020-09-14T14:00:00+00:00,10650.04,10631.1,-0.17783970764430057,trend_break,1,closed,5af02e8f4525420d83a664a333615db2,d85ad7e2888f47b79e6eead8595df555
90e7109b344b8e9a5050d3616a48a7d6,fast,1h,ETH,2020-09-14T13:00:00+00:00,2020-09-14T14:00:00+00:00,2020-09-14T14:00:00+00:00,375.1,373.21,-0.5038656358304583,trend_break,1,closed,5af02e8f4525420d83a664a333615db2,d85ad7e2888f47b79e6eead8595df555
61394801784d42536590347fab61c50d,fast,1h,XRP,2020-09-16T22:00:00+00:00,2020-09-16T23:00:00+00:00,2020-09-16T23:00:00+00:00,0.24703,0.24762,0.2388373881714756,trend_break,1,closed,5af02e8f4525420d83a664a333615db2,d85ad7e2888f47b79e6eead8595df555
0db85ede527c41583ceb2e4095183144,fast,1h,ETH,2020-09-17T00:00:00+00:00,2020-09-17T01:00:00+00:00,2020-09-18T17:00:00+00:00,379.92,376.98,-0.7738471257106805,trend_break,41,closed,5af02e8f4525420d83a664a333615db2,d85ad7e2888f47b79e6eead8595df555
1e11817e779f19f9e53f4bae6234f7bd,fast,1h,ADA,2020-09-25T11:00:00+00:00,2020-09-25T12:00:00+00:00,2020-09-25T12:00:00+00:00,0.09355,0.09295,-0.6413682522715014,trend_break,1,closed,5af02e8f4525420d83a664a333615db2,d85ad7e2888f47b79e6eead8595df555
056f87cf6e6850702464271b3cfbdb5f,fast,1h,XRP,2020-09-25T11:00:00+00:00,2020-09-25T12:00:00+00:00,2020-09-25T12:00:00+00:00,0.23826,0.2381,-0.06715352975740219,trend_break,1,closed,5af02e8f4525420d83a664a333615db2,d85ad7e2888f47b79e6eead8595df555
9802f25c22477f0b28dcccfe7c03fe32,fast,1h,ETH,2020-09-25T18:00:00+00:00,2020-09-25T19:00:00+00:00,2020-09-25T19:00:00+00:00,354.19,354.27,0.02258674722606102,trend_break,1,closed,5af02e8f4525420d83a664a333615db2,d85ad7e2888f47b79e6eead8595df555
ffab8912d7f8f707774fabf2ba19a74b,fast,1h,BNB,2020-09-29T09:00:00+00:00,2020-09-29T10:00:00+00:00,2020-10-01T17:00:00+00:00,28.2702,26.356652164490576,-6.768780678981479,stop,56,closed,5af02e8f4525420d83a664a333615db2,d85ad7e2888f47b79e6eead8595df555
9f321a112e137eca3e2f2d2d6f10c0d7,fast,1h,BTC,2020-10-01T01:00:00+00:00,2020-10-01T02:00:00+00:00,2020-10-01T15:00:00+00:00,10850.27,10719.96,-1.2009839386485477,trend_break,14,closed,5af02e8f4525420d83a664a333615db2,d85ad7e2888f47b79e6eead8595df555
4caa31723ad900a7c121986120ff40f0,fast,1h,XRP,2020-10-06T02:00:00+00:00,2020-10-06T03:00:00+00:00,2020-10-06T19:00:00+00:00,0.2552,0.244273630920401,-4.281492586049762,stop,17,closed,5af02e8f4525420d83a664a333615db2,d85ad7e2888f47b79e6eead8595df555
d42a16e942ec0cd86eecc3d39554330f,fast,1h,BTC,2020-10-08T14:00:00+00:00,2020-10-08T15:00:00+00:00,2020-10-21T04:00:00+00:00,10916.81,10692.077502106802,-2.0585912724797595,stop,302,closed,5af02e8f4525420d83a664a333615db2,d85ad7e2888f47b79e6eead8595df555
ddac06a2c59240de80b56c860ad4c622,fast,1h,ETH,2020-10-08T14:00:00+00:00,2020-10-08T15:00:00+00:00,2020-10-08T15:00:00+00:00,349.9,349.28,-0.17719348385253353,trend_break,1,closed,5af02e8f4525420d83a664a333615db2,d85ad7e2888f47b79e6eead8595df555
23f657fdaeb7a4ce90c3121aa14d1d84,fast,1h,ADA,2020-10-08T15:00:00+00:00,2020-10-08T16:00:00+00:00,2020-10-08T16:00:00+00:00,0.09645,0.09585,-0.6220839813374734,trend_break,1,closed,5af02e8f4525420d83a664a333615db2,d85ad7e2888f47b79e6eead8595df555
abe588dd061dba6c942b8e1d93c663c5,fast,1h,SOL,2020-10-09T10:00:00+00:00,2020-10-09T11:00:00+00:00,2020-10-09T11:00:00+00:00,2.5823,2.5432,-1.5141540487162541,trend_break,1,closed,5af02e8f4525420d83a664a333615db2,d85ad7e2888f47b79e6eead8595df555
3ce7d583af4b0e8821c3edf6b86ccc37,fast,1h,BNB,2020-10-12T00:00:00+00:00,2020-10-12T01:00:00+00:00,2020-10-30T02:00:00+00:00,29.0666,28.9415,-0.4303908953919633,trend_break,434,closed,5af02e8f4525420d83a664a333615db2,d85ad7e2888f47b79e6eead8595df555
60b107d120a9a9d5e3383a70e6fda56a,fast,1h,XRP,2020-10-19T11:00:00+00:00,2020-10-19T12:00:00+00:00,2020-10-19T19:00:00+00:00,0.24804,0.24609,-0.786163522012584,trend_break,8,closed,5af02e8f4525420d83a664a333615db2,d85ad7e2888f47b79e6eead8595df555
d272534a1e4453eec2276036a633a216,fast,1h,XRP,2020-10-21T03:00:00+00:00,2020-10-21T04:00:00+00:00,2020-10-21T04:00:00+00:00,0.24856,0.2469,-0.667846797553906,trend_break,1,closed,5af02e8f4525420d83a664a333615db2,d85ad7e2888f47b79e6eead8595df555
e7077a90ce71a4182cd8c36208fa72b1,fast,1h,BTC,2020-10-21T14:00:00+00:00,2020-10-21T15:00:00+00:00,2021-01-21T14:00:00+00:00,12720.82,31216.76,145.39896012992872,trend_break,2205,closed,5af02e8f4525420d83a664a333615db2,d85ad7e2888f47b79e6eead8595df555
2528a077e36f5661e271bad77dfb9eb9,fast,1h,BNB,2020-10-22T07:00:00+00:00,2020-10-22T08:00:00+00:00,2020-10-30T02:00:00+00:00,30.8969,29.417340526861526,-4.788698779290068,stop,187,closed,5af02e8f4525420d83a664a333615db2,d85ad7e2888f47b79e6eead8595df555
6b24be6675d9211ee85674fdbc75c69f,fast,1h,ETH,2020-10-22T10:00:00+00:00,2020-10-22T11:00:00+00:00,2020-10-26T16:00:00+00:00,409.58,391.1737076493156,-4.493943149246638,stop,102,closed,5af02e8f4525420d83a664a333615db2,d85ad7e2888f47b79e6eead8595df555
9c625ebf80d0d626cbc8fd5e3027a88f,fast,1h,ETH,2020-10-27T11:00:00+00:00,2020-10-27T12:00:00+00:00,2020-10-28T14:00:00+00:00,401.9,382.76573276122053,-4.760952286334774,stop,27,closed,5af02e8f4525420d83a664a333615db2,d85ad7e2888f47b79e6eead8595df555
1287bf504745a1fdf0a29fbd0aa6ac4d,fast,1h,BNB,2020-10-27T13:00:00+00:00,2020-10-27T14:00:00+00:00,2020-10-28T11:00:00+00:00,32.05,30.671257199641587,-4.301849611102682,stop,22,closed,5af02e8f4525420d83a664a333615db2,d85ad7e2888f47b79e6eead8595df555
2001d3d9b752e563fc0cca060abbd991,fast,1h,ETH,2020-11-05T14:00:00+00:00,2020-11-05T15:00:00+00:00,2020-11-15T17:00:00+00:00,415,392.0362863955379,-5.533424964930623,stop,243,closed,5af02e8f4525420d83a664a333615db2,d85ad7e2888f47b79e6eead8595df555
b56beb9c3dd7591c3647306ba8302b02,fast,1h,XRP,2020-11-05T14:00:00+00:00,2020-11-05T15:00:00+00:00,2020-11-05T15:00:00+00:00,0.24551,0.24536,-0.06109730764531918,trend_break,1,closed,5af02e8f4525420d83a664a333615db2,d85ad7e2888f47b79e6eead8595df555
8500a48c568ed871c543f5f62461455e,fast,1h,BNB,2020-11-06T00:00:00+00:00,2020-11-06T01:00:00+00:00,2020-11-06T01:00:00+00:00,28.397,28.5449,0.5208296651054711,trend_break,1,closed,5af02e8f4525420d83a664a333615db2,d85ad7e2888f47b79e6eead8595df555
86aa5cd717f89a0236a91ba2487f3dc1,fast,1h,SOL,2020-11-06T04:00:00+00:00,2020-11-06T05:00:00+00:00,2020-11-06T05:00:00+00:00,1.575,1.5695,-0.3492063492063546,trend_break,1,closed,5af02e8f4525420d83a664a333615db2,d85ad7e2888f47b79e6eead8595df555
d0ed00d9f23be6f77cdf571467de7fdf,fast,1h,BTC,2020-11-09T11:00:00+00:00,2020-11-09T12:00:00+00:00,2021-01-21T14:00:00+00:00,15800.09,31216.76,97.5733049621869,trend_break,1752,closed,5af02e8f4525420d83a664a333615db2,d85ad7e2888f47b79e6eead8595df555
6ed5166c92f4b364ec652fa90495262a,fast,1h,XRP,2020-11-10T07:00:00+00:00,2020-11-10T08:00:00+00:00,2020-12-12T14:00:00+00:00,0.26071,0.49077,88.24364236124428,trend_break,775,closed,5af02e8f4525420d83a664a333615db2,d85ad7e2888f47b79e6eead8595df555
51caa0e9740404d67be0c79596f105d4,fast,1h,BTC,2020-11-12T09:00:00+00:00,2020-11-12T10:00:00+00:00,2021-01-21T14:00:00+00:00,16056.19,31216.76,94.42196436389952,trend_break,1682,closed,5af02e8f4525420d83a664a333615db2,d85ad7e2888f47b79e6eead8595df555
ebc971c70620e465923584fea6e2ac09,fast,1h,BNB,2020-11-13T08:00:00+00:00,2020-11-13T09:00:00+00:00,2020-11-13T09:00:00+00:00,28.2075,28.1456,-0.2194451830186961,trend_break,1,closed,5af02e8f4525420d83a664a333615db2,d85ad7e2888f47b79e6eead8595df555
d93f910c4ab29750d4820aa2087c764f,fast,1h,ADA,2020-11-16T14:00:00+00:00,2020-11-16T15:00:00+00:00,2020-12-09T04:00:00+00:00,0.10484,0.13666,30.351011064479216,trend_break,542,closed,5af02e8f4525420d83a664a333615db2,d85ad7e2888f47b79e6eead8595df555
dd80f067feb5d8244374db53101a7b4c,fast,1h,BNB,2020-11-17T02:00:00+00:00,2020-11-17T03:00:00+00:00,2020-11-17T03:00:00+00:00,28.3963,28.3,-0.33912868930107143,trend_break,1,closed,5af02e8f4525420d83a664a333615db2,d85ad7e2888f47b79e6eead8595df555
9fe22b767c5a0866bdc59715efb43bb2,fast,1h,ADA,2020-11-17T05:00:00+00:00,2020-11-17T06:00:00+00:00,2020-12-09T04:00:00+00:00,0.10837,0.13666,26.105010611792935,trend_break,527,closed,5af02e8f4525420d83a664a333615db2,d85ad7e2888f47b79e6eead8595df555
6acd084468f88d891068840469eb1dba,fast,1h,ETH,2020-11-17T12:00:00+00:00,2020-11-17T13:00:00+00:00,2020-12-24T00:00:00+00:00,469.4,576.05,22.72049424797613,trend_break,876,closed,5af02e8f4525420d83a664a333615db2,d85ad7e2888f47b79e6eead8595df555
0b5a1c3c74655cb7003a1ffc91f8893c,fast,1h,BNB,2020-11-20T10:00:00+00:00,2020-11-20T11:00:00+00:00,2020-11-25T01:00:00+00:00,28.8099,27.663497367684567,-3.979196846623667,stop,111,closed,5af02e8f4525420d83a664a333615db2,d85ad7e2888f47b79e6eead8595df555
b327e7e3ac821ea4cb17d64047011652,fast,1h,ADA,2020-11-20T20:00:00+00:00,2020-11-20T21:00:00+00:00,2020-12-09T04:00:00+00:00,0.11432,0.13666,19.541637508747378,trend_break,440,closed,5af02e8f4525420d83a664a333615db2,d85ad7e2888f47b79e6eead8595df555
cc45b9ef777a51fd712600fdab02c79f,fast,1h,BNB,2020-11-21T14:00:00+00:00,2020-11-21T15:00:00+00:00,2020-11-25T01:00:00+00:00,29.9016,28.338612365520174,-5.227103681675316,stop,83,closed,5af02e8f4525420d83a664a333615db2,d85ad7e2888f47b79e6eead8595df555
c99c55bae5fbb7a5d1fe8fbaafadc186,fast,1h,SOL,2020-11-21T14:00:00+00:00,2020-11-21T15:00:00+00:00,2020-11-22T07:00:00+00:00,2.3527,2.1400446378529154,-9.038779366136119,stop,17,closed,5af02e8f4525420d83a664a333615db2,d85ad7e2888f47b79e6eead8595df555
868ffd2b382ffa2c0d6fff044cd100b0,fast,1h,BNB,2020-11-24T00:00:00+00:00,2020-11-24T01:00:00+00:00,2020-11-25T01:00:00+00:00,31.6796,29.651638335201202,-6.401474970639775,stop,25,closed,5af02e8f4525420d83a664a333615db2,d85ad7e2888f47b79e6eead8595df555
f366cc14a66f0904c04822fff17b7d70,fast,1h,SOL,2020-11-25T14:00:00+00:00,2020-11-25T15:00:00+00:00,2020-11-26T03:00:00+00:00,2.4149,2.0852273001791124,-13.651608754850608,stop,13,closed,5af02e8f4525420d83a664a333615db2,d85ad7e2888f47b79e6eead8595df555
98a4f33f8d08f35e1970bdaa60add11e,fast,1h,ADA,2020-11-30T00:00:00+00:00,2020-11-30T01:00:00+00:00,2020-12-08T22:00:00+00:00,0.17324,0.14061114246319492,-18.834482531058118,stop,214,closed,5af02e8f4525420d83a664a333615db2,d85ad7e2888f47b79e6eead8595df555
59f89b05e9c6f3cb09aecd7a82d0633c,fast,1h,BNB,2020-11-30T16:00:00+00:00,2020-11-30T17:00:00+00:00,2020-12-04T11:00:00+00:00,31.2639,29.2808,-6.343098589747287,trend_break,91,closed,5af02e8f4525420d83a664a333615db2,d85ad7e2888f47b79e6eead8595df555
64135dcd33bce6f745b1a25400c240cc,fast,1h,BTC,2020-12-06T23:00:00+00:00,2020-12-07T00:00:00+00:00,2020-12-08T22:00:00+00:00,19381.11,18430.285476376113,-4.905934302131754,stop,47,closed,5af02e8f4525420d83a664a333615db2,d85ad7e2888f47b79e6eead8595df555
952a7be0fbb6467034d46769d5aaa6de,fast,1h,BNB,2020-12-14T14:00:00+00:00,2020-12-14T15:00:00+00:00,2021-01-11T16:00:00+00:00,29.4863,35.8761,21.67040286505937,trend_break,671,closed,5af02e8f4525420d83a664a333615db2,d85ad7e2888f47b79e6eead8595df555
8f0679e6eee7e22f3f8999a4c8374e87,fast,1h,ADA,2020-12-16T13:00:00+00:00,2020-12-16T14:00:00+00:00,2020-12-21T12:00:00+00:00,0.15949,0.14866498741019996,-6.787267283089871,stop,119,closed,5af02e8f4525420d83a664a333615db2,d85ad7e2888f47b79e6eead8595df555
a8c1c5eb15d81df1d96ba7742ed3ab7c,fast,1h,ETH,2020-12-16T13:00:00+00:00,2020-12-16T14:00:00+00:00,2020-12-23T22:00:00+00:00,609.43,580.6997083205304,-4.714289037210118,stop,177,closed,5af02e8f4525420d83a664a333615db2,d85ad7e2888f47b79e6eead8595df555
f7d3ede2614faca9aa1e4417e81428f9,fast,1h,SOL,2020-12-16T23:00:00+00:00,2020-12-17T00:00:00+00:00,2020-12-17T00:00:00+00:00,1.8031,1.75,-2.944928179246853,trend_break,1,closed,5af02e8f4525420d83a664a333615db2,d85ad7e2888f47b79e6eead8595df555
9294ac13ce7a6be3e4f91b81e9c7598b,fast,1h,XRP,2020-12-17T16:00:00+00:00,2020-12-17T17:00:00+00:00,2020-12-18T00:00:00+00:00,0.64693,0.5617595424515517,-13.165328172823699,stop,8,closed,5af02e8f4525420d83a664a333615db2,d85ad7e2888f47b79e6eead8595df555
fd4cf0016f5569f83fde6541c540fc25,fast,1h,XRP,2020-12-19T16:00:00+00:00,2020-12-19T17:00:00+00:00,2020-12-21T12:00:00+00:00,0.59605,0.5095361804929898,-14.514523866623641,stop,44,closed,5af02e8f4525420d83a664a333615db2,d85ad7e2888f47b79e6eead8595df555
e72960bd1cce2ae8ab8c3a60fca25faf,fast,1h,ETH,2020-12-26T16:00:00+00:00,2020-12-26T17:00:00+00:00,2021-02-23T06:00:00+00:00,648.54,1580.91,143.76445554630402,trend_break,1403,closed,5af02e8f4525420d83a664a333615db2,d85ad7e2888f47b79e6eead8595df555
b21d38e15aa3ec4376a37c46756b5a7d,fast,1h,ADA,2020-12-29T00:00:00+00:00,2020-12-29T01:00:00+00:00,2021-03-23T06:00:00+00:00,0.18604,1.08222,481.7136099763491,trend_break,2019,closed,5af02e8f4525420d83a664a333615db2,d85ad7e2888f47b79e6eead8595df555
1e8bd54408b7ed397a35c92bf2267c9b,fast,1h,BNB,2020-12-29T02:00:00+00:00,2020-12-29T03:00:00+00:00,2021-01-11T16:00:00+00:00,36.9741,35.8761,-2.969646319991559,trend_break,323,closed,5af02e8f4525420d83a664a333615db2,d85ad7e2888f47b79e6eead8595df555
b7372f95a8c6933e5d697e1dbb1deb78,fast,1h,SOL,2021-01-01T18:00:00+00:00,2021-01-01T19:00:00+00:00,2021-03-25T01:00:00+00:00,1.7543,13.0815,645.6820384198826,trend_break,1972,closed,5af02e8f4525420d83a664a333615db2,d85ad7e2888f47b79e6eead8595df555
efc1d6a2f1a199ac6b16aaa5336be8ab,fast,1h,XRP,2021-01-07T04:00:00+00:00,2021-01-07T05:00:00+00:00,2021-01-07T05:00:00+00:00,0.29082,0.28481,-2.066570387181077,trend_break,1,closed,5af02e8f4525420d83a664a333615db2,d85ad7e2888f47b79e6eead8595df555
540d259cac69e1227eeb189a3ece73ab,fast,1h,XRP,2021-01-09T21:00:00+00:00,2021-01-09T22:00:00+00:00,2021-01-09T22:00:00+00:00,0.33409,0.3287,-1.613337723367958,trend_break,1,closed,5af02e8f4525420d83a664a333615db2,d85ad7e2888f47b79e6eead8595df555
7d8eb798cf51639d5d5471166d7fb0a2,fast,1h,BNB,2021-01-16T09:00:00+00:00,2021-01-16T10:00:00+00:00,2021-01-21T22:00:00+00:00,42.965,38.888997064512566,-9.486798406813534,stop,133,closed,5af02e8f4525420d83a664a333615db2,d85ad7e2888f47b79e6eead8595df555
91a2ba3fcbcac2db1b0f5e0a51257777,fast,1h,ADA,2021-01-16T10:00:00+00:00,2021-01-16T11:00:00+00:00,2021-01-22T00:00:00+00:00,0.33832,0.28242255171832586,-16.52206440106235,stop,134,closed,5af02e8f4525420d83a664a333615db2,d85ad7e2888f47b79e6eead8595df555
e66481d1be55719a1493d4cf96f2bf9b,fast,1h,BNB,2021-01-19T13:00:00+00:00,2021-01-19T14:00:00+00:00,2021-01-19T18:00:00+00:00,46.9208,42.720024055739835,-8.952907760012973,stop,5,closed,5af02e8f4525420d83a664a333615db2,d85ad7e2888f47b79e6eead8595df555
14865cd3f39cbc7bd601fbe5d9675afb,fast,1h,SOL,2021-01-25T17:00:00+00:00,2021-01-25T18:00:00+00:00,2021-03-25T01:00:00+00:00,3.8147,13.0815,242.92342779248693,trend_break,1400,closed,5af02e8f4525420d83a664a333615db2,d85ad7e2888f47b79e6eead8595df555
17a764ce16961f33dc225f7db3e76a3b,fast,1h,BNB,2021-01-29T08:00:00+00:00,2021-01-29T09:00:00+00:00,2021-03-25T12:00:00+00:00,43.2362,230.5001,433.11831289521285,trend_break,1324,closed,5af02e8f4525420d83a664a333615db2,d85ad7e2888f47b79e6eead8595df555
0bffd0d77a0ab46bcb7c0e93c2bfc1d5,fast,1h,BTC,2021-01-29T08:00:00+00:00,2021-01-29T09:00:00+00:00,2021-01-31T15:00:00+00:00,36301.39,32593.177189005866,-10.21507113362362,stop,55,closed,5af02e8f4525420d83a664a333615db2,d85ad7e2888f47b79e6eead8595df555
3ca8aeebcbde16b9db81b735ef7aa0b4,fast,1h,ADA,2021-01-29T09:00:00+00:00,2021-01-29T10:00:00+00:00,2021-03-23T06:00:00+00:00,0.36291,1.08222,198.2061668182194,trend_break,1269,closed,5af02e8f4525420d83a664a333615db2,d85ad7e2888f47b79e6eead8595df555
e8d9a484ef574078a7779727bbe69db7,fast,1h,ETH,2021-01-29T11:00:00+00:00,2021-01-29T12:00:00+00:00,2021-02-23T06:00:00+00:00,1418.02,1580.91,11.487144045923191,trend_break,595,closed,5af02e8f4525420d83a664a333615db2,d85ad7e2888f47b79e6eead8595df555
e2f2cb6d30936fe430085e05f1579e99,fast,1h,ETH,2021-02-08T12:00:00+00:00,2021-02-08T13:00:00+00:00,2021-02-23T06:00:00+00:00,1712.34,1580.91,-7.675461648971571,trend_break,354,closed,5af02e8f4525420d83a664a333615db2,d85ad7e2888f47b79e6eead8595df555
ce777ec0a3c26c73ae4bd5bf1d7a9a57,fast,1h,SOL,2021-02-19T12:00:00+00:00,2021-02-19T13:00:00+00:00,2021-02-22T12:00:00+00:00,10.8615,9.532647854045704,-12.23451775495369,stop,72,closed,5af02e8f4525420d83a664a333615db2,d85ad7e2888f47b79e6eead8595df555
70816d138cd8f5c0c9b2d128e48a25b2,fast,1h,ADA,2021-02-20T01:00:00+00:00,2021-02-20T02:00:00+00:00,2021-02-22T14:00:00+00:00,1.04875,0.9360543562453162,-10.74571096588166,stop,61,closed,5af02e8f4525420d83a664a333615db2,d85ad7e2888f47b79e6eead8595df555
32d3eae72313634e6264cfd8eaac97c5,fast,1h,SOL,2021-02-21T17:00:00+00:00,2021-02-21T18:00:00+00:00,2021-02-22T12:00:00+00:00,11.372,9.595700296710474,-15.619941112289181,stop,19,closed,5af02e8f4525420d83a664a333615db2,d85ad7e2888f47b79e6eead8595df555
d1540c1ce55c474f01d41d2980262225,fast,1h,SOL,2021-02-22T18:00:00+00:00,2021-02-22T19:00:00+00:00,2021-03-25T01:00:00+00:00,12.2491,13.0815,6.795601309483956,trend_break,727,closed,5af02e8f4525420d83a664a333615db2,d85ad7e2888f47b79e6eead8595df555
d6584d03d98e77ccf146bd17197a91aa,fast,1h,ETH,2021-03-07T23:00:00+00:00,2021-03-08T00:00:00+00:00,2021-03-22T20:00:00+00:00,1730.05,1677.71,-3.0253460882633365,trend_break,357,closed,5af02e8f4525420d83a664a333615db2,d85ad7e2888f47b79e6eead8595df555
2301c2400bf05b01a4c671a744bb3699,fast,1h,BTC,2021-03-09T01:00:00+00:00,2021-03-09T02:00:00+00:00,2021-03-24T22:00:00+00:00,53612.96,52531.19,-2.0177397405403363,trend_break,381,closed,5af02e8f4525420d83a664a333615db2,d85ad7e2888f47b79e6eead8595df555
afb07c1aae5cab668a70b7f012ab403c,fast,1h,SOL,2021-03-11T17:00:00+00:00,2021-03-11T18:00:00+00:00,2021-03-12T20:00:00+00:00,15.8568,14.420331539635367,-9.059005980807179,stop,27,closed,5af02e8f4525420d83a664a333615db2,d85ad7e2888f47b79e6eead8595df555
e42348524ca16c2aba8fc79a2c9ed92b,fast,1h,BTC,2021-03-17T18:00:00+00:00,2021-03-17T19:00:00+00:00,2021-03-24T22:00:00+00:00,57586.71,52817.013029788155,-8.282634952078084,stop,172,closed,5af02e8f4525420d83a664a333615db2,d85ad7e2888f47b79e6eead8595df555
c64174bd20e489183a6f1cb006cc92cc,fast,1h,ADA,2021-03-17T20:00:00+00:00,2021-03-17T21:00:00+00:00,2021-03-21T12:00:00+00:00,1.33439,1.1601225385147051,-13.05970979138744,stop,88,closed,5af02e8f4525420d83a664a333615db2,d85ad7e2888f47b79e6eead8595df555
c95eb53fd0efb0c5a2cc1bacb8ef3a71,fast,1h,ADA,2021-03-19T19:00:00+00:00,2021-03-19T20:00:00+00:00,2021-03-22T20:00:00+00:00,1.33712,1.125286506098328,-15.842519287847923,stop,73,closed,5af02e8f4525420d83a664a333615db2,d85ad7e2888f47b79e6eead8595df555
3fc72200ae8b18c28233415ed5fae4cd,fast,1h,SOL,2021-03-22T03:00:00+00:00,2021-03-22T04:00:00+00:00,2021-03-23T06:00:00+00:00,15.1861,14.224982417774655,-6.328929627918589,stop,27,closed,5af02e8f4525420d83a664a333615db2,d85ad7e2888f47b79e6eead8595df555
d32cad956f1c897983f66143f7148aa1,fast,1h,SOL,2021-03-27T06:00:00+00:00,2021-03-27T07:00:00+00:00,2021-05-19T12:00:00+00:00,16.0151,35.5113,121.7363613090146,trend_break,1278,closed,5af02e8f4525420d83a664a333615db2,d85ad7e2888f47b79e6eead8595df555
2df46772d89fff27a7055ae641119e25,fast,1h,BTC,2021-03-29T09:00:00+00:00,2021-03-29T10:00:00+00:00,2021-04-18T03:00:00+00:00,58015.28,54493.87586967948,-6.069787356573153,stop,474,closed,5af02e8f4525420d83a664a333615db2,d85ad7e2888f47b79e6eead8595df555
c21821d974d345d5e94012217c94cfc7,fast,1h,ETH,2021-03-31T18:00:00+00:00,2021-03-31T19:00:00+00:00,2021-04-11T18:00:00+00:00,1892.45,1777.3417220809124,-6.082500352404963,stop,264,closed,5af02e8f4525420d83a664a333615db2,d85ad7e2888f47b79e6eead8595df555
35f6fdf1b80f8a770e4affe3e5cd17ad,fast,1h,ADA,2021-04-02T07:00:00+00:00,2021-04-02T08:00:00+00:00,2021-04-02T13:00:00+00:00,1.22671,1.1538023217123787,-5.943350774642841,stop,6,closed,5af02e8f4525420d83a664a333615db2,d85ad7e2888f47b79e6eead8595df555
2378ecf0ad37c9250397bcde2a51d1a6,fast,1h,ADA,2021-04-05T14:00:00+00:00,2021-04-05T15:00:00+00:00,2021-04-18T03:00:00+00:00,1.205,1.0678898496438103,-11.378435714206624,stop,301,closed,5af02e8f4525420d83a664a333615db2,d85ad7e2888f47b79e6eead8595df555
e1b3405b9380b81d1eab4ed2ee8b537e,fast,1h,BTC,2021-04-05T14:00:00+00:00,2021-04-05T15:00:00+00:00,2021-04-07T11:00:00+00:00,59163.59,56399.228791850335,-4.672402753365135,stop,45,closed,5af02e8f4525420d83a664a333615db2,d85ad7e2888f47b79e6eead8595df555
e4a316db6f9990037d6c300fc90dfab9,fast,1h,ADA,2021-04-11T12:00:00+00:00,2021-04-11T13:00:00+00:00,2021-04-18T03:00:00+00:00,1.28135,1.1994511659538343,-6.391605263680155,stop,159,closed,5af02e8f4525420d83a664a333615db2,d85ad7e2888f47b79e6eead8595df555
0035faaf864097ddb3de18a60a623c99,fast,1h,ETH,2021-04-12T06:00:00+00:00,2021-04-12T07:00:00+00:00,2021-04-18T03:00:00+00:00,2185.91,1951.9087715478288,-10.704980006137998,stop,141,closed,5af02e8f4525420d83a664a333615db2,d85ad7e2888f47b79e6eead8595df555
788f2cbfaff58e47584cd56b1a646a3e,fast,1h,ADA,2021-04-13T13:00:00+00:00,2021-04-13T14:00:00+00:00,2021-04-18T03:00:00+00:00,1.39388,1.2706509195384421,-8.840723768298409,stop,110,closed,5af02e8f4525420d83a664a333615db2,d85ad7e2888f47b79e6eead8595df555
cf79bc013a1e3ea1e4772dcd3499ea2f,fast,1h,ETH,2021-04-27T14:00:00+00:00,2021-04-27T15:00:00+00:00,2021-05-19T02:00:00+00:00,2635.23,3107.92,17.93733374316473,trend_break,516,closed,5af02e8f4525420d83a664a333615db2,d85ad7e2888f47b79e6eead8595df555
b55a1f75d24bde6c5b755bd21622ee8c,fast,1h,SOL,2021-04-28T13:00:00+00:00,2021-04-28T14:00:00+00:00,2021-05-13T17:00:00+00:00,46.5125,38.13557687167111,-18.010047037525155,stop,364,closed,5af02e8f4525420d83a664a333615db2,d85ad7e2888f47b79e6eead8595df555
db944c598e18ad83e37dd09747040ac4,fast,1h,ADA,2021-04-29T06:00:00+00:00,2021-04-29T07:00:00+00:00,2021-05-19T11:00:00+00:00,1.37312,1.58944,15.75390351899324,trend_break,485,closed,5af02e8f4525420d83a664a333615db2,d85ad7e2888f47b79e6eead8595df555
93c4436087d2aaf10a4deef2a49515a8,fast,1h,BTC,2021-05-05T14:00:00+00:00,2021-05-05T15:00:00+00:00,2021-05-06T18:00:00+00:00,56997.77,55739.31,-2.2079109410771625,trend_break,28,closed,5af02e8f4525420d83a664a333615db2,d85ad7e2888f47b79e6eead8595df555
989edb5e03c61653326bc3a5e67d0d74,fast,1h,ADA,2021-05-06T10:00:00+00:00,2021-05-06T11:00:00+00:00,2021-05-19T11:00:00+00:00,1.62115,1.4559993306683008,-10.187254068513052,stop,313,closed,5af02e8f4525420d83a664a333615db2,d85ad7e2888f47b79e6eead8595df555
149f0a86056d6fc116508f722316396d,fast,1h,BTC,2021-05-07T12:00:00+00:00,2021-05-07T13:00:00+00:00,2021-05-10T19:00:00+00:00,57480.44,55723.33,-3.0568833502318316,trend_break,79,closed,5af02e8f4525420d83a664a333615db2,d85ad7e2888f47b79e6eead8595df555
43ab476be0d8887bfcf315ef2208a65b,fast,1h,SOL,2021-05-08T22:00:00+00:00,2021-05-08T23:00:00+00:00,2021-05-10T20:00:00+00:00,46.5251,41.38970729376129,-11.03789719149172,stop,46,closed,5af02e8f4525420d83a664a333615db2,d85ad7e2888f47b79e6eead8595df555
13c9756cd46f62316bc074516df645f9,fast,1h,ADA,2021-05-09T05:00:00+00:00,2021-05-09T06:00:00+00:00,2021-05-19T11:00:00+00:00,1.67805,1.4579877805245014,-13.114163432287395,stop,246,closed,5af02e8f4525420d83a664a333615db2,d85ad7e2888f47b79e6eead8595df555
6972100625de894ad2645debd86ae0d7,fast,1h,BNB,2021-05-09T08:00:00+00:00,2021-05-09T09:00:00+00:00,2021-05-10T20:00:00+00:00,662.6308,610.2034118465206,-7.912005924487586,stop,36,closed,5af02e8f4525420d83a664a333615db2,d85ad7e2888f47b79e6eead8595df555
2e7e9bcc0fd89c7ad2432e5b5f02b35c,fast,1h,ETH,2021-06-05T00:00:00+00:00,2021-06-05T01:00:00+00:00,2021-06-05T01:00:00+00:00,2770.14,2760.62,-0.34366494112211265,trend_break,1,closed,5af02e8f4525420d83a664a333615db2,d85ad7e2888f47b79e6eead8595df555
9ef8660102fb63c636438dd95527f52a,fast,1h,ETH,2021-06-30T18:00:00+00:00,2021-06-30T19:00:00+00:00,2021-06-30T19:00:00+00:00,2216.38,2243.43,1.2204585856215866,trend_break,1,closed,5af02e8f4525420d83a664a333615db2,d85ad7e2888f47b79e6eead8595df555
10cb4ec68d49d1977ab7cab37ad16d4b,fast,1h,ETH,2021-07-04T05:00:00+00:00,2021-07-04T06:00:00+00:00,2021-07-05T01:00:00+00:00,2280.85,2266.53,-0.6278361137295185,trend_break,20,closed,5af02e8f4525420d83a664a333615db2,d85ad7e2888f47b79e6eead8595df555
b048e5d37503e796dec81de7744724cd,fast,1h,BNB,2021-07-06T04:00:00+00:00,2021-07-06T05:00:00+00:00,2021-07-06T05:00:00+00:00,315.1439,318.465,1.0538360412497338,trend_break,1,closed,5af02e8f4525420d83a664a333615db2,d85ad7e2888f47b79e6eead8595df555
fac356f066be4c38a5eb0264379bbb96,fast,1h,ETH,2021-07-06T04:00:00+00:00,2021-07-06T05:00:00+00:00,2021-07-06T09:00:00+00:00,2319.68,2279.59,-1.7282556214650135,trend_break,5,closed,5af02e8f4525420d83a664a333615db2,d85ad7e2888f47b79e6eead8595df555
08895e4506c896dd7b1afd13c21dc41f,fast,1h,SOL,2021-07-06T08:00:00+00:00,2021-07-06T09:00:00+00:00,2021-07-06T09:00:00+00:00,34.8108,34.0444,-2.2016155905638435,trend_break,1,closed,5af02e8f4525420d83a664a333615db2,d85ad7e2888f47b79e6eead8595df555
9562ddecab08ff2b48e66b1a10bb1069,fast,1h,SOL,2021-07-07T10:00:00+00:00,2021-07-07T11:00:00+00:00,2021-07-08T07:00:00+00:00,36.4236,34.2117,-6.0727110993970985,trend_break,21,closed,5af02e8f4525420d83a664a333615db2,d85ad7e2888f47b79e6eead8595df555
065436463c05b58b82b64c4e1558b799,fast,1h,BTC,2021-07-22T15:00:00+00:00,2021-07-22T16:00:00+00:00,2021-07-22T16:00:00+00:00,32500.81,32321.61,-0.5513708735259248,trend_break,1,closed,5af02e8f4525420d83a664a333615db2,d85ad7e2888f47b79e6eead8595df555
ca7f4cb4e4f14a6690bea9cf7c6f647b,fast,1h,ETH,2021-07-22T15:00:00+00:00,2021-07-22T16:00:00+00:00,2021-07-22T16:00:00+00:00,2035.11,2019.52,-0.7660519578794212,trend_break,1,closed,5af02e8f4525420d83a664a333615db2,d85ad7e2888f47b79e6eead8595df555
52f3071940d50a4c5c6387b577a7abe9,fast,1h,ADA,2021-07-26T00:00:00+00:00,2021-07-26T01:00:00+00:00,2021-07-26T20:00:00+00:00,1.26491,1.27951,1.1542323169237312,trend_break,20,closed,5af02e8f4525420d83a664a333615db2,d85ad7e2888f47b79e6eead8595df555
8ed96157996cbf17a89d87dfd76596fe,fast,1h,ADA,2021-08-01T00:00:00+00:00,2021-08-01T01:00:00+00:00,2021-08-03T01:00:00+00:00,1.34787,1.29135,-4.193282734981851,trend_break,49,closed,5af02e8f4525420d83a664a333615db2,d85ad7e2888f47b79e6eead8595df555
8646ced2588610f91dffbffc7454f57e,fast,1h,BNB,2021-08-06T15:00:00+00:00,2021-08-06T16:00:00+00:00,2021-09-07T14:00:00+00:00,343.5527,400,16.43046321568713,trend_break,767,closed,5af02e8f4525420d83a664a333615db2,d85ad7e2888f47b79e6eead8595df555
307fdcd281f213c8ea507c3a5a4d02f9,fast,1h,BTC,2021-08-06T15:00:00+00:00,2021-08-06T16:00:00+00:00,2021-09-07T15:00:00+00:00,42201.87,46678.18,10.606899646863987,trend_break,768,closed,5af02e8f4525420d83a664a333615db2,d85ad7e2888f47b79e6eead8595df555
faa6825b246d82d6a718e7f328e10898,fast,1h,ADA,2021-08-06T16:00:00+00:00,2021-08-06T17:00:00+00:00,2021-09-07T14:00:00+00:00,1.40817,2.32655,65.21797794300406,trend_break,766,closed,5af02e8f4525420d83a664a333615db2,d85ad7e2888f47b79e6eead8595df555
497fbbb2015d98b8e4cdbf803a11fd0b,fast,1h,BNB,2021-08-09T10:00:00+00:00,2021-08-09T11:00:00+00:00,2021-09-07T14:00:00+00:00,354.9271,400,12.699199356712976,trend_break,700,closed,5af02e8f4525420d83a664a333615db2,d85ad7e2888f47b79e6eead8595df555
b93a7bc1bc799a094d54f51cbab0584b,fast,1h,ADA,2021-08-18T16:00:00+00:00,2021-08-18T17:00:00+00:00,2021-09-07T14:00:00+00:00,2.12991,2.32655,9.232314980445189,trend_break,478,closed,5af02e8f4525420d83a664a333615db2,d85ad7e2888f47b79e6eead8595df555
c77372a934bfad8e805ab3c0bc014654,fast,1h,BTC,2021-08-19T18:00:00+00:00,2021-08-19T19:00:00+00:00,2021-09-07T15:00:00+00:00,46579.07,43544.22876016381,-6.515461214309759,stop,453,closed,5af02e8f4525420d83a664a333615db2,d85ad7e2888f47b79e6eead8595df555
3a63199a4d84d9fe054ff693367a7cec,fast,1h,ETH,2021-08-19T18:00:00+00:00,2021-08-19T19:00:00+00:00,2021-09-08T07:00:00+00:00,3135.18,3257.5,3.9015303746515295,trend_break,469,closed,5af02e8f4525420d83a664a333615db2,d85ad7e2888f47b79e6eead8595df555
30def67d246c65c5eebabf0ff73de4be,fast,1h,BNB,2021-08-20T13:00:00+00:00,2021-08-20T14:00:00+00:00,2021-09-07T14:00:00+00:00,434.8666,400,-8.017769127359974,trend_break,433,closed,5af02e8f4525420d83a664a333615db2,d85ad7e2888f47b79e6eead8595df555
5e1a371cfce27e92ffc06992a179a339,fast,1h,BTC,2021-08-27T14:00:00+00:00,2021-08-27T15:00:00+00:00,2021-09-07T15:00:00+00:00,48124.78,45405.64106404253,-5.6501846573791425,stop,265,closed,5af02e8f4525420d83a664a333615db2,d85ad7e2888f47b79e6eead8595df555
28fb2b132a30030589dffd4c1906c595,fast,1h,SOL,2021-08-30T00:00:00+00:00,2021-08-30T01:00:00+00:00,2021-09-21T17:00:00+00:00,96.8,130.3682,34.677892561983484,trend_break,545,closed,5af02e8f4525420d83a664a333615db2,d85ad7e2888f47b79e6eead8595df555
9b7c6b5db5d7a2371450617ce780432a,fast,1h,ETH,2021-08-30T16:00:00+00:00,2021-08-30T17:00:00+00:00,2021-09-07T15:00:00+00:00,3269.08,3094.4737057412585,-5.34114473364804,stop,191,closed,5af02e8f4525420d83a664a333615db2,d85ad7e2888f47b79e6eead8595df555
63a53651eb91e79a8e2bcf2f9b6f2381,fast,1h,BTC,2021-09-01T16:00:00+00:00,2021-09-01T17:00:00+00:00,2021-09-07T15:00:00+00:00,48494.69,46205.85684387185,-4.7197603616564,stop,143,closed,5af02e8f4525420d83a664a333615db2,d85ad7e2888f47b79e6eead8595df555
492ae52f4c7f7e0fad33a123c7870e92,fast,1h,BNB,2021-09-04T12:00:00+00:00,2021-09-04T13:00:00+00:00,2021-09-07T08:00:00+00:00,504.1949,477.3783222120604,-5.318692788828205,stop,68,closed,5af02e8f4525420d83a664a333615db2,d85ad7e2888f47b79e6eead8595df555
65775f8f3c35cbbb01f632f65a4a6631,fast,1h,BNB,2021-10-01T10:00:00+00:00,2021-10-01T11:00:00+00:00,2021-10-10T21:00:00+00:00,410.0444,407.4128,-0.6417841580082517,trend_break,227,closed,5af02e8f4525420d83a664a333615db2,d85ad7e2888f47b79e6eead8595df555
e917ff03475d52622b3039baa6586ad4,fast,1h,ADA,2021-10-07T08:00:00+00:00,2021-10-07T09:00:00+00:00,2021-10-07T14:00:00+00:00,2.34344,2.27092,-3.094595978561443,trend_break,6,closed,5af02e8f4525420d83a664a333615db2,d85ad7e2888f47b79e6eead8595df555
3b8d4e5fbfdcf19f12a8994d0a3bb0fa,fast,1h,BNB,2021-10-12T13:00:00+00:00,2021-10-12T14:00:00+00:00,2021-10-27T23:00:00+00:00,430.8739,448.352,4.0564304312700195,trend_break,370,closed,5af02e8f4525420d83a664a333615db2,d85ad7e2888f47b79e6eead8595df555
551f860a697f325c057aebcb8b38855a,fast,1h,SOL,2021-10-15T06:00:00+00:00,2021-10-15T07:00:00+00:00,2021-11-17T09:00:00+00:00,162.047,211.036,30.23135263226102,trend_break,795,closed,5af02e8f4525420d83a664a333615db2,d85ad7e2888f47b79e6eead8595df555
daf4d833331a72b0f25e2f138aa7dd5e,fast,1h,ETH,2021-10-16T08:00:00+00:00,2021-10-16T09:00:00+00:00,2021-10-17T20:00:00+00:00,3939.65,3689.3896362253076,-6.35235017767295,stop,36,closed,5af02e8f4525420d83a664a333615db2,d85ad7e2888f47b79e6eead8595df555
ccf45aa46a0c651788439105a990684c,fast,1h,ETH,2021-10-19T22:00:00+00:00,2021-10-19T23:00:00+00:00,2021-11-16T09:00:00+00:00,3879.6,4240.06,9.291164037529654,trend_break,659,closed,5af02e8f4525420d83a664a333615db2,d85ad7e2888f47b79e6eead8595df555
2ea5a956b30c91e7346846b9250e1e2b,fast,1h,BNB,2021-10-22T08:00:00+00:00,2021-10-22T09:00:00+00:00,2021-10-27T08:00:00+00:00,497.0792,466.9604017740911,-6.059154803884148,stop,120,closed,5af02e8f4525420d83a664a333615db2,d85ad7e2888f47b79e6eead8595df555
ab48fd3fc5d903e19d542f2e0dd7ea02,fast,1h,ADA,2021-10-26T02:00:00+00:00,2021-10-26T03:00:00+00:00,2021-10-26T03:00:00+00:00,2.18833,2.18084,-0.3422701329324318,trend_break,1,closed,5af02e8f4525420d83a664a333615db2,d85ad7e2888f47b79e6eead8595df555
651b980a2e2b2214bc97ea26085a5afa,fast,1h,BNB,2021-10-29T13:00:00+00:00,2021-10-29T14:00:00+00:00,2021-11-17T09:00:00+00:00,507.2632,556.5506,9.716336607899034,trend_break,452,closed,5af02e8f4525420d83a664a333615db2,d85ad7e2888f47b79e6eead8595df555
dcf30d32a91c8d2b99e95a85619ffa1c,fast,1h,BTC,2021-10-29T15:00:00+00:00,2021-10-29T16:00:00+00:00,2021-11-16T03:00:00+00:00,62316.44,60895.66,-2.2799441046375546,trend_break,420,closed,5af02e8f4525420d83a664a333615db2,d85ad7e2888f47b79e6eead8595df555
bab58605359257ed930bad1325ec78ee,fast,1h,BTC,2021-11-01T07:00:00+00:00,2021-11-01T08:00:00+00:00,2021-11-16T03:00:00+00:00,62178.16,60895.66,-2.062621344858062,trend_break,356,closed,5af02e8f4525420d83a664a333615db2,d85ad7e2888f47b79e6eead8595df555
8955035be7c60339acafb3336b1fbca7,fast,1h,BTC,2021-11-02T09:00:00+00:00,2021-11-02T10:00:00+00:00,2021-11-16T03:00:00+00:00,63076.2,60895.66,-3.4569932874840226,trend_break,330,closed,5af02e8f4525420d83a664a333615db2,d85ad7e2888f47b79e6eead8595df555
d45425e20aa69b6742e0d6750eb4ef48,fast,1h,ETH,2021-11-02T09:00:00+00:00,2021-11-02T10:00:00+00:00,2021-11-16T09:00:00+00:00,4429.66,4240.06,-4.280238212413579,trend_break,336,closed,5af02e8f4525420d83a664a333615db2,d85ad7e2888f47b79e6eead8595df555
84d468045a00834cd615b3c9c0b5e45d,fast,1h,ADA,2021-11-03T05:00:00+00:00,2021-11-03T06:00:00+00:00,2021-11-03T06:00:00+00:00,2.02705,2.05015,1.139587084679694,trend_break,1,closed,5af02e8f4525420d83a664a333615db2,d85ad7e2888f47b79e6eead8595df555
2745384d37e6148be0e69bd229b2d077,fast,1h,BNB,2021-11-13T14:00:00+00:00,2021-11-13T15:00:00+00:00,2021-11-16T03:00:00+00:00,645.349,604.8942289883108,-6.268665638544291,stop,61,closed,5af02e8f4525420d83a664a333615db2,d85ad7e2888f47b79e6eead8595df555
580b82a6c5579eb748e01a9e9621ca05,fast,1h,BTC,2021-11-14T23:00:00+00:00,2021-11-15T00:00:00+00:00,2021-11-16T01:00:00+00:00,65504.62,62464.641127171395,-4.640861778647986,stop,26,closed,5af02e8f4525420d83a664a333615db2,d85ad7e2888f47b79e6eead8595df555
10054bf1b1bd348ae8926017a76f27a7,fast,1h,BTC,2021-11-28T23:00:00+00:00,2021-11-29T00:00:00+00:00,2021-11-29T00:00:00+00:00,57318.34,57759.26,0.7692476788406788,trend_break,1,closed,5af02e8f4525420d83a664a333615db2,d85ad7e2888f47b79e6eead8595df555
fc96d71a26e4543b2e7a3435884031f5,fast,1h,ETH,2021-11-28T23:00:00+00:00,2021-11-29T00:00:00+00:00,2021-12-03T19:00:00+00:00,4296.7,4235.71,-1.419461447157111,trend_break,116,closed,5af02e8f4525420d83a664a333615db2,d85ad7e2888f47b79e6eead8595df555
5d853d86e9a19eec5d63c959cbeec752,fast,1h,SOL,2021-11-30T12:00:00+00:00,2021-11-30T13:00:00+00:00,2021-11-30T23:00:00+00:00,215.0843,208.3939,-3.110594311160797,trend_break,11,closed,5af02e8f4525420d83a664a333615db2,d85ad7e2888f47b79e6eead8595df555
a4e0b52e21256b0cd3b95a5d855af1d6,fast,1h,BTC,2021-12-01T14:00:00+00:00,2021-12-01T15:00:00+00:00,2021-12-01T15:00:00+00:00,58598.38,58649.05,0.08646996725849565,trend_break,1,closed,5af02e8f4525420d83a664a333615db2,d85ad7e2888f47b79e6eead8595df555
19a14751af8f1f6a9cf8605d0f346776,fast,1h,ETH,2021-12-15T20:00:00+00:00,2021-12-15T21:00:00+00:00,2021-12-15T21:00:00+00:00,4062.87,4064.86,0.04898015442287296,trend_break,1,closed,5af02e8f4525420d83a664a333615db2,d85ad7e2888f47b79e6eead8595df555
06a0de4582e548978783e210d2a9d8e0,fast,1h,SOL,2021-12-15T20:00:00+00:00,2021-12-15T21:00:00+00:00,2021-12-15T21:00:00+00:00,180.7714,178.8526,-1.0614510923741327,trend_break,1,closed,5af02e8f4525420d83a664a333615db2,d85ad7e2888f47b79e6eead8595df555
6603fe3e321249d783b70c08fa9cb420,fast,1h,BTC,2021-12-21T04:00:00+00:00,2021-12-21T05:00:00+00:00,2021-12-21T05:00:00+00:00,48586.76,48617.38,0.06302128398765205,trend_break,1,closed,5af02e8f4525420d83a664a333615db2,d85ad7e2888f47b79e6eead8595df555
072e41b36c4ecbab317215b59ef9055f,fast,1h,BNB,2021-12-22T15:00:00+00:00,2021-12-22T16:00:00+00:00,2021-12-22T16:00:00+00:00,541.1407,542.2355,0.20231337247409442,trend_break,1,closed,5af02e8f4525420d83a664a333615db2,d85ad7e2888f47b79e6eead8595df555
19871884b04a71c5635792c3fd309e0f,fast,1h,SOL,2021-12-23T16:00:00+00:00,2021-12-23T17:00:00+00:00,2021-12-23T17:00:00+00:00,184.321,187.9931,1.9922309449275977,trend_break,1,closed,5af02e8f4525420d83a664a333615db2,d85ad7e2888f47b79e6eead8595df555
c2e93cf200d8ef9c2ea907aecb6f1166,fast,1h,ETH,2021-12-23T17:00:00+00:00,2021-12-23T18:00:00+00:00,2021-12-23T18:00:00+00:00,4046.32,4093.37,1.162784950275797,trend_break,1,closed,5af02e8f4525420d83a664a333615db2,d85ad7e2888f47b79e6eead8595df555
c93a439f8cb10c76ed9ec9d1bbdb2a9f,fast,1h,BNB,2022-01-12T13:00:00+00:00,2022-01-12T14:00:00+00:00,2022-01-12T14:00:00+00:00,479.4438,482.4552,0.628102814135878,trend_break,1,closed,5af02e8f4525420d83a664a333615db2,d85ad7e2888f47b79e6eead8595df555
f2197a74893e8c63a41bb4e693604244,fast,1h,BTC,2022-01-12T13:00:00+00:00,2022-01-12T14:00:00+00:00,2022-01-12T14:00:00+00:00,43943.77,43869.29,-0.16948932692847363,trend_break,1,closed,5af02e8f4525420d83a664a333615db2,d85ad7e2888f47b79e6eead8595df555
5d04dd460df8128cb52bef5b9b1032b2,fast,1h,ETH,2022-01-16T16:00:00+00:00,2022-01-16T17:00:00+00:00,2022-01-16T17:00:00+00:00,3374.97,3345.92,-0.8607483918375514,trend_break,1,closed,5af02e8f4525420d83a664a333615db2,d85ad7e2888f47b79e6eead8595df555
7c265756f9415c25af803c0e9beae25e,fast,1h,BTC,2022-01-20T15:00:00+00:00,2022-01-20T16:00:00+00:00,2022-01-20T16:00:00+00:00,43312.15,43255.21,-0.13146426580070703,trend_break,1,closed,5af02e8f4525420d83a664a333615db2,d85ad7e2888f47b79e6eead8595df555
13e4aab8d05535c0a6689fd86509ddb4,fast,1h,BTC,2022-01-31T16:00:00+00:00,2022-01-31T17:00:00+00:00,2022-01-31T17:00:00+00:00,38380.92,38499.55,0.3090858687077036,trend_break,1,closed,5af02e8f4525420d83a664a333615db2,d85ad7e2888f47b79e6eead8595df555
571b2bbbcf2fd4b3eb9150cd4f4e408b,fast,1h,BTC,2022-02-04T15:00:00+00:00,2022-02-04T16:00:00+00:00,2022-02-04T16:00:00+00:00,39485.47,40242.17,1.916401147054847,trend_break,1,closed,5af02e8f4525420d83a664a333615db2,d85ad7e2888f47b79e6eead8595df555
12f0239068563fb732fba7e4d20f2eab,fast,1h,ADA,2022-02-04T16:00:00+00:00,2022-02-04T17:00:00+00:00,2022-02-04T17:00:00+00:00,1.10344,1.10248,-0.0870006525048983,trend_break,1,closed,5af02e8f4525420d83a664a333615db2,d85ad7e2888f47b79e6eead8595df555
4f6e0b362beace21e765b336bfb32302,fast,1h,BNB,2022-02-04T16:00:00+00:00,2022-02-04T17:00:00+00:00,2022-02-04T17:00:00+00:00,389.5179,392.3081,0.7163213808659474,trend_break,1,closed,5af02e8f4525420d83a664a333615db2,d85ad7e2888f47b79e6eead8595df555
d124eff6aa3b3bc60539900c55aa976e,fast,1h,ETH,2022-02-06T23:00:00+00:00,2022-02-07T00:00:00+00:00,2022-02-11T18:00:00+00:00,3056.99,3004.54,-1.7157399926071015,trend_break,115,closed,5af02e8f4525420d83a664a333615db2,d85ad7e2888f47b79e6eead8595df555
d4a4caa1d3764868442f85b61f406f9e,fast,1h,SOL,2022-02-07T03:00:00+00:00,2022-02-07T04:00:00+00:00,2022-02-07T04:00:00+00:00,119.3401,119.0211,-0.26730327861297365,trend_break,1,closed,5af02e8f4525420d83a664a333615db2,d85ad7e2888f47b79e6eead8595df555
1c656ab591290a9d444b4849e23376f4,fast,1h,BTC,2022-02-15T01:00:00+00:00,2022-02-15T02:00:00+00:00,2022-02-17T14:00:00+00:00,43475,41911.89,-3.595422656699254,trend_break,61,closed,5af02e8f4525420d83a664a333615db2,d85ad7e2888f47b79e6eead8595df555
6494812bff85289afbd57d8b10df18ea,fast,1h,SOL,2022-02-25T22:00:00+00:00,2022-02-25T23:00:00+00:00,2022-02-25T23:00:00+00:00,94.5822,92.8119,-1.8717052468646411,trend_break,1,closed,5af02e8f4525420d83a664a333615db2,d85ad7e2888f47b79e6eead8595df555
ae74ec137efa533aea4bbf0bc956e7f0,fast,1h,BNB,2022-02-28T14:00:00+00:00,2022-02-28T15:00:00+00:00,2022-02-28T15:00:00+00:00,375.961,383,1.8722686661648336,trend_break,1,closed,5af02e8f4525420d83a664a333615db2,d85ad7e2888f47b79e6eead8595df555
c44f9fbfd07350877470279881436d1c,fast,1h,BTC,2022-02-28T14:00:00+00:00,2022-02-28T15:00:00+00:00,2022-03-04T15:00:00+00:00,39801.99,40703.03,2.2638064076695663,trend_break,97,closed,5af02e8f4525420d83a664a333615db2,d85ad7e2888f47b79e6eead8595df555
f2719f7a23e21419d2d62d6d56b96b57,fast,1h,ETH,2022-02-28T14:00:00+00:00,2022-02-28T15:00:00+00:00,2022-02-28T15:00:00+00:00,2759.27,2814.6,2.005240516513429,trend_break,1,closed,5af02e8f4525420d83a664a333615db2,d85ad7e2888f47b79e6eead8595df555
9ec437d1726683137486b71a14e0f241,fast,1h,BNB,2022-03-09T03:00:00+00:00,2022-03-09T04:00:00+00:00,2022-03-09T09:00:00+00:00,399.54,394.0002,-1.3865445262051357,trend_break,6,closed,5af02e8f4525420d83a664a333615db2,d85ad7e2888f47b79e6eead8595df555
15f2f9f2430ab1c67d511c4f026c688d,fast,1h,BTC,2022-03-09T03:00:00+00:00,2022-03-09T04:00:00+00:00,2022-03-10T04:00:00+00:00,41287.05,39541.57,-4.22766945083265,trend_break,25,closed,5af02e8f4525420d83a664a333615db2,d85ad7e2888f47b79e6eead8595df555
b07f73e42c953114de09fbe66f48bd24,fast,1h,ETH,2022-03-09T03:00:00+00:00,2022-03-09T04:00:00+00:00,2022-03-09T04:00:00+00:00,2700.08,2719.02,0.7014606974608206,trend_break,1,closed,5af02e8f4525420d83a664a333615db2,d85ad7e2888f47b79e6eead8595df555
3e42354b094f753ab4b3ccf0f69702a5,fast,1h,SOL,2022-03-15T18:00:00+00:00,2022-03-15T19:00:00+00:00,2022-03-15T19:00:00+00:00,84.9016,84.5989,-0.3565303834085598,trend_break,1,closed,5af02e8f4525420d83a664a333615db2,d85ad7e2888f47b79e6eead8595df555
7cd6716644db9d2a14c79213a763ffff,fast,1h,ADA,2022-03-16T02:00:00+00:00,2022-03-16T03:00:00+00:00,2022-03-16T03:00:00+00:00,0.82218,0.80145,-2.5213456907246634,trend_break,1,closed,5af02e8f4525420d83a664a333615db2,d85ad7e2888f47b79e6eead8595df555
6fb204e6b93dbba76ffc2dfee07745fd,fast,1h,BTC,2022-03-16T02:00:00+00:00,2022-03-16T03:00:00+00:00,2022-03-16T03:00:00+00:00,40851,39175.92,-4.100462656972903,trend_break,1,closed,5af02e8f4525420d83a664a333615db2,d85ad7e2888f47b79e6eead8595df555
84cb40c15a60dafe446f67a75e05a478,fast,1h,ETH,2022-03-18T15:00:00+00:00,2022-03-18T16:00:00+00:00,2022-04-11T09:00:00+00:00,2898.58,3079.42,6.238916986938436,trend_break,570,closed,5af02e8f4525420d83a664a333615db2,d85ad7e2888f47b79e6eead8595df555
55d1743158d78be4f4d31b519c7881fa,fast,1h,BNB,2022-03-18T16:00:00+00:00,2022-03-18T17:00:00+00:00,2022-03-20T17:00:00+00:00,394.6798,387.2234,-1.8892276726602097,trend_break,49,closed,5af02e8f4525420d83a664a333615db2,d85ad7e2888f47b79e6eead8595df555
0b0b2fe9e6ebe3aab3d16ec8b04a0a63,fast,1h,SOL,2022-03-18T16:00:00+00:00,2022-03-18T17:00:00+00:00,2022-03-18T17:00:00+00:00,90.8291,90.8162,-0.014202496776916096,trend_break,1,closed,5af02e8f4525420d83a664a333615db2,d85ad7e2888f47b79e6eead8595df555
89aad9070e39ad5e09ee86752e84389c,fast,1h,BTC,2022-03-22T02:00:00+00:00,2022-03-22T03:00:00+00:00,2022-04-06T22:00:00+00:00,41854.33,43494.14,3.9178981003876956,trend_break,380,closed,5af02e8f4525420d83a664a333615db2,d85ad7e2888f47b79e6eead8595df555
ba653fe5991d41111d92ad2df0d7ea58,fast,1h,ETH,2022-03-22T02:00:00+00:00,2022-03-22T03:00:00+00:00,2022-04-11T09:00:00+00:00,2965.12,3079.42,3.8548186919922456,trend_break,487,closed,5af02e8f4525420d83a664a333615db2,d85ad7e2888f47b79e6eead8595df555
93fcf3262702e9a55b5c7af94ce50da1,fast,1h,SOL,2022-03-23T14:00:00+00:00,2022-03-23T15:00:00+00:00,2022-04-09T02:00:00+00:00,94.9055,108.663,14.495998651289966,trend_break,396,closed,5af02e8f4525420d83a664a333615db2,d85ad7e2888f47b79e6eead8595df555
62806f12a87648a1e3782313ee42403e,fast,1h,ETH,2022-04-01T14:00:00+00:00,2022-04-01T15:00:00+00:00,2022-04-02T04:00:00+00:00,3424,3246.394863280247,-5.187065908871292,stop,14,closed,5af02e8f4525420d83a664a333615db2,d85ad7e2888f47b79e6eead8595df555
ca0047adf6732ba713320ea96b8cd31d,fast,1h,ETH,2022-04-03T22:00:00+00:00,2022-04-03T23:00:00+00:00,2022-04-06T00:00:00+00:00,3544.44,3314.676193844076,-6.482372565367845,stop,50,closed,5af02e8f4525420d83a664a333615db2,d85ad7e2888f47b79e6eead8595df555
2c10932492d504affa43dd40de567a62,fast,1h,ETH,2022-04-19T13:00:00+00:00,2022-04-19T14:00:00+00:00,2022-04-19T17:00:00+00:00,3094.46,3090.96,-0.11310535602334637,trend_break,4,closed,5af02e8f4525420d83a664a333615db2,d85ad7e2888f47b79e6eead8595df555
bee6187f0d2e5eaed68c8ef39fa6d983,fast,1h,SOL,2022-04-19T13:00:00+00:00,2022-04-19T14:00:00+00:00,2022-04-19T16:00:00+00:00,106.3335,106.0187,-0.2960496927120859,trend_break,3,closed,5af02e8f4525420d83a664a333615db2,d85ad7e2888f47b79e6eead8595df555
483d383fefbebfc2dc3e49a4912fcd9d,fast,1h,BTC,2022-04-19T14:00:00+00:00,2022-04-19T15:00:00+00:00,2022-04-19T15:00:00+00:00,41582.46,41446.5,-0.326964782747341,trend_break,1,closed,5af02e8f4525420d83a664a333615db2,d85ad7e2888f47b79e6eead8595df555
fd73c88b560e18c9be59a4f471e3d6af,fast,1h,BNB,2022-04-20T09:00:00+00:00,2022-04-20T10:00:00+00:00,2022-04-20T18:00:00+00:00,426.5951,416.0858,-2.4635304062329832,trend_break,9,closed,5af02e8f4525420d83a664a333615db2,d85ad7e2888f47b79e6eead8595df555
a146ede40016d82e366376c3a3f77744,fast,1h,ADA,2022-04-20T10:00:00+00:00,2022-04-20T11:00:00+00:00,2022-04-20T11:00:00+00:00,0.96229,0.96507,0.288894200293055,trend_break,1,closed,5af02e8f4525420d83a664a333615db2,d85ad7e2888f47b79e6eead8595df555
de434956676340b1aff5583e0ee86dbc,fast,1h,ETH,2022-04-21T10:00:00+00:00,2022-04-21T11:00:00+00:00,2022-04-21T16:00:00+00:00,3129.48,3078.93,-1.6152843283868346,trend_break,6,closed,5af02e8f4525420d83a664a333615db2,d85ad7e2888f47b79e6eead8595df555
de20e534ffeac9190eb3d8b2e147313c,fast,1h,ADA,2022-04-21T13:00:00+00:00,2022-04-21T14:00:00+00:00,2022-04-21T14:00:00+00:00,0.96754,0.95893,-0.8898856894805407,trend_break,1,closed,5af02e8f4525420d83a664a333615db2,d85ad7e2888f47b79e6eead8595df555
b6f0f07881fb635c84d96baa28db4fb3,fast,1h,ETH,2022-04-28T17:00:00+00:00,2022-04-28T18:00:00+00:00,2022-04-28T18:00:00+00:00,2972.37,2964.85,-0.2529967668897237,trend_break,1,closed,5af02e8f4525420d83a664a333615db2,d85ad7e2888f47b79e6eead8595df555
3afe44dcea0be7b6afecd11b706cba24,fast,1h,ETH,2022-05-04T18:00:00+00:00,2022-05-04T19:00:00+00:00,2022-05-04T19:00:00+00:00,2938.1,2954.94,0.5731595248630095,trend_break,1,closed,5af02e8f4525420d83a664a333615db2,d85ad7e2888f47b79e6eead8595df555
e938e738275fb7b884f98a75409ac486,fast,1h,BNB,2022-05-04T19:00:00+00:00,2022-05-04T20:00:00+00:00,2022-05-04T20:00:00+00:00,401.6932,402.2262,0.13268833029784766,trend_break,1,closed,5af02e8f4525420d83a664a333615db2,d85ad7e2888f47b79e6eead8595df555
fb8a0f185f3ee0f20eeb1882b6a89217,fast,1h,ETH,2022-05-30T21:00:00+00:00,2022-05-30T22:00:00+00:00,2022-05-30T22:00:00+00:00,1994.94,1999.31,0.21905420714407597,trend_break,1,closed,5af02e8f4525420d83a664a333615db2,d85ad7e2888f47b79e6eead8595df555
65db5735102b39a7ea675fb552399ef5,fast,1h,BTC,2022-06-06T00:00:00+00:00,2022-06-06T01:00:00+00:00,2022-06-06T01:00:00+00:00,30316.61,30827.03,1.6836315142095382,trend_break,1,closed,5af02e8f4525420d83a664a333615db2,d85ad7e2888f47b79e6eead8595df555
082acf722e06f4934efebe3a12565daa,fast,1h,BTC,2022-06-07T19:00:00+00:00,2022-06-07T20:00:00+00:00,2022-06-07T20:00:00+00:00,31053.64,31337.88,0.9153194279317933,trend_break,1,closed,5af02e8f4525420d83a664a333615db2,d85ad7e2888f47b79e6eead8595df555
9f2f09a7a5df2de4b4fed6b79bd27140,fast,1h,ETH,2022-06-07T19:00:00+00:00,2022-06-07T20:00:00+00:00,2022-06-07T20:00:00+00:00,1847.05,1844.76,-0.12398148398797826,trend_break,1,closed,5af02e8f4525420d83a664a333615db2,d85ad7e2888f47b79e6eead8595df555
1a8067f87ef7c123cfd002541e9cfe10,fast,1h,BNB,2022-07-07T14:00:00+00:00,2022-07-07T15:00:00+00:00,2022-07-07T15:00:00+00:00,241.3891,240.5117,-0.3634795440225047,trend_break,1,closed,5af02e8f4525420d83a664a333615db2,d85ad7e2888f47b79e6eead8595df555
6543dd98aee782b10f676376493fc544,fast,1h,BTC,2022-07-07T14:00:00+00:00,2022-07-07T15:00:00+00:00,2022-07-07T15:00:00+00:00,20928.9,20891.68,-0.17784021138235184,trend_break,1,closed,5af02e8f4525420d83a664a333615db2,d85ad7e2888f47b79e6eead8595df555
ec2144b422a878631893ee4e4c4d7179,fast,1h,ETH,2022-07-07T14:00:00+00:00,2022-07-07T15:00:00+00:00,2022-07-07T15:00:00+00:00,1224.15,1219.48,-0.38148919658539393,trend_break,1,closed,5af02e8f4525420d83a664a333615db2,d85ad7e2888f47b79e6eead8595df555
d0f326c69282a05852b542f1a448ede8,fast,1h,SOL,2022-07-07T14:00:00+00:00,2022-07-07T15:00:00+00:00,2022-07-07T15:00:00+00:00,38.445,38.2733,-0.4466120431785736,trend_break,1,closed,5af02e8f4525420d83a664a333615db2,d85ad7e2888f47b79e6eead8595df555
31cad242778596e051fd6a7b7ce4dc9e,fast,1h,BNB,2022-07-14T15:00:00+00:00,2022-07-14T16:00:00+00:00,2022-07-14T16:00:00+00:00,236.5448,235.4583,-0.45932102502358463,trend_break,1,closed,5af02e8f4525420d83a664a333615db2,d85ad7e2888f47b79e6eead8595df555
d258f9dd63aa87d36777608e0fa9578b,fast,1h,ETH,2022-07-14T15:00:00+00:00,2022-07-14T16:00:00+00:00,2022-07-14T16:00:00+00:00,1141.3,1140.12,-0.10339087006046022,trend_break,1,closed,5af02e8f4525420d83a664a333615db2,d85ad7e2888f47b79e6eead8595df555
9caea61bc4f7f45af960031740a34b5c,fast,1h,SOL,2022-07-14T17:00:00+00:00,2022-07-14T18:00:00+00:00,2022-07-14T18:00:00+00:00,36.5561,36.6371,0.22157724702578374,trend_break,1,closed,5af02e8f4525420d83a664a333615db2,d85ad7e2888f47b79e6eead8595df555
1b6073582fdd1c0b880a298fa8b329ba,fast,1h,ADA,2022-07-18T05:00:00+00:00,2022-07-18T06:00:00+00:00,2022-07-18T06:00:00+00:00,0.47175,0.47451,0.5850556438791621,trend_break,1,closed,5af02e8f4525420d83a664a333615db2,d85ad7e2888f47b79e6eead8595df555
14b50b805988a5635c19fe61cbea6a86,fast,1h,BTC,2022-07-18T05:00:00+00:00,2022-07-18T06:00:00+00:00,2022-07-18T19:00:00+00:00,21859.08,21600.75,-1.1817972211090377,trend_break,14,closed,5af02e8f4525420d83a664a333615db2,d85ad7e2888f47b79e6eead8595df555
935433fdd7d6d91f9f5933dc0ada4981,fast,1h,ADA,2022-07-27T18:00:00+00:00,2022-07-27T19:00:00+00:00,2022-08-02T03:00:00+00:00,0.4936,0.49118,-0.4902755267423009,trend_break,129,closed,5af02e8f4525420d83a664a333615db2,d85ad7e2888f47b79e6eead8595df555
df80fb15f7a55d0dae2668ae675b3a32,fast,1h,BNB,2022-07-27T18:00:00+00:00,2022-07-27T19:00:00+00:00,2022-08-19T00:00:00+00:00,267.3604,293.8654,9.91358480911908,trend_break,534,closed,5af02e8f4525420d83a664a333615db2,d85ad7e2888f47b79e6eead8595df555
c1cc3a44ba735cfe808a52092facabe6,fast,1h,BTC,2022-07-27T18:00:00+00:00,2022-07-27T19:00:00+00:00,2022-08-04T18:00:00+00:00,22561.54,22537.6,-0.10610977796728926,trend_break,192,closed,5af02e8f4525420d83a664a333615db2,d85ad7e2888f47b79e6eead8595df555
669c2a4d8c8cf2757dfa82aba5808b69,fast,1h,ETH,2022-07-27T18:00:00+00:00,2022-07-27T19:00:00+00:00,2022-08-19T13:00:00+00:00,1581.77,1689.95,6.839173836904222,trend_break,547,closed,5af02e8f4525420d83a664a333615db2,d85ad7e2888f47b79e6eead8595df555
3524c173df170df04c80e677f6012fa1,fast,1h,SOL,2022-07-27T19:00:00+00:00,2022-07-27T20:00:00+00:00,2022-08-02T23:00:00+00:00,39.4052,39.7802,0.9516510511303089,trend_break,148,closed,5af02e8f4525420d83a664a333615db2,d85ad7e2888f47b79e6eead8595df555
1790a485db61f780aac4777583e9d0a2,fast,1h,BNB,2022-08-02T16:00:00+00:00,2022-08-02T17:00:00+00:00,2022-08-19T00:00:00+00:00,290.4664,293.8654,1.1701869820399224,trend_break,392,closed,5af02e8f4525420d83a664a333615db2,d85ad7e2888f47b79e6eead8595df555
ab552ee8490cabc461e54d4e77011d5c,fast,1h,ETH,2022-08-02T16:00:00+00:00,2022-08-02T17:00:00+00:00,2022-08-19T13:00:00+00:00,1669.52,1689.95,1.2237050170108787,trend_break,405,closed,5af02e8f4525420d83a664a333615db2,d85ad7e2888f47b79e6eead8595df555
a864ab3068fb51bc6fd4e15afe6215e4,fast,1h,BNB,2022-08-06T17:00:00+00:00,2022-08-06T18:00:00+00:00,2022-08-18T00:00:00+00:00,320.4043,302.9335907314447,-5.452707491302478,stop,271,closed,5af02e8f4525420d83a664a333615db2,d85ad7e2888f47b79e6eead8595df555
6ad350b74246a74b0f4169c03134cea9,fast,1h,BTC,2022-08-08T06:00:00+00:00,2022-08-08T07:00:00+00:00,2022-08-09T14:00:00+00:00,23733.88,22876.215275022463,-3.6136726273897857,stop,32,closed,5af02e8f4525420d83a664a333615db2,d85ad7e2888f47b79e6eead8595df555
7b1695bac472704df6c57df6cd915518,fast,1h,ADA,2022-08-10T12:00:00+00:00,2022-08-10T13:00:00+00:00,2022-08-18T23:00:00+00:00,0.53484,0.5088740846498954,-4.854894052446457,stop,203,closed,5af02e8f4525420d83a664a333615db2,d85ad7e2888f47b79e6eead8595df555
e171bbfa6ec43c5818590e9eb6e42d05,fast,1h,BNB,2022-08-10T12:00:00+00:00,2022-08-10T13:00:00+00:00,2022-08-17T12:00:00+00:00,330.4457,310.5416126549655,-6.0234063705578595,stop,168,closed,5af02e8f4525420d83a664a333615db2,d85ad7e2888f47b79e6eead8595df555
a983c04324ca8b28ff34b97a08d8d911,fast,1h,BTC,2022-08-10T12:00:00+00:00,2022-08-10T13:00:00+00:00,2022-08-18T23:00:00+00:00,23987.06,23195.31,-3.300737981228208,trend_break,203,closed,5af02e8f4525420d83a664a333615db2,d85ad7e2888f47b79e6eead8595df555
310b8773deb4628f289c8b00c014e818,fast,1h,ETH,2022-08-10T12:00:00+00:00,2022-08-10T13:00:00+00:00,2022-08-19T11:00:00+00:00,1824.25,1715.560926245471,-5.958014184159466,stop,215,closed,5af02e8f4525420d83a664a333615db2,d85ad7e2888f47b79e6eead8595df555
17814aa8625b1bf3e11f14440dc76047,fast,1h,SOL,2022-08-10T12:00:00+00:00,2022-08-10T13:00:00+00:00,2022-08-17T13:00:00+00:00,42.1308,41.4711,-1.5658378193625588,trend_break,169,closed,5af02e8f4525420d83a664a333615db2,d85ad7e2888f47b79e6eead8595df555
27e2b0f6dafc39e4fe54899577227b84,fast,1h,ADA,2022-08-13T06:00:00+00:00,2022-08-13T07:00:00+00:00,2022-08-17T13:00:00+00:00,0.56139,0.5330550303843945,-5.0472879131451265,stop,103,closed,5af02e8f4525420d83a664a333615db2,d85ad7e2888f47b79e6eead8595df555
3839732a6ec1685a70b11b4b90290883,fast,1h,ETH,2022-08-17T05:00:00+00:00,2022-08-17T06:00:00+00:00,2022-08-19T06:00:00+00:00,1925.71,1795.4767119263722,-6.762871256504244,stop,49,closed,5af02e8f4525420d83a664a333615db2,d85ad7e2888f47b79e6eead8595df555
9e7631c012ad8d90d1047f87f6702a6f,fast,1h,ADA,2022-09-06T00:00:00+00:00,2022-09-06T01:00:00+00:00,2022-09-06T17:00:00+00:00,0.50463,0.47347957466551216,-6.1729237925783,stop,17,closed,5af02e8f4525420d83a664a333615db2,d85ad7e2888f47b79e6eead8595df555
c77ee719235bf3cd6c50887d52eaea15,fast,1h,BNB,2022-09-06T00:00:00+00:00,2022-09-06T01:00:00+00:00,2022-09-06T01:00:00+00:00,283.1872,282.6042,-0.20587088681974786,trend_break,1,closed,5af02e8f4525420d83a664a333615db2,d85ad7e2888f47b79e6eead8595df555
10bff26df030fa5188cd04b59578cb73,fast,1h,BTC,2022-09-06T00:00:00+00:00,2022-09-06T01:00:00+00:00,2022-09-06T01:00:00+00:00,20103.46,19772.24,-1.647577083745766,trend_break,1,closed,5af02e8f4525420d83a664a333615db2,d85ad7e2888f47b79e6eead8595df555
9b92a738bd0075b9a5a2c15e6ba1c3f2,fast,1h,ETH,2022-09-06T00:00:00+00:00,2022-09-06T01:00:00+00:00,2022-09-06T17:00:00+00:00,1662.82,1588.63,-4.461697598056302,trend_break,17,closed,5af02e8f4525420d83a664a333615db2,d85ad7e2888f47b79e6eead8595df555
c3b3eb5c5971c180cfdacc6d874e1c4e,fast,1h,SOL,2022-09-06T00:00:00+00:00,2022-09-06T01:00:00+00:00,2022-09-06T01:00:00+00:00,33.1757,32.54,-1.9161615278652788,trend_break,1,closed,5af02e8f4525420d83a664a333615db2,d85ad7e2888f47b79e6eead8595df555
d18d252338c5f355adc355a3ad716f5b,fast,1h,BNB,2022-09-09T03:00:00+00:00,2022-09-09T04:00:00+00:00,2022-09-13T12:00:00+00:00,285.4935,283.4121,-0.7290533759962914,trend_break,105,closed,5af02e8f4525420d83a664a333615db2,d85ad7e2888f47b79e6eead8595df555
2cdb206760d8f06b3227c4aa9bffecba,fast,1h,BTC,2022-09-09T03:00:00+00:00,2022-09-09T04:00:00+00:00,2022-09-09T04:00:00+00:00,19950,20363.16,2.0709774436090234,trend_break,1,closed,5af02e8f4525420d83a664a333615db2,d85ad7e2888f47b79e6eead8595df555
ed4a1313da2964263030f06b9dc9c7af,fast,1h,ETH,2022-09-09T04:00:00+00:00,2022-09-09T05:00:00+00:00,2022-09-13T12:00:00+00:00,1696.77,1630.53,-3.9038879753885314,trend_break,104,closed,5af02e8f4525420d83a664a333615db2,d85ad7e2888f47b79e6eead8595df555
b0fe3e8cba18212bb5a3fc59c6211775,fast,1h,ADA,2022-09-09T23:00:00+00:00,2022-09-10T00:00:00+00:00,2022-09-13T12:00:00+00:00,0.5021,0.47221495358565285,-5.95201083735255,stop,85,closed,5af02e8f4525420d83a664a333615db2,d85ad7e2888f47b79e6eead8595df555
c5c4f580abb1444104bcff73ac4329bd,fast,1h,SOL,2022-09-12T09:00:00+00:00,2022-09-12T10:00:00+00:00,2022-09-13T14:00:00+00:00,37.4436,34.83200639005539,-6.974739634929906,stop,29,closed,5af02e8f4525420d83a664a333615db2,d85ad7e2888f47b79e6eead8595df555
345cb4322fdc29a18a10c914208728d9,fast,1h,BTC,2022-09-26T08:00:00+00:00,2022-09-26T09:00:00+00:00,2022-09-26T09:00:00+00:00,19279.43,19084.6,-1.0105589221258149,trend_break,1,closed,5af02e8f4525420d83a664a333615db2,d85ad7e2888f47b79e6eead8595df555
9bf72186d286642d43685a2c4b0788e9,fast,1h,BTC,2022-09-27T01:00:00+00:00,2022-09-27T02:00:00+00:00,2022-09-27T02:00:00+00:00,19769.5,20051.35,1.4256809732163145,trend_break,1,closed,5af02e8f4525420d83a664a333615db2,d85ad7e2888f47b79e6eead8595df555
8bddfba0cd33741abe4782287e3193b4,fast,1h,BNB,2022-09-30T14:00:00+00:00,2022-09-30T15:00:00+00:00,2022-10-01T16:00:00+00:00,288.7604,279.5573,-3.1871059882172204,trend_break,26,closed,5af02e8f4525420d83a664a333615db2,d85ad7e2888f47b79e6eead8595df555
03ae9348463f6902aff8f03c028b2b28,fast,1h,BTC,2022-09-30T14:00:00+00:00,2022-09-30T15:00:00+00:00,2022-09-30T15:00:00+00:00,19997.16,19749.12,-1.2403761334109475,trend_break,1,closed,5af02e8f4525420d83a664a333615db2,d85ad7e2888f47b79e6eead8595df555
febff686a7f3aec3ed78b288d7e36860,fast,1h,ETH,2022-09-30T14:00:00+00:00,2022-09-30T15:00:00+00:00,2022-09-30T15:00:00+00:00,1360.57,1351.56,-0.6622224508845531,trend_break,1,closed,5af02e8f4525420d83a664a333615db2,d85ad7e2888f47b79e6eead8595df555
7ea1e1ba9cc5cb10cec03b461798df77,fast,1h,SOL,2022-09-30T14:00:00+00:00,2022-09-30T15:00:00+00:00,2022-09-30T19:00:00+00:00,35.0644,33.6458,-4.0456987714034724,trend_break,5,closed,5af02e8f4525420d83a664a333615db2,d85ad7e2888f47b79e6eead8595df555
54cd5c5e376d153759b444c02d56d646,fast,1h,BNB,2022-10-04T13:00:00+00:00,2022-10-04T14:00:00+00:00,2022-10-06T21:00:00+00:00,296.3482,286.6245209576623,-3.281166898377552,stop,56,closed,5af02e8f4525420d83a664a333615db2,d85ad7e2888f47b79e6eead8595df555
858dd1cff5d4a17e70849a211774cef1,fast,1h,SOL,2022-10-17T13:00:00+00:00,2022-10-17T14:00:00+00:00,2022-10-17T14:00:00+00:00,31.0234,30.8412,-0.5872986197515417,trend_break,1,closed,5af02e8f4525420d83a664a333615db2,d85ad7e2888f47b79e6eead8595df555
9c85a9d4fa9bc71d3d3d099b87bb628b,fast,1h,ADA,2022-10-23T22:00:00+00:00,2022-10-23T23:00:00+00:00,2022-10-23T23:00:00+00:00,0.361,0.36207,0.29639889196675373,trend_break,1,closed,5af02e8f4525420d83a664a333615db2,d85ad7e2888f47b79e6eead8595df555
ad1c5c2fd4d70c50d865f7509df4dc24,fast,1h,ADA,2022-10-25T13:00:00+00:00,2022-10-25T14:00:00+00:00,2022-10-25T14:00:00+00:00,0.36708,0.3711,1.0951291271657393,trend_break,1,closed,5af02e8f4525420d83a664a333615db2,d85ad7e2888f47b79e6eead8595df555
fd1ca7fa4018f79034bcbf106bc2a297,fast,1h,BTC,2022-10-25T13:00:00+00:00,2022-10-25T14:00:00+00:00,2022-11-08T03:00:00+00:00,19482.47,20143.74,3.3941794854553953,trend_break,326,closed,5af02e8f4525420d83a664a333615db2,d85ad7e2888f47b79e6eead8595df555
5a9b43e9b00355299e7a12315543c7e3,fast,1h,SOL,2022-10-25T14:00:00+00:00,2022-10-25T15:00:00+00:00,2022-10-25T15:00:00+00:00,29.0813,29.7115,2.1670282965342125,trend_break,1,closed,5af02e8f4525420d83a664a333615db2,d85ad7e2888f47b79e6eead8595df555
ec275415e97542e93003797aa7bcabbf,fast,1h,SOL,2022-11-04T06:00:00+00:00,2022-11-04T07:00:00+00:00,2022-11-07T06:00:00+00:00,32.4605,31.8962,-1.738420541889385,trend_break,72,closed,5af02e8f4525420d83a664a333615db2,d85ad7e2888f47b79e6eead8595df555
0095c9d32d7160bdebb82bac17d476b2,fast,1h,ETH,2022-11-04T14:00:00+00:00,2022-11-04T15:00:00+00:00,2022-11-06T23:00:00+00:00,1661.06,1567.2224513619547,-5.649257018894282,stop,57,closed,5af02e8f4525420d83a664a333615db2,d85ad7e2888f47b79e6eead8595df555
76d7f003f2407cb74d39b00908b4cabf,fast,1h,SOL,2022-11-23T20:00:00+00:00,2022-11-23T21:00:00+00:00,2022-11-23T21:00:00+00:00,14.2143,14.1275,-0.6106526526103995,trend_break,1,closed,5af02e8f4525420d83a664a333615db2,d85ad7e2888f47b79e6eead8595df555
25aad1d9f911473b97bc09a61a8d8a09,fast,1h,ETH,2022-11-24T01:00:00+00:00,2022-11-24T02:00:00+00:00,2022-11-24T02:00:00+00:00,1204.87,1200,-0.40419298347538213,trend_break,1,closed,5af02e8f4525420d83a664a333615db2,d85ad7e2888f47b79e6eead8595df555
9e9acc08031074934bd187979ff4af36,fast,1h,BNB,2022-11-26T02:00:00+00:00,2022-11-26T03:00:00+00:00,2022-11-28T01:00:00+00:00,307.815,291.3292580729392,-5.355730528746427,stop,47,closed,5af02e8f4525420d83a664a333615db2,d85ad7e2888f47b79e6eead8595df555
3364563b4eb1cfbb90551aa3b6dba292,fast,1h,ADA,2022-11-30T00:00:00+00:00,2022-11-30T01:00:00+00:00,2022-11-30T01:00:00+00:00,0.31836,0.31576,-0.8166855132554329,trend_break,1,closed,5af02e8f4525420d83a664a333615db2,d85ad7e2888f47b79e6eead8595df555
8bee44fcc1a680606a4b6dfbe13e50f6,fast,1h,BTC,2022-11-30T00:00:00+00:00,2022-11-30T01:00:00+00:00,2022-11-30T01:00:00+00:00,16849.07,16879.73,0.1819685003386029,trend_break,1,closed,5af02e8f4525420d83a664a333615db2,d85ad7e2888f47b79e6eead8595df555
bb608bb38c0df6738b35b0cbe3424bef,fast,1h,ETH,2022-11-30T00:00:00+00:00,2022-11-30T01:00:00+00:00,2022-11-30T01:00:00+00:00,1276.69,1274.75,-0.15195544728947574,trend_break,1,closed,5af02e8f4525420d83a664a333615db2,d85ad7e2888f47b79e6eead8595df555
6c02571dad3085844f2db831f8f368d8,fast,1h,ADA,2022-11-30T21:00:00+00:00,2022-11-30T22:00:00+00:00,2022-11-30T22:00:00+00:00,0.31992,0.31939,-0.16566641660413772,trend_break,1,closed,5af02e8f4525420d83a664a333615db2,d85ad7e2888f47b79e6eead8595df555
41e89eec298e637f3bf832514c49d3e5,fast,1h,SOL,2022-11-30T23:00:00+00:00,2022-12-01T00:00:00+00:00,2022-12-01T00:00:00+00:00,14.1479,13.9052,-1.7154489358844671,trend_break,1,closed,5af02e8f4525420d83a664a333615db2,d85ad7e2888f47b79e6eead8595df555
3fcc1f4a8ef23099b9f1c28d43d4b541,fast,1h,ADA,2022-12-03T09:00:00+00:00,2022-12-03T10:00:00+00:00,2022-12-03T10:00:00+00:00,0.32532,0.32236,-0.9098733554653959,trend_break,1,closed,5af02e8f4525420d83a664a333615db2,d85ad7e2888f47b79e6eead8595df555
7a1caf85303eb1ff9d24244c93b2e04f,fast,1h,ETH,2022-12-04T19:00:00+00:00,2022-12-04T20:00:00+00:00,2022-12-04T21:00:00+00:00,1278.36,1276.61,-0.13689414562407798,trend_break,2,closed,5af02e8f4525420d83a664a333615db2,d85ad7e2888f47b79e6eead8595df555
02e3f1c2d6444f0c42e956eb51363a34,fast,1h,ETH,2022-12-06T23:00:00+00:00,2022-12-07T00:00:00+00:00,2022-12-07T00:00:00+00:00,1272.17,1268.85,-0.2609714110535677,trend_break,1,closed,5af02e8f4525420d83a664a333615db2,d85ad7e2888f47b79e6eead8595df555
e6a97127836cba49e2a48b32a03aabea,fast,1h,BNB,2022-12-08T18:00:00+00:00,2022-12-08T19:00:00+00:00,2022-12-08T19:00:00+00:00,291.0091,290.0114,-0.3428415125162787,trend_break,1,closed,5af02e8f4525420d83a664a333615db2,d85ad7e2888f47b79e6eead8595df555
08e7f5d1484148d2b8765213695e6360,fast,1h,BTC,2022-12-08T18:00:00+00:00,2022-12-08T19:00:00+00:00,2022-12-08T19:00:00+00:00,17248.93,17252.71,0.02191440280643331,trend_break,1,closed,5af02e8f4525420d83a664a333615db2,d85ad7e2888f47b79e6eead8595df555
3ed4f87b8b844c9e9bec557750735279,fast,1h,ETH,2022-12-08T18:00:00+00:00,2022-12-08T19:00:00+00:00,2022-12-09T18:00:00+00:00,1287.25,1268.96,-1.4208584191105045,trend_break,24,closed,5af02e8f4525420d83a664a333615db2,d85ad7e2888f47b79e6eead8595df555
ca02a613d9c7e817bb1b6098d3f6bcf7,fast,1h,ADA,2022-12-13T13:00:00+00:00,2022-12-13T14:00:00+00:00,2022-12-13T14:00:00+00:00,0.31583,0.31571,-0.037995123959089216,trend_break,1,closed,5af02e8f4525420d83a664a333615db2,d85ad7e2888f47b79e6eead8595df555
3acd789500c994c4b09eedbd64c090ef,fast,1h,BTC,2022-12-13T13:00:00+00:00,2022-12-13T14:00:00+00:00,2022-12-15T13:00:00+00:00,17912.67,17538.060434475537,-2.091310594816187,stop,48,closed,5af02e8f4525420d83a664a333615db2,d85ad7e2888f47b79e6eead8595df555
d78faf2a6ec170b87b2273ae284e1523,fast,1h,ETH,2022-12-13T13:00:00+00:00,2022-12-13T14:00:00+00:00,2022-12-15T01:00:00+00:00,1338.09,1292.3541942742952,-3.4179917438815544,stop,36,closed,5af02e8f4525420d83a664a333615db2,d85ad7e2888f47b79e6eead8595df555
fda95cfa0453ea9879d5ba2df4dc60dd,fast,1h,SOL,2022-12-13T13:00:00+00:00,2022-12-13T14:00:00+00:00,2022-12-13T14:00:00+00:00,14.0437,13.9038,-0.9961762213661518,trend_break,1,closed,5af02e8f4525420d83a664a333615db2,d85ad7e2888f47b79e6eead8595df555
24d0ba5ce1c3055424e8bdcef0c2b482,fast,1h,ADA,2022-12-26T23:00:00+00:00,2022-12-27T00:00:00+00:00,2022-12-27T00:00:00+00:00,0.26559,0.26381,-0.6702059565495744,trend_break,1,closed,5af02e8f4525420d83a664a333615db2,d85ad7e2888f47b79e6eead8595df555
827ec034304e4a642b84978010d69837,fast,1h,BTC,2022-12-26T23:00:00+00:00,2022-12-27T00:00:00+00:00,2022-12-27T00:00:00+00:00,16921.8,16871.74,-0.29583141273386016,trend_break,1,closed,5af02e8f4525420d83a664a333615db2,d85ad7e2888f47b79e6eead8595df555
9c3457bb2f57d7e630cf1ade1ef4944e,fast,1h,ETH,2022-12-26T23:00:00+00:00,2022-12-27T00:00:00+00:00,2022-12-27T00:00:00+00:00,1228.48,1224.17,-0.35084006251627775,trend_break,1,closed,5af02e8f4525420d83a664a333615db2,d85ad7e2888f47b79e6eead8595df555
8ee741459bf9dc9bf0d6f30d0adbba4f,fast,1h,ADA,2023-01-02T07:00:00+00:00,2023-01-02T08:00:00+00:00,2023-01-02T08:00:00+00:00,0.25411,0.25415,0.01574121443468357,trend_break,1,closed,5af02e8f4525420d83a664a333615db2,d85ad7e2888f47b79e6eead8595df555
ee6947654009513b43d9e6f82feacf93,fast,1h,BTC,2023-01-02T07:00:00+00:00,2023-01-02T08:00:00+00:00,2023-01-02T08:00:00+00:00,16724.47,16733.36,0.053155645589963996,trend_break,1,closed,5af02e8f4525420d83a664a333615db2,d85ad7e2888f47b79e6eead8595df555
46a3daa4350a6871ee9d38a32c272175,fast,1h,ETH,2023-01-02T07:00:00+00:00,2023-01-02T08:00:00+00:00,2023-01-02T08:00:00+00:00,1213.27,1215.89,0.21594533780611158,trend_break,1,closed,5af02e8f4525420d83a664a333615db2,d85ad7e2888f47b79e6eead8595df555
2deae08cdf7e6e2a05f7d3a139513b09,fast,1h,ADA,2023-01-04T02:00:00+00:00,2023-01-04T03:00:00+00:00,2023-01-04T03:00:00+00:00,0.26008,0.26538,2.0378345124577146,trend_break,1,closed,5af02e8f4525420d83a664a333615db2,d85ad7e2888f47b79e6eead8595df555
a97849be09446864c561086fdab1577a,fast,1h,BNB,2023-01-04T02:00:00+00:00,2023-01-04T03:00:00+00:00,2023-01-04T03:00:00+00:00,251.466,257.1582,2.2636062131659918,trend_break,1,closed,5af02e8f4525420d83a664a333615db2,d85ad7e2888f47b79e6eead8595df555
1251b804125ff4fbd34f15bd301007ab,fast,1h,BTC,2023-01-04T03:00:00+00:00,2023-01-04T04:00:00+00:00,2023-01-04T04:00:00+00:00,16860.47,16863.45,0.017674477639118003,trend_break,1,closed,5af02e8f4525420d83a664a333615db2,d85ad7e2888f47b79e6eead8595df555
04cb51d3c1ed27ba6a8784188f27b0f8,fast,1h,BTC,2023-01-06T19:00:00+00:00,2023-01-06T20:00:00+00:00,2023-01-06T20:00:00+00:00,16941.07,16897.39,-0.2578349537543989,trend_break,1,closed,5af02e8f4525420d83a664a333615db2,d85ad7e2888f47b79e6eead8595df555
80f897dcaa0a1f6505d4df31b6d722ff,fast,1h,ADA,2023-01-20T16:00:00+00:00,2023-01-20T17:00:00+00:00,2023-02-09T22:00:00+00:00,0.34461,0.35908,4.198949537157937,trend_break,479,closed,5af02e8f4525420d83a664a333615db2,d85ad7e2888f47b79e6eead8595df555
3e2ee7b02ec849513faccfc67343bc02,fast,1h,BNB,2023-01-20T20:00:00+00:00,2023-01-20T21:00:00+00:00,2023-02-09T22:00:00+00:00,301.2865,303.7912,0.8313349585859386,trend_break,475,closed,5af02e8f4525420d83a664a333615db2,d85ad7e2888f47b79e6eead8595df555
444d1a58f5212bc09e1f2a53a262a09b,fast,1h,BNB,2023-01-25T21:00:00+00:00,2023-01-25T22:00:00+00:00,2023-02-09T22:00:00+00:00,309.9525,303.7912,-1.9878207144643056,trend_break,354,closed,5af02e8f4525420d83a664a333615db2,d85ad7e2888f47b79e6eead8595df555
7f2b00fa8093a5d7ef6568d80288f96f,fast,1h,ETH,2023-01-25T21:00:00+00:00,2023-01-25T22:00:00+00:00,2023-02-09T21:00:00+00:00,1619.04,1533.9006593798129,-5.258631078922516,stop,353,closed,5af02e8f4525420d83a664a333615db2,d85ad7e2888f47b79e6eead8595df555
325a4f439836b0b336beb3fcbceebbb6,fast,1h,SOL,2023-01-25T21:00:00+00:00,2023-01-25T22:00:00+00:00,2023-02-09T03:00:00+00:00,24.9546,22.377182379735256,-10.328426904317212,stop,335,closed,5af02e8f4525420d83a664a333615db2,d85ad7e2888f47b79e6eead8595df555
99048a05497a7742b8766540135cd27c,fast,1h,ADA,2023-01-31T14:00:00+00:00,2023-01-31T15:00:00+00:00,2023-02-09T22:00:00+00:00,0.38111,0.3579455648226856,-6.078149399730892,stop,217,closed,5af02e8f4525420d83a664a333615db2,d85ad7e2888f47b79e6eead8595df555
b4891466d08c66abf74153960a8b7e04,fast,1h,BTC,2023-02-01T19:00:00+00:00,2023-02-01T20:00:00+00:00,2023-02-09T03:00:00+00:00,23385.36,22569.25788678616,-3.489799230004764,stop,169,closed,5af02e8f4525420d83a664a333615db2,d85ad7e2888f47b79e6eead8595df555
87d8cd580e81ec7410713590f0e814cb,fast,1h,ETH,2023-02-01T19:00:00+00:00,2023-02-01T20:00:00+00:00,2023-02-09T21:00:00+00:00,1617.62,1545.7629005835297,-4.442149541701401,stop,187,closed,5af02e8f4525420d83a664a333615db2,d85ad7e2888f47b79e6eead8595df555
1f97229cd43f64ea74140f6d0f8b9d3f,fast,1h,BNB,2023-02-01T20:00:00+00:00,2023-02-01T21:00:00+00:00,2023-02-09T22:00:00+00:00,317.0367,302.7728520800429,-4.499115692270661,stop,187,closed,5af02e8f4525420d83a664a333615db2,d85ad7e2888f47b79e6eead8595df555
587f46b56e0ffd9f4a358d89b80c5213,fast,1h,ADA,2023-02-07T17:00:00+00:00,2023-02-07T18:00:00+00:00,2023-02-09T19:00:00+00:00,0.3935,0.3713461224451298,-5.629956176587092,stop,50,closed,5af02e8f4525420d83a664a333615db2,d85ad7e2888f47b79e6eead8595df555
816e70cd52934f19674fd82d2a4f5647,fast,1h,BTC,2023-02-07T17:00:00+00:00,2023-02-07T18:00:00+00:00,2023-02-09T03:00:00+00:00,23285.36,22615.334041924532,-2.8774558695913166,stop,34,closed,5af02e8f4525420d83a664a333615db2,d85ad7e2888f47b79e6eead8595df555
5192814b8b10b2f37269724dc20d70d3,fast,1h,ETH,2023-02-07T17:00:00+00:00,2023-02-07T18:00:00+00:00,2023-02-09T19:00:00+00:00,1671.38,1602.463834818312,-4.123309192504876,stop,50,closed,5af02e8f4525420d83a664a333615db2,d85ad7e2888f47b79e6eead8595df555
92ccd79b6a0e9c83dd83b135072d4d41,fast,1h,SOL,2023-02-08T00:00:00+00:00,2023-02-08T01:00:00+00:00,2023-02-09T03:00:00+00:00,24.1785,22.430632923168197,-7.22901369742458,stop,27,closed,5af02e8f4525420d83a664a333615db2,d85ad7e2888f47b79e6eead8595df555
23a39c327f64bcf0d59b0d102388234b,fast,1h,BTC,2023-02-15T11:00:00+00:00,2023-02-15T12:00:00+00:00,2023-03-03T01:00:00+00:00,22450.65,22163.56,-1.278760303153803,trend_break,374,closed,5af02e8f4525420d83a664a333615db2,d85ad7e2888f47b79e6eead8595df555
16ff96c5821cbabaf2f31cce652297d6,fast,1h,ETH,2023-02-15T11:00:00+00:00,2023-02-15T12:00:00+00:00,2023-02-24T16:00:00+00:00,1572.72,1593.09,1.2952083015412619,trend_break,221,closed,5af02e8f4525420d83a664a333615db2,d85ad7e2888f47b79e6eead8595df555
131c13db3d9c18c44c6a293f61d39b43,fast,1h,SOL,2023-02-15T12:00:00+00:00,2023-02-15T13:00:00+00:00,2023-02-25T10:00:00+00:00,22.4486,22.6613,0.9474978395089373,trend_break,238,closed,5af02e8f4525420d83a664a333615db2,d85ad7e2888f47b79e6eead8595df555
f79902dc49de278062f9c3fe60331eca,fast,1h,ADA,2023-02-15T19:00:00+00:00,2023-02-15T20:00:00+00:00,2023-02-24T15:00:00+00:00,0.39807,0.3749417399158113,-5.8100987475038774,stop,212,closed,5af02e8f4525420d83a664a333615db2,d85ad7e2888f47b79e6eead8595df555
287de6a6c1692c225280fa076325ec6e,fast,1h,ADA,2023-02-17T19:00:00+00:00,2023-02-17T20:00:00+00:00,2023-02-22T08:00:00+00:00,0.4077,0.3796356189744539,-6.88358622162033,stop,109,closed,5af02e8f4525420d83a664a333615db2,d85ad7e2888f47b79e6eead8595df555
acf2acfe0b102dcb356aa3ddbb51e086,fast,1h,BNB,2023-03-12T22:00:00+00:00,2023-03-12T23:00:00+00:00,2023-03-12T23:00:00+00:00,284.4,287.7,1.1603375527426296,trend_break,1,closed,5af02e8f4525420d83a664a333615db2,d85ad7e2888f47b79e6eead8595df555
c0bea4a0f67b11a6977fb59a63f327da,fast,1h,BTC,2023-03-12T22:00:00+00:00,2023-03-12T23:00:00+00:00,2023-03-12T23:00:00+00:00,21700.89,21995.39,1.3570871978061838,trend_break,1,closed,5af02e8f4525420d83a664a333615db2,d85ad7e2888f47b79e6eead8595df555
84adba0a809cdeb9c3579a390024fc12,fast,1h,ADA,2023-03-12T23:00:00+00:00,2023-03-13T00:00:00+00:00,2023-03-13T00:00:00+00:00,0.3298,0.3399,3.0624620982413475,trend_break,1,closed,5af02e8f4525420d83a664a333615db2,d85ad7e2888f47b79e6eead8595df555
b6030a8d2309459f17cbcd5d5680d1e3,fast,1h,ETH,2023-03-13T15:00:00+00:00,2023-03-13T16:00:00+00:00,2023-04-21T17:00:00+00:00,1664.16,1881.75,13.075064897605992,trend_break,938,closed,5af02e8f4525420d83a664a333615db2,d85ad7e2888f47b79e6eead8595df555
fd329446b20b9a91b6833c05b629c7ea,fast,1h,SOL,2023-03-14T12:00:00+00:00,2023-03-14T13:00:00+00:00,2023-03-14T18:00:00+00:00,21.38,21.04,-1.5902712815715647,trend_break,6,closed,5af02e8f4525420d83a664a333615db2,d85ad7e2888f47b79e6eead8595df555
6323c058a94b9d6388c87936f302cd27,fast,1h,ADA,2023-03-21T12:00:00+00:00,2023-03-21T13:00:00+00:00,2023-03-25T19:00:00+00:00,0.3444,0.3489,1.3066202090592283,trend_break,103,closed,5af02e8f4525420d83a664a333615db2,d85ad7e2888f47b79e6eead8595df555
e43513e51b00fb31fb4281787c47ee53,fast,1h,BNB,2023-03-23T15:00:00+00:00,2023-03-23T16:00:00+00:00,2023-03-27T15:00:00+00:00,330.8,312.9491974233303,-5.39625229040801,stop,96,closed,5af02e8f4525420d83a664a333615db2,d85ad7e2888f47b79e6eead8595df555
0ef0043acd4240cc5e0b57064f94d09d,fast,1h,BTC,2023-03-28T18:00:00+00:00,2023-03-28T19:00:00+00:00,2023-04-20T19:00:00+00:00,27352.13,28104.5,2.7506815739761326,trend_break,553,closed,5af02e8f4525420d83a664a333615db2,d85ad7e2888f47b79e6eead8595df555
6206e7c1e07d0b2b9be8130885a07986,fast,1h,ETH,2023-03-28T18:00:00+00:00,2023-03-28T19:00:00+00:00,2023-04-21T17:00:00+00:00,1778.09,1881.75,5.82985113239487,trend_break,575,closed,5af02e8f4525420d83a664a333615db2,d85ad7e2888f47b79e6eead8595df555
478e92643392bfb2f2c40b5e81dc6646,fast,1h,BTC,2023-03-29T06:00:00+00:00,2023-03-29T07:00:00+00:00,2023-04-20T19:00:00+00:00,28058.82,28104.5,0.1628008590525143,trend_break,541,closed,5af02e8f4525420d83a664a333615db2,d85ad7e2888f47b79e6eead8595df555
8f5a5048a7d13bfe898036c7cfe0ab36,fast,1h,ADA,2023-03-31T07:00:00+00:00,2023-03-31T08:00:00+00:00,2023-04-21T17:00:00+00:00,0.3848,0.3929,2.1049896049896155,trend_break,514,closed,5af02e8f4525420d83a664a333615db2,d85ad7e2888f47b79e6eead8595df555
0300c1af307d9a945576386db93f44bb,fast,1h,ADA,2023-04-03T08:00:00+00:00,2023-04-03T09:00:00+00:00,2023-04-03T21:00:00+00:00,0.4017,0.37635029763156724,-6.310605518653912,stop,13,closed,5af02e8f4525420d83a664a333615db2,d85ad7e2888f47b79e6eead8595df555
cf09ecd341b828aec24a6f33436539e4,fast,1h,SOL,2023-04-03T19:00:00+00:00,2023-04-03T20:00:00+00:00,2023-04-03T20:00:00+00:00,20.95,20.35,-2.863961813842475,trend_break,1,closed,5af02e8f4525420d83a664a333615db2,d85ad7e2888f47b79e6eead8595df555
b6082ddeeb471bdfa14dffb7eba1e9cd,fast,1h,ETH,2023-04-04T11:00:00+00:00,2023-04-04T12:00:00+00:00,2023-04-21T17:00:00+00:00,1864.92,1881.75,0.9024515796924204,trend_break,414,closed,5af02e8f4525420d83a664a333615db2,d85ad7e2888f47b79e6eead8595df555
de658cd7d7edc3d92767b974fbcf97a8,fast,1h,BTC,2023-04-05T00:00:00+00:00,2023-04-05T01:00:00+00:00,2023-04-20T19:00:00+00:00,28662.74,28104.5,-1.947615615255216,trend_break,379,closed,5af02e8f4525420d83a664a333615db2,d85ad7e2888f47b79e6eead8595df555
c77223c421f7bad07303196eb44d89a2,fast,1h,BTC,2023-04-09T21:00:00+00:00,2023-04-09T22:00:00+00:00,2023-04-20T19:00:00+00:00,28440.83,28104.5,-1.1825604245727095,trend_break,262,closed,5af02e8f4525420d83a664a333615db2,d85ad7e2888f47b79e6eead8595df555
43ee87adc0431a9d6f44a5582e241335,fast,1h,BNB,2023-04-10T16:00:00+00:00,2023-04-10T17:00:00+00:00,2023-04-20T16:00:00+00:00,314.2,318.5,1.368555060471044,trend_break,240,closed,5af02e8f4525420d83a664a333615db2,d85ad7e2888f47b79e6eead8595df555
6722e15adaea5678947b447ed696c67b,fast,1h,ETH,2023-04-10T16:00:00+00:00,2023-04-10T17:00:00+00:00,2023-04-21T17:00:00+00:00,1883.36,1881.75,-0.08548551524933945,trend_break,265,closed,5af02e8f4525420d83a664a333615db2,d85ad7e2888f47b79e6eead8595df555
38b3cb72df6e5820a4768883f26434b5,fast,1h,ADA,2023-04-10T22:00:00+00:00,2023-04-10T23:00:00+00:00,2023-04-21T17:00:00+00:00,0.3954,0.3929,-0.6322711178553209,trend_break,259,closed,5af02e8f4525420d83a664a333615db2,d85ad7e2888f47b79e6eead8595df555
2f4fbf8f65a33f66d0b60f3257d1b063,fast,1h,SOL,2023-04-11T04:00:00+00:00,2023-04-11T05:00:00+00:00,2023-04-20T15:00:00+00:00,22.41,22.12,-1.2940651494868338,trend_break,227,closed,5af02e8f4525420d83a664a333615db2,d85ad7e2888f47b79e6eead8595df555
216d4aa4926176a0da70d38a153a8616,fast,1h,ETH,2023-04-12T14:00:00+00:00,2023-04-12T15:00:00+00:00,2023-04-21T17:00:00+00:00,1913.93,1881.75,-1.6813572074213856,trend_break,219,closed,5af02e8f4525420d83a664a333615db2,d85ad7e2888f47b79e6eead8595df555
77fbb3f0df48f3d4cbb2fed5d35d9c11,fast,1h,BTC,2023-04-18T11:00:00+00:00,2023-04-18T12:00:00+00:00,2023-04-19T08:00:00+00:00,30384.76,29485.371722458138,-2.959997964577832,stop,21,closed,5af02e8f4525420d83a664a333615db2,d85ad7e2888f47b79e6eead8595df555
469f568e1f4c7d54f343f69821c31322,fast,1h,BNB,2023-04-26T12:00:00+00:00,2023-04-26T13:00:00+00:00,2023-04-26T19:00:00+00:00,344.7,333.84115957859456,-3.150229307051189,stop,7,closed,5af02e8f4525420d83a664a333615db2,d85ad7e2888f47b79e6eead8595df555
d7c479db76ee81c0349e0f908da8c80e,fast,1h,BTC,2023-04-26T12:00:00+00:00,2023-04-26T13:00:00+00:00,2023-04-26T19:00:00+00:00,29969.06,28773.41363718745,-3.9896024860724744,stop,7,closed,5af02e8f4525420d83a664a333615db2,d85ad7e2888f47b79e6eead8595df555
e2151955310863bab8e98ff1be2f8ed7,fast,1h,ETH,2023-04-26T12:00:00+00:00,2023-04-26T13:00:00+00:00,2023-04-26T19:00:00+00:00,1961.19,1867.9607067180693,-4.753710414693668,stop,7,closed,5af02e8f4525420d83a664a333615db2,d85ad7e2888f47b79e6eead8595df555
b9fffca49801f39578d79744565ce90e,fast,1h,BTC,2023-04-27T18:00:00+00:00,2023-04-27T19:00:00+00:00,2023-05-01T15:00:00+00:00,29775.38,28175.37,-5.373600605601014,trend_break,93,closed,5af02e8f4525420d83a664a333615db2,d85ad7e2888f47b79e6eead8595df555
8e9c29d07c51cf297aa7b9f3f7991bca,fast,1h,SOL,2023-04-28T10:00:00+00:00,2023-04-28T11:00:00+00:00,2023-05-01T01:00:00+00:00,22.71,22.2,-2.2457067371202233,trend_break,63,closed,5af02e8f4525420d83a664a333615db2,d85ad7e2888f47b79e6eead8595df555
131da4d59c1a90415a4b5d6ecde13001,fast,1h,ETH,2023-04-30T15:00:00+00:00,2023-04-30T16:00:00+00:00,2023-04-30T23:00:00+00:00,1920.66,1870.03,-2.636073016567231,trend_break,8,closed,5af02e8f4525420d83a664a333615db2,d85ad7e2888f47b79e6eead8595df555
086cd842f6745596eae2e5b08a9ead5e,fast,1h,ADA,2023-05-03T22:00:00+00:00,2023-05-03T23:00:00+00:00,2023-05-03T23:00:00+00:00,0.396,0.3935,-0.631313131313127,trend_break,1,closed,5af02e8f4525420d83a664a333615db2,d85ad7e2888f47b79e6eead8595df555
f4cc5c880447c357489b32e6c022c67c,fast,1h,ETH,2023-05-03T22:00:00+00:00,2023-05-03T23:00:00+00:00,2023-05-04T18:00:00+00:00,1907.05,1873.26,-1.7718465693086216,trend_break,20,closed,5af02e8f4525420d83a664a333615db2,d85ad7e2888f47b79e6eead8595df555
e539a3e58e2135a9e9642a028d0b30ea,fast,1h,ETH,2023-05-05T14:00:00+00:00,2023-05-05T15:00:00+00:00,2023-05-06T14:00:00+00:00,1946.73,1875.2422580351063,-3.6721960397637976,stop,24,closed,5af02e8f4525420d83a664a333615db2,d85ad7e2888f47b79e6eead8595df555
1d947b543c7596a5b0a9b4dd5665a763,fast,1h,SOL,2023-05-05T14:00:00+00:00,2023-05-05T15:00:00+00:00,2023-05-06T12:00:00+00:00,22.41,22.16,-1.1155734047300303,trend_break,22,closed,5af02e8f4525420d83a664a333615db2,d85ad7e2888f47b79e6eead8595df555
ebe7c21dbcc43854f79841674306948a,fast,1h,ETH,2023-05-07T14:00:00+00:00,2023-05-07T15:00:00+00:00,2023-05-07T23:00:00+00:00,1928.3,1870.2,-3.0130166467873254,trend_break,9,closed,5af02e8f4525420d83a664a333615db2,d85ad7e2888f47b79e6eead8595df555
b746e936c5cdc638382d7b07ed5c675e,fast,1h,ETH,2023-05-23T02:00:00+00:00,2023-05-23T03:00:00+00:00,2023-05-24T03:00:00+00:00,1842.44,1821.67,-1.127309437485069,trend_break,25,closed,5af02e8f4525420d83a664a333615db2,d85ad7e2888f47b79e6eead8595df555
3edf6c321a775c68dfc62df22008fdf8,fast,1h,ADA,2023-05-23T03:00:00+00:00,2023-05-23T04:00:00+00:00,2023-05-23T04:00:00+00:00,0.3745,0.3716,-0.7743658210947912,trend_break,1,closed,5af02e8f4525420d83a664a333615db2,d85ad7e2888f47b79e6eead8595df555
67a08ccb7234c850ecef4d77618ce724,fast,1h,BNB,2023-05-23T03:00:00+00:00,2023-05-23T04:00:00+00:00,2023-05-23T04:00:00+00:00,314.8,314.4,-0.12706480304957024,trend_break,1,closed,5af02e8f4525420d83a664a333615db2,d85ad7e2888f47b79e6eead8595df555
935ee9b5f405e79626686400616685df,fast,1h,BTC,2023-05-23T03:00:00+00:00,2023-05-23T04:00:00+00:00,2023-05-23T04:00:00+00:00,27372.24,27381.34,0.03324536099347242,trend_break,1,closed,5af02e8f4525420d83a664a333615db2,d85ad7e2888f47b79e6eead8595df555
88221f6f3c6944b03452a4d30847e879,fast,1h,ETH,2023-05-28T00:00:00+00:00,2023-05-28T01:00:00+00:00,2023-06-05T15:00:00+00:00,1850,1821.56,-1.537297297297302,trend_break,207,closed,5af02e8f4525420d83a664a333615db2,d85ad7e2888f47b79e6eead8595df555
0bc7b2b031270e4da94ccba8acfd4238,fast,1h,BTC,2023-06-20T16:00:00+00:00,2023-06-20T17:00:00+00:00,2023-07-18T16:00:00+00:00,27333.45,29705.01,8.676401990967108,trend_break,672,closed,5af02e8f4525420d83a664a333615db2,d85ad7e2888f47b79e6eead8595df555
740836f1773a689918680d3ec60d98c1,fast,1h,ETH,2023-06-20T17:00:00+00:00,2023-06-20T18:00:00+00:00,2023-06-20T18:00:00+00:00,1767.02,1779.55,0.7091034623263992,trend_break,1,closed,5af02e8f4525420d83a664a333615db2,d85ad7e2888f47b79e6eead8595df555
f2e880812bebc6345e04bf3d2b750e6a,fast,1h,SOL,2023-06-20T17:00:00+00:00,2023-06-20T18:00:00+00:00,2023-06-20T18:00:00+00:00,16.34,16.37,0.1835985312117483,trend_break,1,closed,5af02e8f4525420d83a664a333615db2,d85ad7e2888f47b79e6eead8595df555
1e5e4f043b069b55204e182362b34c18,fast,1h,BNB,2023-06-21T02:00:00+00:00,2023-06-21T03:00:00+00:00,2023-06-21T03:00:00+00:00,251.4,251.5,0.039777247414485295,trend_break,1,closed,5af02e8f4525420d83a664a333615db2,d85ad7e2888f47b79e6eead8595df555
7e4e819f41625e046c202949fdc614db,fast,1h,ADA,2023-06-22T01:00:00+00:00,2023-06-22T02:00:00+00:00,2023-06-22T02:00:00+00:00,0.298,0.2988,0.26845637583894355,trend_break,1,closed,5af02e8f4525420d83a664a333615db2,d85ad7e2888f47b79e6eead8595df555
3a302295d5641ecb104ee790ebe71588,fast,1h,ADA,2023-06-23T15:00:00+00:00,2023-06-23T16:00:00+00:00,2023-06-23T16:00:00+00:00,0.2984,0.2996,0.40214477211795163,trend_break,1,closed,5af02e8f4525420d83a664a333615db2,d85ad7e2888f47b79e6eead8595df555
d928f965fcffe3c320f1f3edddc4e4da,fast,1h,SOL,2023-06-23T20:00:00+00:00,2023-06-23T21:00:00+00:00,2023-06-23T21:00:00+00:00,17.48,17.06,-2.40274599542335,trend_break,1,closed,5af02e8f4525420d83a664a333615db2,d85ad7e2888f47b79e6eead8595df555
2541476793be4622502289c3d7f816af,fast,1h,ETH,2023-06-27T16:00:00+00:00,2023-06-27T17:00:00+00:00,2023-06-28T19:00:00+00:00,1908.86,1831.5963405815405,-4.047633635701908,stop,27,closed,5af02e8f4525420d83a664a333615db2,d85ad7e2888f47b79e6eead8595df555
c68a9460717d2be3a65ca09eb1f916cb,fast,1h,ADA,2023-06-27T21:00:00+00:00,2023-06-27T22:00:00+00:00,2023-06-27T22:00:00+00:00,0.288,0.2865,-0.520833333333337,trend_break,1,closed,5af02e8f4525420d83a664a333615db2,d85ad7e2888f47b79e6eead8595df555
bcd702b58b481a4632fd65fda48eb057,fast,1h,SOL,2023-06-29T09:00:00+00:00,2023-06-29T10:00:00+00:00,2023-06-29T10:00:00+00:00,17.25,17.5,1.449275362318847,trend_break,1,closed,5af02e8f4525420d83a664a333615db2,d85ad7e2888f47b79e6eead8595df555
4dbaee11fecd51f2eb52b6ba5ef77c80,fast,1h,ADA,2023-06-30T03:00:00+00:00,2023-06-30T04:00:00+00:00,2023-06-30T04:00:00+00:00,0.2837,0.2873,1.2689460697920207,trend_break,1,closed,5af02e8f4525420d83a664a333615db2,d85ad7e2888f47b79e6eead8595df555
ba223b294b7e0c8aa09289f7362981ed,fast,1h,ETH,2023-06-30T04:00:00+00:00,2023-06-30T05:00:00+00:00,2023-07-06T23:00:00+00:00,1891.63,1848.77,-2.265770790270827,trend_break,163,closed,5af02e8f4525420d83a664a333615db2,d85ad7e2888f47b79e6eead8595df555
45e88a31be5c353fc1311acfb8f43cf9,fast,1h,ADA,2023-07-01T13:00:00+00:00,2023-07-01T14:00:00+00:00,2023-07-01T14:00:00+00:00,0.292,0.2912,-0.2739726027397138,trend_break,1,closed,5af02e8f4525420d83a664a333615db2,d85ad7e2888f47b79e6eead8595df555
37502907251f61567fc4e4c14c5b8a2e,fast,1h,BNB,2023-07-01T13:00:00+00:00,2023-07-01T14:00:00+00:00,2023-07-01T14:00:00+00:00,245.7,247.2,0.6105006105006083,trend_break,1,closed,5af02e8f4525420d83a664a333615db2,d85ad7e2888f47b79e6eead8595df555
54f05f6e49e9b4844a21badcea620cf9,fast,1h,ETH,2023-07-02T22:00:00+00:00,2023-07-02T23:00:00+00:00,2023-07-06T14:00:00+00:00,1942.38,1874.5319589978508,-3.4930364296455574,stop,88,closed,5af02e8f4525420d83a664a333615db2,d85ad7e2888f47b79e6eead8595df555
6979e17ccab234a3101739e59ddc6dce,fast,1h,ADA,2023-07-06T06:00:00+00:00,2023-07-06T07:00:00+00:00,2023-07-06T07:00:00+00:00,0.2907,0.2882,-0.8599931200550359,trend_break,1,closed,5af02e8f4525420d83a664a333615db2,d85ad7e2888f47b79e6eead8595df555
0bdd5c06526e512e43f52d3da8ed1a6e,fast,1h,BTC,2023-07-06T06:00:00+00:00,2023-07-06T07:00:00+00:00,2023-07-06T23:00:00+00:00,30713.88,29929.260782860045,-2.5546079399279886,stop,17,closed,5af02e8f4525420d83a664a333615db2,d85ad7e2888f47b79e6eead8595df555
905fd657ab5b09fc56b3b59fb7458b03,fast,1h,ETH,2023-07-06T08:00:00+00:00,2023-07-06T09:00:00+00:00,2023-07-06T12:00:00+00:00,1949,1892.9302261080381,-2.876848326934933,stop,4,closed,5af02e8f4525420d83a664a333615db2,d85ad7e2888f47b79e6eead8595df555
1ddeac8b212db2dc0ec6704161cbac66,fast,1h,BTC,2023-07-10T18:00:00+00:00,2023-07-10T19:00:00+00:00,2023-07-17T18:00:00+00:00,30534.97,29861.31486227998,-2.2061758623637684,stop,168,closed,5af02e8f4525420d83a664a333615db2,d85ad7e2888f47b79e6eead8595df555
ea41654d14ad3adf983ef62f4c64937b,fast,1h,ETH,2023-07-10T18:00:00+00:00,2023-07-10T19:00:00+00:00,2023-07-22T18:00:00+00:00,1889.2,1882.77,-0.3403557061189999,trend_break,288,closed,5af02e8f4525420d83a664a333615db2,d85ad7e2888f47b79e6eead8595df555
245bda7deda14716dc2cfef45f7ceb7d,fast,1h,ADA,2023-07-13T15:00:00+00:00,2023-07-13T16:00:00+00:00,2023-07-24T09:00:00+00:00,0.3084,0.3045,-1.2645914396887226,trend_break,258,closed,5af02e8f4525420d83a664a333615db2,d85ad7e2888f47b79e6eead8595df555
2fc82b2225fd3ec7355ef439ed1f50c7,fast,1h,BNB,2023-07-13T15:00:00+00:00,2023-07-13T16:00:00+00:00,2023-07-14T17:00:00+00:00,251.3,248.5,-1.1142061281337101,trend_break,26,closed,5af02e8f4525420d83a664a333615db2,d85ad7e2888f47b79e6eead8595df555
ec7a4b1abdcf94f118e96dda19c45d0f,fast,1h,BTC,2023-07-13T15:00:00+00:00,2023-07-13T16:00:00+00:00,2023-07-14T18:00:00+00:00,30924.53,30176.0720612826,-2.420272640254839,stop,27,closed,5af02e8f4525420d83a664a333615db2,d85ad7e2888f47b79e6eead8595df555
66ae1110e5273b68f0a019274143ef4d,fast,1h,ETH,2023-07-13T15:00:00+00:00,2023-07-13T16:00:00+00:00,2023-07-17T18:00:00+00:00,1931.53,1886.3008770986412,-2.3416215591452794,stop,99,closed,5af02e8f4525420d83a664a333615db2,d85ad7e2888f47b79e6eead8595df555
853a3615d305edc795a374db4a1793e5,fast,1h,BTC,2023-08-01T23:00:00+00:00,2023-08-02T00:00:00+00:00,2023-08-02T08:00:00+00:00,29600,29485.01,-0.38847972972974043,trend_break,9,closed,5af02e8f4525420d83a664a333615db2,d85ad7e2888f47b79e6eead8595df555
b12cdf69f71f5017ceae5068cc7f49f2,fast,1h,ETH,2023-08-01T23:00:00+00:00,2023-08-02T00:00:00+00:00,2023-08-02T00:00:00+00:00,1873.85,1870.55,-0.17610801291458866,trend_break,1,closed,5af02e8f4525420d83a664a333615db2,d85ad7e2888f47b79e6eead8595df555
cacfb4e2cf4b93777d804f397f575798,fast,1h,BTC,2023-08-08T12:00:00+00:00,2023-08-08T13:00:00+00:00,2023-08-08T13:00:00+00:00,29575.01,29360,-0.7269989088761086,trend_break,1,closed,5af02e8f4525420d83a664a333615db2,d85ad7e2888f47b79e6eead8595df555
3448e9624de22e1fefc6b380c518cc01,fast,1h,SOL,2023-08-08T15:00:00+00:00,2023-08-08T16:00:00+00:00,2023-08-16T04:00:00+00:00,23.75,23.57,-0.7578947368421018,trend_break,181,closed,5af02e8f4525420d83a664a333615db2,d85ad7e2888f47b79e6eead8595df555
17090bcd60f60fb7dd06f1e7a4637165,fast,1h,ETH,2023-08-08T16:00:00+00:00,2023-08-08T17:00:00+00:00,2023-08-08T17:00:00+00:00,1854.27,1853.94,-0.017796760989496896,trend_break,1,closed,5af02e8f4525420d83a664a333615db2,d85ad7e2888f47b79e6eead8595df555
29c30dc804e9e080b9f302759cd3a688,fast,1h,ADA,2023-08-08T17:00:00+00:00,2023-08-08T18:00:00+00:00,2023-08-08T18:00:00+00:00,0.3009,0.3002,-0.23263542705217466,trend_break,1,closed,5af02e8f4525420d83a664a333615db2,d85ad7e2888f47b79e6eead8595df555
69ccfd05289d9aa1d2b4cf119c13f4fe,fast,1h,XRP,2023-08-09T13:00:00+00:00,2023-08-09T14:00:00+00:00,2023-08-10T06:00:00+00:00,0.66,0.6304864298680993,-4.471753050287985,stop,17,closed,5af02e8f4525420d83a664a333615db2,d85ad7e2888f47b79e6eead8595df555
9e9f91aec116d4c528c0c6a59d45e50a,fast,1h,ETH,2023-08-13T18:00:00+00:00,2023-08-13T19:00:00+00:00,2023-08-13T19:00:00+00:00,1854.87,1858.76,0.20971820127557717,trend_break,1,closed,5af02e8f4525420d83a664a333615db2,d85ad7e2888f47b79e6eead8595df555
10e670018aa53a00b5ee7ec73ae5413f,fast,1h,BTC,2023-08-14T15:00:00+00:00,2023-08-14T16:00:00+00:00,2023-08-14T18:00:00+00:00,29604.95,29339.43,-0.8968770425216044,trend_break,3,closed,5af02e8f4525420d83a664a333615db2,d85ad7e2888f47b79e6eead8595df555
3aaac5bb6117c58ed024d42d1286c865,fast,1h,ADA,2023-08-29T14:00:00+00:00,2023-08-29T15:00:00+00:00,2023-08-29T15:00:00+00:00,0.2772,0.2745,-0.9740259740259716,trend_break,1,closed,5af02e8f4525420d83a664a333615db2,d85ad7e2888f47b79e6eead8595df555
d87a270f4357d3de6062a3f54ce97fdc,fast,1h,BNB,2023-08-29T14:00:00+00:00,2023-08-29T15:00:00+00:00,2023-08-29T15:00:00+00:00,230.6,228.1,-1.0841283607979202,trend_break,1,closed,5af02e8f4525420d83a664a333615db2,d85ad7e2888f47b79e6eead8595df555
4edf5d2a92a6785b9bc0595e32176003,fast,1h,BTC,2023-08-29T14:00:00+00:00,2023-08-29T15:00:00+00:00,2023-08-29T15:00:00+00:00,27500,27424.77,-0.27356363636363845,trend_break,1,closed,5af02e8f4525420d83a664a333615db2,d85ad7e2888f47b79e6eead8595df555
29a442ae3a4b0deb3c3e615b5a30a9c0,fast,1h,ETH,2023-08-29T14:00:00+00:00,2023-08-29T15:00:00+00:00,2023-08-29T15:00:00+00:00,1720.2,1715.96,-0.24648296709685047,trend_break,1,closed,5af02e8f4525420d83a664a333615db2,d85ad7e2888f47b79e6eead8595df555
3ba9eb290b25416c153976ddeaa82d88,fast,1h,SOL,2023-08-29T14:00:00+00:00,2023-08-29T15:00:00+00:00,2023-08-29T15:00:00+00:00,21.77,21.33,-2.021129995406523,trend_break,1,closed,5af02e8f4525420d83a664a333615db2,d85ad7e2888f47b79e6eead8595df555
ccfa2f602af06938328fad7fec0181a6,fast,1h,XRP,2023-08-29T14:00:00+00:00,2023-08-29T15:00:00+00:00,2023-08-29T15:00:00+00:00,0.5416,0.5358,-1.0709010339733926,trend_break,1,closed,5af02e8f4525420d83a664a333615db2,d85ad7e2888f47b79e6eead8595df555
1affbf6302a8d739478097f078a952ec,fast,1h,BNB,2023-08-31T11:00:00+00:00,2023-08-31T12:00:00+00:00,2023-08-31T12:00:00+00:00,224.8,223.3,-0.6672597864768703,trend_break,1,closed,5af02e8f4525420d83a664a333615db2,d85ad7e2888f47b79e6eead8595df555
d563716c9de198d36a823521664febf9,fast,1h,BNB,2023-09-07T21:00:00+00:00,2023-09-07T22:00:00+00:00,2023-09-07T22:00:00+00:00,217.2,217.4,0.09208103130755596,trend_break,1,closed,5af02e8f4525420d83a664a333615db2,d85ad7e2888f47b79e6eead8595df555
de0d88ec0490b325cbbab8d08f0930b4,fast,1h,BTC,2023-09-07T21:00:00+00:00,2023-09-07T22:00:00+00:00,2023-09-07T22:00:00+00:00,26166.53,26329.78,0.6238886088449691,trend_break,1,closed,5af02e8f4525420d83a664a333615db2,d85ad7e2888f47b79e6eead8595df555
81da813d70b562c7b48967b0945f64aa,fast,1h,SOL,2023-09-08T00:00:00+00:00,2023-09-08T01:00:00+00:00,2023-09-08T01:00:00+00:00,20.23,20.03,-0.9886307464162081,trend_break,1,closed,5af02e8f4525420d83a664a333615db2,d85ad7e2888f47b79e6eead8595df555
8f1b8cfbf106ff4018d7feca430257f5,fast,1h,BNB,2023-09-14T00:00:00+00:00,2023-09-14T01:00:00+00:00,2023-09-14T01:00:00+00:00,214.6,212.1,-1.164958061509791,trend_break,1,closed,5af02e8f4525420d83a664a333615db2,d85ad7e2888f47b79e6eead8595df555
2be030d8f210a48f13fbd86512b285a0,fast,1h,ETH,2023-09-14T00:00:00+00:00,2023-09-14T01:00:00+00:00,2023-09-14T01:00:00+00:00,1633.56,1620.61,-0.7927471289698618,trend_break,1,closed,5af02e8f4525420d83a664a333615db2,d85ad7e2888f47b79e6eead8595df555
51c887a95c6194ab800b0b3efce98919,fast,1h,SOL,2023-09-14T00:00:00+00:00,2023-09-14T01:00:00+00:00,2023-09-14T01:00:00+00:00,19.26,18.9,-1.8691588785046842,trend_break,1,closed,5af02e8f4525420d83a664a333615db2,d85ad7e2888f47b79e6eead8595df555
4530cb38ac325111948f663e31acb291,fast,1h,BTC,2023-09-18T02:00:00+00:00,2023-09-18T03:00:00+00:00,2023-09-18T04:00:00+00:00,26669.88,26624.99,-0.1683172177752601,trend_break,2,closed,5af02e8f4525420d83a664a333615db2,d85ad7e2888f47b79e6eead8595df555
50a3f197c47a08dee48241d4cd7a4de8,fast,1h,SOL,2023-09-18T10:00:00+00:00,2023-09-18T11:00:00+00:00,2023-09-18T11:00:00+00:00,19.62,19.55,-0.35677879714577365,trend_break,1,closed,5af02e8f4525420d83a664a333615db2,d85ad7e2888f47b79e6eead8595df555
f7cddd3f8bdfcb8271e0b90315465e38,fast,1h,ETH,2023-09-18T11:00:00+00:00,2023-09-18T12:00:00+00:00,2023-09-18T12:00:00+00:00,1656.43,1664.91,0.5119443622730868,trend_break,1,closed,5af02e8f4525420d83a664a333615db2,d85ad7e2888f47b79e6eead8595df555
abab41aa5af59dc33b4025eaabbb7c58,fast,1h,XRP,2023-09-20T03:00:00+00:00,2023-09-20T04:00:00+00:00,2023-09-20T06:00:00+00:00,0.5226,0.5138,-1.6838882510524122,trend_break,3,closed,5af02e8f4525420d83a664a333615db2,d85ad7e2888f47b79e6eead8595df555
0ed0d09b14091252e13877dd25c130be,fast,1h,ADA,2023-09-27T11:00:00+00:00,2023-09-27T12:00:00+00:00,2023-09-27T12:00:00+00:00,0.2479,0.2461,-0.7260992335619165,trend_break,1,closed,5af02e8f4525420d83a664a333615db2,d85ad7e2888f47b79e6eead8595df555
18fb6aa6b559dfae15d0167bed77b7e8,fast,1h,BNB,2023-09-27T11:00:00+00:00,2023-09-27T12:00:00+00:00,2023-09-27T12:00:00+00:00,215.2,214.6,-0.27881040892192566,trend_break,1,closed,5af02e8f4525420d83a664a333615db2,d85ad7e2888f47b79e6eead8595df555
829235940c544116c2de75ebc870421f,fast,1h,BTC,2023-09-27T11:00:00+00:00,2023-09-27T12:00:00+00:00,2023-09-27T13:00:00+00:00,26774.87,26615,-0.5970897337690073,trend_break,2,closed,5af02e8f4525420d83a664a333615db2,d85ad7e2888f47b79e6eead8595df555
225704c5fb8fc0713b73585687992d68,fast,1h,ETH,2023-09-27T11:00:00+00:00,2023-09-27T12:00:00+00:00,2023-09-27T12:00:00+00:00,1628.98,1622.22,-0.41498360937518575,trend_break,1,closed,5af02e8f4525420d83a664a333615db2,d85ad7e2888f47b79e6eead8595df555
f07c8bda7210114988208f81f0e5ba8d,fast,1h,ADA,2023-09-28T14:00:00+00:00,2023-09-28T15:00:00+00:00,2023-09-28T15:00:00+00:00,0.2486,0.2492,0.24135156878519748,trend_break,1,closed,5af02e8f4525420d83a664a333615db2,d85ad7e2888f47b79e6eead8595df555
01c6539db01827d2badd5f6901d1b744,fast,1h,BNB,2023-09-28T14:00:00+00:00,2023-09-28T15:00:00+00:00,2023-09-28T15:00:00+00:00,214.7,215.5,0.37261294829995517,trend_break,1,closed,5af02e8f4525420d83a664a333615db2,d85ad7e2888f47b79e6eead8595df555
32f997a3ede91de74d96e0943999170b,fast,1h,BTC,2023-09-28T14:00:00+00:00,2023-09-28T15:00:00+00:00,2023-10-11T03:00:00+00:00,26804.8,27022.85,0.8134737062018615,trend_break,301,closed,5af02e8f4525420d83a664a333615db2,d85ad7e2888f47b79e6eead8595df555
a6531a302413aa5b8ee5b951fccc8c3c,fast,1h,SOL,2023-09-28T15:00:00+00:00,2023-09-28T16:00:00+00:00,2023-09-28T16:00:00+00:00,19.6,19.51,-0.4591836734693877,trend_break,1,closed,5af02e8f4525420d83a664a333615db2,d85ad7e2888f47b79e6eead8595df555
ec214a698f08382b42bf305c83740467,fast,1h,ETH,2023-09-29T07:00:00+00:00,2023-09-29T08:00:00+00:00,2023-10-03T14:00:00+00:00,1684.73,1645.08,-2.353492844550764,trend_break,103,closed,5af02e8f4525420d83a664a333615db2,d85ad7e2888f47b79e6eead8595df555
6ee4622fd94291f66c2400d83a14b842,fast,1h,BNB,2023-10-01T22:00:00+00:00,2023-10-01T23:00:00+00:00,2023-10-02T18:00:00+00:00,219,214.28285112751774,-2.1539492568412144,stop,20,closed,5af02e8f4525420d83a664a333615db2,d85ad7e2888f47b79e6eead8595df555
f1a548348c77684f33d265974a23cd9e,fast,1h,ETH,2023-10-01T22:00:00+00:00,2023-10-01T23:00:00+00:00,2023-10-02T15:00:00+00:00,1734.99,1694.778178879376,-2.317697572932642,stop,17,closed,5af02e8f4525420d83a664a333615db2,d85ad7e2888f47b79e6eead8595df555
f460ad047568fecc0c6b335946cb3298,fast,1h,XRP,2023-10-03T22:00:00+00:00,2023-10-03T23:00:00+00:00,2023-10-09T00:00:00+00:00,0.5277,0.5157,-2.2740193291642785,trend_break,122,closed,5af02e8f4525420d83a664a333615db2,d85ad7e2888f47b79e6eead8595df555
1d94781ee6b0d81483ab03ffa0491188,fast,1h,BNB,2023-10-06T17:00:00+00:00,2023-10-06T18:00:00+00:00,2023-10-06T18:00:00+00:00,213.6,213.3,-0.1404494382022392,trend_break,1,closed,5af02e8f4525420d83a664a333615db2,d85ad7e2888f47b79e6eead8595df555
51f697ddc933a7781c29d01abc42d7d3,fast,1h,ADA,2023-10-16T05:00:00+00:00,2023-10-16T06:00:00+00:00,2023-10-16T06:00:00+00:00,0.252,0.2528,0.31746031746031633,trend_break,1,closed,5af02e8f4525420d83a664a333615db2,d85ad7e2888f47b79e6eead8595df555
cc5d2715026885da345fb484ec47baab,fast,1h,BTC,2023-10-16T05:00:00+00:00,2023-10-16T06:00:00+00:00,2024-01-12T22:00:00+00:00,27850,42526.24,52.69745062836624,trend_break,2129,closed,5af02e8f4525420d83a664a333615db2,d85ad7e2888f47b79e6eead8595df555
f166e6cae342fe034554cdc4c821160a,fast,1h,SOL,2023-10-16T05:00:00+00:00,2023-10-16T06:00:00+00:00,2024-01-07T22:00:00+00:00,22.65,89.37,294.5695364238411,trend_break,2009,closed,5af02e8f4525420d83a664a333615db2,d85ad7e2888f47b79e6eead8595df555
2c36268cce0be31fa992af275519c653,fast,1h,XRP,2023-10-16T05:00:00+00:00,2023-10-16T06:00:00+00:00,2023-10-16T06:00:00+00:00,0.4936,0.4924,-0.24311183144245518,trend_break,1,closed,5af02e8f4525420d83a664a333615db2,d85ad7e2888f47b79e6eead8595df555
bd025403fd95dd36d6f63cacafba66b5,fast,1h,XRP,2023-10-19T20:00:00+00:00,2023-10-19T21:00:00+00:00,2023-11-17T14:00:00+00:00,0.5026,0.596,18.58336649422998,trend_break,690,closed,5af02e8f4525420d83a664a333615db2,d85ad7e2888f47b79e6eead8595df555
e11956ec54e5093004d8bac2968f880d,fast,1h,ETH,2023-10-20T02:00:00+00:00,2023-10-20T03:00:00+00:00,2023-10-20T03:00:00+00:00,1586.89,1586.27,-0.03907013088494393,trend_break,1,closed,5af02e8f4525420d83a664a333615db2,d85ad7e2888f47b79e6eead8595df555
d361015414351c020e5303b2fe5d50b8,fast,1h,BNB,2023-10-20T03:00:00+00:00,2023-10-20T04:00:00+00:00,2023-10-21T01:00:00+00:00,212.5,211.8,-0.3294117647058781,trend_break,22,closed,5af02e8f4525420d83a664a333615db2,d85ad7e2888f47b79e6eead8595df555
0af46e03294722bfc6d36a30194f84f7,fast,1h,ADA,2023-10-21T08:00:00+00:00,2023-10-21T09:00:00+00:00,2024-01-03T14:00:00+00:00,0.2533,0.5515,117.72601658112909,trend_break,1782,closed,5af02e8f4525420d83a664a333615db2,d85ad7e2888f47b79e6eead8595df555
e40d83a3b0f3eb89870ebef3fdc957ca,fast,1h,ADA,2023-11-01T18:00:00+00:00,2023-11-01T19:00:00+00:00,2024-01-03T14:00:00+00:00,0.2976,0.5515,85.31586021505377,trend_break,1508,closed,5af02e8f4525420d83a664a333615db2,d85ad7e2888f47b79e6eead8595df555
fc3f14b3f334c30591f15cc951635411,fast,1h,BNB,2023-11-01T20:00:00+00:00,2023-11-01T21:00:00+00:00,2023-11-21T19:00:00+00:00,227.9,220.05689499124807,-3.441467752852978,stop,479,closed,5af02e8f4525420d83a664a333615db2,d85ad7e2888f47b79e6eead8595df555
90dfa7e19d075c09fef6fbfd4836c6c9,fast,1h,XRP,2023-11-13T20:00:00+00:00,2023-11-13T21:00:00+00:00,2023-11-13T21:00:00+00:00,0.7123,0.6708123728961097,-5.824459792768543,stop,1,closed,5af02e8f4525420d83a664a333615db2,d85ad7e2888f47b79e6eead8595df555
4fbfb8a5f4e60ba11264adc08fced26d,fast,1h,BTC,2023-11-15T18:00:00+00:00,2023-11-15T19:00:00+00:00,2023-11-16T19:00:00+00:00,37349.99,35993.98457438222,-3.6305375868046386,stop,25,closed,5af02e8f4525420d83a664a333615db2,d85ad7e2888f47b79e6eead8595df555
78b6daacf517f5d4a3ff24b2e7f1f5f6,fast,1h,BNB,2023-11-20T17:00:00+00:00,2023-11-20T18:00:00+00:00,2023-11-20T19:00:00+00:00,261.3,252.7077308323748,-3.2882775230100303,stop,2,closed,5af02e8f4525420d83a664a333615db2,d85ad7e2888f47b79e6eead8595df555
31a5672c49d33f9cc3374fc2753a6bf0,fast,1h,BNB,2023-11-21T01:00:00+00:00,2023-11-21T02:00:00+00:00,2023-11-21T15:00:00+00:00,265.7,250.93829852383337,-5.555777747898616,stop,14,closed,5af02e8f4525420d83a664a333615db2,d85ad7e2888f47b79e6eead8595df555
fc96a6caf3854fdb784638fb115a583a,fast,1h,BTC,2023-11-22T18:00:00+00:00,2023-11-22T19:00:00+00:00,2024-01-12T22:00:00+00:00,37214.98,42526.24,14.271833546598689,trend_break,1228,closed,5af02e8f4525420d83a664a333615db2,d85ad7e2888f47b79e6eead8595df555
649571c32b65ef794e53aef3f5039e87,fast,1h,ADA,2023-11-22T20:00:00+00:00,2023-11-22T21:00:00+00:00,2024-01-03T14:00:00+00:00,0.3834,0.5515,43.844548774126224,trend_break,1002,closed,5af02e8f4525420d83a664a333615db2,d85ad7e2888f47b79e6eead8595df555
57c33608faf9e47565c58a4dd187cb30,fast,1h,SOL,2023-11-22T20:00:00+00:00,2023-11-22T21:00:00+00:00,2024-01-07T22:00:00+00:00,58.36,89.37,53.135709389993146,trend_break,1106,closed,5af02e8f4525420d83a664a333615db2,d85ad7e2888f47b79e6eead8595df555
2bbbf7fb71ac6d457a336890812b3d31,fast,1h,BTC,2023-11-28T16:00:00+00:00,2023-11-28T17:00:00+00:00,2024-01-12T22:00:00+00:00,37873.51,42526.24,12.284918931464217,trend_break,1086,closed,5af02e8f4525420d83a664a333615db2,d85ad7e2888f47b79e6eead8595df555
bd6d3020aa56e3c41f249988930b33e2,fast,1h,ETH,2023-11-28T16:00:00+00:00,2023-11-28T17:00:00+00:00,2023-12-18T10:00:00+00:00,2057.78,2135.8,3.7914645880511966,trend_break,474,closed,5af02e8f4525420d83a664a333615db2,d85ad7e2888f47b79e6eead8595df555
4b748e71489a1c728b33f2681dca0cb3,fast,1h,SOL,2023-11-28T16:00:00+00:00,2023-11-28T17:00:00+00:00,2024-01-07T22:00:00+00:00,57.21,89.37,56.2139486103828,trend_break,966,closed,5af02e8f4525420d83a664a333615db2,d85ad7e2888f47b79e6eead8595df555
7ae33c41146426710276b35eced8c31f,fast,1h,ETH,2023-12-01T01:00:00+00:00,2023-12-01T02:00:00+00:00,2023-12-18T10:00:00+00:00,2088.96,2135.8,2.2422640931372584,trend_break,417,closed,5af02e8f4525420d83a664a333615db2,d85ad7e2888f47b79e6eead8595df555
23a23cd85ee77e93fd40c746d1636cfc,fast,1h,XRP,2023-12-02T18:00:00+00:00,2023-12-02T19:00:00+00:00,2023-12-04T11:00:00+00:00,0.6168,0.6015900988388807,-2.465937282931141,stop,41,closed,5af02e8f4525420d83a664a333615db2,d85ad7e2888f47b79e6eead8595df555
aadb6072be0efe83eccedda39459e631,fast,1h,BNB,2023-12-03T00:00:00+00:00,2023-12-03T01:00:00+00:00,2023-12-03T01:00:00+00:00,231.3,229.9,-0.6052745352356226,trend_break,1,closed,5af02e8f4525420d83a664a333615db2,d85ad7e2888f47b79e6eead8595df555
2687df4d19cabf3744abe9ddb51b15f0,fast,1h,BNB,2023-12-04T06:00:00+00:00,2023-12-04T07:00:00+00:00,2023-12-04T07:00:00+00:00,233.4,231.6,-0.7712082262210873,trend_break,1,closed,5af02e8f4525420d83a664a333615db2,d85ad7e2888f47b79e6eead8595df555
92aeea34a8d1a0735ed27ae3ee62a6a9,fast,1h,SOL,2023-12-06T00:00:00+00:00,2023-12-06T01:00:00+00:00,2024-01-07T22:00:00+00:00,63.14,89.37,41.54260373772569,trend_break,790,closed,5af02e8f4525420d83a664a333615db2,d85ad7e2888f47b79e6eead8595df555
7bf4d00d73c1053bd5c9f01acd5f3b57,fast,1h,XRP,2023-12-08T12:00:00+00:00,2023-12-08T13:00:00+00:00,2023-12-11T02:00:00+00:00,0.6536,0.6194076051293469,-5.231394564053405,stop,62,closed,5af02e8f4525420d83a664a333615db2,d85ad7e2888f47b79e6eead8595df555
5650061d6d0954c81523e8ae82657ab0,fast,1h,BTC,2023-12-13T19:00:00+00:00,2023-12-13T20:00:00+00:00,2023-12-18T02:00:00+00:00,42766.09,40806.90722100043,-4.581159463022145,stop,103,closed,5af02e8f4525420d83a664a333615db2,d85ad7e2888f47b79e6eead8595df555
f087e5fadde99422e9e0a51904d0642a,fast,1h,ETH,2023-12-13T19:00:00+00:00,2023-12-13T20:00:00+00:00,2023-12-18T10:00:00+00:00,2254.37,2142.6309132457427,-4.956554902445342,stop,111,closed,5af02e8f4525420d83a664a333615db2,d85ad7e2888f47b79e6eead8595df555
9a3d4a99cbc8d1ac97e06c67b9e987ff,fast,1h,XRP,2023-12-15T01:00:00+00:00,2023-12-15T02:00:00+00:00,2023-12-15T14:00:00+00:00,0.6385,0.6203,-2.8504306969459714,trend_break,13,closed,5af02e8f4525420d83a664a333615db2,d85ad7e2888f47b79e6eead8595df555
58bc6243d013fabdbf3bbd92d51f8a30,fast,1h,BTC,2023-12-18T21:00:00+00:00,2023-12-18T22:00:00+00:00,2024-01-12T22:00:00+00:00,42599.3,42526.24,-0.17150516557784545,trend_break,601,closed,5af02e8f4525420d83a664a333615db2,d85ad7e2888f47b79e6eead8595df555
a37480c2737a6ad2ac787a9e93e5c13e,fast,1h,SOL,2023-12-18T21:00:00+00:00,2023-12-18T22:00:00+00:00,2024-01-07T22:00:00+00:00,74.96,89.37,19.223585912486673,trend_break,481,closed,5af02e8f4525420d83a664a333615db2,d85ad7e2888f47b79e6eead8595df555
e0c11be2195c4af22ea0bfbdb20c3a23,fast,1h,BNB,2023-12-19T01:00:00+00:00,2023-12-19T02:00:00+00:00,2024-01-23T09:00:00+00:00,245.2,296.1,20.75856443719415,trend_break,848,closed,5af02e8f4525420d83a664a333615db2,d85ad7e2888f47b79e6eead8595df555
158afd0482fa56db1ca41ea31b62a371,fast,1h,BTC,2023-12-20T13:00:00+00:00,2023-12-20T14:00:00+00:00,2023-12-26T17:00:00+00:00,43743,42061.684960080296,-3.8436207848563275,stop,148,closed,5af02e8f4525420d83a664a333615db2,d85ad7e2888f47b79e6eead8595df555
57d91397c5dc47fe0fc49d86f4006c8f,fast,1h,XRP,2023-12-20T13:00:00+00:00,2023-12-20T14:00:00+00:00,2023-12-20T14:00:00+00:00,0.6193,0.6192,-0.016147263038912563,trend_break,1,closed,5af02e8f4525420d83a664a333615db2,d85ad7e2888f47b79e6eead8595df555
c9630c976a233f5d8e39b058e95fa301,fast,1h,SOL,2023-12-21T17:00:00+00:00,2023-12-21T18:00:00+00:00,2024-01-07T22:00:00+00:00,92.65,89.37,-3.5402050728548295,trend_break,413,closed,5af02e8f4525420d83a664a333615db2,d85ad7e2888f47b79e6eead8595df555
74181c13f91c6ab98db0aea240d11bef,fast,1h,ETH,2023-12-22T09:00:00+00:00,2023-12-22T10:00:00+00:00,2023-12-26T17:00:00+00:00,2315.64,2201.114118367843,-4.945755023758314,stop,104,closed,5af02e8f4525420d83a664a333615db2,d85ad7e2888f47b79e6eead8595df555
7280cf44027c5bcffc39d6c35fe24f08,fast,1h,ADA,2023-12-27T16:00:00+00:00,2023-12-27T17:00:00+00:00,2024-01-03T12:00:00+00:00,0.6312,0.5814752090066645,-7.87781859843718,stop,164,closed,5af02e8f4525420d83a664a333615db2,d85ad7e2888f47b79e6eead8595df555
4af0b238c760a8fba52493d0354aaa7b,fast,1h,XRP,2023-12-28T04:00:00+00:00,2023-12-28T05:00:00+00:00,2023-12-29T01:00:00+00:00,0.6545,0.623122493866034,-4.794118584257589,stop,21,closed,5af02e8f4525420d83a664a333615db2,d85ad7e2888f47b79e6eead8595df555
f0a7c798f639de3bbcc5b141706c22b0,fast,1h,BTC,2024-01-04T15:00:00+00:00,2024-01-04T16:00:00+00:00,2024-01-12T22:00:00+00:00,44117.18,41860.43193293812,-5.115349773176536,stop,199,closed,5af02e8f4525420d83a664a333615db2,d85ad7e2888f47b79e6eead8595df555
f259f688d743cbef67f3731d79f6f559,fast,1h,BTC,2024-01-08T18:00:00+00:00,2024-01-08T19:00:00+00:00,2024-01-10T12:00:00+00:00,46786.07,44971.511497212116,-3.878416167008436,stop,42,closed,5af02e8f4525420d83a664a333615db2,d85ad7e2888f47b79e6eead8595df555
28e40a45949e816c4904cb40e4cba8f9,fast,1h,ETH,2024-01-08T18:00:00+00:00,2024-01-08T19:00:00+00:00,2024-01-22T10:00:00+00:00,2335.99,2384.05,2.057371820941034,trend_break,328,closed,5af02e8f4525420d83a664a333615db2,d85ad7e2888f47b79e6eead8595df555
71615b003b77b6a1fce1a48a71367add,fast,1h,ETH,2024-01-10T19:00:00+00:00,2024-01-10T20:00:00+00:00,2024-01-22T10:00:00+00:00,2475.25,2384.05,-3.684476315523677,trend_break,279,closed,5af02e8f4525420d83a664a333615db2,d85ad7e2888f47b79e6eead8595df555
6ea3052c62911c39d46a5a3ea6f62cb9,fast,1h,ADA,2024-01-10T21:00:00+00:00,2024-01-10T22:00:00+00:00,2024-01-12T22:00:00+00:00,0.5533,0.5438,-1.7169709018615698,trend_break,49,closed,5af02e8f4525420d83a664a333615db2,d85ad7e2888f47b79e6eead8595df555
103d1bd40b7294f5954301c46ffce5d7,fast,1h,XRP,2024-01-10T21:00:00+00:00,2024-01-10T22:00:00+00:00,2024-01-10T23:00:00+00:00,0.5987,0.6007,0.3340571237681722,trend_break,2,closed,5af02e8f4525420d83a664a333615db2,d85ad7e2888f47b79e6eead8595df555
1456c85ac8b8fb06cdc3b6897deec0ae,fast,1h,BTC,2024-01-11T14:00:00+00:00,2024-01-11T15:00:00+00:00,2024-01-12T09:00:00+00:00,48312.81,45618.608913447024,-5.57657707459569,stop,19,closed,5af02e8f4525420d83a664a333615db2,d85ad7e2888f47b79e6eead8595df555
6c28f6d2fbed6796c597f2f7facf4612,fast,1h,ADA,2024-01-29T16:00:00+00:00,2024-01-29T17:00:00+00:00,2024-01-29T17:00:00+00:00,0.5068,0.5068,0,trend_break,1,closed,5af02e8f4525420d83a664a333615db2,d85ad7e2888f47b79e6eead8595df555
c653e7bf6745407d077bb1e447af8c72,fast,1h,ETH,2024-01-30T15:00:00+00:00,2024-01-30T16:00:00+00:00,2024-01-31T01:00:00+00:00,2339.08,2335.32,-0.160746960343372,trend_break,10,closed,5af02e8f4525420d83a664a333615db2,d85ad7e2888f47b79e6eead8595df555
7a1eac2e329f02e4916e31382612293e,fast,1h,ETH,2024-02-06T19:00:00+00:00,2024-02-06T20:00:00+00:00,2024-03-19T01:00:00+00:00,2378.7,3393.26,42.651868667759715,trend_break,990,closed,5af02e8f4525420d83a664a333615db2,d85ad7e2888f47b79e6eead8595df555
63ac4d483abda8eb7d44f1d7e72879bc,fast,1h,BNB,2024-02-07T17:00:00+00:00,2024-02-07T18:00:00+00:00,2024-02-12T14:00:00+00:00,305.2,297.39103467191745,-2.5586387051384496,stop,117,closed,5af02e8f4525420d83a664a333615db2,d85ad7e2888f47b79e6eead8595df555
39ef1112feaffa2a0ad48b753143c364,fast,1h,BTC,2024-02-07T17:00:00+00:00,2024-02-07T18:00:00+00:00,2024-03-19T23:00:00+00:00,43521.57,62057.44,42.590076598799186,trend_break,990,closed,5af02e8f4525420d83a664a333615db2,d85ad7e2888f47b79e6eead8595df555
8c17bfcfcd3e8bf39db8f484d510d46a,fast,1h,SOL,2024-02-07T21:00:00+00:00,2024-02-07T22:00:00+00:00,2024-02-21T09:00:00+00:00,100.63,103,2.3551624763986867,trend_break,324,closed,5af02e8f4525420d83a664a333615db2,d85ad7e2888f47b79e6eead8595df555
2c57a4c014a859c2665d9e098eb5fb95,fast,1h,ADA,2024-02-10T21:00:00+00:00,2024-02-10T22:00:00+00:00,2024-03-16T19:00:00+00:00,0.5549,0.67,20.74247612182376,trend_break,838,closed,5af02e8f4525420d83a664a333615db2,d85ad7e2888f47b79e6eead8595df555
ba11590dfb8aed9a4fdde822d24307c9,fast,1h,ADA,2024-02-12T15:00:00+00:00,2024-02-12T16:00:00+00:00,2024-03-16T19:00:00+00:00,0.5546,0.67,20.807789397764175,trend_break,796,closed,5af02e8f4525420d83a664a333615db2,d85ad7e2888f47b79e6eead8595df555
5a84f6d55b9ac90a9f8e32d233a6df03,fast,1h,ADA,2024-02-14T09:00:00+00:00,2024-02-14T10:00:00+00:00,2024-03-16T19:00:00+00:00,0.5653,0.67,18.521139218114268,trend_break,754,closed,5af02e8f4525420d83a664a333615db2,d85ad7e2888f47b79e6eead8595df555
520c86bb4c762e6a004ac2023ab54ac6,fast,1h,BNB,2024-02-15T02:00:00+00:00,2024-02-15T03:00:00+00:00,2024-04-13T19:00:00+00:00,342.6,552.5,61.266783420898996,trend_break,1409,closed,5af02e8f4525420d83a664a333615db2,d85ad7e2888f47b79e6eead8595df555
dc03cb7207cbbb69781e25352c5b3b82,fast,1h,XRP,2024-02-15T03:00:00+00:00,2024-02-15T04:00:00+00:00,2024-02-21T09:00:00+00:00,0.5526,0.5385,-2.5515743756786113,trend_break,150,closed,5af02e8f4525420d83a664a333615db2,d85ad7e2888f47b79e6eead8595df555
6dca4b7b5667d8de0c516a23d1d8c0e7,fast,1h,BNB,2024-02-21T08:00:00+00:00,2024-02-21T09:00:00+00:00,2024-04-13T19:00:00+00:00,363.2,552.5,52.120044052863435,trend_break,1259,closed,5af02e8f4525420d83a664a333615db2,d85ad7e2888f47b79e6eead8595df555
315ee0637d474f16d8515ea2958a3e72,fast,1h,ADA,2024-02-26T15:00:00+00:00,2024-02-26T16:00:00+00:00,2024-03-16T19:00:00+00:00,0.6054,0.67,10.670630987776676,trend_break,460,closed,5af02e8f4525420d83a664a333615db2,d85ad7e2888f47b79e6eead8595df555
877788964576c9790630fc17a6f41675,fast,1h,BTC,2024-02-26T15:00:00+00:00,2024-02-26T16:00:00+00:00,2024-03-19T23:00:00+00:00,52718.65,62057.44,17.7143951903169,trend_break,536,closed,5af02e8f4525420d83a664a333615db2,d85ad7e2888f47b79e6eead8595df555
168fcfdaac8a2ea2ffe4b09bf1c987fd,fast,1h,SOL,2024-02-26T16:00:00+00:00,2024-02-26T17:00:00+00:00,2024-04-05T11:00:00+00:00,106.89,169.91,58.95780709140237,trend_break,931,closed,5af02e8f4525420d83a664a333615db2,d85ad7e2888f47b79e6eead8595df555
85ed8d00bab7b8bf6c106c206c25be9b,fast,1h,XRP,2024-02-27T17:00:00+00:00,2024-02-27T18:00:00+00:00,2024-02-28T17:00:00+00:00,0.5742,0.5514779461327991,-3.957167166005038,stop,24,closed,5af02e8f4525420d83a664a333615db2,d85ad7e2888f47b79e6eead8595df555
d176b78db891bbd84d2c6f4c245c5ac4,fast,1h,XRP,2024-03-02T00:00:00+00:00,2024-03-02T01:00:00+00:00,2024-03-05T19:00:00+00:00,0.6149,0.5696201042019512,-7.363782045543799,stop,91,closed,5af02e8f4525420d83a664a333615db2,d85ad7e2888f47b79e6eead8595df555
effc6bb70033736548f614f9cd7a3988,fast,1h,SOL,2024-03-07T01:00:00+00:00,2024-03-07T02:00:00+00:00,2024-04-05T11:00:00+00:00,137,169.91,24.021897810218974,trend_break,706,closed,5af02e8f4525420d83a664a333615db2,d85ad7e2888f47b79e6eead8595df555
f13d9f22740dbfd04466e28084754303,fast,1h,BNB,2024-03-07T16:00:00+00:00,2024-03-07T17:00:00+00:00,2024-04-13T19:00:00+00:00,457,552.5,20.897155361050324,trend_break,891,closed,5af02e8f4525420d83a664a333615db2,d85ad7e2888f47b79e6eead8595df555
6b90737faa74de0f6271a4082d71176a,fast,1h,ETH,2024-03-07T20:00:00+00:00,2024-03-07T21:00:00+00:00,2024-03-15T09:00:00+00:00,3920,3600.118104805426,-8.160252428433012,stop,181,closed,5af02e8f4525420d83a664a333615db2,d85ad7e2888f47b79e6eead8595df555
e38b3433c49926985723ccc91a410fbc,fast,1h,BTC,2024-03-08T14:00:00+00:00,2024-03-08T15:00:00+00:00,2024-03-19T07:00:00+00:00,68436.62,64167.306942635594,-6.238345870039175,stop,257,closed,5af02e8f4525420d83a664a333615db2,d85ad7e2888f47b79e6eead8595df555
001f2b283491631a4b13a739a7efc45f,fast,1h,BTC,2024-03-11T07:00:00+00:00,2024-03-11T08:00:00+00:00,2024-03-15T03:00:00+00:00,71045.5,67762.92739854823,-4.6203807439623485,stop,92,closed,5af02e8f4525420d83a664a333615db2,d85ad7e2888f47b79e6eead8595df555
4d05d27c09cd969ac00dea20cf65e191,fast,1h,XRP,2024-03-11T15:00:00+00:00,2024-03-11T16:00:00+00:00,2024-03-15T03:00:00+00:00,0.675,0.6344413923649839,-6.008682612594985,stop,84,closed,5af02e8f4525420d83a664a333615db2,d85ad7e2888f47b79e6eead8595df555
52eda0b81f9e4b87e73d40f9e63c4147,fast,1h,ADA,2024-03-14T07:00:00+00:00,2024-03-14T08:00:00+00:00,2024-03-14T19:00:00+00:00,0.7831,0.7237636901471666,-7.577105076341906,stop,12,closed,5af02e8f4525420d83a664a333615db2,d85ad7e2888f47b79e6eead8595df555
9876bd700f799c3491d245afa14ac492,fast,1h,BTC,2024-03-20T20:00:00+00:00,2024-03-20T21:00:00+00:00,2024-04-02T12:00:00+00:00,67031.54,65454.12,-2.3532504250983854,trend_break,304,closed,5af02e8f4525420d83a664a333615db2,d85ad7e2888f47b79e6eead8595df555
025d5e5fa0d280dd7a78214636b0ebc3,fast,1h,BNB,2024-03-29T04:00:00+00:00,2024-03-29T05:00:00+00:00,2024-04-01T05:00:00+00:00,610,577.1604019024946,-5.383540671722187,stop,73,closed,5af02e8f4525420d83a664a333615db2,d85ad7e2888f47b79e6eead8595df555
3e6df132276d0e0d9fcf31ef3493f357,fast,1h,SOL,2024-03-29T22:00:00+00:00,2024-03-29T23:00:00+00:00,2024-04-02T13:00:00+00:00,191.87,178.2577657623404,-7.094508905852715,stop,87,closed,5af02e8f4525420d83a664a333615db2,d85ad7e2888f47b79e6eead8595df555
fb2e661fd00e15c100cdc590aefd8a5c,fast,1h,BTC,2024-04-08T07:00:00+00:00,2024-04-08T08:00:00+00:00,2024-04-10T12:00:00+00:00,70708.13,68032.40751685738,-3.7841793908884758,stop,53,closed,5af02e8f4525420d83a664a333615db2,d85ad7e2888f47b79e6eead8595df555
55c020577e7242d54148b1e2c3fb68ac,fast,1h,XRP,2024-04-08T09:00:00+00:00,2024-04-08T10:00:00+00:00,2024-04-10T02:00:00+00:00,0.6083,0.6025,-0.9534769028439749,trend_break,41,closed,5af02e8f4525420d83a664a333615db2,d85ad7e2888f47b79e6eead8595df555
36ad89a248ba0b834496a8d719996c7d,fast,1h,BNB,2024-04-10T16:00:00+00:00,2024-04-10T17:00:00+00:00,2024-04-12T18:00:00+00:00,605.9,579.1275783219585,-4.418620511312343,stop,50,closed,5af02e8f4525420d83a664a333615db2,d85ad7e2888f47b79e6eead8595df555
9c77e8038063e8eb6444043962c7106f,fast,1h,BNB,2024-04-22T03:00:00+00:00,2024-04-22T04:00:00+00:00,2024-04-30T11:00:00+00:00,592.2,568.8,-3.951367781155035,trend_break,200,closed,5af02e8f4525420d83a664a333615db2,d85ad7e2888f47b79e6eead8595df555
c8af326a0ad3cb5efbd1bfcfa29a5721,fast,1h,BTC,2024-04-22T03:00:00+00:00,2024-04-22T04:00:00+00:00,2024-04-22T04:00:00+00:00,65692.69,65739.9,0.07186492134816369,trend_break,1,closed,5af02e8f4525420d83a664a333615db2,d85ad7e2888f47b79e6eead8595df555
3eaee0434711ef7fe1ca3fb98118e963,fast,1h,ETH,2024-04-22T03:00:00+00:00,2024-04-22T04:00:00+00:00,2024-04-22T04:00:00+00:00,3186.14,3191.98,0.18329389166829024,trend_break,1,closed,5af02e8f4525420d83a664a333615db2,d85ad7e2888f47b79e6eead8595df555
20686d884e5a7d587181a03f74b1efb0,fast,1h,XRP,2024-04-22T16:00:00+00:00,2024-04-22T17:00:00+00:00,2024-04-22T17:00:00+00:00,0.5474,0.5438,-0.6576543660942735,trend_break,1,closed,5af02e8f4525420d83a664a333615db2,d85ad7e2888f47b79e6eead8595df555
c8a436925afcd4df9b9de6a22be46e79,fast,1h,BNB,2024-04-30T00:00:00+00:00,2024-04-30T01:00:00+00:00,2024-04-30T11:00:00+00:00,600.1,575.8197559437034,-4.046033003882121,stop,11,closed,5af02e8f4525420d83a664a333615db2,d85ad7e2888f47b79e6eead8595df555
5676bba4f46739daae3a7e8f96658a26,fast,1h,BTC,2024-04-30T00:00:00+00:00,2024-04-30T01:00:00+00:00,2024-04-30T01:00:00+00:00,64605.87,63645.7,-1.486196223346281,trend_break,1,closed,5af02e8f4525420d83a664a333615db2,d85ad7e2888f47b79e6eead8595df555
5b35a9635aff6240d4677e0d2139405b,fast,1h,BNB,2024-05-03T13:00:00+00:00,2024-05-03T14:00:00+00:00,2024-05-03T18:00:00+00:00,582.6,549.0327276356705,-5.761632743619893,stop,5,closed,5af02e8f4525420d83a664a333615db2,d85ad7e2888f47b79e6eead8595df555
95824575943df2bfe8c6f9d25091a7e4,fast,1h,BTC,2024-05-03T13:00:00+00:00,2024-05-03T14:00:00+00:00,2024-05-03T14:00:00+00:00,61700,61608.81,-0.1477957860615886,trend_break,1,closed,5af02e8f4525420d83a664a333615db2,d85ad7e2888f47b79e6eead8595df555
fdd473cf7ba65155ccbd0cf7703aa515,fast,1h,ADA,2024-05-06T08:00:00+00:00,2024-05-06T09:00:00+00:00,2024-05-06T09:00:00+00:00,0.4705,0.4716,0.23379383634432038,trend_break,1,closed,5af02e8f4525420d83a664a333615db2,d85ad7e2888f47b79e6eead8595df555
0bc3f8bb2dd04f585a50912392a1a236,fast,1h,BNB,2024-05-06T08:00:00+00:00,2024-05-06T09:00:00+00:00,2024-05-14T13:00:00+00:00,597.6,575.8,-3.647925033467214,trend_break,197,closed,5af02e8f4525420d83a664a333615db2,d85ad7e2888f47b79e6eead8595df555
6289e99007dc26302ad9145ea2c68b0d,fast,1h,SOL,2024-05-06T08:00:00+00:00,2024-05-06T09:00:00+00:00,2024-05-07T23:00:00+00:00,153.99,148.18,-3.772972270926689,trend_break,39,closed,5af02e8f4525420d83a664a333615db2,d85ad7e2888f47b79e6eead8595df555
f83324a16d1d544fccdb3a88cd15da2e,fast,1h,XRP,2024-05-06T08:00:00+00:00,2024-05-06T09:00:00+00:00,2024-05-06T10:00:00+00:00,0.5447,0.5341,-1.9460253350468082,trend_break,2,closed,5af02e8f4525420d83a664a333615db2,d85ad7e2888f47b79e6eead8595df555
0c14628198841eaa8247ea8215685c7f,fast,1h,XRP,2024-05-06T15:00:00+00:00,2024-05-06T16:00:00+00:00,2024-05-06T23:00:00+00:00,0.5592,0.5406,-3.3261802575107358,trend_break,8,closed,5af02e8f4525420d83a664a333615db2,d85ad7e2888f47b79e6eead8595df555
276c1b20b5757e88eae10e137bb6eea1,fast,1h,BTC,2024-05-13T08:00:00+00:00,2024-05-13T09:00:00+00:00,2024-05-13T09:00:00+00:00,62806.18,63077.21,0.4315339668803375,trend_break,1,closed,5af02e8f4525420d83a664a333615db2,d85ad7e2888f47b79e6eead8595df555
2addba04108794e690e9bcfa0c0eadea,fast,1h,BTC,2024-05-15T14:00:00+00:00,2024-05-15T15:00:00+00:00,2024-06-11T06:00:00+00:00,64448.85,67624.48,4.927364879280227,trend_break,640,closed,5af02e8f4525420d83a664a333615db2,d85ad7e2888f47b79e6eead8595df555
5629615b23955e9921bcab9f2c597a9b,fast,1h,ETH,2024-05-15T14:00:00+00:00,2024-05-15T15:00:00+00:00,2024-05-15T15:00:00+00:00,2974.29,2976.71,0.08136395576758826,trend_break,1,closed,5af02e8f4525420d83a664a333615db2,d85ad7e2888f47b79e6eead8595df555
02bdde52020f0738bb07ba2c2b95f25c,fast,1h,SOL,2024-05-15T14:00:00+00:00,2024-05-15T15:00:00+00:00,2024-06-07T18:00:00+00:00,152.14,161.72,6.2968318653871425,trend_break,556,closed,5af02e8f4525420d83a664a333615db2,d85ad7e2888f47b79e6eead8595df555
28d5c031b1178aabe81b431893902b37,fast,1h,XRP,2024-05-15T14:00:00+00:00,2024-05-15T15:00:00+00:00,2024-05-15T15:00:00+00:00,0.5111,0.5115,0.07826257092544697,trend_break,1,closed,5af02e8f4525420d83a664a333615db2,d85ad7e2888f47b79e6eead8595df555
dbb140b63e819f755bb531f1c32546f0,fast,1h,ADA,2024-05-17T07:00:00+00:00,2024-05-17T08:00:00+00:00,2024-05-18T13:00:00+00:00,0.4809,0.4766,-0.8941567893532842,trend_break,30,closed,5af02e8f4525420d83a664a333615db2,d85ad7e2888f47b79e6eead8595df555
c554c8cf2b5ec0445b5b91abca391032,fast,1h,ETH,2024-05-17T07:00:00+00:00,2024-05-17T08:00:00+00:00,2024-05-17T08:00:00+00:00,3026.57,3027.94,0.04526576289329842,trend_break,1,closed,5af02e8f4525420d83a664a333615db2,d85ad7e2888f47b79e6eead8595df555
c37e7d06b95ce975ba8bf0162aa318ae,fast,1h,XRP,2024-05-20T17:00:00+00:00,2024-05-20T18:00:00+00:00,2024-05-20T18:00:00+00:00,0.5228,0.5239,0.21040550879878328,trend_break,1,closed,5af02e8f4525420d83a664a333615db2,d85ad7e2888f47b79e6eead8595df555
17ee94f574ad3c60987ff69ccfa74717,fast,1h,ADA,2024-05-20T19:00:00+00:00,2024-05-20T20:00:00+00:00,2024-05-22T12:00:00+00:00,0.4904,0.4755,-3.038336052202284,trend_break,41,closed,5af02e8f4525420d83a664a333615db2,d85ad7e2888f47b79e6eead8595df555
4b49c210583a8f735172bdf5ae000d31,fast,1h,BNB,2024-05-20T19:00:00+00:00,2024-05-20T20:00:00+00:00,2024-05-23T14:00:00+00:00,588.4,570.6656966627585,-3.0139876507888297,stop,67,closed,5af02e8f4525420d83a664a333615db2,d85ad7e2888f47b79e6eead8595df555
768a775c4554bdc1520606981572d689,fast,1h,BTC,2024-05-27T14:00:00+00:00,2024-05-27T15:00:00+00:00,2024-05-28T18:00:00+00:00,69491.18,67405.1060494497,-3.001926216464146,stop,28,closed,5af02e8f4525420d83a664a333615db2,d85ad7e2888f47b79e6eead8595df555
5765e2eda51ce7a635ed1e7c9b215daf,fast,1h,XRP,2024-05-27T15:00:00+00:00,2024-05-27T16:00:00+00:00,2024-05-28T03:00:00+00:00,0.5385,0.5267,-2.191272051996296,trend_break,12,closed,5af02e8f4525420d83a664a333615db2,d85ad7e2888f47b79e6eead8595df555
8d10979e7db36080fd7426e6c6758969,fast,1h,ADA,2024-05-27T16:00:00+00:00,2024-05-27T17:00:00+00:00,2024-05-27T17:00:00+00:00,0.4739,0.4708,-0.654146444397552,trend_break,1,closed,5af02e8f4525420d83a664a333615db2,d85ad7e2888f47b79e6eead8595df555
8cc1629ad8f2218b1fca4e9ca1e6a803,fast,1h,BTC,2024-05-30T17:00:00+00:00,2024-05-30T18:00:00+00:00,2024-05-31T16:00:00+00:00,69340.76,66869.23399544624,-3.5643191746870917,stop,23,closed,5af02e8f4525420d83a664a333615db2,d85ad7e2888f47b79e6eead8595df555
35cdd6a652e4db2c3e0815dd82f85255,fast,1h,BNB,2024-06-03T04:00:00+00:00,2024-06-03T05:00:00+00:00,2024-06-10T20:00:00+00:00,611.8,621.1,1.5201046093494819,trend_break,184,closed,5af02e8f4525420d83a664a333615db2,d85ad7e2888f47b79e6eead8595df555
f8086cbfe75fc31efbf7e1b91e74f56e,fast,1h,ADA,2024-06-03T19:00:00+00:00,2024-06-03T20:00:00+00:00,2024-06-03T20:00:00+00:00,0.4621,0.4612,-0.1947630383034027,trend_break,1,closed,5af02e8f4525420d83a664a333615db2,d85ad7e2888f47b79e6eead8595df555
5651326c99596cf1ea5b771e37ab6eca,fast,1h,BTC,2024-06-04T13:00:00+00:00,2024-06-04T14:00:00+00:00,2024-06-11T06:00:00+00:00,69640.96,67628.02994292096,-2.890439846146653,stop,161,closed,5af02e8f4525420d83a664a333615db2,d85ad7e2888f47b79e6eead8595df555
3c05951fde0a440b49a8c9f52e69b34a,fast,1h,XRP,2024-06-04T13:00:00+00:00,2024-06-04T14:00:00+00:00,2024-06-04T18:00:00+00:00,0.5281,0.526,-0.39765195985608237,trend_break,5,closed,5af02e8f4525420d83a664a333615db2,d85ad7e2888f47b79e6eead8595df555
222fab00910f46909de2ca994034d251,fast,1h,ETH,2024-06-04T15:00:00+00:00,2024-06-04T16:00:00+00:00,2024-06-07T18:00:00+00:00,3818.03,3693.907772287687,-3.2509495135531474,stop,75,closed,5af02e8f4525420d83a664a333615db2,d85ad7e2888f47b79e6eead8595df555
776d2abbdc3581330ef94165a063179a,fast,1h,SOL,2024-06-04T15:00:00+00:00,2024-06-04T16:00:00+00:00,2024-06-07T18:00:00+00:00,167.83,160.82140432994288,-4.17600886019015,stop,75,closed,5af02e8f4525420d83a664a333615db2,d85ad7e2888f47b79e6eead8595df555
13f7a96615bfe72453e5e6c13c83b96a,fast,1h,ADA,2024-06-07T09:00:00+00:00,2024-06-07T10:00:00+00:00,2024-06-07T18:00:00+00:00,0.4678,0.45258121851777816,-3.253266669991839,stop,9,closed,5af02e8f4525420d83a664a333615db2,d85ad7e2888f47b79e6eead8595df555
8a8b6da352c47375e043d1d38e330c42,fast,1h,ADA,2024-06-30T22:00:00+00:00,2024-06-30T23:00:00+00:00,2024-06-30T23:00:00+00:00,0.3932,0.3925,-0.1780264496439421,trend_break,1,closed,5af02e8f4525420d83a664a333615db2,d85ad7e2888f47b79e6eead8595df555
4ab9b2e7dffbf26bf5c833d4985cf2cd,fast,1h,ETH,2024-07-01T01:00:00+00:00,2024-07-01T02:00:00+00:00,2024-07-01T04:00:00+00:00,3517.13,3488.02,-0.8276634642449987,trend_break,3,closed,5af02e8f4525420d83a664a333615db2,d85ad7e2888f47b79e6eead8595df555
cc00e6388ae9a7f2570d332038984608,fast,1h,XRP,2024-07-02T10:00:00+00:00,2024-07-02T11:00:00+00:00,2024-07-02T11:00:00+00:00,0.4853,0.4869,0.3296929734184939,trend_break,1,closed,5af02e8f4525420d83a664a333615db2,d85ad7e2888f47b79e6eead8595df555
beeff1ea0781dfbd3a8c40888430f07b,fast,1h,SOL,2024-07-02T12:00:00+00:00,2024-07-02T13:00:00+00:00,2024-07-03T07:00:00+00:00,150.55,146.61,-2.617070740617733,trend_break,19,closed,5af02e8f4525420d83a664a333615db2,d85ad7e2888f47b79e6eead8595df555
5d9b512f291df6bb252ddb33a109881c,fast,1h,BTC,2024-07-10T04:00:00+00:00,2024-07-10T05:00:00+00:00,2024-07-10T05:00:00+00:00,59285.24,58983.79,-0.5084739473096511,trend_break,1,closed,5af02e8f4525420d83a664a333615db2,d85ad7e2888f47b79e6eead8595df555
18f023da66753aa6f0e50b779574cfca,fast,1h,ETH,2024-07-10T04:00:00+00:00,2024-07-10T05:00:00+00:00,2024-07-10T05:00:00+00:00,3117.34,3102.99,-0.46032835686836693,trend_break,1,closed,5af02e8f4525420d83a664a333615db2,d85ad7e2888f47b79e6eead8595df555
d4fb46e4504567815264446d90bcf938,fast,1h,SOL,2024-07-10T04:00:00+00:00,2024-07-10T05:00:00+00:00,2024-07-10T08:00:00+00:00,145.12,143.76,-0.9371554575523744,trend_break,4,closed,5af02e8f4525420d83a664a333615db2,d85ad7e2888f47b79e6eead8595df555
62fe34e31c9eb0c0ead9249972dacbb8,fast,1h,ETH,2024-07-11T12:00:00+00:00,2024-07-11T13:00:00+00:00,2024-07-11T13:00:00+00:00,3188.24,3178.93,-0.2920106390986832,trend_break,1,closed,5af02e8f4525420d83a664a333615db2,d85ad7e2888f47b79e6eead8595df555
8eff7e2ee2fcf598f34301a895001cf5,fast,1h,XRP,2024-07-13T05:00:00+00:00,2024-07-13T06:00:00+00:00,2024-08-03T00:00:00+00:00,0.505,0.5549,9.881188118811867,trend_break,499,closed,5af02e8f4525420d83a664a333615db2,d85ad7e2888f47b79e6eead8595df555
f980f6504ca27d11ffb5c58edb23d359,fast,1h,BTC,2024-07-14T21:00:00+00:00,2024-07-14T22:00:00+00:00,2024-07-14T22:00:00+00:00,61370.67,60882.47,-0.7954940038946923,trend_break,1,closed,5af02e8f4525420d83a664a333615db2,d85ad7e2888f47b79e6eead8595df555
01c78ec36ae9fd3a11e13f8fee88ca98,fast,1h,ETH,2024-07-14T21:00:00+00:00,2024-07-14T22:00:00+00:00,2024-07-14T22:00:00+00:00,3254.54,3246.26,-0.2544138342131186,trend_break,1,closed,5af02e8f4525420d83a664a333615db2,d85ad7e2888f47b79e6eead8595df555
16c6d2da7a3d0aaa803a4c970d11f6a9,fast,1h,BNB,2024-07-19T13:00:00+00:00,2024-07-19T14:00:00+00:00,2024-07-25T01:00:00+00:00,577.2,560,-2.979902979902993,trend_break,132,closed,5af02e8f4525420d83a664a333615db2,d85ad7e2888f47b79e6eead8595df555
8f0f872ff45d6e5a1a7feeaff19a624b,fast,1h,ADA,2024-07-21T22:00:00+00:00,2024-07-21T23:00:00+00:00,2024-07-23T05:00:00+00:00,0.4433,0.4184953566104314,-5.595453054267674,stop,31,closed,5af02e8f4525420d83a664a333615db2,d85ad7e2888f47b79e6eead8595df555
4bf20b9ea04dfa4aa5825977860d2b19,fast,1h,BTC,2024-07-25T21:00:00+00:00,2024-07-25T22:00:00+00:00,2024-08-01T01:00:00+00:00,65814.39,64185.46,-2.4750362344769905,trend_break,148,closed,5af02e8f4525420d83a664a333615db2,d85ad7e2888f47b79e6eead8595df555
3eeaef08c250c3803b14301c17ed4c42,fast,1h,SOL,2024-07-29T00:00:00+00:00,2024-07-29T01:00:00+00:00,2024-07-30T20:00:00+00:00,187.56,175.84456565110938,-6.24623285822703,stop,44,closed,5af02e8f4525420d83a664a333615db2,d85ad7e2888f47b79e6eead8595df555
82f66923f1b805114af57e21f0f3f482,fast,1h,ADA,2024-07-29T02:00:00+00:00,2024-07-29T03:00:00+00:00,2024-07-29T14:00:00+00:00,0.4237,0.411,-2.9974038234600098,trend_break,12,closed,5af02e8f4525420d83a664a333615db2,d85ad7e2888f47b79e6eead8595df555
5e1a0527207ec78975826b13c431791b,fast,1h,BNB,2024-07-29T02:00:00+00:00,2024-07-29T03:00:00+00:00,2024-07-29T16:00:00+00:00,594,573.7734721205525,-3.4051393736443614,stop,14,closed,5af02e8f4525420d83a664a333615db2,d85ad7e2888f47b79e6eead8595df555
d1b9da2402b72419a10f8ab65d2a5f03,fast,1h,BNB,2024-08-12T14:00:00+00:00,2024-08-12T15:00:00+00:00,2024-08-12T15:00:00+00:00,520,517.9,-0.40384615384615463,trend_break,1,closed,5af02e8f4525420d83a664a333615db2,d85ad7e2888f47b79e6eead8595df555
3b95026ebf15a44c26dcd57af6667fdc,fast,1h,BTC,2024-08-12T14:00:00+00:00,2024-08-12T15:00:00+00:00,2024-08-12T15:00:00+00:00,60333.25,60086.25,-0.40939283065307697,trend_break,1,closed,5af02e8f4525420d83a664a333615db2,d85ad7e2888f47b79e6eead8595df555
c4e4068efb47dd836a0a263d07b7cce9,fast,1h,BTC,2024-08-13T16:00:00+00:00,2024-08-13T17:00:00+00:00,2024-08-13T17:00:00+00:00,60874.54,61189.52,0.5174248544629556,trend_break,1,closed,5af02e8f4525420d83a664a333615db2,d85ad7e2888f47b79e6eead8595df555
b9e10f0371f1ae05a35c7621cf781a14,fast,1h,XRP,2024-08-18T12:00:00+00:00,2024-08-18T13:00:00+00:00,2024-08-19T00:00:00+00:00,0.5731,0.5613,-2.0589774908392977,trend_break,12,closed,5af02e8f4525420d83a664a333615db2,d85ad7e2888f47b79e6eead8595df555
c3b42cd694264ca5e6a209716660a958,fast,1h,ADA,2024-08-20T00:00:00+00:00,2024-08-20T01:00:00+00:00,2024-08-20T01:00:00+00:00,0.3409,0.3408,-0.029334115576407083,trend_break,1,closed,5af02e8f4525420d83a664a333615db2,d85ad7e2888f47b79e6eead8595df555
10e643fc53bde321c41dbaaa1f59766b,fast,1h,BTC,2024-08-20T00:00:00+00:00,2024-08-20T01:00:00+00:00,2024-08-20T01:00:00+00:00,60379.9,60494.35,0.18954983363668187,trend_break,1,closed,5af02e8f4525420d83a664a333615db2,d85ad7e2888f47b79e6eead8595df555
cc2fc6ab370b1ce174a9c7215cd022fa,fast,1h,SOL,2024-08-20T00:00:00+00:00,2024-08-20T01:00:00+00:00,2024-08-20T01:00:00+00:00,146.64,145.59,-0.7160392798690518,trend_break,1,closed,5af02e8f4525420d83a664a333615db2,d85ad7e2888f47b79e6eead8595df555
11976f825408e779a1bb4b2400d7370b,fast,1h,BTC,2024-08-21T13:00:00+00:00,2024-08-21T14:00:00+00:00,2024-08-21T14:00:00+00:00,59885.29,59404.85,-0.8022671343830834,trend_break,1,closed,5af02e8f4525420d83a664a333615db2,d85ad7e2888f47b79e6eead8595df555
461425fbd414dcd1ee4a80db0a9dc01a,fast,1h,BTC,2024-08-21T18:00:00+00:00,2024-08-21T19:00:00+00:00,2024-08-22T02:00:00+00:00,60801.76,60135.22,-1.0962511611505965,trend_break,8,closed,5af02e8f4525420d83a664a333615db2,d85ad7e2888f47b79e6eead8595df555
b4c80252b99dee54617c53e32be05aac,fast,1h,ETH,2024-08-21T18:00:00+00:00,2024-08-21T19:00:00+00:00,2024-08-21T19:00:00+00:00,2639,2647.03,0.30428192497158335,trend_break,1,closed,5af02e8f4525420d83a664a333615db2,d85ad7e2888f47b79e6eead8595df555
7f7cb741dc2f0fa7f724aebbb809b60f,fast,1h,SOL,2024-08-23T17:00:00+00:00,2024-08-23T18:00:00+00:00,2024-08-23T18:00:00+00:00,148.05,148.26,0.14184397163119478,trend_break,1,closed,5af02e8f4525420d83a664a333615db2,d85ad7e2888f47b79e6eead8595df555
0131261bbbb792a0cfcd160b243b4abd,fast,1h,XRP,2024-08-23T17:00:00+00:00,2024-08-23T18:00:00+00:00,2024-08-26T17:00:00+00:00,0.6059,0.5817615154295862,-3.9839056891258884,stop,72,closed,5af02e8f4525420d83a664a333615db2,d85ad7e2888f47b79e6eead8595df555
17db8b22d4e7be2df487fbb6a1776995,fast,1h,BNB,2024-08-23T21:00:00+00:00,2024-08-23T22:00:00+00:00,2024-08-26T05:00:00+00:00,594.4,566.1407829708107,-4.754242434251221,stop,56,closed,5af02e8f4525420d83a664a333615db2,d85ad7e2888f47b79e6eead8595df555
4aa8d85736ded7a7f61e23753d013038,fast,1h,BNB,2024-09-09T16:00:00+00:00,2024-09-09T17:00:00+00:00,2024-09-09T17:00:00+00:00,514.3,514.4,0.019443904335991746,trend_break,1,closed,5af02e8f4525420d83a664a333615db2,d85ad7e2888f47b79e6eead8595df555
11715a0104b5d2d6cc272567a203a6b6,fast,1h,BTC,2024-09-09T16:00:00+00:00,2024-09-09T17:00:00+00:00,2024-09-09T17:00:00+00:00,56423.18,56533.89,0.19621368380866588,trend_break,1,closed,5af02e8f4525420d83a664a333615db2,d85ad7e2888f47b79e6eead8595df555
a215efcdb7f623daca3fc300801b43ae,fast,1h,SOL,2024-09-09T16:00:00+00:00,2024-09-09T17:00:00+00:00,2024-09-09T17:00:00+00:00,132.75,132.93,0.1355932203389809,trend_break,1,closed,5af02e8f4525420d83a664a333615db2,d85ad7e2888f47b79e6eead8595df555
89268b7fc698cb75671fc45eee62874d,fast,1h,BNB,2024-09-11T18:00:00+00:00,2024-09-11T19:00:00+00:00,2024-09-16T16:00:00+00:00,532.1,532.2,0.018793459875965368,trend_break,118,closed,5af02e8f4525420d83a664a333615db2,d85ad7e2888f47b79e6eead8595df555
d1bf450fbb63e21ec4b0bc6a52b85cac,fast,1h,ADA,2024-09-11T22:00:00+00:00,2024-09-11T23:00:00+00:00,2024-09-15T11:00:00+00:00,0.3558,0.3487,-1.9955030916245065,trend_break,85,closed,5af02e8f4525420d83a664a333615db2,d85ad7e2888f47b79e6eead8595df555
e9f1b210352579cb4ea388bbb7e10b3a,fast,1h,XRP,2024-09-12T12:00:00+00:00,2024-09-12T13:00:00+00:00,2024-09-12T15:00:00+00:00,0.5764,0.5592270390809078,-2.9793478346794355,stop,3,closed,5af02e8f4525420d83a664a333615db2,d85ad7e2888f47b79e6eead8595df555
8d15cc7c699c410631ee248e6fa196fa,fast,1h,BTC,2024-09-13T15:00:00+00:00,2024-09-13T16:00:00+00:00,2024-09-16T00:00:00+00:00,59580,58637.77,-1.5814535078885639,trend_break,57,closed,5af02e8f4525420d83a664a333615db2,d85ad7e2888f47b79e6eead8595df555
802d08289dcf3f679363ddcbb83ab6c9,fast,1h,BTC,2024-09-17T14:00:00+00:00,2024-09-17T15:00:00+00:00,2024-10-01T20:00:00+00:00,60233.35,60686.13,0.7517098086027074,trend_break,342,closed,5af02e8f4525420d83a664a333615db2,d85ad7e2888f47b79e6eead8595df555
bb285a1e2aaa0517ccbb13b72c3d2e40,fast,1h,ETH,2024-09-17T15:00:00+00:00,2024-09-17T16:00:00+00:00,2024-09-17T16:00:00+00:00,2389.95,2368.82,-0.8841189146216344,trend_break,1,closed,5af02e8f4525420d83a664a333615db2,d85ad7e2888f47b79e6eead8595df555
cb257ff4d7bfc83cdb76b8a948ceb1d2,fast,1h,SOL,2024-09-17T15:00:00+00:00,2024-09-17T16:00:00+00:00,2024-09-17T16:00:00+00:00,134.65,132.25,-1.7823988117341316,trend_break,1,closed,5af02e8f4525420d83a664a333615db2,d85ad7e2888f47b79e6eead8595df555
495a3f86629fac2e9d03e287405df79b,fast,1h,ADA,2024-09-18T23:00:00+00:00,2024-09-19T00:00:00+00:00,2024-09-19T06:00:00+00:00,0.3436,0.3464,0.814901047729899,trend_break,7,closed,5af02e8f4525420d83a664a333615db2,d85ad7e2888f47b79e6eead8595df555
9a1e2e7a2381d137813d715ef33cf7f7,fast,1h,BNB,2024-09-18T23:00:00+00:00,2024-09-19T00:00:00+00:00,2024-10-01T14:00:00+00:00,559.3,562,0.48274629000537583,trend_break,303,closed,5af02e8f4525420d83a664a333615db2,d85ad7e2888f47b79e6eead8595df555
1bd492f08bd41ec1954ea2d8e3ad29d7,fast,1h,ETH,2024-09-19T00:00:00+00:00,2024-09-19T01:00:00+00:00,2024-09-19T01:00:00+00:00,2397.58,2385.84,-0.4896604075776301,trend_break,1,closed,5af02e8f4525420d83a664a333615db2,d85ad7e2888f47b79e6eead8595df555
f0a5f9d2b9ce31296c281f4ef86457c8,fast,1h,SOL,2024-09-19T00:00:00+00:00,2024-09-19T01:00:00+00:00,2024-09-19T01:00:00+00:00,135.29,134.98,-0.22913740852982256,trend_break,1,closed,5af02e8f4525420d83a664a333615db2,d85ad7e2888f47b79e6eead8595df555
2b48bff6e600cdaaee79a809197eeb73,fast,1h,ADA,2024-09-23T19:00:00+00:00,2024-09-23T20:00:00+00:00,2024-10-01T16:00:00+00:00,0.3612,0.3627,0.41528239202657247,trend_break,189,closed,5af02e8f4525420d83a664a333615db2,d85ad7e2888f47b79e6eead8595df555
d19289edaff8b11fc0cc12dc001c195b,fast,1h,XRP,2024-09-28T07:00:00+00:00,2024-09-28T08:00:00+00:00,2024-10-01T17:00:00+00:00,0.608,0.5894504295020123,-3.050916200326914,stop,82,closed,5af02e8f4525420d83a664a333615db2,d85ad7e2888f47b79e6eead8595df555
5c7220234fc24aad4da77429a8184b4a,fast,1h,BNB,2024-10-07T00:00:00+00:00,2024-10-07T01:00:00+00:00,2024-10-10T14:00:00+00:00,573,562.5,-1.832460732984298,trend_break,86,closed,5af02e8f4525420d83a664a333615db2,d85ad7e2888f47b79e6eead8595df555
919d1b60a86c7c08d1e73b03d68110c0,fast,1h,ETH,2024-10-07T00:00:00+00:00,2024-10-07T01:00:00+00:00,2024-10-07T01:00:00+00:00,2485.42,2493.21,0.3134279115803329,trend_break,1,closed,5af02e8f4525420d83a664a333615db2,d85ad7e2888f47b79e6eead8595df555
da2da9c9cf0ce1e66891be48ec7512e1,fast,1h,ADA,2024-10-13T06:00:00+00:00,2024-10-13T07:00:00+00:00,2024-10-13T08:00:00+00:00,0.3586,0.3553,-0.9202453987730008,trend_break,2,closed,5af02e8f4525420d83a664a333615db2,d85ad7e2888f47b79e6eead8595df555
0adfc8a442cc1c984afc33340d897c01,fast,1h,BNB,2024-10-14T03:00:00+00:00,2024-10-14T04:00:00+00:00,2024-10-23T16:00:00+00:00,579.2,575.5,-0.6388121546961445,trend_break,229,closed,5af02e8f4525420d83a664a333615db2,d85ad7e2888f47b79e6eead8595df555
3a74379318ae76ad2d350287f344cf0c,fast,1h,BTC,2024-10-14T03:00:00+00:00,2024-10-14T04:00:00+00:00,2024-12-20T08:00:00+00:00,64120.33,95303.1,48.63164303739546,trend_break,1613,closed,5af02e8f4525420d83a664a333615db2,d85ad7e2888f47b79e6eead8595df555
8bf356c2dddfbe7748214504759c3ddc,fast,1h,ETH,2024-10-14T03:00:00+00:00,2024-10-14T04:00:00+00:00,2024-10-23T15:00:00+00:00,2511.27,2539.29,1.1157701083515548,trend_break,228,closed,5af02e8f4525420d83a664a333615db2,d85ad7e2888f47b79e6eead8595df555
1847aa77f82e1e6fd8f2a1ee60e17573,fast,1h,SOL,2024-10-14T03:00:00+00:00,2024-10-14T04:00:00+00:00,2024-11-03T14:00:00+00:00,151.41,159.18,5.131761442441052,trend_break,491,closed,5af02e8f4525420d83a664a333615db2,d85ad7e2888f47b79e6eead8595df555
9505f90801936bf35e3f90ac3cfa34ed,fast,1h,ADA,2024-10-15T13:00:00+00:00,2024-10-15T14:00:00+00:00,2024-10-15T14:00:00+00:00,0.3698,0.353454380353879,-4.420124295868311,stop,1,closed,5af02e8f4525420d83a664a333615db2,d85ad7e2888f47b79e6eead8595df555
97917a8a83f8e6e8cc685638b8e36dce,fast,1h,BNB,2024-10-15T13:00:00+00:00,2024-10-15T14:00:00+00:00,2024-10-23T16:00:00+00:00,596.9,575.5,-3.585190149103701,trend_break,195,closed,5af02e8f4525420d83a664a333615db2,d85ad7e2888f47b79e6eead8595df555
3ef5602ad651553a4bde46d79f092639,fast,1h,BNB,2024-10-16T11:00:00+00:00,2024-10-16T12:00:00+00:00,2024-10-23T16:00:00+00:00,597.9,575.5,-3.7464458939622025,trend_break,173,closed,5af02e8f4525420d83a664a333615db2,d85ad7e2888f47b79e6eead8595df555
0604eabc5702ace340937ba4e3a9d35f,fast,1h,XRP,2024-10-17T04:00:00+00:00,2024-10-17T05:00:00+00:00,2024-10-17T06:00:00+00:00,0.5591,0.5563,-0.500804864961546,trend_break,2,closed,5af02e8f4525420d83a664a333615db2,d85ad7e2888f47b79e6eead8595df555
264a1558ec4c976a7248253a2b3f5801,fast,1h,XRP,2024-10-21T10:00:00+00:00,2024-10-21T11:00:00+00:00,2024-10-21T11:00:00+00:00,0.5586,0.5531,-0.9846043680630023,trend_break,1,closed,5af02e8f4525420d83a664a333615db2,d85ad7e2888f47b79e6eead8595df555
8716cf6f9e39c225b0ac6cb8b0f92bda,fast,1h,BTC,2024-10-24T19:00:00+00:00,2024-10-24T20:00:00+00:00,2024-10-25T18:00:00+00:00,68277.9,66283.740943223,-2.9206508354489347,stop,23,closed,5af02e8f4525420d83a664a333615db2,d85ad7e2888f47b79e6eead8595df555
5d12a13f2f6ecb57b6444419cd34ea56,fast,1h,BTC,2024-10-28T07:00:00+00:00,2024-10-28T08:00:00+00:00,2024-12-20T08:00:00+00:00,68455,95303.1,39.220071579869995,trend_break,1273,closed,5af02e8f4525420d83a664a333615db2,d85ad7e2888f47b79e6eead8595df555
2add39a6025d8180bcf37cbb7bf1b5ac,fast,1h,ETH,2024-10-29T02:00:00+00:00,2024-10-29T03:00:00+00:00,2024-10-31T17:00:00+00:00,2613.02,2543.34,-2.6666462560562043,trend_break,63,closed,5af02e8f4525420d83a664a333615db2,d85ad7e2888f47b79e6eead8595df555
6170e936105ae2993366a748ae66a49e,fast,1h,ADA,2024-10-29T16:00:00+00:00,2024-10-29T17:00:00+00:00,2024-10-29T20:00:00+00:00,0.3523,0.3507,-0.4541583877377242,trend_break,4,closed,5af02e8f4525420d83a664a333615db2,d85ad7e2888f47b79e6eead8595df555
4eac1f418bf73312f1214fdac28596e8,fast,1h,SOL,2024-11-01T13:00:00+00:00,2024-11-01T14:00:00+00:00,2024-11-02T15:00:00+00:00,172.27,162.52278936032903,-5.658101027265905,stop,26,closed,5af02e8f4525420d83a664a333615db2,d85ad7e2888f47b79e6eead8595df555
0c0aaeb8d93ca2ce8eab257d010087d4,fast,1h,BTC,2024-11-06T00:00:00+00:00,2024-11-06T01:00:00+00:00,2024-12-20T08:00:00+00:00,71083.91,95303.1,34.07126873015285,trend_break,1064,closed,5af02e8f4525420d83a664a333615db2,d85ad7e2888f47b79e6eead8595df555
582f8ca1ab24edb868fd4bf4e0993c1f,fast,1h,XRP,2024-11-06T00:00:00+00:00,2024-11-06T01:00:00+00:00,2024-11-06T01:00:00+00:00,0.5208,0.5203,-0.09600614439325694,trend_break,1,closed,5af02e8f4525420d83a664a333615db2,d85ad7e2888f47b79e6eead8595df555
faaae440db7d07deee0e8db83ac3e6cf,fast,1h,ADA,2024-11-06T02:00:00+00:00,2024-11-06T03:00:00+00:00,2024-12-10T17:00:00+00:00,0.3502,0.9165,161.70759565962305,trend_break,831,closed,5af02e8f4525420d83a664a333615db2,d85ad7e2888f47b79e6eead8595df555
08482527495849698c1d8369d14e1c46,fast,1h,BNB,2024-11-06T02:00:00+00:00,2024-11-06T03:00:00+00:00,2024-11-06T05:00:00+00:00,579.99,574.99,-0.8620838290315347,trend_break,3,closed,5af02e8f4525420d83a664a333615db2,d85ad7e2888f47b79e6eead8595df555
5c4128414a51ae1dfe73ed6cfbfa6331,fast,1h,ETH,2024-11-06T02:00:00+00:00,2024-11-06T03:00:00+00:00,2024-12-19T15:00:00+00:00,2558.79,3613.82,41.231597747372795,trend_break,1045,closed,5af02e8f4525420d83a664a333615db2,d85ad7e2888f47b79e6eead8595df555
a248c31e7a90bdb5168affb401e14a2e,fast,1h,SOL,2024-11-06T02:00:00+00:00,2024-11-06T03:00:00+00:00,2024-12-03T13:00:00+00:00,179.21,218.44,21.89051950225991,trend_break,659,closed,5af02e8f4525420d83a664a333615db2,d85ad7e2888f47b79e6eead8595df555
8cb61785f48fe81fc2436bd85a202d76,fast,1h,BNB,2024-11-14T07:00:00+00:00,2024-11-14T08:00:00+00:00,2024-11-15T20:00:00+00:00,657.68,599.1990215652035,-8.892011074503792,stop,37,closed,5af02e8f4525420d83a664a333615db2,d85ad7e2888f47b79e6eead8595df555
ec738ab47449c0e2b6ac1806ac3d4a2d,fast,1h,ETH,2024-11-21T12:00:00+00:00,2024-11-21T13:00:00+00:00,2024-12-19T15:00:00+00:00,3285.99,3613.82,9.976597615939188,trend_break,675,closed,5af02e8f4525420d83a664a333615db2,d85ad7e2888f47b79e6eead8595df555
105929323d8b8931eeaf2962216f7aca,fast,1h,BNB,2024-11-23T01:00:00+00:00,2024-11-23T02:00:00+00:00,2024-11-26T13:00:00+00:00,644.73,610.54,-5.302995052192394,trend_break,84,closed,5af02e8f4525420d83a664a333615db2,d85ad7e2888f47b79e6eead8595df555
99d79dc4346e3d987e93796ddf1c7f74,fast,1h,BTC,2024-11-27T15:00:00+00:00,2024-11-27T16:00:00+00:00,2024-12-20T08:00:00+00:00,95528.23,95303.1,-0.23566855577664692,trend_break,545,closed,5af02e8f4525420d83a664a333615db2,d85ad7e2888f47b79e6eead8595df555
562358add26017a26ea01f418d7d6db4,fast,1h,ADA,2024-11-28T22:00:00+00:00,2024-11-28T23:00:00+00:00,2024-12-10T17:00:00+00:00,1.0373,0.9165,-11.645618432468918,trend_break,283,closed,5af02e8f4525420d83a664a333615db2,d85ad7e2888f47b79e6eead8595df555
0336316e6fa6b2e8570d0998b478aa9f,fast,1h,ETH,2024-11-30T05:00:00+00:00,2024-11-30T06:00:00+00:00,2024-12-09T21:00:00+00:00,3690.85,3487.235945091894,-5.516725277594759,stop,232,closed,5af02e8f4525420d83a664a333615db2,d85ad7e2888f47b79e6eead8595df555
a89b499ae55b0b9ea896846a1cd011f8,fast,1h,BNB,2024-11-30T07:00:00+00:00,2024-11-30T08:00:00+00:00,2024-12-02T11:00:00+00:00,671.99,628.1437191278611,-6.524841273253901,stop,52,closed,5af02e8f4525420d83a664a333615db2,d85ad7e2888f47b79e6eead8595df555
ca34fb6da6c7f585cdde6c87b329b7d6,fast,1h,BNB,2024-12-03T21:00:00+00:00,2024-12-03T22:00:00+00:00,2024-12-09T21:00:00+00:00,709.4,654.6806276564323,-7.713472278484302,stop,144,closed,5af02e8f4525420d83a664a333615db2,d85ad7e2888f47b79e6eead8595df555
f1cb9616f79755268f2ac5d103c11ea3,fast,1h,SOL,2024-12-03T21:00:00+00:00,2024-12-03T22:00:00+00:00,2024-12-09T17:00:00+00:00,236.73,223.49,-5.592869513792076,trend_break,140,closed,5af02e8f4525420d83a664a333615db2,d85ad7e2888f47b79e6eead8595df555
9e3d9aad8e8e5a5cff46e5f239cb7630,fast,1h,BTC,2024-12-04T20:00:00+00:00,2024-12-04T21:00:00+00:00,2024-12-05T22:00:00+00:00,98499.99,94632.52987548904,-3.9263558549711197,stop,26,closed,5af02e8f4525420d83a664a333615db2,d85ad7e2888f47b79e6eead8595df555
5f51e17bbdc38ffa5d63f68dad289500,fast,1h,ETH,2024-12-06T14:00:00+00:00,2024-12-06T15:00:00+00:00,2024-12-09T21:00:00+00:00,3975.72,3727.319535863143,-6.247936578452629,stop,79,closed,5af02e8f4525420d83a664a333615db2,d85ad7e2888f47b79e6eead8595df555
a5621068ce08c0c9fb1ef1f06da05217,fast,1h,BTC,2024-12-06T17:00:00+00:00,2024-12-06T18:00:00+00:00,2024-12-09T21:00:00+00:00,100933.98,94954.36671133645,-5.924281682604359,stop,76,closed,5af02e8f4525420d83a664a333615db2,d85ad7e2888f47b79e6eead8595df555
10b8ef4ed3688a50a8cee66e71e4c013,fast,1h,ETH,2024-12-15T23:00:00+00:00,2024-12-16T00:00:00+00:00,2024-12-18T19:00:00+00:00,3958.58,3783.3073601850137,-4.427664460866931,stop,68,closed,5af02e8f4525420d83a664a333615db2,d85ad7e2888f47b79e6eead8595df555
a03e74e92362fa1763cd7c7b5938da80,fast,1h,SOL,2024-12-16T00:00:00+00:00,2024-12-16T01:00:00+00:00,2024-12-16T02:00:00+00:00,226.61,222.05,-2.01226777282556,trend_break,2,closed,5af02e8f4525420d83a664a333615db2,d85ad7e2888f47b79e6eead8595df555
19da0d59e1f9d6de4419c47c9d3d8b24,fast,1h,XRP,2024-12-16T16:00:00+00:00,2024-12-16T17:00:00+00:00,2024-12-18T20:00:00+00:00,2.52,2.3181185523081833,-8.011168559199078,stop,52,closed,5af02e8f4525420d83a664a333615db2,d85ad7e2888f47b79e6eead8595df555
4f8bbb73e98a718c2d2887113a54af8d,fast,1h,BNB,2024-12-17T14:00:00+00:00,2024-12-17T15:00:00+00:00,2024-12-18T20:00:00+00:00,732.06,696.1666362775253,-4.903063098991156,stop,30,closed,5af02e8f4525420d83a664a333615db2,d85ad7e2888f47b79e6eead8595df555
a2c848e3c23ebe0211c71516bfb20889,fast,1h,ETH,2025-01-02T00:00:00+00:00,2025-01-02T01:00:00+00:00,2025-01-02T01:00:00+00:00,3389.86,3382.33,-0.22213306744232053,trend_break,1,closed,5af02e8f4525420d83a664a333615db2,d85ad7e2888f47b79e6eead8595df555
34efa3908f08d4649839cede0a7e8f8d,fast,1h,XRP,2025-01-03T02:00:00+00:00,2025-01-03T03:00:00+00:00,2025-01-07T20:00:00+00:00,2.4508,2.2667604665698335,-7.509365653262878,stop,114,closed,5af02e8f4525420d83a664a333615db2,d85ad7e2888f47b79e6eead8595df555
0dc8349019ea36139b69675cb35aa552,fast,1h,ADA,2025-01-03T03:00:00+00:00,2025-01-03T04:00:00+00:00,2025-01-08T06:00:00+00:00,1.0228,0.9669,-5.465389127884235,trend_break,123,closed,5af02e8f4525420d83a664a333615db2,d85ad7e2888f47b79e6eead8595df555
6d5239f3226b08dbd868180dcc2582ac,fast,1h,ETH,2025-01-03T14:00:00+00:00,2025-01-03T15:00:00+00:00,2025-01-07T15:00:00+00:00,3523.91,3474.81,-1.3933386493979683,trend_break,97,closed,5af02e8f4525420d83a664a333615db2,d85ad7e2888f47b79e6eead8595df555
9c5f6e9ed9192bac43818348bd68e221,fast,1h,BTC,2025-01-03T17:00:00+00:00,2025-01-03T18:00:00+00:00,2025-01-07T21:00:00+00:00,98065.83,96503.12,-1.5935316103478758,trend_break,100,closed,5af02e8f4525420d83a664a333615db2,d85ad7e2888f47b79e6eead8595df555
ac3f9587cf8898d68ca45a4b69c9c1aa,fast,1h,BNB,2025-01-06T16:00:00+00:00,2025-01-06T17:00:00+00:00,2025-01-07T15:00:00+00:00,730.54,706.7265949510735,-3.2596989964856826,stop,23,closed,5af02e8f4525420d83a664a333615db2,d85ad7e2888f47b79e6eead8595df555
1bc60ffb05ea9f58d025f7a7efd39358,fast,1h,XRP,2025-01-14T17:00:00+00:00,2025-01-14T18:00:00+00:00,2025-02-02T11:00:00+00:00,2.6694,2.7827,4.2443994905222215,trend_break,450,closed,5af02e8f4525420d83a664a333615db2,d85ad7e2888f47b79e6eead8595df555
f8993d082ac99b408665678f1e2380e2,fast,1h,BTC,2025-01-15T13:00:00+00:00,2025-01-15T14:00:00+00:00,2025-01-27T06:00:00+00:00,98864.45,98966.93,0.10365707794863788,trend_break,281,closed,5af02e8f4525420d83a664a333615db2,d85ad7e2888f47b79e6eead8595df555
2e1e5a435385bf772a84aa5da8309a8f,fast,1h,ETH,2025-01-15T13:00:00+00:00,2025-01-15T14:00:00+00:00,2025-01-15T14:00:00+00:00,3296.49,3326.68,0.9158225870547154,trend_break,1,closed,5af02e8f4525420d83a664a333615db2,d85ad7e2888f47b79e6eead8595df555
4bff9f5a20d44b931aa6b2c7ccdea280,fast,1h,SOL,2025-01-15T13:00:00+00:00,2025-01-15T14:00:00+00:00,2025-01-15T14:00:00+00:00,195.47,195.85,0.19440323323272057,trend_break,1,closed,5af02e8f4525420d83a664a333615db2,d85ad7e2888f47b79e6eead8595df555
e80825ac40c4183e4c101c940578eeca,fast,1h,ADA,2025-01-16T12:00:00+00:00,2025-01-16T13:00:00+00:00,2025-01-19T22:00:00+00:00,1.1089,0.9995922980842122,-9.857309217764254,stop,82,closed,5af02e8f4525420d83a664a333615db2,d85ad7e2888f47b79e6eead8595df555
8ee718628299ad7414a495958eb35771,fast,1h,ETH,2025-01-17T20:00:00+00:00,2025-01-17T21:00:00+00:00,2025-01-18T03:00:00+00:00,3518.36,3385.43,-3.778180743300863,trend_break,7,closed,5af02e8f4525420d83a664a333615db2,d85ad7e2888f47b79e6eead8595df555
d462bc187d2f8a23d77847744c3e4128,fast,1h,ADA,2025-01-19T01:00:00+00:00,2025-01-19T02:00:00+00:00,2025-01-19T09:00:00+00:00,1.1383,1.0266111871681156,-9.811896058322455,stop,8,closed,5af02e8f4525420d83a664a333615db2,d85ad7e2888f47b79e6eead8595df555
fa529465559381b454833a8406d27238,fast,1h,XRP,2025-01-21T17:00:00+00:00,2025-01-21T18:00:00+00:00,2025-01-27T07:00:00+00:00,3.2109,2.8041543367231556,-12.667652785102135,stop,134,closed,5af02e8f4525420d83a664a333615db2,d85ad7e2888f47b79e6eead8595df555
16c524f2d0b9b4fff6fb48145ba9c0a3,fast,1h,ETH,2025-01-23T22:00:00+00:00,2025-01-23T23:00:00+00:00,2025-01-23T23:00:00+00:00,3320.42,3332.01,0.3490522283325692,trend_break,1,closed,5af02e8f4525420d83a664a333615db2,d85ad7e2888f47b79e6eead8595df555
b2ea18d59b65412aa6781118428cea64,fast,1h,ADA,2025-02-11T04:00:00+00:00,2025-02-11T05:00:00+00:00,2025-02-11T05:00:00+00:00,0.7887,0.8127,3.0429821224800424,trend_break,1,closed,5af02e8f4525420d83a664a333615db2,d85ad7e2888f47b79e6eead8595df555
d18d06a74aa55bd3998c142a5eafcf46,fast,1h,BNB,2025-02-11T04:00:00+00:00,2025-02-11T05:00:00+00:00,2025-02-11T05:00:00+00:00,635.43,636.65,0.1919959712320729,trend_break,1,closed,5af02e8f4525420d83a664a333615db2,d85ad7e2888f47b79e6eead8595df555
01e8d22323b62026658f34ed7af96fc1,fast,1h,ETH,2025-02-12T22:00:00+00:00,2025-02-12T23:00:00+00:00,2025-02-12T23:00:00+00:00,2746.61,2738.15,-0.308016063438199,trend_break,1,closed,5af02e8f4525420d83a664a333615db2,d85ad7e2888f47b79e6eead8595df555
d56a12a96f9745cc4c904fc9092835b6,fast,1h,BTC,2025-02-14T17:00:00+00:00,2025-02-14T18:00:00+00:00,2025-02-14T18:00:00+00:00,98527.73,98239.71,-0.2923237955446578,trend_break,1,closed,5af02e8f4525420d83a664a333615db2,d85ad7e2888f47b79e6eead8595df555
31e04bba2bda775e774c8763216b002c,fast,1h,BTC,2025-02-20T17:00:00+00:00,2025-02-20T18:00:00+00:00,2025-02-20T21:00:00+00:00,97959.49,97980.47,0.0214170163605365,trend_break,4,closed,5af02e8f4525420d83a664a333615db2,d85ad7e2888f47b79e6eead8595df555
f9e93989bea28726032651ebf3e596c9,fast,1h,ADA,2025-02-21T13:00:00+00:00,2025-02-21T14:00:00+00:00,2025-02-21T14:00:00+00:00,0.8149,0.8067,-1.0062584366179905,trend_break,1,closed,5af02e8f4525420d83a664a333615db2,d85ad7e2888f47b79e6eead8595df555
474bacccdbbf96b99a6f5304e93e1031,fast,1h,BNB,2025-03-02T16:00:00+00:00,2025-03-02T17:00:00+00:00,2025-03-02T17:00:00+00:00,629.87,628.27,-0.254020670932098,trend_break,1,closed,5af02e8f4525420d83a664a333615db2,d85ad7e2888f47b79e6eead8595df555
0b32ef2e7c770e346f443c2198401497,fast,1h,SOL,2025-03-07T18:00:00+00:00,2025-03-07T19:00:00+00:00,2025-03-07T19:00:00+00:00,149.63,146.1,-2.359152576355006,trend_break,1,closed,5af02e8f4525420d83a664a333615db2,d85ad7e2888f47b79e6eead8595df555
d73825a5795edc9e48b3c351ea9b98cd,fast,1h,BTC,2025-03-17T18:00:00+00:00,2025-03-17T19:00:00+00:00,2025-03-17T19:00:00+00:00,84490.25,84367.42,-0.14537772109799452,trend_break,1,closed,5af02e8f4525420d83a664a333615db2,d85ad7e2888f47b79e6eead8595df555
120db0e39c50b9ebdb9aa1e2d8b12195,fast,1h,ETH,2025-03-19T11:00:00+00:00,2025-03-19T12:00:00+00:00,2025-03-19T12:00:00+00:00,2025.32,1999.79,-1.260541544052296,trend_break,1,closed,5af02e8f4525420d83a664a333615db2,d85ad7e2888f47b79e6eead8595df555
93dfd731ec3919581bf8de9eaa06e89e,fast,1h,SOL,2025-03-19T13:00:00+00:00,2025-03-19T14:00:00+00:00,2025-03-19T14:00:00+00:00,130.62,131.59,0.7426121574031441,trend_break,1,closed,5af02e8f4525420d83a664a333615db2,d85ad7e2888f47b79e6eead8595df555
b47067590bb5ea111082dcd57b257995,fast,1h,XRP,2025-03-19T13:00:00+00:00,2025-03-19T14:00:00+00:00,2025-03-20T16:00:00+00:00,2.525,2.3995,-4.970297029702964,trend_break,27,closed,5af02e8f4525420d83a664a333615db2,d85ad7e2888f47b79e6eead8595df555
b688ebe64ab314d616d22c508bba6383,fast,1h,BTC,2025-03-19T18:00:00+00:00,2025-03-19T19:00:00+00:00,2025-03-19T19:00:00+00:00,85638.35,85442.16,-0.22909128912456111,trend_break,1,closed,5af02e8f4525420d83a664a333615db2,d85ad7e2888f47b79e6eead8595df555
5f0ac8e34d29d8936a1f40693044125b,fast,1h,ADA,2025-03-20T14:00:00+00:00,2025-03-20T15:00:00+00:00,2025-03-20T15:00:00+00:00,0.7496,0.7253,-3.241728922091791,trend_break,1,closed,5af02e8f4525420d83a664a333615db2,d85ad7e2888f47b79e6eead8595df555
9003ce1bb9d23317b7f9069ed1854d6b,fast,1h,XRP,2025-03-23T23:00:00+00:00,2025-03-24T00:00:00+00:00,2025-03-26T15:00:00+00:00,2.4334,2.4035,-1.2287334593572563,trend_break,64,closed,5af02e8f4525420d83a664a333615db2,d85ad7e2888f47b79e6eead8595df555
6623de9e2055da401ffeab22329c0387,fast,1h,ETH,2025-03-24T05:00:00+00:00,2025-03-24T06:00:00+00:00,2025-03-24T06:00:00+00:00,2045.31,2066.16,1.0194053713129092,trend_break,1,closed,5af02e8f4525420d83a664a333615db2,d85ad7e2888f47b79e6eead8595df555
7686d14eaa38a984e132f35f0ddce745,fast,1h,BNB,2025-03-24T11:00:00+00:00,2025-03-24T12:00:00+00:00,2025-03-26T22:00:00+00:00,626.9,593.0789479330899,-5.394967629113101,stop,59,closed,5af02e8f4525420d83a664a333615db2,d85ad7e2888f47b79e6eead8595df555
103a175cb2a70934e2431b24080e3269,fast,1h,ADA,2025-03-25T09:00:00+00:00,2025-03-25T10:00:00+00:00,2025-03-25T12:00:00+00:00,0.7532,0.75,-0.4248539564524645,trend_break,3,closed,5af02e8f4525420d83a664a333615db2,d85ad7e2888f47b79e6eead8595df555
a7973b8141d920e93ec015a0571afbf8,fast,1h,BNB,2025-03-27T08:00:00+00:00,2025-03-27T09:00:00+00:00,2025-03-28T21:00:00+00:00,639.71,617.15,-3.5265979897140975,trend_break,37,closed,5af02e8f4525420d83a664a333615db2,d85ad7e2888f47b79e6eead8595df555
fa7626ef7299ace8e01acff27aa904c5,fast,1h,ETH,2025-04-01T15:00:00+00:00,2025-04-01T16:00:00+00:00,2025-04-01T16:00:00+00:00,1923.45,1914.17,-0.48246640151810016,trend_break,1,closed,5af02e8f4525420d83a664a333615db2,d85ad7e2888f47b79e6eead8595df555
e724d966b0805765af0b31e091294c93,fast,1h,BTC,2025-04-02T15:00:00+00:00,2025-04-02T16:00:00+00:00,2025-04-02T20:00:00+00:00,86780.29,85677.9,-1.2703230192017134,trend_break,5,closed,5af02e8f4525420d83a664a333615db2,d85ad7e2888f47b79e6eead8595df555
ef914ce20977bbb6d1215f17a21e15b0,fast,1h,SOL,2025-04-02T15:00:00+00:00,2025-04-02T16:00:00+00:00,2025-04-02T16:00:00+00:00,130.2,131.08,0.6758832565284312,trend_break,1,closed,5af02e8f4525420d83a664a333615db2,d85ad7e2888f47b79e6eead8595df555
62a67534a6f66860d16833e278774bb4,fast,1h,BNB,2025-04-09T17:00:00+00:00,2025-04-09T18:00:00+00:00,2025-04-09T18:00:00+00:00,583.58,580.08,-0.5997463929538371,trend_break,1,closed,5af02e8f4525420d83a664a333615db2,d85ad7e2888f47b79e6eead8595df555
5d7aea7a4d2fccd2f8657ffe5940531e,fast,1h,BTC,2025-04-09T17:00:00+00:00,2025-04-09T18:00:00+00:00,2025-04-09T18:00:00+00:00,82143.67,81948.27,-0.23787590693232774,trend_break,1,closed,5af02e8f4525420d83a664a333615db2,d85ad7e2888f47b79e6eead8595df555
3f09baad4da4c54876e2763bc122e71a,fast,1h,BTC,2025-04-16T14:00:00+00:00,2025-04-16T15:00:00+00:00,2025-04-16T17:00:00+00:00,84615.74,83382.31,-1.4576838777277223,trend_break,3,closed,5af02e8f4525420d83a664a333615db2,d85ad7e2888f47b79e6eead8595df555
645f30d7ee39202300934b5e6212b530,fast,1h,SOL,2025-04-16T19:00:00+00:00,2025-04-16T20:00:00+00:00,2025-05-30T00:00:00+00:00,132.65,161.46,21.718808895589902,trend_break,1037,closed,5af02e8f4525420d83a664a333615db2,d85ad7e2888f47b79e6eead8595df555
2fe24acfbb32f0a35bc4aeb04639fcf1,fast,1h,BNB,2025-04-17T16:00:00+00:00,2025-04-17T17:00:00+00:00,2025-04-17T17:00:00+00:00,592.32,591.51,-0.13675040518639214,trend_break,1,closed,5af02e8f4525420d83a664a333615db2,d85ad7e2888f47b79e6eead8595df555
b9c16eb955f65c2c203060bc5dea8a12,fast,1h,ADA,2025-04-21T00:00:00+00:00,2025-04-21T01:00:00+00:00,2025-04-21T01:00:00+00:00,0.6345,0.6395,0.7880220646178104,trend_break,1,closed,5af02e8f4525420d83a664a333615db2,d85ad7e2888f47b79e6eead8595df555
56667cf8b8fac78c9809b1934d9e2238,fast,1h,BTC,2025-04-21T00:00:00+00:00,2025-04-21T01:00:00+00:00,2025-06-05T17:00:00+00:00,86580.89,103222.87,19.221308535867433,trend_break,1097,closed,5af02e8f4525420d83a664a333615db2,d85ad7e2888f47b79e6eead8595df555
bb772a2502d7eacaf92ea4a488a1e008,fast,1h,XRP,2025-04-21T00:00:00+00:00,2025-04-21T01:00:00+00:00,2025-04-21T01:00:00+00:00,2.1033,2.1182,0.7084105928778506,trend_break,1,closed,5af02e8f4525420d83a664a333615db2,d85ad7e2888f47b79e6eead8595df555
7d464347e5faaa4f842ddea948a169cc,fast,1h,ETH,2025-04-21T01:00:00+00:00,2025-04-21T02:00:00+00:00,2025-04-21T02:00:00+00:00,1629.89,1633.21,0.20369472786505582,trend_break,1,closed,5af02e8f4525420d83a664a333615db2,d85ad7e2888f47b79e6eead8595df555
aa8cdaafe2076abf5a8f3408283c5f80,fast,1h,ADA,2025-04-22T14:00:00+00:00,2025-04-22T15:00:00+00:00,2025-04-22T15:00:00+00:00,0.6586,0.6547,-0.5921651989067689,trend_break,1,closed,5af02e8f4525420d83a664a333615db2,d85ad7e2888f47b79e6eead8595df555
77530705674c6d05ed92a740c77609b1,fast,1h,XRP,2025-04-22T14:00:00+00:00,2025-04-22T15:00:00+00:00,2025-04-24T08:00:00+00:00,2.1494,2.134,-0.7164790174002067,trend_break,42,closed,5af02e8f4525420d83a664a333615db2,d85ad7e2888f47b79e6eead8595df555
9a6df25c69b66a41e20740c7db6080f1,fast,1h,ETH,2025-04-22T15:00:00+00:00,2025-04-22T16:00:00+00:00,2025-04-22T16:00:00+00:00,1702.95,1691.24,-0.687630288616814,trend_break,1,closed,5af02e8f4525420d83a664a333615db2,d85ad7e2888f47b79e6eead8595df555
1d69a642a65fe7d576a507f2695d33f9,fast,1h,BNB,2025-04-27T21:00:00+00:00,2025-04-27T22:00:00+00:00,2025-04-30T13:00:00+00:00,606.24,592.29,-2.3010688836104576,trend_break,64,closed,5af02e8f4525420d83a664a333615db2,d85ad7e2888f47b79e6eead8595df555
b466145c0e1a5dec24b52a68a4015232,fast,1h,BTC,2025-05-06T22:00:00+00:00,2025-05-06T23:00:00+00:00,2025-06-05T17:00:00+00:00,96219.44,103222.87,7.278601912461746,trend_break,715,closed,5af02e8f4525420d83a664a333615db2,d85ad7e2888f47b79e6eead8595df555
85b61dc3749560b22050067a84db0038,fast,1h,ETH,2025-05-07T00:00:00+00:00,2025-05-07T01:00:00+00:00,2025-06-05T20:00:00+00:00,1844.21,2410.23,30.691732503348312,trend_break,716,closed,5af02e8f4525420d83a664a333615db2,d85ad7e2888f47b79e6eead8595df555
92ca3a149be880e3b0f9c7fa625788aa,fast,1h,SOL,2025-05-07T00:00:00+00:00,2025-05-07T01:00:00+00:00,2025-05-10T17:00:00+00:00,149.04,141.91374143362037,-4.781440261929426,stop,89,closed,5af02e8f4525420d83a664a333615db2,d85ad7e2888f47b79e6eead8595df555
37ab944a7b02b3a80fe00c422213e43a,fast,1h,SOL,2025-05-08T02:00:00+00:00,2025-05-08T03:00:00+00:00,2025-05-10T17:00:00+00:00,150.22,143.2844613646142,-4.6169209395458655,stop,63,closed,5af02e8f4525420d83a664a333615db2,d85ad7e2888f47b79e6eead8595df555
1a25824ca00dc205320dd0e7ae56a555,fast,1h,ETH,2025-05-08T03:00:00+00:00,2025-05-08T04:00:00+00:00,2025-06-05T20:00:00+00:00,1904.21,2410.23,26.573749743988316,trend_break,689,closed,5af02e8f4525420d83a664a333615db2,d85ad7e2888f47b79e6eead8595df555
0eedc70c6f3862240071735669d188dc,fast,1h,XRP,2025-05-08T03:00:00+00:00,2025-05-08T04:00:00+00:00,2025-05-08T06:00:00+00:00,2.1833,2.17,-0.6091696056428342,trend_break,3,closed,5af02e8f4525420d83a664a333615db2,d85ad7e2888f47b79e6eead8595df555
5cda261f70a4cf19c08ce3af28098b48,fast,1h,BNB,2025-05-09T23:00:00+00:00,2025-05-10T00:00:00+00:00,2025-05-12T01:00:00+00:00,666.49,645.3483921923788,-3.1720817728129735,stop,50,closed,5af02e8f4525420d83a664a333615db2,d85ad7e2888f47b79e6eead8595df555
f762839aca352dddd5495f68bfe42480,fast,1h,SOL,2025-05-10T21:00:00+00:00,2025-05-10T22:00:00+00:00,2025-05-30T00:00:00+00:00,173.97,161.46,-7.190894981893425,trend_break,459,closed,5af02e8f4525420d83a664a333615db2,d85ad7e2888f47b79e6eead8595df555
efdb893163685149e91c2eebaa0aeb1a,fast,1h,BNB,2025-05-12T07:00:00+00:00,2025-05-12T08:00:00+00:00,2025-05-12T19:00:00+00:00,659.53,630.8547111833097,-4.347836916696767,stop,12,closed,5af02e8f4525420d83a664a333615db2,d85ad7e2888f47b79e6eead8595df555
7bce42748d0ee7cb03446bd0d9ee5a1a,fast,1h,ADA,2025-05-12T12:00:00+00:00,2025-05-12T13:00:00+00:00,2025-05-13T04:00:00+00:00,0.8473,0.7736447242766429,-8.692939422088653,stop,16,closed,5af02e8f4525420d83a664a333615db2,d85ad7e2888f47b79e6eead8595df555
7a396472b72c3176d6c7da6d06abebbd,fast,1h,BNB,2025-05-21T04:00:00+00:00,2025-05-21T05:00:00+00:00,2025-05-31T01:00:00+00:00,661.81,646.92,-2.2498904519423935,trend_break,237,closed,5af02e8f4525420d83a664a333615db2,d85ad7e2888f47b79e6eead8595df555
3bab72f4309c343a48be021057608b64,fast,1h,ETH,2025-05-21T05:00:00+00:00,2025-05-21T06:00:00+00:00,2025-06-05T20:00:00+00:00,2594.84,2402.6548233144435,-7.406436492637569,stop,375,closed,5af02e8f4525420d83a664a333615db2,d85ad7e2888f47b79e6eead8595df555
b680d1bfa50f86db0ef4090e2560807d,fast,1h,XRP,2025-05-21T14:00:00+00:00,2025-05-21T15:00:00+00:00,2025-05-23T23:00:00+00:00,2.3976,2.2978,-4.162495829162505,trend_break,57,closed,5af02e8f4525420d83a664a333615db2,d85ad7e2888f47b79e6eead8595df555
11ca3d810e0e89492e2e0822fb2d81ea,fast,1h,BTC,2025-05-21T15:00:00+00:00,2025-05-21T16:00:00+00:00,2025-05-30T00:00:00+00:00,108873.04,105272.24107662131,-3.307337540477129,stop,201,closed,5af02e8f4525420d83a664a333615db2,d85ad7e2888f47b79e6eead8595df555
e1f42bc3c0faab664ddcbb818527b65f,fast,1h,ADA,2025-05-21T16:00:00+00:00,2025-05-21T17:00:00+00:00,2025-05-25T00:00:00+00:00,0.7776,0.7346,-5.5298353909464915,trend_break,80,closed,5af02e8f4525420d83a664a333615db2,d85ad7e2888f47b79e6eead8595df555
8eca43db9de0b2b4628209af7c15c532,fast,1h,SOL,2025-05-23T01:00:00+00:00,2025-05-23T02:00:00+00:00,2025-05-25T01:00:00+00:00,183.32,171.36529764358286,-6.5212210104828365,stop,48,closed,5af02e8f4525420d83a664a333615db2,d85ad7e2888f47b79e6eead8595df555
5620c0e43774b8ffa3469bae56c7aee4,fast,1h,ADA,2025-05-23T02:00:00+00:00,2025-05-23T03:00:00+00:00,2025-05-23T12:00:00+00:00,0.8273,0.7756512916313347,-6.24304464748765,stop,10,closed,5af02e8f4525420d83a664a333615db2,d85ad7e2888f47b79e6eead8595df555
5a721f06cf973faaeeb6223e53716131,fast,1h,ETH,2025-05-23T02:00:00+00:00,2025-05-23T03:00:00+00:00,2025-05-23T23:00:00+00:00,2700.72,2506.7434139213356,-7.182402695528012,stop,21,closed,5af02e8f4525420d83a664a333615db2,d85ad7e2888f47b79e6eead8595df555
b392f2679cb3708fd2c1d8f5a3c61792,fast,1h,XRP,2025-05-23T02:00:00+00:00,2025-05-23T03:00:00+00:00,2025-05-23T12:00:00+00:00,2.4595,2.3346729069891103,-5.075303639393757,stop,10,closed,5af02e8f4525420d83a664a333615db2,d85ad7e2888f47b79e6eead8595df555
6e0a672481042306bc87f3b1685f2190,fast,1h,BNB,2025-05-27T07:00:00+00:00,2025-05-27T08:00:00+00:00,2025-05-30T22:00:00+00:00,679.42,660.4252858105281,-2.79572491087573,stop,87,closed,5af02e8f4525420d83a664a333615db2,d85ad7e2888f47b79e6eead8595df555
e55f502e58c7801937071374fd299246,fast,1h,ETH,2025-05-27T07:00:00+00:00,2025-05-27T08:00:00+00:00,2025-06-01T12:00:00+00:00,2609.93,2472.606247005793,-5.261587590249805,stop,125,closed,5af02e8f4525420d83a664a333615db2,d85ad7e2888f47b79e6eead8595df555
e33cfe30126293c2b9afdd7e9c9c99f3,fast,1h,XRP,2025-06-03T15:00:00+00:00,2025-06-03T16:00:00+00:00,2025-06-03T16:00:00+00:00,2.2595,2.2567,-0.12392122150919338,trend_break,1,closed,5af02e8f4525420d83a664a333615db2,d85ad7e2888f47b79e6eead8595df555
4966b3707788718a0098e813296660c2,fast,1h,BTC,2025-06-09T10:00:00+00:00,2025-06-09T11:00:00+00:00,2025-06-13T00:00:00+00:00,107073.51,104861.40669889575,-2.06596692412927,stop,86,closed,5af02e8f4525420d83a664a333615db2,d85ad7e2888f47b79e6eead8595df555
06b2dc6747733c83ee4beac259ff3ca0,fast,1h,ETH,2025-06-09T21:00:00+00:00,2025-06-09T22:00:00+00:00,2025-06-13T00:00:00+00:00,2644.77,2536.4420527594516,-4.095930732749853,stop,75,closed,5af02e8f4525420d83a664a333615db2,d85ad7e2888f47b79e6eead8595df555
ad04d6915fdc73835172bcb01cdc1e01,fast,1h,SOL,2025-06-10T18:00:00+00:00,2025-06-10T19:00:00+00:00,2025-06-12T05:00:00+00:00,164.13,159.64,-2.735636385791751,trend_break,35,closed,5af02e8f4525420d83a664a333615db2,d85ad7e2888f47b79e6eead8595df555
02b7de171777a8e334244646913a9308,fast,1h,XRP,2025-06-11T08:00:00+00:00,2025-06-11T09:00:00+00:00,2025-06-11T22:00:00+00:00,2.3246,2.2584,-2.8478017723479465,trend_break,14,closed,5af02e8f4525420d83a664a333615db2,d85ad7e2888f47b79e6eead8595df555
c953f44ea3aea032b4afeb9982e4d33c,fast,1h,XRP,2025-06-16T07:00:00+00:00,2025-06-16T08:00:00+00:00,2025-06-16T08:00:00+00:00,2.2036,2.2049,0.05899437284444531,trend_break,1,closed,5af02e8f4525420d83a664a333615db2,d85ad7e2888f47b79e6eead8595df555
8d8da4466e992b6ad6113c203ca0bae3,fast,1h,BNB,2025-06-23T22:00:00+00:00,2025-06-23T23:00:00+00:00,2025-06-23T23:00:00+00:00,640.27,638.76,-0.23583800584128234,trend_break,1,closed,5af02e8f4525420d83a664a333615db2,d85ad7e2888f47b79e6eead8595df555
847d80921ee60f81cae9536b2df3db05,fast,1h,BTC,2025-06-23T22:00:00+00:00,2025-06-23T23:00:00+00:00,2025-08-01T08:00:00+00:00,105310.83,114649.57,8.867786912324217,trend_break,922,closed,5af02e8f4525420d83a664a333615db2,d85ad7e2888f47b79e6eead8595df555
99546b08670c035a0c18b60cb95c3003,fast,1h,SOL,2025-06-23T22:00:00+00:00,2025-06-23T23:00:00+00:00,2025-06-23T23:00:00+00:00,144.8,144.5,-0.2071823204420009,trend_break,1,closed,5af02e8f4525420d83a664a333615db2,d85ad7e2888f47b79e6eead8595df555
4f96b1f7c2c9943b786b5133ad76ca6e,fast,1h,XRP,2025-06-23T22:00:00+00:00,2025-06-23T23:00:00+00:00,2025-06-23T23:00:00+00:00,2.1577,2.165,0.3383232145339976,trend_break,1,closed,5af02e8f4525420d83a664a333615db2,d85ad7e2888f47b79e6eead8595df555
ff18b78208c2a97f1027e7f291ac5f51,fast,1h,ETH,2025-06-24T16:00:00+00:00,2025-06-24T17:00:00+00:00,2025-06-24T17:00:00+00:00,2475.62,2458.46,-0.6931596933293371,trend_break,1,closed,5af02e8f4525420d83a664a333615db2,d85ad7e2888f47b79e6eead8595df555
c7828050c8a1e3848f5efd7c6a7a50da,fast,1h,XRP,2025-06-27T21:00:00+00:00,2025-06-27T22:00:00+00:00,2025-06-27T22:00:00+00:00,2.1414,2.1449,0.16344447557672392,trend_break,1,closed,5af02e8f4525420d83a664a333615db2,d85ad7e2888f47b79e6eead8595df555
004b80550f668aa0d3c8302ba8253daa,fast,1h,ETH,2025-06-29T22:00:00+00:00,2025-06-29T23:00:00+00:00,2025-06-30T09:00:00+00:00,2504.23,2452.96,-2.0473359076442654,trend_break,11,closed,5af02e8f4525420d83a664a333615db2,d85ad7e2888f47b79e6eead8595df555
2bb2708d13d8ac2b6d1426f6b61811a1,fast,1h,BNB,2025-06-30T16:00:00+00:00,2025-06-30T17:00:00+00:00,2025-07-01T14:00:00+00:00,658.32,647.44,-1.6526917000850627,trend_break,22,closed,5af02e8f4525420d83a664a333615db2,d85ad7e2888f47b79e6eead8595df555
486a681ae726b1c7976584734f1b0627,fast,1h,ADA,2025-06-30T19:00:00+00:00,2025-06-30T20:00:00+00:00,2025-06-30T20:00:00+00:00,0.59,0.5836,-1.0847457627118584,trend_break,1,closed,5af02e8f4525420d83a664a333615db2,d85ad7e2888f47b79e6eead8595df555
339883e8a8eb4fa1159b58e06261e0b3,fast,1h,BNB,2025-07-02T08:00:00+00:00,2025-07-02T09:00:00+00:00,2025-08-02T22:00:00+00:00,658.01,735.17,11.726265558274186,trend_break,758,closed,5af02e8f4525420d83a664a333615db2,d85ad7e2888f47b79e6eead8595df555
f5ff85e105449e31b7b2e5e62152ad00,fast,1h,ETH,2025-07-02T16:00:00+00:00,2025-07-02T17:00:00+00:00,2025-09-22T00:00:00+00:00,2560.83,4340,69.47630260501478,trend_break,1952,closed,5af02e8f4525420d83a664a333615db2,d85ad7e2888f47b79e6eead8595df555
ace4bf6568f2dbff0b0961bcbb1a1d3a,fast,1h,SOL,2025-07-02T16:00:00+00:00,2025-07-02T17:00:00+00:00,2025-07-03T15:00:00+00:00,152.97,149.89,-2.013466692815591,trend_break,23,closed,5af02e8f4525420d83a664a333615db2,d85ad7e2888f47b79e6eead8595df555
54e1380a03509cbded18075217d79470,fast,1h,XRP,2025-07-02T16:00:00+00:00,2025-07-02T17:00:00+00:00,2025-08-02T14:00:00+00:00,2.2529,2.879,27.790847352301483,trend_break,742,closed,5af02e8f4525420d83a664a333615db2,d85ad7e2888f47b79e6eead8595df555
dfebff6e5eaff7bc24ee7aa2568e8b54,fast,1h,XRP,2025-07-07T13:00:00+00:00,2025-07-07T14:00:00+00:00,2025-07-08T02:00:00+00:00,2.335,2.254965922824418,-3.4275836049499686,stop,13,closed,5af02e8f4525420d83a664a333615db2,d85ad7e2888f47b79e6eead8595df555
cba99eae2a15c6de58c87e8ba8eca3af,fast,1h,SOL,2025-07-08T12:00:00+00:00,2025-07-08T13:00:00+00:00,2025-07-08T15:00:00+00:00,152.44,149.8,-1.7318289162949307,trend_break,3,closed,5af02e8f4525420d83a664a333615db2,d85ad7e2888f47b79e6eead8595df555
fa0b772e3cedbb47861b58173c29e92e,fast,1h,ETH,2025-07-08T17:00:00+00:00,2025-07-08T18:00:00+00:00,2025-09-22T00:00:00+00:00,2615.94,4340,65.90594585502726,trend_break,1807,closed,5af02e8f4525420d83a664a333615db2,d85ad7e2888f47b79e6eead8595df555
87147a2299d90f5a1ab5944d679d2ccb,fast,1h,ADA,2025-07-09T05:00:00+00:00,2025-07-09T06:00:00+00:00,2025-07-09T06:00:00+00:00,0.5953,0.5951,-0.033596505963395806,trend_break,1,closed,5af02e8f4525420d83a664a333615db2,d85ad7e2888f47b79e6eead8595df555
1a9cec142a95cc4f54c3f45ba65e455a,fast,1h,XRP,2025-07-09T11:00:00+00:00,2025-07-09T12:00:00+00:00,2025-08-02T14:00:00+00:00,2.3789,2.879,21.02232124090968,trend_break,579,closed,5af02e8f4525420d83a664a333615db2,d85ad7e2888f47b79e6eead8595df555
4b5295ec96a2933477c8c41f758b6315,fast,1h,BTC,2025-07-09T12:00:00+00:00,2025-07-09T13:00:00+00:00,2025-08-01T08:00:00+00:00,109539.63,114649.57,4.6649235532382205,trend_break,548,closed,5af02e8f4525420d83a664a333615db2,d85ad7e2888f47b79e6eead8595df555
fa301e13812e2f99acdc6d5d555f8539,fast,1h,BNB,2025-07-09T19:00:00+00:00,2025-07-09T20:00:00+00:00,2025-08-02T22:00:00+00:00,669.4,735.17,9.825216611891241,trend_break,579,closed,5af02e8f4525420d83a664a333615db2,d85ad7e2888f47b79e6eead8595df555
0a7d0cfbcc8627ffc754ed8a84ea3b42,fast,1h,SOL,2025-07-09T19:00:00+00:00,2025-07-09T20:00:00+00:00,2025-07-31T23:00:00+00:00,157.31,172.28,9.516241815523486,trend_break,532,closed,5af02e8f4525420d83a664a333615db2,d85ad7e2888f47b79e6eead8595df555
31b8e719830bc3719f8695964a3202f3,fast,1h,BNB,2025-07-16T14:00:00+00:00,2025-07-16T15:00:00+00:00,2025-08-02T22:00:00+00:00,702.99,735.17,4.577590008392707,trend_break,416,closed,5af02e8f4525420d83a664a333615db2,d85ad7e2888f47b79e6eead8595df555
20ed0d66d63fb0ad9185371b35420b8d,fast,1h,SOL,2025-07-16T16:00:00+00:00,2025-07-16T17:00:00+00:00,2025-07-31T23:00:00+00:00,172.42,172.28,-0.08119707690522615,trend_break,367,closed,5af02e8f4525420d83a664a333615db2,d85ad7e2888f47b79e6eead8595df555
06f2ea624f260e66d755a2eb8f3eda63,fast,1h,XRP,2025-07-27T22:00:00+00:00,2025-07-27T23:00:00+00:00,2025-07-30T19:00:00+00:00,3.2301,3.0203195531218276,-6.49454960769551,stop,69,closed,5af02e8f4525420d83a664a333615db2,d85ad7e2888f47b79e6eead8595df555
02cc69aa433cd450f3b0d66e9e353a45,fast,1h,SOL,2025-07-28T02:00:00+00:00,2025-07-28T03:00:00+00:00,2025-07-29T16:00:00+00:00,191.5,178.9646872845543,-6.545855203888095,stop,38,closed,5af02e8f4525420d83a664a333615db2,d85ad7e2888f47b79e6eead8595df555
3f7bd2dc547e3fb10b9b390f1b430503,fast,1h,ADA,2025-07-28T05:00:00+00:00,2025-07-28T06:00:00+00:00,2025-07-28T18:00:00+00:00,0.853,0.7949134246916635,-6.809680575420451,stop,13,closed,5af02e8f4525420d83a664a333615db2,d85ad7e2888f47b79e6eead8595df555
979579b4523f4c434a7c1e30a5028af0,fast,1h,BTC,2025-08-06T15:00:00+00:00,2025-08-06T16:00:00+00:00,2025-08-07T02:00:00+00:00,115420.82,114668.78,-0.6515635567309386,trend_break,11,closed,5af02e8f4525420d83a664a333615db2,d85ad7e2888f47b79e6eead8595df555
e0a7a66606210b40beed82dedd5be5eb,fast,1h,BNB,2025-08-07T10:00:00+00:00,2025-08-07T11:00:00+00:00,2025-10-17T06:00:00+00:00,773.79,1093.55,41.32387340234431,trend_break,1700,closed,5af02e8f4525420d83a664a333615db2,d85ad7e2888f47b79e6eead8595df555
732db0f04915755f6f2fde70cff6a347,fast,1h,BTC,2025-08-07T10:00:00+00:00,2025-08-07T11:00:00+00:00,2025-08-18T01:00:00+00:00,116353.83,116348.44,-0.00463242164009392,trend_break,255,closed,5af02e8f4525420d83a664a333615db2,d85ad7e2888f47b79e6eead8595df555
21af992f01479bd0a306bac4f27329ec,fast,1h,ETH,2025-08-07T10:00:00+00:00,2025-08-07T11:00:00+00:00,2025-09-22T00:00:00+00:00,3813.58,4340,13.80382737480268,trend_break,1094,closed,5af02e8f4525420d83a664a333615db2,d85ad7e2888f47b79e6eead8595df555
d59233b0dd275ec2b5524b4096e5e027,fast,1h,SOL,2025-08-09T05:00:00+00:00,2025-08-09T06:00:00+00:00,2025-08-19T15:00:00+00:00,180.77,178.14,-1.4548874260109645,trend_break,250,closed,5af02e8f4525420d83a664a333615db2,d85ad7e2888f47b79e6eead8595df555
50a830411fb558a6e044a33f0d36c5aa,fast,1h,ADA,2025-08-12T15:00:00+00:00,2025-08-12T16:00:00+00:00,2025-08-25T20:00:00+00:00,0.8119,0.832,2.4756743441310514,trend_break,317,closed,5af02e8f4525420d83a664a333615db2,d85ad7e2888f47b79e6eead8595df555
518f9d9b2c6fff0fa13a638ad1db3fc2,fast,1h,SOL,2025-08-12T15:00:00+00:00,2025-08-12T16:00:00+00:00,2025-08-19T15:00:00+00:00,181.66,178.14,-1.93768578663438,trend_break,168,closed,5af02e8f4525420d83a664a333615db2,d85ad7e2888f47b79e6eead8595df555
cc5b84cd447ab698c90d71c3be3f8f4d,fast,1h,XRP,2025-08-12T19:00:00+00:00,2025-08-12T20:00:00+00:00,2025-08-14T12:00:00+00:00,3.2862,3.089911644946092,-5.973110433141871,stop,41,closed,5af02e8f4525420d83a664a333615db2,d85ad7e2888f47b79e6eead8595df555
cc74b81cfba1bb3eabb044a76c9f47fb,fast,1h,ADA,2025-08-22T14:00:00+00:00,2025-08-22T15:00:00+00:00,2025-08-25T20:00:00+00:00,0.9034,0.8329878935025175,-7.794122924228752,stop,78,closed,5af02e8f4525420d83a664a333615db2,d85ad7e2888f47b79e6eead8595df555
151dd0fc14d1b33934299c6b6d4ae83a,fast,1h,BNB,2025-08-22T14:00:00+00:00,2025-08-22T15:00:00+00:00,2025-08-26T00:00:00+00:00,873.98,833.1901235686229,-4.6671407161922644,stop,82,closed,5af02e8f4525420d83a664a333615db2,d85ad7e2888f47b79e6eead8595df555
21720f0c4b2cf132cd4e293a69520105,fast,1h,BTC,2025-08-22T14:00:00+00:00,2025-08-22T15:00:00+00:00,2025-08-23T03:00:00+00:00,115799,115804.56,0.004801423155642581,trend_break,13,closed,5af02e8f4525420d83a664a333615db2,d85ad7e2888f47b79e6eead8595df555
239bef4d1169c5611e91e2571d48dc0f,fast,1h,ETH,2025-08-22T14:00:00+00:00,2025-08-22T15:00:00+00:00,2025-08-25T20:00:00+00:00,4622.79,4371.925234932989,-5.4266961092113375,stop,78,closed,5af02e8f4525420d83a664a333615db2,d85ad7e2888f47b79e6eead8595df555
ee227803c8e52f0962406c8588ec442e,fast,1h,SOL,2025-08-22T14:00:00+00:00,2025-08-22T15:00:00+00:00,2025-09-22T19:00:00+00:00,191.9,217.04,13.100573215216249,trend_break,749,closed,5af02e8f4525420d83a664a333615db2,d85ad7e2888f47b79e6eead8595df555
07449303ef86de6ba5bf6b0b558b903f,fast,1h,XRP,2025-08-22T14:00:00+00:00,2025-08-22T15:00:00+00:00,2025-08-23T02:00:00+00:00,3.0197,2.9987,-0.6954333211908414,trend_break,12,closed,5af02e8f4525420d83a664a333615db2,d85ad7e2888f47b79e6eead8595df555
f8a4ba340fae8ada553b786ec92ba92d,fast,1h,ETH,2025-09-03T13:00:00+00:00,2025-09-03T14:00:00+00:00,2025-09-22T00:00:00+00:00,4423,4340,-1.8765543748586966,trend_break,443,closed,5af02e8f4525420d83a664a333615db2,d85ad7e2888f47b79e6eead8595df555
721ff9d6f6c38ba2070dd59929f1deca,fast,1h,BNB,2025-09-03T14:00:00+00:00,2025-09-03T15:00:00+00:00,2025-09-04T17:00:00+00:00,859.3,834.3392312337031,-2.9047793280922662,stop,27,closed,5af02e8f4525420d83a664a333615db2,d85ad7e2888f47b79e6eead8595df555
b7fc3a9536a10f257a5951c67b10aa4c,fast,1h,BTC,2025-09-03T14:00:00+00:00,2025-09-03T15:00:00+00:00,2025-09-03T15:00:00+00:00,112390.6,111981.11,-0.36434541678752597,trend_break,1,closed,5af02e8f4525420d83a664a333615db2,d85ad7e2888f47b79e6eead8595df555
97e819efd9d92bbf66dd5bc8331aaeda,fast,1h,BTC,2025-09-05T07:00:00+00:00,2025-09-05T08:00:00+00:00,2025-09-05T08:00:00+00:00,112937.88,112633.09,-0.26987402278138006,trend_break,1,closed,5af02e8f4525420d83a664a333615db2,d85ad7e2888f47b79e6eead8595df555
02b4ebe8103295e85dbcb05776f1fef3,fast,1h,BNB,2025-09-05T13:00:00+00:00,2025-09-05T14:00:00+00:00,2025-10-17T06:00:00+00:00,854.34,1093.55,27.999391343025003,trend_break,1001,closed,5af02e8f4525420d83a664a333615db2,d85ad7e2888f47b79e6eead8595df555
53cd412cf420ce12419f401e43c9039e,fast,1h,ADA,2025-09-08T03:00:00+00:00,2025-09-08T04:00:00+00:00,2025-09-22T02:00:00+00:00,0.8399,0.8527,1.523990951303733,trend_break,335,closed,5af02e8f4525420d83a664a333615db2,d85ad7e2888f47b79e6eead8595df555
b69cf1fb62a23e7d0dc399eca42bfb68,fast,1h,BTC,2025-09-08T10:00:00+00:00,2025-09-08T11:00:00+00:00,2025-09-08T11:00:00+00:00,112133.06,111790.54,-0.30545853292508474,trend_break,1,closed,5af02e8f4525420d83a664a333615db2,d85ad7e2888f47b79e6eead8595df555
d5bf4c55b645ab5f71af9d5ca6be4a00,fast,1h,BTC,2025-09-10T12:00:00+00:00,2025-09-10T13:00:00+00:00,2025-09-22T05:00:00+00:00,113369.01,113682.91,0.2768834269612164,trend_break,281,closed,5af02e8f4525420d83a664a333615db2,d85ad7e2888f47b79e6eead8595df555
3861942ab3e562ea0edadcfc66d3e0bd,fast,1h,BNB,2025-09-10T13:00:00+00:00,2025-09-10T14:00:00+00:00,2025-10-17T06:00:00+00:00,904.71,1093.55,20.87298692398669,trend_break,881,closed,5af02e8f4525420d83a664a333615db2,d85ad7e2888f47b79e6eead8595df555
a38b96626931f1e4a9ad2ba1e48499f8,fast,1h,ETH,2025-09-10T13:00:00+00:00,2025-09-10T14:00:00+00:00,2025-09-22T00:00:00+00:00,4421.02,4340,-1.832608764493271,trend_break,275,closed,5af02e8f4525420d83a664a333615db2,d85ad7e2888f47b79e6eead8595df555
31cdd7e50a1793b179782fa5c0385e3e,fast,1h,ETH,2025-09-12T00:00:00+00:00,2025-09-12T01:00:00+00:00,2025-09-22T00:00:00+00:00,4513.4,4340.417889782292,-3.832634160892179,stop,240,closed,5af02e8f4525420d83a664a333615db2,d85ad7e2888f47b79e6eead8595df555
0f67adeb5c799ab16ef7f10f8a6ad6e0,fast,1h,BNB,2025-09-12T17:00:00+00:00,2025-09-12T18:00:00+00:00,2025-10-17T06:00:00+00:00,917.33,1093.55,19.21009887390579,trend_break,829,closed,5af02e8f4525420d83a664a333615db2,d85ad7e2888f47b79e6eead8595df555
c09c3dc10f8a647e3e7753d4b8b6fdfd,fast,1h,ADA,2025-09-17T22:00:00+00:00,2025-09-17T23:00:00+00:00,2025-09-22T00:00:00+00:00,0.9112,0.8697327418541908,-4.550840446203819,stop,98,closed,5af02e8f4525420d83a664a333615db2,d85ad7e2888f47b79e6eead8595df555
61255b2fc083c87e9b034279c618610f,fast,1h,ETH,2025-09-17T22:00:00+00:00,2025-09-17T23:00:00+00:00,2025-09-22T00:00:00+00:00,4580.97,4397.5807945974475,-4.0032832653903565,stop,98,closed,5af02e8f4525420d83a664a333615db2,d85ad7e2888f47b79e6eead8595df555
cc753d50284f3862df6216c4b978701b,fast,1h,XRP,2025-09-17T22:00:00+00:00,2025-09-17T23:00:00+00:00,2025-09-20T14:00:00+00:00,3.0896,2.975173309127034,-3.703608585997087,stop,64,closed,5af02e8f4525420d83a664a333615db2,d85ad7e2888f47b79e6eead8595df555
5aa087d855001fefeb5f1cb81ecfe2a0,fast,1h,ETH,2025-09-29T20:00:00+00:00,2025-09-29T21:00:00+00:00,2025-09-29T21:00:00+00:00,4228.15,4227.91,-0.00567624138215761,trend_break,1,closed,5af02e8f4525420d83a664a333615db2,d85ad7e2888f47b79e6eead8595df555
0587bd4acaf48e05a2c965605762ebe6,fast,1h,ETH,2025-10-01T08:00:00+00:00,2025-10-01T09:00:00+00:00,2025-10-09T08:00:00+00:00,4294.62,4320.72,0.6077371222599437,trend_break,192,closed,5af02e8f4525420d83a664a333615db2,d85ad7e2888f47b79e6eead8595df555
9b905484dbca0e9b18f409f211c897d7,fast,1h,SOL,2025-10-01T08:00:00+00:00,2025-10-01T09:00:00+00:00,2025-10-08T03:00:00+00:00,216.08,218.22,0.9903739355794139,trend_break,163,closed,5af02e8f4525420d83a664a333615db2,d85ad7e2888f47b79e6eead8595df555
0f6f3dd8c7c95fb6dfb020c67046b3c9,fast,1h,XRP,2025-10-01T08:00:00+00:00,2025-10-01T09:00:00+00:00,2025-10-07T14:00:00+00:00,2.9173,2.9124,-0.16796352791965674,trend_break,150,closed,5af02e8f4525420d83a664a333615db2,d85ad7e2888f47b79e6eead8595df555
f8efb945f1fc156e93e4afb9d54e786f,fast,1h,ADA,2025-10-02T18:00:00+00:00,2025-10-02T19:00:00+00:00,2025-10-04T14:00:00+00:00,0.8714,0.8389,-3.729630479687851,trend_break,44,closed,5af02e8f4525420d83a664a333615db2,d85ad7e2888f47b79e6eead8595df555
b9f6e47a63d6ca6d381800de61f082d1,fast,1h,ADA,2025-10-05T02:00:00+00:00,2025-10-05T03:00:00+00:00,2025-10-05T19:00:00+00:00,0.8598,0.8303,-3.431030472202834,trend_break,17,closed,5af02e8f4525420d83a664a333615db2,d85ad7e2888f47b79e6eead8595df555
66a49c52fac6042cbf489681d3cd0178,fast,1h,ADA,2025-10-06T13:00:00+00:00,2025-10-06T14:00:00+00:00,2025-10-07T14:00:00+00:00,0.8638,0.8399,-2.766844176892802,trend_break,25,closed,5af02e8f4525420d83a664a333615db2,d85ad7e2888f47b79e6eead8595df555
d4ccb2ff2603cdeb3a9e2ccf40946dc0,fast,1h,ADA,2025-10-08T17:00:00+00:00,2025-10-08T18:00:00+00:00,2025-10-08T18:00:00+00:00,0.8444,0.8389,-0.651350071056378,trend_break,1,closed,5af02e8f4525420d83a664a333615db2,d85ad7e2888f47b79e6eead8595df555
07cd5d33d13376e1e1264834ea841dbc,fast,1h,ETH,2025-10-08T17:00:00+00:00,2025-10-08T18:00:00+00:00,2025-10-09T08:00:00+00:00,4544.28,4326.241572207826,-4.798085236652982,stop,15,closed,5af02e8f4525420d83a664a333615db2,d85ad7e2888f47b79e6eead8595df555
711c122f90d0459f3d0e3609eb960236,fast,1h,SOL,2025-10-08T17:00:00+00:00,2025-10-08T18:00:00+00:00,2025-10-09T15:00:00+00:00,227.1,218.93,-3.5975341259357085,trend_break,22,closed,5af02e8f4525420d83a664a333615db2,d85ad7e2888f47b79e6eead8595df555
deff2c05978324104a446c29f8c29a36,fast,1h,BTC,2025-10-21T15:00:00+00:00,2025-10-21T16:00:00+00:00,2025-10-21T16:00:00+00:00,113473.03,112571.45,-0.7945324100361084,trend_break,1,closed,5af02e8f4525420d83a664a333615db2,d85ad7e2888f47b79e6eead8595df555
2d5c5560ae36a527634c0bd4b36cf52d,fast,1h,SOL,2025-10-21T15:00:00+00:00,2025-10-21T16:00:00+00:00,2025-10-21T16:00:00+00:00,195.79,192.2,-1.8335972215128504,trend_break,1,closed,5af02e8f4525420d83a664a333615db2,d85ad7e2888f47b79e6eead8595df555
840d34045483b24686ba7cad214491cc,fast,1h,ETH,2025-10-24T04:00:00+00:00,2025-10-24T05:00:00+00:00,2025-10-24T05:00:00+00:00,3972,3975.2,0.08056394763342745,trend_break,1,closed,5af02e8f4525420d83a664a333615db2,d85ad7e2888f47b79e6eead8595df555
d0a2a76319095ffeb32be326aa81efa2,fast,1h,BNB,2025-10-27T01:00:00+00:00,2025-10-27T02:00:00+00:00,2025-10-28T20:00:00+00:00,1150.37,1099.1485583405552,-4.452605827641953,stop,43,closed,5af02e8f4525420d83a664a333615db2,d85ad7e2888f47b79e6eead8595df555
b39d0bce13424e432136ddccb070de84,fast,1h,ETH,2025-11-12T10:00:00+00:00,2025-11-12T11:00:00+00:00,2025-11-12T11:00:00+00:00,3537.89,3552.74,0.41974171045453534,trend_break,1,closed,5af02e8f4525420d83a664a333615db2,d85ad7e2888f47b79e6eead8595df555
907416651d8d7077d536bfc7cee867c4,fast,1h,BTC,2025-11-26T17:00:00+00:00,2025-11-26T18:00:00+00:00,2025-11-26T18:00:00+00:00,89917.73,90198.33,0.3120630380682554,trend_break,1,closed,5af02e8f4525420d83a664a333615db2,d85ad7e2888f47b79e6eead8595df555
dbe676cb61d952480f0bae8d51edba40,fast,1h,ETH,2025-11-26T17:00:00+00:00,2025-11-26T18:00:00+00:00,2025-11-26T18:00:00+00:00,3034.14,3034.94,0.026366614592610027,trend_break,1,closed,5af02e8f4525420d83a664a333615db2,d85ad7e2888f47b79e6eead8595df555
90f2fda08e954690d8ca247de0b7712b,fast,1h,SOL,2025-11-26T18:00:00+00:00,2025-11-26T19:00:00+00:00,2025-11-26T19:00:00+00:00,144.63,144.05,-0.40102330083661153,trend_break,1,closed,5af02e8f4525420d83a664a333615db2,d85ad7e2888f47b79e6eead8595df555
770bf956fb5a5157f71b270552e60766,fast,1h,XRP,2025-11-29T11:00:00+00:00,2025-11-29T12:00:00+00:00,2025-11-29T12:00:00+00:00,2.2085,2.2143,0.2626216889291433,trend_break,1,closed,5af02e8f4525420d83a664a333615db2,d85ad7e2888f47b79e6eead8595df555
35d2fc0bb83595ff51b6e61733292a47,fast,1h,ADA,2025-12-02T15:00:00+00:00,2025-12-02T16:00:00+00:00,2025-12-02T16:00:00+00:00,0.4307,0.4284,-0.5340143951706566,trend_break,1,closed,5af02e8f4525420d83a664a333615db2,d85ad7e2888f47b79e6eead8595df555
42398133e0f4d117570c94f19ddb22eb,fast,1h,BNB,2025-12-02T15:00:00+00:00,2025-12-02T16:00:00+00:00,2025-12-02T16:00:00+00:00,872.43,875.1,0.3060417454695541,trend_break,1,closed,5af02e8f4525420d83a664a333615db2,d85ad7e2888f47b79e6eead8595df555
fad197c9f7a4dd21f30277044c7481ca,fast,1h,BTC,2025-12-02T15:00:00+00:00,2025-12-02T16:00:00+00:00,2025-12-02T16:00:00+00:00,91106.24,90974.17,-0.14496262824589268,trend_break,1,closed,5af02e8f4525420d83a664a333615db2,d85ad7e2888f47b79e6eead8595df555
8f5e94518f539863472fcc5e465c12b6,fast,1h,ETH,2025-12-02T15:00:00+00:00,2025-12-02T16:00:00+00:00,2025-12-02T16:00:00+00:00,3014.1,3003.77,-0.3427225374075138,trend_break,1,closed,5af02e8f4525420d83a664a333615db2,d85ad7e2888f47b79e6eead8595df555
35eda59b85478fb146a3760be020ee9e,fast,1h,SOL,2025-12-02T15:00:00+00:00,2025-12-02T16:00:00+00:00,2025-12-02T16:00:00+00:00,137.92,139.46,1.116589327146178,trend_break,1,closed,5af02e8f4525420d83a664a333615db2,d85ad7e2888f47b79e6eead8595df555
68fdf8f43c7d3ae60a2ac1520446eb3b,fast,1h,XRP,2025-12-02T15:00:00+00:00,2025-12-02T16:00:00+00:00,2025-12-02T16:00:00+00:00,2.1597,2.1503,-0.4352456359679513,trend_break,1,closed,5af02e8f4525420d83a664a333615db2,d85ad7e2888f47b79e6eead8595df555
8c3562f21ab930c6f571e79b119f7b65,fast,1h,ADA,2025-12-07T17:00:00+00:00,2025-12-07T18:00:00+00:00,2025-12-07T18:00:00+00:00,0.4323,0.4318,-0.11566042100393803,trend_break,1,closed,5af02e8f4525420d83a664a333615db2,d85ad7e2888f47b79e6eead8595df555
6d5863e07de940340ac6583c3a9793bd,fast,1h,BTC,2025-12-07T17:00:00+00:00,2025-12-07T18:00:00+00:00,2025-12-07T18:00:00+00:00,91233.32,91591.38,0.3924662612299956,trend_break,1,closed,5af02e8f4525420d83a664a333615db2,d85ad7e2888f47b79e6eead8595df555
0b8dc79dbb33819a8e3b2a7c72ab1530,fast,1h,ETH,2025-12-07T17:00:00+00:00,2025-12-07T18:00:00+00:00,2025-12-07T18:00:00+00:00,3111.89,3132.91,0.6754737474653716,trend_break,1,closed,5af02e8f4525420d83a664a333615db2,d85ad7e2888f47b79e6eead8595df555
df3a794668590418af17bddb51696427,fast,1h,XRP,2025-12-07T18:00:00+00:00,2025-12-07T19:00:00+00:00,2025-12-07T19:00:00+00:00,2.1029,2.0921,-0.5135764896095907,trend_break,1,closed,5af02e8f4525420d83a664a333615db2,d85ad7e2888f47b79e6eead8595df555
87b6b89354c1481d7bc71462f51dc10d,fast,1h,ADA,2025-12-09T13:00:00+00:00,2025-12-09T14:00:00+00:00,2025-12-09T14:00:00+00:00,0.4511,0.4515,0.08867213478165326,trend_break,1,closed,5af02e8f4525420d83a664a333615db2,d85ad7e2888f47b79e6eead8595df555
71f0a3024dacfa9f043f0ccc6f298d90,fast,1h,BTC,2025-12-09T15:00:00+00:00,2025-12-09T16:00:00+00:00,2025-12-09T16:00:00+00:00,92817.36,94038.34,1.3154651241965798,trend_break,1,closed,5af02e8f4525420d83a664a333615db2,d85ad7e2888f47b79e6eead8595df555
ebbb89868961d9cc608d52c64d40b7b5,fast,1h,ETH,2025-12-09T15:00:00+00:00,2025-12-09T16:00:00+00:00,2025-12-11T03:00:00+00:00,3239.24,3184.78,-1.6812585668243063,trend_break,36,closed,5af02e8f4525420d83a664a333615db2,d85ad7e2888f47b79e6eead8595df555
4907144a8556c02ecf93e985e814981a,fast,1h,SOL,2025-12-09T15:00:00+00:00,2025-12-09T16:00:00+00:00,2025-12-09T16:00:00+00:00,138.47,143.65,3.740882501624898,trend_break,1,closed,5af02e8f4525420d83a664a333615db2,d85ad7e2888f47b79e6eead8595df555
5c11212027150d5aa4e96d1ca7289b24,fast,1h,XRP,2025-12-09T15:00:00+00:00,2025-12-09T16:00:00+00:00,2025-12-09T16:00:00+00:00,2.12,2.165,2.1226415094339535,trend_break,1,closed,5af02e8f4525420d83a664a333615db2,d85ad7e2888f47b79e6eead8595df555
65fbc2cdc3f6deb7cd7ebdd5c8a6ba75,fast,1h,BNB,2025-12-09T16:00:00+00:00,2025-12-09T17:00:00+00:00,2025-12-09T18:00:00+00:00,926.93,916.82,-1.0906972479043597,trend_break,2,closed,5af02e8f4525420d83a664a333615db2,d85ad7e2888f47b79e6eead8595df555
4d49b7ef95fc5337f367c1079ca34392,fast,1h,SOL,2025-12-11T20:00:00+00:00,2025-12-11T21:00:00+00:00,2025-12-11T21:00:00+00:00,136.22,137.31,0.8001761855821465,trend_break,1,closed,5af02e8f4525420d83a664a333615db2,d85ad7e2888f47b79e6eead8595df555
d8d00d3e1bfcd4d8b901c1d432d531ea,fast,1h,BTC,2025-12-11T21:00:00+00:00,2025-12-11T22:00:00+00:00,2025-12-11T22:00:00+00:00,92954.73,92377.21,-0.6212916760663934,trend_break,1,closed,5af02e8f4525420d83a664a333615db2,d85ad7e2888f47b79e6eead8595df555
18b127bedda47d621d9108c79aadf010,fast,1h,BNB,2025-12-22T08:00:00+00:00,2025-12-22T09:00:00+00:00,2025-12-22T09:00:00+00:00,864.54,862.6,-0.22439678904387916,trend_break,1,closed,5af02e8f4525420d83a664a333615db2,d85ad7e2888f47b79e6eead8595df555
c4afd72d8f64db17d8ec6dbbbd8214ee,fast,1h,ADA,2025-12-22T15:00:00+00:00,2025-12-22T16:00:00+00:00,2025-12-22T16:00:00+00:00,0.3804,0.3788,-0.4206098843322792,trend_break,1,closed,5af02e8f4525420d83a664a333615db2,d85ad7e2888f47b79e6eead8595df555
ee00bea468f34a4d82ea5def801afd18,fast,1h,BTC,2025-12-29T00:00:00+00:00,2025-12-29T01:00:00+00:00,2025-12-29T01:00:00+00:00,88410.95,88491.28,0.0908597860332927,trend_break,1,closed,5af02e8f4525420d83a664a333615db2,d85ad7e2888f47b79e6eead8595df555
89d632c8a3e342f54ffb564ce448ba8a,fast,1h,ETH,2025-12-29T00:00:00+00:00,2025-12-29T01:00:00+00:00,2025-12-29T01:00:00+00:00,2971.08,2980.5,0.3170564239266538,trend_break,1,closed,5af02e8f4525420d83a664a333615db2,d85ad7e2888f47b79e6eead8595df555
db6aea40219337829a9c22d9ac4b26ba,fast,1h,SOL,2025-12-29T00:00:00+00:00,2025-12-29T01:00:00+00:00,2025-12-29T01:00:00+00:00,127.13,128.6,1.156296704161086,trend_break,1,closed,5af02e8f4525420d83a664a333615db2,d85ad7e2888f47b79e6eead8595df555
83cff6b666e714bdc550450b0921d7d8,fast,1h,XRP,2025-12-29T02:00:00+00:00,2025-12-29T03:00:00+00:00,2025-12-29T03:00:00+00:00,1.8915,1.915,1.242400211472372,trend_break,1,closed,5af02e8f4525420d83a664a333615db2,d85ad7e2888f47b79e6eead8595df555
f941daef5b3573ac10e3167787852955,fast,1h,BTC,2025-12-30T14:00:00+00:00,2025-12-30T15:00:00+00:00,2025-12-30T15:00:00+00:00,88986.05,89108.11,0.13716756727599755,trend_break,1,closed,5af02e8f4525420d83a664a333615db2,d85ad7e2888f47b79e6eead8595df555
4d0876845ab03d267cb5e86586c0b621,fast,1h,SOL,2025-12-31T01:00:00+00:00,2025-12-31T02:00:00+00:00,2025-12-31T02:00:00+00:00,125.97,126.01,0.031753592125105534,trend_break,1,closed,5af02e8f4525420d83a664a333615db2,d85ad7e2888f47b79e6eead8595df555
62e9fa46c368a9764a334a6f090460ae,fast,1h,ETH,2025-12-31T11:00:00+00:00,2025-12-31T12:00:00+00:00,2025-12-31T12:00:00+00:00,3001.42,2984,-0.5803919478113762,trend_break,1,closed,5af02e8f4525420d83a664a333615db2,d85ad7e2888f47b79e6eead8595df555
43d6261069c55ab32994a133d1a687f6,fast,1h,BTC,2026-01-01T19:00:00+00:00,2026-01-01T20:00:00+00:00,2026-01-01T20:00:00+00:00,88374.12,88328.31,-0.051836442614650036,trend_break,1,closed,5af02e8f4525420d83a664a333615db2,d85ad7e2888f47b79e6eead8595df555
1eb733dbd037cab5c4ffac379c22791f,fast,1h,SOL,2026-01-02T00:00:00+00:00,2026-01-02T01:00:00+00:00,2026-01-02T01:00:00+00:00,127.21,126.65,-0.4402169640751463,trend_break,1,closed,5af02e8f4525420d83a664a333615db2,d85ad7e2888f47b79e6eead8595df555
0801f57a986b9ec30be0dddc872ac85b,fast,1h,XRP,2026-01-02T14:00:00+00:00,2026-01-02T15:00:00+00:00,2026-01-02T15:00:00+00:00,1.9223,1.9179,-0.22889247255891698,trend_break,1,closed,5af02e8f4525420d83a664a333615db2,d85ad7e2888f47b79e6eead8595df555
1b351c6549c6b528c60e9673793e4a01,fast,1h,ADA,2026-01-02T16:00:00+00:00,2026-01-02T17:00:00+00:00,2026-01-02T17:00:00+00:00,0.389,0.387,-0.5141388174807249,trend_break,1,closed,5af02e8f4525420d83a664a333615db2,d85ad7e2888f47b79e6eead8595df555
061c3223a878c31a0710a84794c4b508,fast,1h,BNB,2026-01-02T16:00:00+00:00,2026-01-02T17:00:00+00:00,2026-01-03T07:00:00+00:00,887.23,871.02,-1.82703470351544,trend_break,15,closed,5af02e8f4525420d83a664a333615db2,d85ad7e2888f47b79e6eead8595df555
7795e949a49b75131bf0d34519e02456,fast,1h,BTC,2026-01-12T01:00:00+00:00,2026-01-12T02:00:00+00:00,2026-01-20T05:00:00+00:00,91218.67,91631.03,0.4520565800838705,trend_break,196,closed,5af02e8f4525420d83a664a333615db2,d85ad7e2888f47b79e6eead8595df555
c86dfe044a0be3cebd566c34670c4303,fast,1h,BNB,2026-01-13T07:00:00+00:00,2026-01-13T08:00:00+00:00,2026-01-20T16:00:00+00:00,910.86,898.01,-1.410754671409442,trend_break,177,closed,5af02e8f4525420d83a664a333615db2,d85ad7e2888f47b79e6eead8595df555
20c3f054d5cf4798ed6c2718ad3b4c01,fast,1h,ADA,2026-01-13T15:00:00+00:00,2026-01-13T16:00:00+00:00,2026-01-15T17:00:00+00:00,0.4062,0.3962,-2.461841457410141,trend_break,50,closed,5af02e8f4525420d83a664a333615db2,d85ad7e2888f47b79e6eead8595df555
f4e4fa28ede1069cc8c08936f74f6108,fast,1h,BTC,2026-01-13T15:00:00+00:00,2026-01-13T16:00:00+00:00,2026-01-20T05:00:00+00:00,93456.78,91631.03,-1.9535768298458378,trend_break,158,closed,5af02e8f4525420d83a664a333615db2,d85ad7e2888f47b79e6eead8595df555
587acff8d8fb37c3481d448a2465993f,fast,1h,ETH,2026-01-13T15:00:00+00:00,2026-01-13T16:00:00+00:00,2026-01-20T06:00:00+00:00,3189.94,3114.47,-2.36587522022359,trend_break,159,closed,5af02e8f4525420d83a664a333615db2,d85ad7e2888f47b79e6eead8595df555
fdd291ed530aa87b2a5bb44e7d7b1cb2,fast,1h,XRP,2026-01-13T15:00:00+00:00,2026-01-13T16:00:00+00:00,2026-01-16T15:00:00+00:00,2.099,2.0327,-3.158646974749879,trend_break,72,closed,5af02e8f4525420d83a664a333615db2,d85ad7e2888f47b79e6eead8595df555
01222165e0f341eb0e3791ccf2f82b7e,fast,1h,ADA,2026-02-14T11:00:00+00:00,2026-02-14T12:00:00+00:00,2026-02-14T12:00:00+00:00,0.2841,0.2839,-0.07039774727209958,trend_break,1,closed,5af02e8f4525420d83a664a333615db2,d85ad7e2888f47b79e6eead8595df555
9620b4dd50d224988bdd965b8277f229,fast,1h,ADA,2026-02-16T12:00:00+00:00,2026-02-16T13:00:00+00:00,2026-02-16T13:00:00+00:00,0.2866,0.2826,-1.3956734124214942,trend_break,1,closed,5af02e8f4525420d83a664a333615db2,d85ad7e2888f47b79e6eead8595df555
163d7a61449ef55cd7c32b40feb584c4,fast,1h,BTC,2026-02-16T12:00:00+00:00,2026-02-16T13:00:00+00:00,2026-02-16T13:00:00+00:00,69687.83,68252.65,-2.0594413687440194,trend_break,1,closed,5af02e8f4525420d83a664a333615db2,d85ad7e2888f47b79e6eead8595df555
217ad3d6fc24d38d5bab4f5b0036858d,fast,1h,ADA,2026-02-25T14:00:00+00:00,2026-02-25T15:00:00+00:00,2026-02-25T15:00:00+00:00,0.2883,0.2913,1.0405827263267442,trend_break,1,closed,5af02e8f4525420d83a664a333615db2,d85ad7e2888f47b79e6eead8595df555
5f1a0f057a724c561db2c57955a30423,fast,1h,XRP,2026-02-25T14:00:00+00:00,2026-02-25T15:00:00+00:00,2026-02-25T15:00:00+00:00,1.4376,1.4414,0.2643294379521377,trend_break,1,closed,5af02e8f4525420d83a664a333615db2,d85ad7e2888f47b79e6eead8595df555
a26c2097a44fecbc1ca77f1355d92f09,fast,1h,BNB,2026-03-02T14:00:00+00:00,2026-03-02T15:00:00+00:00,2026-03-02T15:00:00+00:00,635,648.32,2.0976377952756087,trend_break,1,closed,5af02e8f4525420d83a664a333615db2,d85ad7e2888f47b79e6eead8595df555
bc253a986880ac4be4c2765bddbd145d,fast,1h,ADA,2026-03-02T15:00:00+00:00,2026-03-02T16:00:00+00:00,2026-03-02T16:00:00+00:00,0.2849,0.2855,0.21060021060019807,trend_break,1,closed,5af02e8f4525420d83a664a333615db2,d85ad7e2888f47b79e6eead8595df555
6589f1f08f0bc540007bbbd9248d29f4,fast,1h,BTC,2026-03-02T15:00:00+00:00,2026-03-02T16:00:00+00:00,2026-03-02T16:00:00+00:00,69114.39,69457.72,0.4967561747994953,trend_break,1,closed,5af02e8f4525420d83a664a333615db2,d85ad7e2888f47b79e6eead8595df555
21b8be377b63980afefaf309dd5f4535,fast,1h,SOL,2026-03-02T15:00:00+00:00,2026-03-02T16:00:00+00:00,2026-03-02T16:00:00+00:00,88.89,88.92,0.03374957813027102,trend_break,1,closed,5af02e8f4525420d83a664a333615db2,d85ad7e2888f47b79e6eead8595df555
a7fe6ec06d85163671d4c9080b9da5d5,fast,1h,XRP,2026-03-02T15:00:00+00:00,2026-03-02T16:00:00+00:00,2026-03-02T16:00:00+00:00,1.4007,1.4074,0.47833226244020643,trend_break,1,closed,5af02e8f4525420d83a664a333615db2,d85ad7e2888f47b79e6eead8595df555
5c0d06d3a92bf316c8b8e09949042200,fast,1h,BTC,2026-03-04T08:00:00+00:00,2026-03-04T09:00:00+00:00,2026-03-04T11:00:00+00:00,71015.05,71119.46,0.1470251728330929,trend_break,3,closed,5af02e8f4525420d83a664a333615db2,d85ad7e2888f47b79e6eead8595df555
4c2081993db2355bcd95fed8ea0bb7b2,fast,1h,SOL,2026-03-04T08:00:00+00:00,2026-03-04T09:00:00+00:00,2026-03-04T09:00:00+00:00,89.75,90.47,0.8022284122562562,trend_break,1,closed,5af02e8f4525420d83a664a333615db2,d85ad7e2888f47b79e6eead8595df555
7847ed08fc157fe871b05e1ca51e4b6d,fast,1h,BNB,2026-03-04T09:00:00+00:00,2026-03-04T10:00:00+00:00,2026-03-04T10:00:00+00:00,653.25,652.27,-0.15001913509375964,trend_break,1,closed,5af02e8f4525420d83a664a333615db2,d85ad7e2888f47b79e6eead8595df555
4a8b9968453ba5e60d249f43707f1288,fast,1h,XRP,2026-03-10T08:00:00+00:00,2026-03-10T09:00:00+00:00,2026-03-10T09:00:00+00:00,1.4039,1.4177,0.982975995441282,trend_break,1,closed,5af02e8f4525420d83a664a333615db2,d85ad7e2888f47b79e6eead8595df555
82ce539472046a38ce48ac37c01187ac,fast,1h,ADA,2026-03-10T09:00:00+00:00,2026-03-10T10:00:00+00:00,2026-03-10T10:00:00+00:00,0.2657,0.2681,0.9032743695897683,trend_break,1,closed,5af02e8f4525420d83a664a333615db2,d85ad7e2888f47b79e6eead8595df555
f907e626471b14467e3d831c105825ad,fast,1h,SOL,2026-03-10T14:00:00+00:00,2026-03-10T15:00:00+00:00,2026-03-10T15:00:00+00:00,88.19,88.32,0.14740900328835682,trend_break,1,closed,5af02e8f4525420d83a664a333615db2,d85ad7e2888f47b79e6eead8595df555
cf7669499bbcef05664cc1eb897c698e,fast,1h,BTC,2026-03-11T14:00:00+00:00,2026-03-11T15:00:00+00:00,2026-03-11T15:00:00+00:00,70617.78,70270.7,-0.49149095312823743,trend_break,1,closed,5af02e8f4525420d83a664a333615db2,d85ad7e2888f47b79e6eead8595df555
0958291e14fb45e3bbfd2e3e022700d8,fast,1h,ETH,2026-03-11T14:00:00+00:00,2026-03-11T15:00:00+00:00,2026-03-11T15:00:00+00:00,2062.43,2049.15,-0.6439006414763027,trend_break,1,closed,5af02e8f4525420d83a664a333615db2,d85ad7e2888f47b79e6eead8595df555
c5ecdbb625cfc89fd171341d8b4f8088,fast,1h,SOL,2026-03-11T18:00:00+00:00,2026-03-11T19:00:00+00:00,2026-03-11T19:00:00+00:00,87.61,87.22,-0.4451546627097347,trend_break,1,closed,5af02e8f4525420d83a664a333615db2,d85ad7e2888f47b79e6eead8595df555
7d44b1a123fb926d3c8b399f5b79837f,fast,1h,ADA,2026-03-13T00:00:00+00:00,2026-03-13T01:00:00+00:00,2026-03-13T01:00:00+00:00,0.2705,0.2721,0.5914972273567409,trend_break,1,closed,5af02e8f4525420d83a664a333615db2,d85ad7e2888f47b79e6eead8595df555
7ffb8b58e018314540dcfe8e8c39ac2d,fast,1h,SOL,2026-03-13T00:00:00+00:00,2026-03-13T01:00:00+00:00,2026-03-13T02:00:00+00:00,90,89.06,-1.0444444444444367,trend_break,2,closed,5af02e8f4525420d83a664a333615db2,d85ad7e2888f47b79e6eead8595df555
65267c7cc988d35af379decad56762c6,fast,1h,XRP,2026-03-13T00:00:00+00:00,2026-03-13T01:00:00+00:00,2026-03-13T01:00:00+00:00,1.4113,1.4131,0.12754198256925697,trend_break,1,closed,5af02e8f4525420d83a664a333615db2,d85ad7e2888f47b79e6eead8595df555
c318c7fd544a2031849bce9b924c7f24,fast,1h,SOL,2026-03-15T21:00:00+00:00,2026-03-15T22:00:00+00:00,2026-03-18T14:00:00+00:00,90,88.94,-1.1777777777777776,trend_break,65,closed,5af02e8f4525420d83a664a333615db2,d85ad7e2888f47b79e6eead8595df555
f7ea4a16b201e32289075fc9851feb01,fast,1h,ADA,2026-03-15T22:00:00+00:00,2026-03-15T23:00:00+00:00,2026-03-15T23:00:00+00:00,0.2712,0.2702,-0.36873156342183133,trend_break,1,closed,5af02e8f4525420d83a664a333615db2,d85ad7e2888f47b79e6eead8595df555
25462e4e15ab5abf66efa01c1acf88cb,fast,1h,ETH,2026-03-23T12:00:00+00:00,2026-03-23T13:00:00+00:00,2026-03-23T15:00:00+00:00,2146.29,2128.02,-0.8512363194162931,trend_break,3,closed,5af02e8f4525420d83a664a333615db2,d85ad7e2888f47b79e6eead8595df555
38701b1e8c566eac8e9994b535ef3a35,fast,1h,SOL,2026-03-23T12:00:00+00:00,2026-03-23T13:00:00+00:00,2026-03-24T14:00:00+00:00,90.47,89.5,-1.0721786227478658,trend_break,26,closed,5af02e8f4525420d83a664a333615db2,d85ad7e2888f47b79e6eead8595df555
04ffb7bd14146583234dabfd43c7f4b4,fast,1h,BTC,2026-03-23T13:00:00+00:00,2026-03-23T14:00:00+00:00,2026-03-23T15:00:00+00:00,71471.68,70119.61,-1.8917562872455163,trend_break,2,closed,5af02e8f4525420d83a664a333615db2,d85ad7e2888f47b79e6eead8595df555
418cdf192ae8229fbbdfba4cd39713b5,fast,1h,XRP,2026-03-23T13:00:00+00:00,2026-03-23T14:00:00+00:00,2026-03-23T15:00:00+00:00,1.4428,1.4312,-0.8039922373163311,trend_break,2,closed,5af02e8f4525420d83a664a333615db2,d85ad7e2888f47b79e6eead8595df555
4e45945aff98070cb15a33929bea39d0,fast,1h,ADA,2026-04-01T06:00:00+00:00,2026-04-01T07:00:00+00:00,2026-04-01T07:00:00+00:00,0.2524,0.251,-0.5546751188589605,trend_break,1,closed,5af02e8f4525420d83a664a333615db2,d85ad7e2888f47b79e6eead8595df555
eea50ca08475f167fa116bdade98729c,fast,1h,SOL,2026-04-01T16:00:00+00:00,2026-04-01T17:00:00+00:00,2026-04-01T17:00:00+00:00,85.3,84.45,-0.9964830011723214,trend_break,1,closed,5af02e8f4525420d83a664a333615db2,d85ad7e2888f47b79e6eead8595df555
05525bbacbcea2031db87ed6d1d4e1e0,fast,1h,BTC,2026-04-05T23:00:00+00:00,2026-04-06T00:00:00+00:00,2026-04-06T00:00:00+00:00,69047.2,69098.11,0.0737321716159478,trend_break,1,closed,5af02e8f4525420d83a664a333615db2,d85ad7e2888f47b79e6eead8595df555
6ff8f4eed0606167b15bf40357f0d8fd,fast,1h,ETH,2026-04-05T23:00:00+00:00,2026-04-06T00:00:00+00:00,2026-04-07T10:00:00+00:00,2117.15,2091.28,-1.2219257020050445,trend_break,35,closed,5af02e8f4525420d83a664a333615db2,d85ad7e2888f47b79e6eead8595df555
fb25c1a255828a7eefc90689f804a3de,fast,1h,ADA,2026-04-06T00:00:00+00:00,2026-04-06T01:00:00+00:00,2026-04-06T01:00:00+00:00,0.2547,0.2554,0.2748331370239665,trend_break,1,closed,5af02e8f4525420d83a664a333615db2,d85ad7e2888f47b79e6eead8595df555
ebce144585b89c5346c7287b5a567ef9,fast,1h,BNB,2026-04-06T00:00:00+00:00,2026-04-06T01:00:00+00:00,2026-04-06T01:00:00+00:00,603.75,601.2,-0.42236024844719555,trend_break,1,closed,5af02e8f4525420d83a664a333615db2,d85ad7e2888f47b79e6eead8595df555
fb647e1fc25951e36ceb7a061832c123,fast,1h,ADA,2026-04-07T21:00:00+00:00,2026-04-07T22:00:00+00:00,2026-04-08T11:00:00+00:00,0.2538,0.257,1.2608353033884967,trend_break,14,closed,5af02e8f4525420d83a664a333615db2,d85ad7e2888f47b79e6eead8595df555
e7d5a130f2f57ede8f95effc114b914d,fast,1h,BTC,2026-04-07T21:00:00+00:00,2026-04-07T22:00:00+00:00,2026-05-17T00:00:00+00:00,69938.89,77840.14,11.297362597547655,trend_break,939,closed,5af02e8f4525420d83a664a333615db2,d85ad7e2888f47b79e6eead8595df555
1292ab338331f8173ddc515ed06e1600,fast,1h,SOL,2026-04-07T21:00:00+00:00,2026-04-07T22:00:00+00:00,2026-04-07T22:00:00+00:00,83.13,85.21,2.502105136533128,trend_break,1,closed,5af02e8f4525420d83a664a333615db2,d85ad7e2888f47b79e6eead8595df555
f6a299ec181344410c0ae50f7debdaa8,fast,1h,XRP,2026-04-07T21:00:00+00:00,2026-04-07T22:00:00+00:00,2026-04-07T22:00:00+00:00,1.3386,1.3733,2.5922605707455526,trend_break,1,closed,5af02e8f4525420d83a664a333615db2,d85ad7e2888f47b79e6eead8595df555
48163a89fc973e3cd5715d69dbed2ea4,fast,1h,ETH,2026-04-07T22:00:00+00:00,2026-04-07T23:00:00+00:00,2026-04-29T18:00:00+00:00,2219.48,2239.94,0.9218375475336549,trend_break,524,closed,5af02e8f4525420d83a664a333615db2,d85ad7e2888f47b79e6eead8595df555
f005b96f0c2ba85d8e40dbeea5a639e2,fast,1h,BNB,2026-04-07T23:00:00+00:00,2026-04-08T00:00:00+00:00,2026-04-08T00:00:00+00:00,619.76,616.49,-0.5276235962307974,trend_break,1,closed,5af02e8f4525420d83a664a333615db2,d85ad7e2888f47b79e6eead8595df555
cb46a80c0f30d339abd18a076a135799,fast,1h,ADA,2026-04-09T15:00:00+00:00,2026-04-09T16:00:00+00:00,2026-04-09T16:00:00+00:00,0.2558,0.2533,-0.9773260359655978,trend_break,1,closed,5af02e8f4525420d83a664a333615db2,d85ad7e2888f47b79e6eead8595df555
f42db2d68be7ef18a2cc1c063a5141e8,fast,1h,SOL,2026-04-09T15:00:00+00:00,2026-04-09T16:00:00+00:00,2026-04-09T16:00:00+00:00,83.9,83.67,-0.27413587604291356,trend_break,1,closed,5af02e8f4525420d83a664a333615db2,d85ad7e2888f47b79e6eead8595df555
809a84d9b5438fff1c5e26a58bf36d71,fast,1h,BNB,2026-04-09T17:00:00+00:00,2026-04-09T18:00:00+00:00,2026-04-09T18:00:00+00:00,606.6,606.81,0.03461918892184723,trend_break,1,closed,5af02e8f4525420d83a664a333615db2,d85ad7e2888f47b79e6eead8595df555
d4a3618ffd354024cfe272d00352154a,fast,1h,BNB,2026-04-11T19:00:00+00:00,2026-04-11T20:00:00+00:00,2026-04-11T20:00:00+00:00,611.98,610.41,-0.25654433151410805,trend_break,1,closed,5af02e8f4525420d83a664a333615db2,d85ad7e2888f47b79e6eead8595df555
c1613bbbdaef887febd580c638cff43e,fast,1h,XRP,2026-04-11T19:00:00+00:00,2026-04-11T20:00:00+00:00,2026-04-11T20:00:00+00:00,1.373,1.3612,-0.8594319009468387,trend_break,1,closed,5af02e8f4525420d83a664a333615db2,d85ad7e2888f47b79e6eead8595df555
32ade511cf640450ea7d0b457fe0129c,fast,1h,BTC,2026-04-13T13:00:00+00:00,2026-04-13T14:00:00+00:00,2026-05-17T00:00:00+00:00,71687.59,77840.14,8.582447812794381,trend_break,803,closed,5af02e8f4525420d83a664a333615db2,d85ad7e2888f47b79e6eead8595df555
3e2206b2cc28801ae73304a767b74dc2,fast,1h,SOL,2026-04-13T13:00:00+00:00,2026-04-13T14:00:00+00:00,2026-04-13T14:00:00+00:00,83.7,83.62,-0.09557945041815952,trend_break,1,closed,5af02e8f4525420d83a664a333615db2,d85ad7e2888f47b79e6eead8595df555
0263a40c9c99c0748480febb508c676a,fast,1h,BNB,2026-04-13T14:00:00+00:00,2026-04-13T15:00:00+00:00,2026-04-13T15:00:00+00:00,604.34,601.69,-0.4384948869841421,trend_break,1,closed,5af02e8f4525420d83a664a333615db2,d85ad7e2888f47b79e6eead8595df555
b655004bc240801fb9b81bb539cfd605,fast,1h,ADA,2026-04-13T22:00:00+00:00,2026-04-13T23:00:00+00:00,2026-04-13T23:00:00+00:00,0.2481,0.249,0.36275695284160303,trend_break,1,closed,5af02e8f4525420d83a664a333615db2,d85ad7e2888f47b79e6eead8595df555
b049daaeae99c2098005188f7208b32b,fast,1h,SOL,2026-04-13T22:00:00+00:00,2026-04-13T23:00:00+00:00,2026-04-14T18:00:00+00:00,85.98,84.06,-2.2330774598743885,trend_break,20,closed,5af02e8f4525420d83a664a333615db2,d85ad7e2888f47b79e6eead8595df555
1e4e763f4623c9b3f7eff83abd175ba3,fast,1h,XRP,2026-04-13T22:00:00+00:00,2026-04-13T23:00:00+00:00,2026-04-14T00:00:00+00:00,1.3737,1.361,-0.9245104462400788,trend_break,2,closed,5af02e8f4525420d83a664a333615db2,d85ad7e2888f47b79e6eead8595df555
c95db5559e0f1c4de94a22b9e8583822,fast,1h,ADA,2026-04-15T16:00:00+00:00,2026-04-15T17:00:00+00:00,2026-04-15T17:00:00+00:00,0.2455,0.2448,-0.28513238289206155,trend_break,1,closed,5af02e8f4525420d83a664a333615db2,d85ad7e2888f47b79e6eead8595df555
ad246f25b46c4ff01f898133c54c1b25,fast,1h,ADA,2026-04-15T19:00:00+00:00,2026-04-15T20:00:00+00:00,2026-04-15T20:00:00+00:00,0.2482,0.2477,-0.20145044319097583,trend_break,1,closed,5af02e8f4525420d83a664a333615db2,d85ad7e2888f47b79e6eead8595df555
066de5c517653d143af8e0c98d6d6ab9,fast,1h,SOL,2026-04-16T18:00:00+00:00,2026-04-16T19:00:00+00:00,2026-04-19T07:00:00+00:00,89.08,85.08888187342622,-4.480375085960686,stop,61,closed,5af02e8f4525420d83a664a333615db2,d85ad7e2888f47b79e6eead8595df555
c0d0cbe4860d015c919f8b7b5fc6f33c,fast,1h,BTC,2026-04-22T02:00:00+00:00,2026-04-22T03:00:00+00:00,2026-05-17T00:00:00+00:00,77643.6,77840.14,0.2531309728039277,trend_break,598,closed,5af02e8f4525420d83a664a333615db2,d85ad7e2888f47b79e6eead8595df555
09310f2ba719528f2ce3539ab022f427,fast,1h,ETH,2026-04-22T02:00:00+00:00,2026-04-22T03:00:00+00:00,2026-04-27T15:00:00+00:00,2373.44,2265.289338428182,-4.5567051019540505,stop,133,closed,5af02e8f4525420d83a664a333615db2,d85ad7e2888f47b79e6eead8595df555
eef0ede92029df77b34173a35401bf14,fast,1h,SOL,2026-04-22T02:00:00+00:00,2026-04-22T03:00:00+00:00,2026-04-23T10:00:00+00:00,87.33,85.44,-2.164204740638953,trend_break,32,closed,5af02e8f4525420d83a664a333615db2,d85ad7e2888f47b79e6eead8595df555
e539f1ae5e1d07246b0594dbf6975ec9,fast,1h,XRP,2026-04-27T00:00:00+00:00,2026-04-27T01:00:00+00:00,2026-04-27T13:00:00+00:00,1.442,1.4078658571655491,-2.367138892819054,stop,13,closed,5af02e8f4525420d83a664a333615db2,d85ad7e2888f47b79e6eead8595df555
5dcc8bd8871071be5f77ecfbbbfb7a7b,fast,1h,SOL,2026-04-27T01:00:00+00:00,2026-04-27T02:00:00+00:00,2026-04-27T07:00:00+00:00,87.85,85.48125946966715,-2.6963466480738107,stop,6,closed,5af02e8f4525420d83a664a333615db2,d85ad7e2888f47b79e6eead8595df555
c5e2b1e6a81abccf69ff9304a4ebf92e,fast,1h,ETH,2026-04-29T04:00:00+00:00,2026-04-29T05:00:00+00:00,2026-04-29T18:00:00+00:00,2326.58,2242.337821714879,-3.620858869461663,stop,14,closed,5af02e8f4525420d83a664a333615db2,d85ad7e2888f47b79e6eead8595df555
b6c43e4570c398d9044fbdc33b3d20a0,fast,1h,ADA,2026-04-29T09:00:00+00:00,2026-04-29T10:00:00+00:00,2026-04-29T11:00:00+00:00,0.2531,0.2514,-0.6716712761754118,trend_break,2,closed,5af02e8f4525420d83a664a333615db2,d85ad7e2888f47b79e6eead8595df555
522359a876c7ea248225101dca4ea198,fast,1h,BTC,2026-05-01T13:00:00+00:00,2026-05-01T14:00:00+00:00,2026-05-17T00:00:00+00:00,78711.94,77840.14,-1.107582915628813,trend_break,371,closed,5af02e8f4525420d83a664a333615db2,d85ad7e2888f47b79e6eead8595df555
cb9440bb2bcb5db57aa64eca1c20fe1b,fast,1h,ADA,2026-05-04T02:00:00+00:00,2026-05-04T03:00:00+00:00,2026-05-04T10:00:00+00:00,0.2532,0.2491,-1.6192733017377559,trend_break,8,closed,5af02e8f4525420d83a664a333615db2,d85ad7e2888f47b79e6eead8595df555
e4188df2e698cd7e0d3524afe1b27f68,fast,1h,BNB,2026-05-04T02:00:00+00:00,2026-05-04T03:00:00+00:00,2026-05-04T11:00:00+00:00,625.03,623.36,-0.26718717501559297,trend_break,9,closed,5af02e8f4525420d83a664a333615db2,d85ad7e2888f47b79e6eead8595df555
1ed7bf72a02fdf6ba7f08fd65afd7410,fast,1h,ETH,2026-05-04T02:00:00+00:00,2026-05-04T03:00:00+00:00,2026-05-07T13:00:00+00:00,2374.63,2309.5875745856315,-2.7390551544606345,stop,83,closed,5af02e8f4525420d83a664a333615db2,d85ad7e2888f47b79e6eead8595df555
539113d0516831b1bbf2d6b53b02f0e9,fast,1h,SOL,2026-05-04T02:00:00+00:00,2026-05-04T03:00:00+00:00,2026-05-04T06:00:00+00:00,85.49,84.95,-0.631652824891793,trend_break,4,closed,5af02e8f4525420d83a664a333615db2,d85ad7e2888f47b79e6eead8595df555
f676fc5e441c532ac36aadf3beb8795b,fast,1h,XRP,2026-05-04T02:00:00+00:00,2026-05-04T03:00:00+00:00,2026-05-04T10:00:00+00:00,1.4114,1.3955,-1.126541023097638,trend_break,8,closed,5af02e8f4525420d83a664a333615db2,d85ad7e2888f47b79e6eead8595df555
46dd8497e94dfb080abf029b5808c85f,fast,1h,ADA,2026-05-05T07:00:00+00:00,2026-05-05T08:00:00+00:00,2026-05-15T13:00:00+00:00,0.2583,0.2585,0.07742934572203541,trend_break,246,closed,5af02e8f4525420d83a664a333615db2,d85ad7e2888f47b79e6eead8595df555
726bf0544b255642a7844b1507c94f84,fast,1h,SOL,2026-05-05T19:00:00+00:00,2026-05-05T20:00:00+00:00,2026-05-16T06:00:00+00:00,86.53,88.05,1.7566162024731158,trend_break,251,closed,5af02e8f4525420d83a664a333615db2,d85ad7e2888f47b79e6eead8595df555
b2d40f8bf8a265bda63a51c80541095b,fast,1h,ETH,2026-05-06T09:00:00+00:00,2026-05-06T10:00:00+00:00,2026-05-07T01:00:00+00:00,2412.56,2325.729764321298,-3.599091242443797,stop,16,closed,5af02e8f4525420d83a664a333615db2,d85ad7e2888f47b79e6eead8595df555
c551d98fd808eafa191097948c8dbc1e,fast,1h,XRP,2026-05-06T09:00:00+00:00,2026-05-06T10:00:00+00:00,2026-05-07T03:00:00+00:00,1.4484,1.4070670260395965,-2.8536988373656036,stop,18,closed,5af02e8f4525420d83a664a333615db2,d85ad7e2888f47b79e6eead8595df555
5129b45bc366d2dce91c0fb5e9fef6fa,fast,1h,XRP,2026-05-08T17:00:00+00:00,2026-05-08T18:00:00+00:00,2026-05-16T06:00:00+00:00,1.4103,1.4145,0.29780897681344065,trend_break,181,closed,5af02e8f4525420d83a664a333615db2,d85ad7e2888f47b79e6eead8595df555
5661db4a9dc20b4eac4629dc75764cd0,fast,1h,BTC,2026-05-10T22:00:00+00:00,2026-05-10T23:00:00+00:00,2026-05-12T16:00:00+00:00,82054.8,80178.06616918648,-2.2871712938347555,stop,42,closed,5af02e8f4525420d83a664a333615db2,d85ad7e2888f47b79e6eead8595df555
d84ca15379d98edc7ab56df2f607b8c9,fast,1h,BTC,2026-05-14T14:00:00+00:00,2026-05-14T15:00:00+00:00,2026-05-16T06:00:00+00:00,81038.5,78656.29005346773,-2.9396027154158455,stop,40,closed,5af02e8f4525420d83a664a333615db2,d85ad7e2888f47b79e6eead8595df555
2e2e571c7fe05bb52438f7849f8df395,fast,1h,SOL,2026-05-14T14:00:00+00:00,2026-05-14T15:00:00+00:00,2026-05-16T06:00:00+00:00,92.31,88.05,-4.614884627884308,trend_break,40,closed,5af02e8f4525420d83a664a333615db2,d85ad7e2888f47b79e6eead8595df555
317468e1d56912f0f23bed4c6fe9202c,fast,1h,XRP,2026-05-14T14:00:00+00:00,2026-05-14T15:00:00+00:00,2026-05-16T06:00:00+00:00,1.471,1.4145,-3.8409245411284876,trend_break,40,closed,5af02e8f4525420d83a664a333615db2,d85ad7e2888f47b79e6eead8595df555
5685f32ae4b236173e3fb689e43a6006,fast,1h,ETH,2026-05-14T16:00:00+00:00,2026-05-14T17:00:00+00:00,2026-05-14T23:00:00+00:00,2316.77,2283.29,-1.4451153977304565,trend_break,7,closed,5af02e8f4525420d83a664a333615db2,d85ad7e2888f47b79e6eead8595df555
5cca15fc523a6d00d2c78758c83a9d83,fast,1h,XRP,2026-06-14T21:00:00+00:00,2026-06-14T22:00:00+00:00,2026-06-14T22:00:00+00:00,1.1707,1.1745,0.3245921243700378,trend_break,1,closed,5af02e8f4525420d83a664a333615db2,d85ad7e2888f47b79e6eead8595df555
9bf6d3a04a9f5d2042b49a20308c2f98,fast,1h,SOL,2026-06-20T22:00:00+00:00,2026-06-20T23:00:00+00:00,2026-06-20T23:00:00+00:00,73.54,73.26,-0.3807451726951294,trend_break,1,closed,5af02e8f4525420d83a664a333615db2,d85ad7e2888f47b79e6eead8595df555
b135594f6ddf28fba6f6c2a13a555a2a,fast,1h,BTC,2026-06-22T12:00:00+00:00,2026-06-22T13:00:00+00:00,2026-06-22T13:00:00+00:00,65158.04,65521.85,0.5583501283955128,trend_break,1,closed,5af02e8f4525420d83a664a333615db2,d85ad7e2888f47b79e6eead8595df555
683668b673f40bdaf0ace97cc0dbdf4f,fast,1h,XRP,2026-06-22T12:00:00+00:00,2026-06-22T13:00:00+00:00,2026-06-22T13:00:00+00:00,1.1555,1.1636,0.7009952401557662,trend_break,1,closed,5af02e8f4525420d83a664a333615db2,d85ad7e2888f47b79e6eead8595df555
82f6177d493411f1bc61f378eb5190b0,fast,1h,SOL,2026-07-02T09:00:00+00:00,2026-07-02T10:00:00+00:00,2026-07-12T00:00:00+00:00,79.48,76.15,-4.189733266230499,trend_break,231,closed,5af02e8f4525420d83a664a333615db2,d85ad7e2888f47b79e6eead8595df555
d9c9f12ca599162c4974a0926a76ab7c,fast,1h,XRP,2026-07-02T12:00:00+00:00,2026-07-02T13:00:00+00:00,2026-07-02T13:00:00+00:00,1.093,1.1028,0.8966148215919567,trend_break,1,closed,5af02e8f4525420d83a664a333615db2,d85ad7e2888f47b79e6eead8595df555
c4f08278e0e30393a14e06aa3da915ae,fast,1h,BNB,2026-07-02T13:00:00+00:00,2026-07-02T14:00:00+00:00,2026-07-02T14:00:00+00:00,565.06,561.29,-0.6671857855802932,trend_break,1,closed,5af02e8f4525420d83a664a333615db2,d85ad7e2888f47b79e6eead8595df555
e1f999e97aebf92c0a6d2953d77ba89a,fast,1h,ETH,2026-07-02T13:00:00+00:00,2026-07-02T14:00:00+00:00,2026-07-02T14:00:00+00:00,1711.5,1699.89,-0.6783523225241006,trend_break,1,closed,5af02e8f4525420d83a664a333615db2,d85ad7e2888f47b79e6eead8595df555
40f8e1957cabcd6bc1ad8acd3b0ec65f,fast,1h,ADA,2026-07-04T14:00:00+00:00,2026-07-04T15:00:00+00:00,2026-07-07T21:00:00+00:00,0.18456,0.17462,-5.385782401387084,trend_break,79,closed,5af02e8f4525420d83a664a333615db2,d85ad7e2888f47b79e6eead8595df555
7d17c3933e14e77823b63495b6d9d3f0,fast,1h,BNB,2026-07-05T12:00:00+00:00,2026-07-05T13:00:00+00:00,2026-07-05T13:00:00+00:00,584.04,586.8,0.47257037189234463,trend_break,1,closed,5af02e8f4525420d83a664a333615db2,d85ad7e2888f47b79e6eead8595df555
1826f8f9e558eb276e4cb0e2082b6941,fast,1h,BTC,2026-07-10T01:00:00+00:00,2026-07-10T02:00:00+00:00,2026-07-12T06:00:00+00:00,63745.9,63763.46,0.027546869681027708,trend_break,53,closed,5af02e8f4525420d83a664a333615db2,d85ad7e2888f47b79e6eead8595df555
a0d453dfbce121caa770183b23633e0f,fast,1h,ETH,2026-07-10T01:00:00+00:00,2026-07-10T02:00:00+00:00,2026-08-01T18:00:00+00:00,1767.81,1836.25,3.871456774200843,trend_break,545,closed,5af02e8f4525420d83a664a333615db2,d85ad7e2888f47b79e6eead8595df555
86e25b706525a0b107ee60a22635a858,fast,1h,BNB,2026-07-14T12:00:00+00:00,2026-07-14T13:00:00+00:00,2026-07-14T13:00:00+00:00,577.08,578.99,0.33097664102030855,trend_break,1,closed,5af02e8f4525420d83a664a333615db2,d85ad7e2888f47b79e6eead8595df555
ab4a420a346b7b45c3f905700292ed7b,fast,1h,ETH,2026-07-14T12:00:00+00:00,2026-07-14T13:00:00+00:00,2026-08-01T18:00:00+00:00,1861.58,1836.25,-1.360672117233741,trend_break,438,closed,5af02e8f4525420d83a664a333615db2,d85ad7e2888f47b79e6eead8595df555
2be792ed027d48fa799d8810f56fc082,fast,1h,XRP,2026-07-14T13:00:00+00:00,2026-07-14T14:00:00+00:00,2026-07-14T14:00:00+00:00,1.0996,1.104,0.4001455074572835,trend_break,1,closed,5af02e8f4525420d83a664a333615db2,d85ad7e2888f47b79e6eead8595df555
241df5cac5b9279b7f392eddd613fe21,fast,1h,BTC,2026-07-14T14:00:00+00:00,2026-07-14T15:00:00+00:00,2026-07-16T23:00:00+00:00,64302.87,63833.67,-0.7296719415478714,trend_break,57,closed,5af02e8f4525420d83a664a333615db2,d85ad7e2888f47b79e6eead8595df555
6efbe545a778f88bd5fd46462ee1441e,fast,1h,SOL,2026-07-14T14:00:00+00:00,2026-07-14T15:00:00+00:00,2026-07-16T08:00:00+00:00,77.29,76.08,-1.5655324104023927,trend_break,42,closed,5af02e8f4525420d83a664a333615db2,d85ad7e2888f47b79e6eead8595df555
0371b7bd5b9e90f992c0ff54369c7f6d,fast,1h,ADA,2026-07-14T15:00:00+00:00,2026-07-14T16:00:00+00:00,2026-07-14T16:00:00+00:00,0.16612,0.16555,-0.3431254514808524,trend_break,1,closed,5af02e8f4525420d83a664a333615db2,d85ad7e2888f47b79e6eead8595df555
d72909086d3974f05a5626a5fb650c82,fast,1h,ADA,2026-07-15T12:00:00+00:00,2026-07-15T13:00:00+00:00,2026-07-15T13:00:00+00:00,0.1669,0.1663,-0.3594967046135378,trend_break,1,closed,5af02e8f4525420d83a664a333615db2,d85ad7e2888f47b79e6eead8595df555
4481505fb4ee9c4b26e7d4ee2939629a,fast,1h,BTC,2026-07-20T15:00:00+00:00,2026-07-20T16:00:00+00:00,2026-07-24T13:00:00+00:00,65626.32,64143.7,-2.2591850342972286,trend_break,94,closed,5af02e8f4525420d83a664a333615db2,d85ad7e2888f47b79e6eead8595df555
71392da0a3a2647aa3acb7d2111e3fc1,fast,1h,SOL,2026-07-20T15:00:00+00:00,2026-07-20T16:00:00+00:00,2026-07-23T15:00:00+00:00,77.83,76.39,-1.8501863034819488,trend_break,72,closed,5af02e8f4525420d83a664a333615db2,d85ad7e2888f47b79e6eead8595df555
64964ad85c1ec3b406f7619df7c27d13,fast,1h,XRP,2026-07-20T15:00:00+00:00,2026-07-20T16:00:00+00:00,2026-07-20T16:00:00+00:00,1.1127,1.1134,0.06291003864473677,trend_break,1,closed,5af02e8f4525420d83a664a333615db2,d85ad7e2888f47b79e6eead8595df555
95cbbce773d756ed44b1dc1e8603f8b4,fast,1h,ADA,2026-07-22T15:00:00+00:00,2026-07-22T16:00:00+00:00,2026-07-23T14:00:00+00:00,0.17745,0.16922,-4.637926176387708,trend_break,23,closed,5af02e8f4525420d83a664a333615db2,d85ad7e2888f47b79e6eead8595df555
8ebe7981e637398f3be8116ecd4ba0f4,fast,1h,XRP,2026-07-26T22:00:00+00:00,2026-07-26T23:00:00+00:00,2026-07-26T23:00:00+00:00,1.1132,1.1127,-0.04491555874954756,trend_break,1,closed,5af02e8f4525420d83a664a333615db2,d85ad7e2888f47b79e6eead8595df555
8768ee6b8f2bdc5095a7c698d5735ed1,fast,1h,BNB,2026-07-30T10:00:00+00:00,2026-07-30T11:00:00+00:00,2026-08-01T15:00:00+00:00,586.66,576.59,-1.7164967783724672,trend_break,53,closed,5af02e8f4525420d83a664a333615db2,d85ad7e2888f47b79e6eead8595df555
fb8be3ddaa24959da51a9156861050aa,fast,1h,ADA,2026-07-30T13:00:00+00:00,2026-07-30T14:00:00+00:00,2026-07-31T14:00:00+00:00,0.1684,0.16777,-0.3741092636579513,trend_break,25,closed,5af02e8f4525420d83a664a333615db2,d85ad7e2888f47b79e6eead8595df555
