run_id,account_id,leverage,fee_bps_per_side,adverse_fill_bps_per_side,funding_included,bot_trade_id,signal_id,tier,timeframe,market,venue,symbol,native_aster_listing,entry_time,close_time,entry_fill_px,exit_fill_px,quantity,cost_basis,proceeds_net,fees,adverse_fill_cost,pnl,compounded_trade_return_pct,exit_reason,status,signal_time,raw_entry_px,raw_exit_px,raw_gross_pct,signal_bars_held
d85ad7e2888f47b79e6eead8595df555,3373070c20f099c3f75399421b5c21d6,1,4,20,0,594b5d0b1b9a3b8b76c5fe4e408d083f,4c32eb0dd35f37780c88a09406d545d6,fast,1h,futures,aster,XRP,1,2019-10-09T14:00:00+00:00,2019-10-10T10:00:00+00:00,0.28492872,0.2673437034899128,6055.651927936561,1726.119324253534,1618.2928372950068,1.3377478264211553,6.688339930508969,-107.82648695852708,-6.246757419575093,stop,closed,2019-10-09T13:00:00+00:00,0.28436,0.2678794624147423,-5.795659581255341,21
d85ad7e2888f47b79e6eead8595df555,f3264b4c3ebe6cc4e6b48806a6a8e133,1,4,20,0,f952dfac784d369c32e3681b2646d3a5,4c32eb0dd35f37780c88a09406d545d6,fast,1h,spot,aster,XRP,0,2019-10-09T14:00:00+00:00,2019-10-10T10:00:00+00:00,0.28492872,0.2673437034899128,6055.651927936561,1726.119324253534,1618.2928372950068,1.3377478264211553,6.688339930508969,-107.82648695852708,-6.246757419575093,stop,closed,2019-10-09T13:00:00+00:00,0.28436,0.2678794624147423,-5.795659581255341,21
d85ad7e2888f47b79e6eead8595df555,3373070c20f099c3f75399421b5c21d6,1,4,20,0,6cab44026de69da0f73350f5d11a6c5b,1dc416162442656350e280086f2547cd,fast,1h,futures,aster,BTC,1,2019-10-09T15:00:00+00:00,2019-10-09T15:00:00+00:00,8455.427099999999,8532.401,0.23585371233648994,1995.0415684739314,2011.5934916131816,1.6026569287676562,8.013389315715816,16.55192313925022,0.8296530458716856,trend_break,closed,2019-10-09T14:00:00+00:00,8438.55,8549.5,1.3147993434891259,1
d85ad7e2888f47b79e6eead8595df555,3373070c20f099c3f75399421b5c21d6,1,4,20,0,f1910d640272c89f7e958e641264a383,ca42f62eaa6b9146bded90c305702c81,fast,1h,futures,aster,ETH,1,2019-10-09T15:00:00+00:00,2019-10-10T10:00:00+00:00,191.58239999999998,188.41242,10.409327114210708,1995.0415684739314,1960.4620135551918,1.5821961532342468,7.910880420257854,-34.57955491873963,-1.7332749084115875,trend_break,closed,2019-10-09T14:00:00+00:00,191.2,188.79,-1.260460251046025,20
d85ad7e2888f47b79e6eead8595df555,f3264b4c3ebe6cc4e6b48806a6a8e133,1,4,20,0,dbdf2ce26ded5ba6fa09c69268486a7d,1dc416162442656350e280086f2547cd,fast,1h,spot,aster,BTC,1,2019-10-09T15:00:00+00:00,2019-10-09T15:00:00+00:00,8455.427099999999,8532.401,0.23585371233648994,1995.0415684739314,2011.5934916131816,1.6026569287676562,8.013389315715816,16.55192313925022,0.8296530458716856,trend_break,closed,2019-10-09T14:00:00+00:00,8438.55,8549.5,1.3147993434891259,1
d85ad7e2888f47b79e6eead8595df555,f3264b4c3ebe6cc4e6b48806a6a8e133,1,4,20,0,4f8c28c1950344d083bb45f22401fb60,ca42f62eaa6b9146bded90c305702c81,fast,1h,spot,aster,ETH,1,2019-10-09T15:00:00+00:00,2019-10-10T10:00:00+00:00,191.58239999999998,188.41242,10.431656665512799,1999.321228682921,1964.6674954876137,1.5855901987653345,7.927850432656417,-34.65373319530727,-1.7332749084115848,trend_break,closed,2019-10-09T14:00:00+00:00,191.2,188.79,-1.260460251046025,20
d85ad7e2888f47b79e6eead8595df555,3373070c20f099c3f75399421b5c21d6,1,4,20,0,804adf35376d768a528648f1f47794ad,e8266265a6abca4fc565be7b36886e6b,fast,1h,futures,aster,XRP,1,2019-10-12T06:00:00+00:00,2019-10-23T12:00:00+00:00,0.27471834,0.27432026,6214.032654735332,1707.7915791089292,1703.953199474088,1.364697515644068,6.823504977511774,-3.8383796348412034,-0.22475691306804232,trend_break,closed,2019-10-12T05:00:00+00:00,0.27417,0.27487,0.2553160447897218,271
d85ad7e2888f47b79e6eead8595df555,f3264b4c3ebe6cc4e6b48806a6a8e133,1,4,20,0,263791960176555e0831487de5b3e973,e8266265a6abca4fc565be7b36886e6b,fast,1h,spot,aster,XRP,0,2019-10-12T06:00:00+00:00,2019-10-23T12:00:00+00:00,0.27471834,0.27432026,6213.98597259812,1707.7787495399111,1703.9403987404132,1.3646872635259641,6.823453716790544,-3.8383507994979027,-0.2247569130680414,trend_break,closed,2019-10-12T05:00:00+00:00,0.27417,0.27487,0.2553160447897218,271
d85ad7e2888f47b79e6eead8595df555,3373070c20f099c3f75399421b5c21d6,1,4,20,0,e1941307b1d446e408e843bfc0ad3e93,f0ef2ee85f167f5d957f3333088a58de,fast,1h,futures,aster,ETH,1,2019-10-14T17:00:00+00:00,2019-10-14T17:00:00+00:00,185.79083999999997,185.68788,10.737825940518679,1995.7876971432602,1993.0865810500381,1.5955495343866701,7.977775160767758,-2.7011160932220264,-0.13534085299194712,trend_break,closed,2019-10-14T16:00:00+00:00,185.42,186.06,0.3451623341602872,1
d85ad7e2888f47b79e6eead8595df555,f3264b4c3ebe6cc4e6b48806a6a8e133,1,4,20,0,d4c122a3be744a531b79d17696f1741d,f0ef2ee85f167f5d957f3333088a58de,fast,1h,spot,aster,ETH,1,2019-10-14T17:00:00+00:00,2019-10-14T17:00:00+00:00,185.79083999999997,185.68788,10.737745273954506,1995.772704039699,1993.0716082382712,1.5955375480218676,7.977715228737239,-2.701095801427755,-0.13534085299194604,trend_break,closed,2019-10-14T16:00:00+00:00,185.42,186.06,0.3451623341602872,1
d85ad7e2888f47b79e6eead8595df555,3373070c20f099c3f75399421b5c21d6,1,4,20,0,e7ae15f30efe2ab5d0fb255ab9fa019a,b7f4577bcf174885de3b8cfcd81f5657,fast,1h,futures,aster,BTC,1,2019-10-20T18:00:00+00:00,2019-10-20T18:00:00+00:00,8159.286,8117.921619999999,0.2444163689156709,1995.0607622872944,1983.3592643322195,1.5913663930267556,7.956823351900939,-11.701497955074956,-0.5865233869699006,trend_break,closed,2019-10-20T17:00:00+00:00,8143,8134.19,-0.10819108436694869,1
d85ad7e2888f47b79e6eead8595df555,f3264b4c3ebe6cc4e6b48806a6a8e133,1,4,20,0,3d7a76e24e0804d3a4925b8b943eb52c,b7f4577bcf174885de3b8cfcd81f5657,fast,1h,spot,aster,BTC,1,2019-10-20T18:00:00+00:00,2019-10-20T18:00:00+00:00,8159.286,8117.921619999999,0.24441453276850134,1995.04577464474,1983.3443645956938,1.5913544380872757,7.956763577268244,-11.701410049046217,-0.5865233869699005,trend_break,closed,2019-10-20T17:00:00+00:00,8143,8134.19,-0.10819108436694869,1
d85ad7e2888f47b79e6eead8595df555,3373070c20f099c3f75399421b5c21d6,1,4,20,0,26f06cf7915bed5b988c67b43341cc08,5f24aa232bff3da6edaabe8d0c7d5082,fast,1h,futures,aster,ADA,1,2019-10-25T16:00:00+00:00,2019-11-19T07:00:00+00:00,0.04031046,0.04165652,48099.40572489865,1939.6847341654968,2002.8523950247284,1.5770252108258613,7.885416574539885,63.167660859231546,3.256594215884672,trend_break,closed,2019-10-25T15:00:00+00:00,0.04023,0.04174,3.7534178473775714,592
d85ad7e2888f47b79e6eead8595df555,3373070c20f099c3f75399421b5c21d6,1,4,20,0,ae221375b03b905b883ac745d96786cb,033aeef6c2a48c9d2b89a1b2ce101f1c,fast,1h,futures,aster,BNB,1,2019-10-25T16:00:00+00:00,2019-11-18T11:00:00+00:00,18.4707678,19.5870474,86.65695133861746,1601.2606746020751,1696.67487188363,1.3191896959361984,6.596361798676098,95.41419728155483,5.958692347532106,trend_break,closed,2019-10-25T15:00:00+00:00,18.4339,19.6263,6.468517242688732,572
d85ad7e2888f47b79e6eead8595df555,3373070c20f099c3f75399421b5c21d6,1,4,20,0,ceabca321692ff723c3c0fec266e2bbd,2c55548b02602abdf0d25d8cfee0dc89,fast,1h,futures,aster,BTC,1,2019-10-25T16:00:00+00:00,2019-11-08T13:00:00+00:00,8284.9869,8790.35406,0.23792203914236362,1971.9694499067762,2090.5823951534594,1.6250399761017298,8.125713335302882,118.61294524668324,6.014948418815038,trend_break,closed,2019-10-25T15:00:00+00:00,8268.45,8807.97,6.525043992525781,334
d85ad7e2888f47b79e6eead8595df555,3373070c20f099c3f75399421b5c21d6,1,4,20,0,476c11bbd4361b5aad9c595f0a54897a,45855ab8b35f43809d4f566b0f57aa6d,fast,1h,futures,aster,ETH,1,2019-10-25T16:00:00+00:00,2019-10-25T16:00:00+00:00,176.33195999999998,178.6919,10.933340793475624,1928.6685704260965,1952.9179599577733,1.5526387404780715,7.763327963815302,24.249389531676798,1.2573124228554953,trend_break,closed,2019-10-25T15:00:00+00:00,175.98,179.05,1.744516422320741,1
d85ad7e2888f47b79e6eead8595df555,3373070c20f099c3f75399421b5c21d6,1,4,20,0,f608a15f7cefed5e042aa0e1ebfbfe66,1779f62038ee403276e5c85db760b6f8,fast,1h,futures,aster,XRP,1,2019-10-25T16:00:00+00:00,2019-11-08T04:00:00+00:00,0.29156196,0.284929,5334.283207362599,1555.8961767605792,1519.2840231986215,1.2300664188497374,6.150215166760782,-36.61215356195771,-2.3531231780635435,trend_break,closed,2019-10-25T15:00:00+00:00,0.29098,0.2855,-1.883290947831484,325
d85ad7e2888f47b79e6eead8595df555,f3264b4c3ebe6cc4e6b48806a6a8e133,1,4,20,0,5ba81cc4fc3e3ca4b3219a5ad3b3aeb6,5f24aa232bff3da6edaabe8d0c7d5082,fast,1h,spot,aster,ADA,1,2019-10-25T16:00:00+00:00,2019-11-19T07:00:00+00:00,0.04031046,0.04165652,48099.04438417475,1939.6701625283754,2002.8373488485151,1.5770133636227057,7.885357336341608,63.16718632013976,3.256594215884665,trend_break,closed,2019-10-25T15:00:00+00:00,0.04023,0.04174,3.7534178473775714,592
d85ad7e2888f47b79e6eead8595df555,f3264b4c3ebe6cc4e6b48806a6a8e133,1,4,20,0,0276b54cb63227177a39177a5562abc0,033aeef6c2a48c9d2b89a1b2ce101f1c,fast,1h,spot,aster,BNB,0,2019-10-25T16:00:00+00:00,2019-11-18T11:00:00+00:00,18.4707678,19.5870474,86.74655506512016,1602.9163862481714,1698.42924229288,1.320553744761987,6.603182470178973,95.51285604470854,5.958692347532142,trend_break,closed,2019-10-25T15:00:00+00:00,18.4339,19.6263,6.468517242688732,572
d85ad7e2888f47b79e6eead8595df555,f3264b4c3ebe6cc4e6b48806a6a8e133,1,4,20,0,7fc8dffa3eedd58839d13ea80f8755b8,2c55548b02602abdf0d25d8cfee0dc89,fast,1h,spot,aster,BTC,1,2019-10-25T16:00:00+00:00,2019-11-08T13:00:00+00:00,8284.9869,8790.35406,0.2385015189888596,1976.7723532369841,2095.674190641585,1.628997902485077,8.145504217783484,118.90183740460088,6.014948418815043,trend_break,closed,2019-10-25T15:00:00+00:00,8268.45,8807.97,6.525043992525781,334
d85ad7e2888f47b79e6eead8595df555,f3264b4c3ebe6cc4e6b48806a6a8e133,1,4,20,0,aabb57cee8634bc77fcd02a380926d5c,45855ab8b35f43809d4f566b0f57aa6d,fast,1h,spot,aster,ETH,1,2019-10-25T16:00:00+00:00,2019-10-25T16:00:00+00:00,176.33195999999998,178.6919,10.987503899896488,1938.223077415662,1962.5925969506613,1.560330418522522,7.8017870191605,24.369519534999426,1.2573124228555068,trend_break,closed,2019-10-25T15:00:00+00:00,175.98,179.05,1.744516422320741,1
d85ad7e2888f47b79e6eead8595df555,f3264b4c3ebe6cc4e6b48806a6a8e133,1,4,20,0,dd3a6d1d5f13cfb7b5bdfda3ba80dc28,1779f62038ee403276e5c85db760b6f8,fast,1h,spot,aster,XRP,0,2019-10-25T16:00:00+00:00,2019-11-08T04:00:00+00:00,0.29156196,0.284929,5376.452947103352,1568.1961867688717,1531.294598820505,1.2397906083481762,6.19883518989228,-36.901587948366796,-2.353123178063532,trend_break,closed,2019-10-25T15:00:00+00:00,0.29098,0.2855,-1.883290947831484,325
d85ad7e2888f47b79e6eead8595df555,3373070c20f099c3f75399421b5c21d6,1,4,20,0,f7d9d3ee1669581bc13d61e61c4c59cc,e15a77d45812b10f50f7e9b6f36a4b4d,fast,1h,futures,aster,ADA,1,2019-11-04T11:00:00+00:00,2019-11-19T07:00:00+00:00,0.04239462,0.04165652,49104.140415191425,2082.5840738780144,2044.6894042453148,1.6509035922467652,8.25440600379368,-37.89466963269956,-1.8195985510508235,trend_break,closed,2019-11-04T10:00:00+00:00,0.04231,0.04174,-1.3471992436776214,357
d85ad7e2888f47b79e6eead8595df555,f3264b4c3ebe6cc4e6b48806a6a8e133,1,4,20,0,99eff2db16862f3d0813c99ece65d74b,e15a77d45812b10f50f7e9b6f36a4b4d,fast,1h,spot,aster,ADA,1,2019-11-04T11:00:00+00:00,2019-11-19T07:00:00+00:00,0.04239462,0.04165652,49108.42650802174,2082.765853837751,2044.8678765395377,1.6510476926421787,8.255126495998454,-37.89797729821316,-1.81959855105083,trend_break,closed,2019-11-04T10:00:00+00:00,0.04231,0.04174,-1.3471992436776214,357
d85ad7e2888f47b79e6eead8595df555,3373070c20f099c3f75399421b5c21d6,1,4,20,0,cdd0b180dc0858b4b455c2b244e5a567,840f1fd76b32fff7972917506ae860ce,fast,1h,futures,aster,XRP,1,2019-12-05T21:00:00+00:00,2019-12-05T21:00:00+00:00,0.22408728,0.22153604000000002,8146.8067817457695,1826.3260107159258,1804.0893885478729,1.452162834192026,7.2607600761631,-22.236622168052918,-1.2175603937949768,trend_break,closed,2019-12-05T20:00:00+00:00,0.22364,0.22198,-0.7422643534251483,1
d85ad7e2888f47b79e6eead8595df555,f3264b4c3ebe6cc4e6b48806a6a8e133,1,4,20,0,73fc13e5360d4920df6c97885e3a568a,840f1fd76b32fff7972917506ae860ce,fast,1h,spot,aster,XRP,0,2019-12-05T21:00:00+00:00,2019-12-05T21:00:00+00:00,0.22408728,0.22153604000000002,8146.920241795283,1826.3514458397915,1804.1145139837442,1.4521830583696067,7.260861196297629,-22.23693185604725,-1.2175603937949786,trend_break,closed,2019-12-05T20:00:00+00:00,0.22364,0.22198,-0.7422643534251483,1
d85ad7e2888f47b79e6eead8595df555,3373070c20f099c3f75399421b5c21d6,1,4,20,0,b6598d23e3da9c863cfd0726531e2b18,22677d78582c1aabaea207fa83d322ed,fast,1h,futures,aster,BTC,1,2019-12-06T18:00:00+00:00,2019-12-06T18:00:00+00:00,7493.2065,7422.974300000001,0.24154678971810772,1810.683958759766,1792.2784140800882,1.4411822348379504,7.205872140228534,-18.40554467967786,-1.016496809983604,trend_break,closed,2019-12-06T17:00:00+00:00,7478.25,7437.85,-0.5402333433624174,1
d85ad7e2888f47b79e6eead8595df555,f3264b4c3ebe6cc4e6b48806a6a8e133,1,4,20,0,38eb39d80a93a0f505c4d284a280234a,22677d78582c1aabaea207fa83d322ed,fast,1h,spot,aster,BTC,1,2019-12-06T18:00:00+00:00,2019-12-06T18:00:00+00:00,7493.2065,7422.974300000001,0.24155015372457744,1810.709176037789,1792.3033750252844,1.4412023060894363,7.205972495942339,-18.405801012504526,-1.016496809983604,trend_break,closed,2019-12-06T17:00:00+00:00,7478.25,7437.85,-0.5402333433624174,1
d85ad7e2888f47b79e6eead8595df555,3373070c20f099c3f75399421b5c21d6,1,4,20,0,745391081eb3793fb44bc002b62c50d7,72dbcfffabf305e6c34e4f014cd0f981,fast,1h,futures,aster,BNB,1,2019-12-07T01:00:00+00:00,2019-12-07T01:00:00+00:00,15.795027000000001,15.6508356,122.76393695606397,1939.8353227268674,1920.5896516301584,1.54416715750218,7.7207958646786015,-19.245671096708975,-0.9921291189633009,trend_break,closed,2019-12-07T00:00:00+00:00,15.7635,15.6822,-0.5157484061280804,1
d85ad7e2888f47b79e6eead8595df555,f3264b4c3ebe6cc4e6b48806a6a8e133,1,4,20,0,0632cc028c6cb82d9cc70c240d764c47,72dbcfffabf305e6c34e4f014cd0f981,fast,1h,spot,aster,BNB,0,2019-12-07T01:00:00+00:00,2019-12-07T01:00:00+00:00,15.795027000000001,15.6508356,122.76564668144947,1939.8623386875574,1920.6163995576358,1.5441886630180026,7.720903391701711,-19.24593912992168,-0.9921291189632975,trend_break,closed,2019-12-07T00:00:00+00:00,15.7635,15.6822,-0.5157484061280804,1
d85ad7e2888f47b79e6eead8595df555,3373070c20f099c3f75399421b5c21d6,1,4,20,0,0520887a0d4e53ce87f9ad5fdc606823,cf0b575e50aa5d2be9d738873106cc7e,fast,1h,futures,aster,ETH,1,2019-12-08T16:00:00+00:00,2019-12-08T16:00:00+00:00,150.97134,149.92954,13.277956490760298,2005.3927202253285,1989.9616056361858,1.5981395170685944,7.9906742161395465,-15.43111458914268,-0.7694809317652664,trend_break,closed,2019-12-08T15:00:00+00:00,150.67,150.23,-0.2920289374128915,1
d85ad7e2888f47b79e6eead8595df555,f3264b4c3ebe6cc4e6b48806a6a8e133,1,4,20,0,5ec4377ee4444e70526c287449c90154,cf0b575e50aa5d2be9d738873106cc7e,fast,1h,spot,aster,ETH,1,2019-12-08T16:00:00+00:00,2019-12-08T16:00:00+00:00,150.97134,149.92954,13.278141411998917,2005.4206491996401,1989.9893197023657,1.5981617742539669,7.990785501740947,-15.431329497274419,-0.7694809317652651,trend_break,closed,2019-12-08T15:00:00+00:00,150.67,150.23,-0.2920289374128915,1
d85ad7e2888f47b79e6eead8595df555,3373070c20f099c3f75399421b5c21d6,1,4,20,0,57304d22393f190e316bcba1bd8f2178,af0d7441c206036b175ff9595a7a278c,fast,1h,futures,aster,BTC,1,2019-12-22T19:00:00+00:00,2019-12-22T19:00:00+00:00,7408.04652,7393.2838,0.2701798180600452,2002.3052628183327,1996.7170655214995,1.5996082931616922,7.998057503682462,-5.5881972968331866,-0.27908817904057015,trend_break,closed,2019-12-22T18:00:00+00:00,7393.26,7408.1,0.20072336154821624,1
d85ad7e2888f47b79e6eead8595df555,f3264b4c3ebe6cc4e6b48806a6a8e133,1,4,20,0,0c95b8aaa92c8e2462c5023144d2161e,af0d7441c206036b175ff9595a7a278c,fast,1h,spot,aster,BTC,1,2019-12-22T19:00:00+00:00,2019-12-22T19:00:00+00:00,7408.04652,7393.2838,0.270183580836843,2002.3331487938253,1996.7448736705312,1.5996305708026144,7.99816889211043,-5.588275123294125,-0.27908817904055655,trend_break,closed,2019-12-22T18:00:00+00:00,7393.26,7408.1,0.20072336154821624,1
d85ad7e2888f47b79e6eead8595df555,3373070c20f099c3f75399421b5c21d6,1,4,20,0,5020135c2aff4292929d14face7d306b,7903a4724fc965f17e7020c8ed81a17d,fast,1h,futures,aster,BNB,1,2019-12-29T13:00:00+00:00,2019-12-29T13:00:00+00:00,13.941226799999999,14.0604228,143.48715864048526,2001.1871763031825,2016.6831208091535,1.6071508553401923,8.035854832501737,15.49594450597101,0.7743375876811713,trend_break,closed,2019-12-29T12:00:00+00:00,13.9134,14.0886,1.2592177325456033,1
d85ad7e2888f47b79e6eead8595df555,f3264b4c3ebe6cc4e6b48806a6a8e133,1,4,20,0,dd54f5baf5b2a2f18ebf95b9a2680011,7903a4724fc965f17e7020c8ed81a17d,fast,1h,spot,aster,BNB,0,2019-12-29T13:00:00+00:00,2019-12-29T13:00:00+00:00,13.941226799999999,14.0604228,143.48915697683472,2001.215046707157,2016.711207024142,1.6071732380258883,8.03596674733065,15.49616031698497,0.7743375876811786,trend_break,closed,2019-12-29T12:00:00+00:00,13.9134,14.0886,1.2592177325456033,1
d85ad7e2888f47b79e6eead8595df555,3373070c20f099c3f75399421b5c21d6,1,4,20,0,23b0d657721f7615e3d779038ecf89fa,7b842ea32c415565fe0ad81a77156cfb,fast,1h,futures,aster,ETH,1,2020-01-03T10:00:00+00:00,2020-01-03T10:00:00+00:00,132.73494,131.6362,15.093887188978114,2004.2876048799367,1986.1071920046465,1.5961552652726159,7.980741912300289,-18.18041287529013,-0.9070760519111826,trend_break,closed,2020-01-03T09:00:00+00:00,132.47,131.9,-0.4302861025137661,1
d85ad7e2888f47b79e6eead8595df555,f3264b4c3ebe6cc4e6b48806a6a8e133,1,4,20,0,322bde4c82ad13c3e07217fa371d4b35,7b842ea32c415565fe0ad81a77156cfb,fast,1h,spot,aster,ETH,1,2020-01-03T10:00:00+00:00,2020-01-03T10:00:00+00:00,132.73494,131.6362,15.094097400565762,2004.3155184633795,1986.1348523906586,1.5961774948234428,7.980853059575141,-18.180666072720896,-0.9070760519111888,trend_break,closed,2020-01-03T09:00:00+00:00,132.47,131.9,-0.4302861025137661,1
d85ad7e2888f47b79e6eead8595df555,3373070c20f099c3f75399421b5c21d6,1,4,20,0,36c822677897a5e5378cf6399476b140,7de90543ec4b5be41c183a29d385de62,fast,1h,futures,aster,BNB,1,2020-01-04T10:00:00+00:00,2020-01-04T10:00:00+00:00,13.8578604,13.7741964,144.31160872573955,2000.6500678718487,1986.9813308117348,1.5950506276836043,7.97523674461927,-13.668737060113926,-0.6832147850150412,trend_break,closed,2020-01-04T09:00:00+00:00,13.8302,13.8018,-0.2053477173142748,1
d85ad7e2888f47b79e6eead8595df555,f3264b4c3ebe6cc4e6b48806a6a8e133,1,4,20,0,f5858a93a1d5ee8cc4861e57a3f90489,7de90543ec4b5be41c183a29d385de62,fast,1h,spot,aster,BNB,0,2020-01-04T10:00:00+00:00,2020-01-04T10:00:00+00:00,13.8578604,13.7741964,144.31361854415186,2000.6779307955492,1987.009003371821,1.595072841850215,7.9753478152240085,-13.668927423728064,-0.6832147850150352,trend_break,closed,2020-01-04T09:00:00+00:00,13.8302,13.8018,-0.2053477173142748,1
d85ad7e2888f47b79e6eead8595df555,3373070c20f099c3f75399421b5c21d6,1,4,20,0,45c9fb944a27301f110e76e372111878,76c6fca5920d5a270e61776c55e54ab9,fast,1h,futures,aster,ADA,1,2020-01-05T02:00:00+00:00,2020-01-05T02:00:00+00:00,0.03487962,0.03456074,57257.40075174838,1997.9152269608612,1978.0665972007973,1.5903898083462713,7.951907816402815,-19.848629760063886,-0.993467064679052,trend_break,closed,2020-01-05T01:00:00+00:00,0.03481,0.03463,-0.5170927894283195,1
d85ad7e2888f47b79e6eead8595df555,3373070c20f099c3f75399421b5c21d6,1,4,20,0,782806c6ebd7d8e860c477f62790939a,24b173144bfeda61bb55e47f8048e9f7,fast,1h,futures,aster,BTC,1,2020-01-05T02:00:00+00:00,2020-02-25T14:00:00+00:00,7493.1664200000005,9389.732899999999,0.266525026733451,1997.915226960861,2501.5977726675874,1.7998860770404645,9.001488320882743,503.6825457067264,25.210406272988152,trend_break,closed,2020-01-05T01:00:00+00:00,7478.21,9408.55,25.81286163400065,1237
d85ad7e2888f47b79e6eead8595df555,f3264b4c3ebe6cc4e6b48806a6a8e133,1,4,20,0,6516a486d3326161266522070a4f72d8,76c6fca5920d5a270e61776c55e54ab9,fast,1h,spot,aster,ADA,1,2020-01-05T02:00:00+00:00,2020-01-05T02:00:00+00:00,0.03487962,0.03456074,57258.198171854,1997.9430517966098,1978.0941456059668,1.5904119576019533,7.952018562107083,-19.848906190642992,-0.9934670646790591,trend_break,closed,2020-01-05T01:00:00+00:00,0.03481,0.03463,-0.5170927894283195,1
d85ad7e2888f47b79e6eead8595df555,f3264b4c3ebe6cc4e6b48806a6a8e133,1,4,20,0,95ebdb4b37b755edf17a40e38f72cbff,24b173144bfeda61bb55e47f8048e9f7,fast,1h,spot,aster,BTC,1,2020-01-05T02:00:00+00:00,2020-02-25T14:00:00+00:00,7493.1664200000005,9389.732899999999,0.2661259276152445,1994.9235146436201,2497.851837520651,1.7971908969479122,8.988009338832011,502.9283228770307,25.210406272988138,trend_break,closed,2020-01-05T01:00:00+00:00,7478.21,9408.55,25.81286163400065,1237
d85ad7e2888f47b79e6eead8595df555,3373070c20f099c3f75399421b5c21d6,1,4,20,0,df3225b98ce74bc0d88360a60e401e00,36759377596ee3ffa5297ee335a23fbb,fast,1h,futures,aster,BTC,1,2020-01-06T03:00:00+00:00,2020-02-25T14:00:00+00:00,7583.316360000001,9389.732899999999,0.2631185459617679,1996.1092986809715,2469.6246224703273,1.7863696167314647,8.93378502557105,473.51532378935576,23.721913629792446,trend_break,closed,2020-01-06T02:00:00+00:00,7568.18,9408.55,24.31720704317284,1212
d85ad7e2888f47b79e6eead8595df555,f3264b4c3ebe6cc4e6b48806a6a8e133,1,4,20,0,e689711d7cc6c961ea7cae270b0a0621,36759377596ee3ffa5297ee335a23fbb,fast,1h,spot,aster,BTC,1,2020-01-06T03:00:00+00:00,2020-02-25T14:00:00+00:00,7583.316360000001,9389.732899999999,0.2631217790110313,1996.133825723237,2469.654967796375,1.786391566613227,8.93389479877989,473.521142073138,23.72191362979245,trend_break,closed,2020-01-06T02:00:00+00:00,7568.18,9408.55,24.31720704317284,1212
d85ad7e2888f47b79e6eead8595df555,3373070c20f099c3f75399421b5c21d6,1,4,20,0,744672bb28bada4aaa6b24207bd58ae6,7f52279153d596e5adceb5994efaf9cd,fast,1h,futures,aster,BNB,1,2020-01-10T16:00:00+00:00,2020-02-25T05:00:00+00:00,14.9395194,21.0866422,136.23507257780918,2036.100624340483,2871.5911344470783,1.963210696110353,9.819442573205269,835.4905101065954,41.033851673083234,trend_break,closed,2020-01-10T15:00:00+00:00,14.9097,21.1289,41.71244223559161,1094
d85ad7e2888f47b79e6eead8595df555,f3264b4c3ebe6cc4e6b48806a6a8e133,1,4,20,0,53b5fe9cede1f37140df23af21ae7a54,7f52279153d596e5adceb5994efaf9cd,fast,1h,spot,aster,BNB,0,2020-01-10T16:00:00+00:00,2020-02-25T05:00:00+00:00,14.9395194,21.0866422,136.23458104613266,2036.0932781561671,2871.5807738403864,1.963203612910509,9.819407144978314,835.4874956842193,41.03385167308321,trend_break,closed,2020-01-10T15:00:00+00:00,14.9097,21.1289,41.71244223559161,1094
d85ad7e2888f47b79e6eead8595df555,3373070c20f099c3f75399421b5c21d6,1,4,20,0,b2a62ad563d4b9eb4e4033ee74921c98,5f19792e89647ac49656e6f957c924c0,fast,1h,futures,aster,BTC,1,2020-01-26T18:00:00+00:00,2020-02-25T14:00:00+00:00,8597.861400000002,9389.732899999999,0.2523977355109321,2170.948779895891,2368.999342084092,1.8160112274437399,9.08089192708007,198.05056218820073,9.122765309907418,trend_break,closed,2020-01-26T17:00:00+00:00,8580.7,9408.55,9.647814280886147,717
d85ad7e2888f47b79e6eead8595df555,f3264b4c3ebe6cc4e6b48806a6a8e133,1,4,20,0,9c3ea75685836cc3e549778ee6238c36,5f19792e89647ac49656e6f957c924c0,fast,1h,spot,aster,BTC,1,2020-01-26T18:00:00+00:00,2020-02-25T14:00:00+00:00,8597.861400000002,9389.732899999999,0.25239098234332136,2170.8906938716436,2368.9359570081742,1.8159626381480511,9.080648958239188,198.0452631365306,9.122765309907411,trend_break,closed,2020-01-26T17:00:00+00:00,8580.7,9408.55,9.647814280886147,717
d85ad7e2888f47b79e6eead8595df555,3373070c20f099c3f75399421b5c21d6,1,4,20,0,cac48db6cbb5ecb87766a3960d05976d,368df0924c32320b9a70b00bfb3e152f,fast,1h,futures,aster,XRP,1,2020-01-28T14:00:00+00:00,2020-02-20T11:00:00+00:00,0.23868642,0.2666656,7393.212158468073,1765.3652061421792,1970.7267500227176,1.4944698794281606,7.473206714022696,205.36154388053842,11.632807940591018,trend_break,closed,2020-01-28T13:00:00+00:00,0.23821,0.2672,12.169934091767765,550
d85ad7e2888f47b79e6eead8595df555,f3264b4c3ebe6cc4e6b48806a6a8e133,1,4,20,0,701aff945d4d209d1e25b5ed34ef754a,368df0924c32320b9a70b00bfb3e152f,fast,1h,spot,aster,XRP,0,2020-01-28T14:00:00+00:00,2020-02-20T11:00:00+00:00,0.23868642,0.2666656,7403.537672769649,1767.8307520094986,1973.4791081054695,1.4965570872320966,7.483643950389017,205.64835609597094,11.632807940591022,trend_break,closed,2020-01-28T13:00:00+00:00,0.23821,0.2672,12.169934091767765,550
d85ad7e2888f47b79e6eead8595df555,3373070c20f099c3f75399421b5c21d6,1,4,20,0,40d9bc1c9cbb96a307142977dd99eb53,676e6a405c6dc1502da6149748dae3bb,fast,1h,futures,aster,BNB,1,2020-03-06T11:00:00+00:00,2020-03-07T16:00:00+00:00,21.6283704,20.558899800000003,84.50663311109462,1828.4718584885322,1736.66845720533,1.4260416659000064,7.12987533956292,-91.80340128320222,-5.02077190070016,trend_break,closed,2020-03-06T10:00:00+00:00,21.5852,20.6001,-4.563775179289509,30
d85ad7e2888f47b79e6eead8595df555,f3264b4c3ebe6cc4e6b48806a6a8e133,1,4,20,0,ee7ba1c2c9a10a50e6e406b59aae70aa,676e6a405c6dc1502da6149748dae3bb,fast,1h,spot,aster,BNB,0,2020-03-06T11:00:00+00:00,2020-03-07T16:00:00+00:00,21.6283704,20.558899800000003,84.50433614143067,1828.4221589059584,1736.621252925433,1.4260029047480645,7.129681542854191,-91.80090598052539,-5.020771900700149,trend_break,closed,2020-03-06T10:00:00+00:00,21.5852,20.6001,-4.563775179289509,30
d85ad7e2888f47b79e6eead8595df555,3373070c20f099c3f75399421b5c21d6,1,4,20,0,3ed08ebd940f66a5700ac03201ca8725,860fa683b4c07457a01ed86b892f45fc,fast,1h,futures,aster,ETH,1,2020-03-07T00:00:00+00:00,2020-03-08T02:00:00+00:00,246.95292,230.59776953297083,7.875770996657172,1945.7226227337494,1815.408771091534,1.5044319480229622,7.521674589134391,-130.31385164221547,-6.69745266461074,stop,closed,2020-03-06T23:00:00+00:00,246.46,231.05988931159402,-6.248523366228187,27
d85ad7e2888f47b79e6eead8595df555,f3264b4c3ebe6cc4e6b48806a6a8e133,1,4,20,0,23bc72f8c020b8584061847c2b6551fb,860fa683b4c07457a01ed86b892f45fc,fast,1h,spot,aster,ETH,1,2020-03-07T00:00:00+00:00,2020-03-08T02:00:00+00:00,246.95292,230.59776953297083,7.875556925803872,1945.669736165271,1815.3594265759455,1.5043910561495215,7.521470142954046,-130.31030958932547,-6.697452664610728,stop,closed,2020-03-06T23:00:00+00:00,246.46,231.05988931159402,-6.248523366228187,27
d85ad7e2888f47b79e6eead8595df555,3373070c20f099c3f75399421b5c21d6,1,4,20,0,30aeb5008533eb3256af94ce030e6b0a,ec24f97fdcd3653678ca4ecc8d0fb9ed,fast,1h,futures,aster,ETH,1,2020-03-20T11:00:00+00:00,2020-03-20T11:00:00+00:00,151.58256,145.48844,6.0642389884474674,919.6005634688058,881.9237595483135,0.720603816214831,3.6028856678164094,-37.676803920492375,-4.097083605339746,trend_break,closed,2020-03-20T10:00:00+00:00,151.28,145.78,-3.635642517186677,1
d85ad7e2888f47b79e6eead8595df555,f3264b4c3ebe6cc4e6b48806a6a8e133,1,4,20,0,105df3a635ceb2661075909b6cec8196,ec24f97fdcd3653678ca4ecc8d0fb9ed,fast,1h,spot,aster,ETH,1,2020-03-20T11:00:00+00:00,2020-03-20T11:00:00+00:00,151.58256,145.48844,6.0640741567357,919.5755678617218,881.8997880321493,0.7205842295262525,3.602787737999814,-37.675779829572434,-4.0970836053397415,trend_break,closed,2020-03-20T10:00:00+00:00,151.28,145.78,-3.635642517186677,1
d85ad7e2888f47b79e6eead8595df555,3373070c20f099c3f75399421b5c21d6,1,4,20,0,b542d95872bc2edc03d4d13ddb86a91f,aca537132013e6fd3e560af7be2a70b0,fast,1h,futures,aster,BNB,1,2020-03-31T08:00:00+00:00,2020-03-31T08:00:00+00:00,12.588626999999999,12.579291,137.044821474945,1725.8962222856042,1723.2371187006318,1.379653131682422,6.898288133762831,-2.6591035849723994,-0.1540708850646274,trend_break,closed,2020-03-31T07:00:00+00:00,12.5635,12.6045,0.32634218171687657,1
d85ad7e2888f47b79e6eead8595df555,f3264b4c3ebe6cc4e6b48806a6a8e133,1,4,20,0,8aabaf50b44f0029a306c7ec025c0929,aca537132013e6fd3e560af7be2a70b0,fast,1h,spot,aster,BNB,0,2020-03-31T08:00:00+00:00,2020-03-31T08:00:00+00:00,12.588626999999999,12.579291,137.0410964679729,1725.8493108051705,1723.190279497131,1.3796156314144123,6.898100631811884,-2.6590313080394026,-0.15407088506463343,trend_break,closed,2020-03-31T07:00:00+00:00,12.5635,12.6045,0.32634218171687657,1
d85ad7e2888f47b79e6eead8595df555,3373070c20f099c3f75399421b5c21d6,1,4,20,0,c40b92dffd322c386b4dc61deb8da417,4c47fdd0dce1457d168ff72fdec32c9f,fast,1h,futures,aster,BTC,1,2020-04-01T23:00:00+00:00,2020-04-01T23:00:00+00:00,6541.14618,6627.718,0.2859492959721844,1871.184319480152,1894.433219483773,1.506250976409727,7.531384028188667,23.248900003620975,1.242469796352287,trend_break,closed,2020-04-01T22:00:00+00:00,6528.09,6641,1.729602379869144,1
d85ad7e2888f47b79e6eead8595df555,f3264b4c3ebe6cc4e6b48806a6a8e133,1,4,20,0,fd0b13a61aab843ef43969192cad0506,4c47fdd0dce1457d168ff72fdec32c9f,fast,1h,spot,aster,BTC,1,2020-04-01T23:00:00+00:00,2020-04-01T23:00:00+00:00,6541.14618,6627.718,0.28594152360173136,1871.1334589327691,1894.3817270094507,1.5062100350933858,7.531179318096649,23.248268076681597,1.2424697963522933,trend_break,closed,2020-04-01T22:00:00+00:00,6528.09,6641,1.729602379869144,1
d85ad7e2888f47b79e6eead8595df555,3373070c20f099c3f75399421b5c21d6,1,4,20,0,9f36fa03f5cdb541dbc65d5c9c492c6f,db86c8cc8f318948e62c556d8acdc232,fast,1h,futures,aster,ETH,1,2020-04-02T00:00:00+00:00,2020-04-02T00:00:00+00:00,136.21188,135.96752,16.366071461924086,2230.1450633878458,2224.3640471610643,1.7818030043454485,8.909034661012996,-5.781016226781503,-0.25922153323961256,trend_break,closed,2020-04-01T23:00:00+00:00,135.94,136.24,0.22068559658674491,1
d85ad7e2888f47b79e6eead8595df555,f3264b4c3ebe6cc4e6b48806a6a8e133,1,4,20,0,abacc598273c3b5b80a1b362f95815c8,db86c8cc8f318948e62c556d8acdc232,fast,1h,spot,aster,ETH,1,2020-04-02T00:00:00+00:00,2020-04-02T00:00:00+00:00,136.21188,135.96752,16.36562661672931,2230.0844459502755,2224.3035868569455,1.7817545732661655,8.908792505082767,-5.780859093330037,-0.25922153323959524,trend_break,closed,2020-04-01T23:00:00+00:00,135.94,136.24,0.22068559658674491,1
d85ad7e2888f47b79e6eead8595df555,3373070c20f099c3f75399421b5c21d6,1,4,20,0,b1996dc17cb7f3f5eff00539510afd18,a874d16e0b7b557b2fa6a10e18c5dd9f,fast,1h,futures,aster,XRP,1,2020-04-02T17:00:00+00:00,2020-04-02T17:00:00+00:00,0.18187302,0.18221484,11623.13197300144,2114.7796874338455,2117.0599699062377,1.6927364986190687,8.463732240100189,2.280282472392173,0.10782600598737332,trend_break,closed,2020-04-02T16:00:00+00:00,0.18151,0.18258,0.5894992011459266,1
d85ad7e2888f47b79e6eead8595df555,f3264b4c3ebe6cc4e6b48806a6a8e133,1,4,20,0,836e3783ab041649cefb5f1440740e3a,a874d16e0b7b557b2fa6a10e18c5dd9f,fast,1h,spot,aster,XRP,0,2020-04-02T17:00:00+00:00,2020-04-02T17:00:00+00:00,0.18187302,0.18221484,11622.816045356958,2114.722205735556,2117.002426227729,1.692690488451071,8.46350218790803,2.2802204921727025,0.10782600598737184,trend_break,closed,2020-04-02T16:00:00+00:00,0.18151,0.18258,0.5894992011459266,1
d85ad7e2888f47b79e6eead8595df555,3373070c20f099c3f75399421b5c21d6,1,4,20,0,a47d40e9dcd415beb32c5d21e007fbf5,ea2e438811a7db18da39064369e560ae,fast,1h,futures,aster,ADA,1,2020-04-02T18:00:00+00:00,2020-04-02T18:00:00+00:00,0.03259506,0.03180626,71256.98604767337,2323.5547859373337,2265.5116577586523,1.8356175842766995,9.177899802940331,-58.0431281786814,-2.498031401280969,trend_break,closed,2020-04-02T17:00:00+00:00,0.03253,0.03187,-2.028896403320013,1
d85ad7e2888f47b79e6eead8595df555,3373070c20f099c3f75399421b5c21d6,1,4,20,0,9ddb65e03770f0362c13aa5bc818d943,1d032c33a06e02f699b8ee6e633c3002,fast,1h,futures,aster,BNB,1,2020-04-02T18:00:00+00:00,2020-04-02T18:00:00+00:00,13.443232799999999,13.032881999999999,138.79320689981768,1866.5757231693801,1808.1519377317388,1.4698819517358899,7.349211339910866,-58.4237854376413,-3.1299981411115625,trend_break,closed,2020-04-02T17:00:00+00:00,13.4164,13.059,-2.6639038788348612,1
d85ad7e2888f47b79e6eead8595df555,f3264b4c3ebe6cc4e6b48806a6a8e133,1,4,20,0,1d5f53fa8b94acca9c50ae4c7435e044,ea2e438811a7db18da39064369e560ae,fast,1h,spot,aster,ADA,1,2020-04-02T18:00:00+00:00,2020-04-02T18:00:00+00:00,0.03259506,0.03180626,71255.04921586183,2323.491629535767,2265.4500790238285,1.8355676904665867,9.177650339003005,-58.04155051193857,-2.498031401280979,trend_break,closed,2020-04-02T17:00:00+00:00,0.03253,0.03187,-2.028896403320013,1
d85ad7e2888f47b79e6eead8595df555,f3264b4c3ebe6cc4e6b48806a6a8e133,1,4,20,0,a13bf7eb5a451d0bce88d28f657ad7ac,1d032c33a06e02f699b8ee6e633c3002,fast,1h,spot,aster,BNB,0,2020-04-02T18:00:00+00:00,2020-04-02T18:00:00+00:00,13.443232799999999,13.032881999999999,138.17803461354572,1858.3025109512155,1800.1376769022127,1.4633670029066441,7.316637475214936,-58.16483404900282,-3.1299981411115776,trend_break,closed,2020-04-02T17:00:00+00:00,13.4164,13.059,-2.6639038788348612,1
d85ad7e2888f47b79e6eead8595df555,3373070c20f099c3f75399421b5c21d6,1,4,20,0,1913d3bddb0e1af1c5d337f712c0ec8f,c38c2c7792d3a4c5d10fef71141ed49b,fast,1h,futures,aster,BNB,1,2020-04-04T10:00:00+00:00,2020-04-04T10:00:00+00:00,14.0233908,13.8107232,123.23971851454085,1728.9300303053265,1701.3488277943788,1.3721073497846565,6.860459354380055,-27.581202510947605,-1.5952758080138618,trend_break,closed,2020-04-04T09:00:00+00:00,13.9954,13.8384,-1.1217971619246314,1
d85ad7e2888f47b79e6eead8595df555,f3264b4c3ebe6cc4e6b48806a6a8e133,1,4,20,0,c58f97a441a53856b837ac24fddf76a3,c38c2c7792d3a4c5d10fef71141ed49b,fast,1h,spot,aster,BNB,0,2020-04-04T10:00:00+00:00,2020-04-04T10:00:00+00:00,14.0233908,13.8107232,123.23905150540115,1728.9206728340012,1701.3396196005299,1.372099923541283,6.860422223582069,-27.581053233471266,-1.5952758080138594,trend_break,closed,2020-04-04T09:00:00+00:00,13.9954,13.8384,-1.1217971619246314,1
d85ad7e2888f47b79e6eead8595df555,3373070c20f099c3f75399421b5c21d6,1,4,20,0,8a2f28ebec250a124912d15743f1c0cc,bf33e4b7e5dc5124938ff0a107409e4f,fast,1h,futures,aster,XRP,1,2020-04-06T01:00:00+00:00,2020-04-06T01:00:00+00:00,0.18115158,0.17994938,13022.332620721187,2359.9597359809954,2342.4233369800518,1.8809507243126946,9.404728618684842,-17.536399000943675,-0.743080431991103,trend_break,closed,2020-04-06T00:00:00+00:00,0.18079,0.18031,-0.2655014104762432,1
d85ad7e2888f47b79e6eead8595df555,f3264b4c3ebe6cc4e6b48806a6a8e133,1,4,20,0,c5e5e1bc764932b72e744f32f58006a3,bf33e4b7e5dc5124938ff0a107409e4f,fast,1h,spot,aster,XRP,0,2020-04-06T01:00:00+00:00,2020-04-06T01:00:00+00:00,0.18115158,0.17994938,13022.26214007596,2359.946963193681,2342.4106591048203,1.8809405440612337,9.404677717562858,-17.53630408886056,-0.7430804319911047,trend_break,closed,2020-04-06T00:00:00+00:00,0.18079,0.18031,-0.2655014104762432,1
d85ad7e2888f47b79e6eead8595df555,3373070c20f099c3f75399421b5c21d6,1,4,20,0,29c6a0568bcb869c27876963f7b2af33,788a2c5a414017edc55b7fcba599d771,fast,1h,futures,aster,ADA,1,2020-04-06T05:00:00+00:00,2020-04-06T05:00:00+00:00,0.03287562,0.03271444,71649.10805420535,2356.4510532688864,2343.02286231422,1.879787718488725,9.39892999455066,-13.428190954666206,-0.5698480745457675,trend_break,closed,2020-04-06T04:00:00+00:00,0.03281,0.03278,-0.09143553794574988,1
d85ad7e2888f47b79e6eead8595df555,3373070c20f099c3f75399421b5c21d6,1,4,20,0,2dda2e81b1dd56471b50e525fa9f1d4d,f199d0bedf8c7a9258d4d64d2362b3e6,fast,1h,futures,aster,BNB,1,2020-04-06T05:00:00+00:00,2020-04-10T06:00:00+00:00,13.9861164,14.0639158,143.35139388697783,2005.7312527179226,2015.2755006657153,1.6084044857778448,8.042099207895788,9.544247947792655,0.47584879254683066,trend_break,closed,2020-04-06T04:00:00+00:00,13.9582,14.0921,0.9592927454829425,98
d85ad7e2888f47b79e6eead8595df555,f3264b4c3ebe6cc4e6b48806a6a8e133,1,4,20,0,85ba467a2f84848096886cf7ca40c901,788a2c5a414017edc55b7fcba599d771,fast,1h,spot,aster,ADA,1,2020-04-06T05:00:00+00:00,2020-04-06T05:00:00+00:00,0.03287562,0.03271444,71648.72026842898,2356.438299471582,2343.010181194184,1.8797775445317892,9.398879124812513,-13.42811827739797,-0.5698480745457731,trend_break,closed,2020-04-06T04:00:00+00:00,0.03281,0.03278,-0.09143553794574988,1
d85ad7e2888f47b79e6eead8595df555,f3264b4c3ebe6cc4e6b48806a6a8e133,1,4,20,0,5fcb67e591ffddc3c273845625826a80,f199d0bedf8c7a9258d4d64d2362b3e6,fast,1h,spot,aster,BNB,0,2020-04-06T05:00:00+00:00,2020-04-10T06:00:00+00:00,13.9861164,14.0639158,143.25576182551512,2004.393196566276,2013.9310773900274,1.607331492816492,8.036734191868494,9.537880823751493,0.475848792546833,trend_break,closed,2020-04-06T04:00:00+00:00,13.9582,14.0921,0.9592927454829425,98
d85ad7e2888f47b79e6eead8595df555,3373070c20f099c3f75399421b5c21d6,1,4,20,0,7ad2ce49131d15288b10242cf2a66202,51babd9f8301e8ddee19297b6b14b791,fast,1h,futures,aster,ETH,1,2020-04-14T17:00:00+00:00,2020-04-15T00:00:00+00:00,161.5725,156.31673999999998,10.114625476808124,1634.8990229815213,1580.452846743249,1.2861322422828687,6.430474293135533,-54.4461762382723,-3.33024703501139,trend_break,closed,2020-04-14T16:00:00+00:00,161.25,156.63,-2.865116279069768,8
d85ad7e2888f47b79e6eead8595df555,f3264b4c3ebe6cc4e6b48806a6a8e133,1,4,20,0,9174b130edcde0dece3a320b661967cf,51babd9f8301e8ddee19297b6b14b791,fast,1h,spot,aster,ETH,1,2020-04-14T17:00:00+00:00,2020-04-15T00:00:00+00:00,161.5725,156.31673999999998,10.114565307967473,1634.889297462863,1580.4434451083876,1.286124591472058,6.430436040193401,-54.44585235447539,-3.3302470350113813,trend_break,closed,2020-04-14T16:00:00+00:00,161.25,156.63,-2.865116279069768,8
d85ad7e2888f47b79e6eead8595df555,3373070c20f099c3f75399421b5c21d6,1,4,20,0,e53e6cb111cdc0e3a1c11271761d6d9d,1e7952e11bbeed731ed3788cd6f922b7,fast,1h,futures,aster,BTC,1,2020-04-16T08:00:00+00:00,2020-04-20T11:00:00+00:00,6914.1006,6949.85244,0.31740870591027254,2195.4735622690305,2205.061291780051,1.7602157572908754,8.801159382872981,9.58772951102037,0.43670439379426707,trend_break,closed,2020-04-16T07:00:00+00:00,6900.3,6963.78,0.9199600017390397,100
d85ad7e2888f47b79e6eead8595df555,3373070c20f099c3f75399421b5c21d6,1,4,20,0,8c08060b6a208fecdf580627265a4635,c0601db4985dd5adda8ba6d96d388508,fast,1h,futures,aster,ETH,1,2020-04-16T08:00:00+00:00,2020-05-10T02:00:00+00:00,165.20976,187.31462,10.738233812588225,1774.7706554139863,2010.6236148016842,1.5141956868310802,7.571958190608461,235.85295938769787,13.289207744573755,trend_break,closed,2020-04-16T07:00:00+00:00,164.88,187.69,13.834303736050458,562
d85ad7e2888f47b79e6eead8595df555,f3264b4c3ebe6cc4e6b48806a6a8e133,1,4,20,0,89774326825eaa5a4d70713b37ba0cb2,1e7952e11bbeed731ed3788cd6f922b7,fast,1h,spot,aster,BTC,1,2020-04-16T08:00:00+00:00,2020-04-20T11:00:00+00:00,6914.1006,6949.85244,0.3174068177421055,2195.46050206238,2205.048174538904,1.7602052863009559,8.80110702744394,9.587672476523949,0.43670439379426074,trend_break,closed,2020-04-16T07:00:00+00:00,6900.3,6963.78,0.9199600017390397,100
d85ad7e2888f47b79e6eead8595df555,f3264b4c3ebe6cc4e6b48806a6a8e133,1,4,20,0,c374dcd0226be129b75f32125ba514b2,c0601db4985dd5adda8ba6d96d388508,fast,1h,spot,aster,ETH,1,2020-04-16T08:00:00+00:00,2020-05-10T02:00:00+00:00,165.20976,187.31462,10.777736580610197,1781.2995087353615,2018.0201010042754,1.5197659623531719,7.599813172451475,236.72059226891383,13.28920774457375,trend_break,closed,2020-04-16T07:00:00+00:00,164.88,187.69,13.834303736050458,562
d85ad7e2888f47b79e6eead8595df555,3373070c20f099c3f75399421b5c21d6,1,4,20,0,b6685ea0422b8f5f18025f7fdb36b867,433e665b34f1ac108a71783474cef5d5,fast,1h,futures,aster,BNB,1,2020-04-16T09:00:00+00:00,2020-05-10T00:00:00+00:00,15.7056486,14.294683597069149,87.13413316323103,1369.045475757924,1245.0566421276483,1.0456211762402363,5.227635018891441,-123.98883363027562,-9.056589852256995,stop,closed,2020-04-16T08:00:00+00:00,15.6743,14.323330257584317,-8.619011645915187,559
d85ad7e2888f47b79e6eead8595df555,f3264b4c3ebe6cc4e6b48806a6a8e133,1,4,20,0,9a4e64db29b7c6ee245cddefb3614539,433e665b34f1ac108a71783474cef5d5,fast,1h,spot,aster,BNB,0,2020-04-16T09:00:00+00:00,2020-05-10T00:00:00+00:00,15.7056486,14.294683597069149,87.13470921296715,1369.0545266115494,1245.0648732825828,1.0456280889136145,5.227669579145429,-123.9896533289666,-9.056589852256995,stop,closed,2020-04-16T08:00:00+00:00,15.6743,14.323330257584317,-8.619011645915187,559
d85ad7e2888f47b79e6eead8595df555,3373070c20f099c3f75399421b5c21d6,1,4,20,0,448c28f4a25f9ee40dfdb4d90b50b8fa,934a6092ce815e04ffdbcc9b47f2bcfa,fast,1h,futures,aster,ADA,1,2020-04-18T03:00:00+00:00,2020-04-20T19:00:00+00:00,0.0351201,0.03386214,64879.11996869317,2279.4726056849863,2196.067065119301,1.790202809867674,8.95072339088091,-83.40554056568544,-3.658984115785059,trend_break,closed,2020-04-18T02:00:00+00:00,0.03505,0.03393,-3.1954350927246633,65
d85ad7e2888f47b79e6eead8595df555,f3264b4c3ebe6cc4e6b48806a6a8e133,1,4,20,0,8a8b858fad787c54fcc26f4931846a13,934a6092ce815e04ffdbcc9b47f2bcfa,fast,1h,spot,aster,ADA,1,2020-04-18T03:00:00+00:00,2020-04-20T19:00:00+00:00,0.0351201,0.03386214,64880.40245500952,2279.517664749084,2196.110475479401,1.7902381973792223,8.950900322693114,-83.40718926968293,-3.6589841157850342,trend_break,closed,2020-04-18T02:00:00+00:00,0.03505,0.03393,-3.1954350927246633,65
d85ad7e2888f47b79e6eead8595df555,3373070c20f099c3f75399421b5c21d6,1,4,20,0,a9ab3d331f117cb7e8c6e3097ed689fc,a3228da1e89c36634d720c98f8186011,fast,1h,futures,aster,BTC,1,2020-04-22T14:00:00+00:00,2020-05-24T23:00:00+00:00,7083.66906,8698.79754,0.3338340394670332,2365.715764490061,2902.793139395578,2.1074898311326136,10.539648053714227,537.077374905517,22.70253184964873,trend_break,closed,2020-04-22T13:00:00+00:00,7069.53,8716.23,23.292920462887913,769
d85ad7e2888f47b79e6eead8595df555,f3264b4c3ebe6cc4e6b48806a6a8e133,1,4,20,0,cae65442961b50a1604ddd70adb08346,a3228da1e89c36634d720c98f8186011,fast,1h,spot,aster,BTC,1,2020-04-22T14:00:00+00:00,2020-05-24T23:00:00+00:00,7083.66906,8698.79754,0.33385060876899575,2365.8331828902997,2902.9372147455274,2.107594432914537,10.540171171762523,537.1040318552277,22.702531849648693,trend_break,closed,2020-04-22T13:00:00+00:00,7069.53,8716.23,23.292920462887913,769
d85ad7e2888f47b79e6eead8595df555,3373070c20f099c3f75399421b5c21d6,1,4,20,0,4d45103391dfb99599f0bdd760aa5251,5d70484d5bae26d5e82095877938d617,fast,1h,futures,aster,XRP,1,2020-04-23T14:00:00+00:00,2020-05-10T00:00:00+00:00,0.19479882,0.18494352892911894,12418.827775822729,2420.140665712098,2295.8631212900073,1.8863819322148436,9.431457822255547,-124.27754442209061,-5.135137233253482,stop,closed,2020-04-23T13:00:00+00:00,0.19441,0.18531415724360617,-4.678690785656004,386
d85ad7e2888f47b79e6eead8595df555,f3264b4c3ebe6cc4e6b48806a6a8e133,1,4,20,0,b2c644c2897763567963fd823127030d,5d70484d5bae26d5e82095877938d617,fast,1h,spot,aster,XRP,0,2020-04-23T14:00:00+00:00,2020-05-10T00:00:00+00:00,0.19479882,0.18494352892911894,12419.747283035727,2420.3198562797393,2296.033110176091,1.886521602546412,9.43215614045862,-124.28674610364806,-5.135137233253482,stop,closed,2020-04-23T13:00:00+00:00,0.19441,0.18531415724360617,-4.678690785656004,386
d85ad7e2888f47b79e6eead8595df555,3373070c20f099c3f75399421b5c21d6,1,4,20,0,a0167c2710a81263796d5daf84bdb75a,2400418ff5f62ba8c64b690f56905727,fast,1h,futures,aster,ADA,1,2020-05-06T11:00:00+00:00,2020-05-10T00:00:00+00:00,0.0511521,0.047677537811199204,40588.81880842563,2077.0337998978966,1934.400873473246,1.604551304808438,8.022224499439709,-142.63292642465058,-6.8671451774960115,stop,closed,2020-05-06T10:00:00+00:00,0.05105,0.04777308397915752,-6.419032362081245,86
d85ad7e2888f47b79e6eead8595df555,f3264b4c3ebe6cc4e6b48806a6a8e133,1,4,20,0,62e8ccf5fd4873e6c8a3289eea0fc52d,2400418ff5f62ba8c64b690f56905727,fast,1h,spot,aster,ADA,1,2020-05-06T11:00:00+00:00,2020-05-10T00:00:00+00:00,0.0511521,0.047677537811199204,40594.21930916152,2077.3101573503704,1934.6582530582498,1.604764796621129,8.023291887715212,-142.65190429212066,-6.867145177496006,stop,closed,2020-05-06T10:00:00+00:00,0.05105,0.04777308397915752,-6.419032362081245,86
d85ad7e2888f47b79e6eead8595df555,3373070c20f099c3f75399421b5c21d6,1,4,20,0,40b3b96dbc95a28359c0fe32b5488abe,0228f5d5027f3d826c6d73f78d526aec,fast,1h,futures,aster,ADA,1,2020-05-07T19:00:00+00:00,2020-05-10T00:00:00+00:00,0.051803400000000006,0.04821237534739122,31632.864967805133,1639.345433056026,1524.4855209175073,1.265514206485744,6.327141963404846,-114.85991213851867,-7.006449636694308,stop,closed,2020-05-07T18:00:00+00:00,0.0517,0.04830899333405934,-6.5590070907943225,54
d85ad7e2888f47b79e6eead8595df555,3373070c20f099c3f75399421b5c21d6,1,4,20,0,9b5308ee6fe2e6f1a2473d526685e5a3,8a0ef62065cfdb0858c58d8d018b0e27,fast,1h,futures,aster,ETH,1,2020-05-07T19:00:00+00:00,2020-05-10T00:00:00+00:00,213.68652,198.50445724959016,0.17370306631051455,37.13285095472438,34.46704056739804,0.028639534661512544,0.14318769737494155,-2.6658103873263457,-7.179115846980709,stop,closed,2020-05-07T18:00:00+00:00,213.26,198.90226177313644,-6.732504092123959,54
d85ad7e2888f47b79e6eead8595df555,3373070c20f099c3f75399421b5c21d6,1,4,20,0,7a45bd9ca98451d3e09c3dd482276122,8e2bc8778c1c7ef77e1ddd0ea069e4fd,fast,1h,futures,aster,XRP,1,2020-05-07T19:00:00+00:00,2020-05-10T00:00:00+00:00,0.21947808000000002,0.20510364167126793,0.567080416742727,0.12451150576072252,0.11626373449095583,0.00009630879186667488,0.0004815132795365809,-0.008247771269766696,-6.624103707826556,stop,closed,2020-05-07T18:00:00+00:00,0.21904,0.20551467101329451,-6.174821487721649,54
d85ad7e2888f47b79e6eead8595df555,f3264b4c3ebe6cc4e6b48806a6a8e133,1,4,20,0,0430348ee7ef05df20e6481805cb8be7,0228f5d5027f3d826c6d73f78d526aec,fast,1h,spot,aster,ADA,1,2020-05-07T19:00:00+00:00,2020-05-10T00:00:00+00:00,0.051803400000000006,0.04821237534739122,31481.627162646128,1631.5076666872455,1517.1969037019974,1.259463739947818,6.296891682108836,-114.31076298524818,-7.006449636694301,stop,closed,2020-05-07T18:00:00+00:00,0.0517,0.04830899333405934,-6.5590070907943225,54
d85ad7e2888f47b79e6eead8595df555,3373070c20f099c3f75399421b5c21d6,1,4,20,0,9891148da86f6ca9c3254b10155a2342,5409e3cd18de8324f75790f46e1a4e11,fast,1h,futures,aster,ETH,1,2020-05-14T10:00:00+00:00,2020-05-15T20:00:00+00:00,205.52022000000002,191.4583313872618,9.201443876613375,1891.8392029471695,1760.9884137335464,1.4611103443236675,7.3050633831563925,-130.8507892136231,-6.916591484613462,stop,closed,2020-05-14T09:00:00+00:00,205.11,191.84201541809801,-6.4687165822739034,35
d85ad7e2888f47b79e6eead8595df555,3373070c20f099c3f75399421b5c21d6,1,4,20,0,6552468e25716f94c27a858049059137,575952d2be45e8a929a83494ffbc3fb9,fast,1h,futures,aster,XRP,1,2020-05-14T10:00:00+00:00,2020-05-14T16:00:00+00:00,0.20628174,0.20117684,8287.566798836766,1710.2575291101302,1666.5995932789447,1.3507360798036698,6.753538184372081,-43.65793583118557,-2.552711219689901,trend_break,closed,2020-05-14T09:00:00+00:00,0.20587,0.20158,-2.083839316073244,7
d85ad7e2888f47b79e6eead8595df555,f3264b4c3ebe6cc4e6b48806a6a8e133,1,4,20,0,59f543a7021883d746da8c7aac2480af,5409e3cd18de8324f75790f46e1a4e11,fast,1h,spot,aster,ETH,1,2020-05-14T10:00:00+00:00,2020-05-15T20:00:00+00:00,205.52022000000002,191.4583313872618,9.20447753918242,1892.462931337365,1761.5690013790186,1.4615920639124904,7.307471820098154,-130.89392995834646,-6.91659148461346,stop,closed,2020-05-14T09:00:00+00:00,205.11,191.84201541809801,-6.4687165822739034,35
d85ad7e2888f47b79e6eead8595df555,f3264b4c3ebe6cc4e6b48806a6a8e133,1,4,20,0,523d71c988faa9eb1d339e1535085f92,575952d2be45e8a929a83494ffbc3fb9,fast,1h,spot,aster,XRP,0,2020-05-14T10:00:00+00:00,2020-05-14T16:00:00+00:00,0.20628174,0.20117684,8271.015161027764,1706.8418627427807,1663.2711190101818,1.3480384370683378,6.740050254721526,-43.570743732598885,-2.5527112196898907,trend_break,closed,2020-05-14T09:00:00+00:00,0.20587,0.20158,-2.083839316073244,7
d85ad7e2888f47b79e6eead8595df555,3373070c20f099c3f75399421b5c21d6,1,4,20,0,f9b0ee0d727e6ef48673c3b662917301,933502ac195a7059a0148938ea278b0f,fast,1h,futures,aster,ADA,1,2020-05-28T13:00:00+00:00,2020-08-12T02:00:00+00:00,0.05810598,0.13020906000000002,38462.97521469886,2235.822840113214,5006.224556370234,2.89726268643001,14.497464617924296,2770.4017162570194,123.90971532059025,trend_break,closed,2020-05-28T12:00:00+00:00,0.05799,0.13047,124.98706673564408,1799
d85ad7e2888f47b79e6eead8595df555,3373070c20f099c3f75399421b5c21d6,1,4,20,0,142a745330870869bc1461de3af54990,07cd8185d0c457b79ef04d65e883483b,fast,1h,futures,aster,BTC,1,2020-05-28T13:00:00+00:00,2020-06-11T16:00:00+00:00,9446.365020000001,9102.24902,0.24846350163206873,2348.015761336113,2260.6720335705713,1.8434614379200616,9.217002056543222,-87.34372776554164,-3.7198952921780917,trend_break,closed,2020-05-28T12:00:00+00:00,9427.51,9120.49,-3.2566393459142473,340
d85ad7e2888f47b79e6eead8595df555,3373070c20f099c3f75399421b5c21d6,1,4,20,0,4d6a7a67237e5eb325ebbe452017b9af,d20a677f9332911baf99404e7b9a35c4,fast,1h,futures,aster,ETH,1,2020-05-28T13:00:00+00:00,2020-06-15T05:00:00+00:00,210.46008,221.99512,11.152124101463267,2348.015761336113,2474.7268413079664,1.929117623489247,9.646141262801667,126.71107997185345,5.396517436482193,trend_break,closed,2020-05-28T12:00:00+00:00,210.04,222.44,5.903637402399542,425
d85ad7e2888f47b79e6eead8595df555,f3264b4c3ebe6cc4e6b48806a6a8e133,1,4,20,0,e10313349803875e99428535377eb6f2,933502ac195a7059a0148938ea278b0f,fast,1h,spot,aster,ADA,1,2020-05-28T13:00:00+00:00,2020-08-12T02:00:00+00:00,0.05810598,0.13020906000000002,38476.28565371054,2236.596565582659,5007.957002866231,2.898265308771971,14.502481588596579,2771.360437283572,123.90971532059028,trend_break,closed,2020-05-28T12:00:00+00:00,0.05799,0.13047,124.98706673564408,1799
d85ad7e2888f47b79e6eead8595df555,f3264b4c3ebe6cc4e6b48806a6a8e133,1,4,20,0,71cb0693127c5ea8be37484ccc0174b5,07cd8185d0c457b79ef04d65e883483b,fast,1h,spot,aster,BTC,1,2020-05-28T13:00:00+00:00,2020-06-11T16:00:00+00:00,9446.365020000001,9102.24902,0.24876192082645726,2350.8358655659367,2263.3872328759157,1.8456755429035976,9.228072214978258,-87.44863269002099,-3.719895292178075,trend_break,closed,2020-05-28T12:00:00+00:00,9427.51,9120.49,-3.2566393459142473,340
d85ad7e2888f47b79e6eead8595df555,f3264b4c3ebe6cc4e6b48806a6a8e133,1,4,20,0,5cfbee8302672af8570168a6da58fed6,d20a677f9332911baf99404e7b9a35c4,fast,1h,spot,aster,ETH,1,2020-05-28T13:00:00+00:00,2020-06-15T05:00:00+00:00,210.46008,221.99512,11.155683446496742,2348.7651610166217,2475.5166824729026,1.929733326396575,9.649219953881822,126.7515214562809,5.396517436482187,trend_break,closed,2020-05-28T12:00:00+00:00,210.04,222.44,5.903637402399542,425
d85ad7e2888f47b79e6eead8595df555,3373070c20f099c3f75399421b5c21d6,1,4,20,0,7fb14c96509f5a2cc161fe98eafade24,55fc7c4960abad70256dd7ffe47611c3,fast,1h,futures,aster,XRP,1,2020-05-30T11:00:00+00:00,2020-06-02T15:00:00+00:00,0.20494908,0.197505565999825,12231.297009042806,2507.795786437759,2414.782938987493,1.9690169231572163,9.844759819503253,-93.01284745026624,-3.7089482306846007,stop,closed,2020-05-30T10:00:00+00:00,0.20454,0.1979013687372996,-3.245639612154294,77
d85ad7e2888f47b79e6eead8595df555,f3264b4c3ebe6cc4e6b48806a6a8e133,1,4,20,0,082ddca39b3606d5411b22ee461f0d5d,55fc7c4960abad70256dd7ffe47611c3,fast,1h,spot,aster,XRP,0,2020-05-30T11:00:00+00:00,2020-06-02T15:00:00+00:00,0.20494908,0.197505565999825,12235.542704633015,2508.666285903494,2415.6211520786956,1.9697004031235286,9.848177106592383,-93.04513382479854,-3.708948230684593,stop,closed,2020-05-30T10:00:00+00:00,0.20454,0.1979013687372996,-3.245639612154294,77
d85ad7e2888f47b79e6eead8595df555,3373070c20f099c3f75399421b5c21d6,1,4,20,0,acb8b71556683a3fdf568ff37a174ce9,b07d752f9b33eba513ea986a1d916338,fast,1h,futures,aster,XRP,1,2020-06-02T00:00:00+00:00,2020-06-02T14:00:00+00:00,0.21120155999999998,0.1997889166089932,10869.87474711947,2296.652797397676,2170.811827202692,1.7869660011994761,8.934369527458713,-125.84097019498404,-5.479320615531164,stop,closed,2020-06-01T23:00:00+00:00,0.21078,0.200189295199392,-5.024530221372048,15
d85ad7e2888f47b79e6eead8595df555,f3264b4c3ebe6cc4e6b48806a6a8e133,1,4,20,0,a32f91d490e4d18a92e7f202263c1904,b07d752f9b33eba513ea986a1d916338,fast,1h,spot,aster,XRP,0,2020-06-02T00:00:00+00:00,2020-06-02T14:00:00+00:00,0.21120155999999998,0.1997889166089932,10860.073374617565,2294.581904209067,2168.8544048914923,1.785354692897084,8.926313401160527,-125.72749931757471,-5.479320615531154,stop,closed,2020-06-01T23:00:00+00:00,0.21078,0.200189295199392,-5.024530221372048,15
d85ad7e2888f47b79e6eead8595df555,3373070c20f099c3f75399421b5c21d6,1,4,20,0,96d7ba5041837e00edfe3298c3b15a31,cd6366f3636dc74d26d2c6c6f98b352b,fast,1h,futures,aster,BTC,1,2020-06-03T11:00:00+00:00,2020-06-11T16:00:00+00:00,9611.01366,9102.24902,0.23272657716583892,2237.6330075107962,2117.487924832137,1.7420294284486535,8.709708368863742,-120.14508267865904,-5.3692934576573705,trend_break,closed,2020-06-03T10:00:00+00:00,9591.83,9120.49,-4.913973663002791,198
d85ad7e2888f47b79e6eead8595df555,f3264b4c3ebe6cc4e6b48806a6a8e133,1,4,20,0,1f4c9d40dac758e0ff4f1e1b37c15133,cd6366f3636dc74d26d2c6c6f98b352b,fast,1h,spot,aster,BTC,1,2020-06-03T11:00:00+00:00,2020-06-11T16:00:00+00:00,9611.01366,9102.24902,0.23281042475385666,2238.4391901687186,2118.2508211773506,1.7426570532245176,8.712846334660174,-120.18836899136795,-5.369293457657385,trend_break,closed,2020-06-03T10:00:00+00:00,9591.83,9120.49,-4.913973663002791,198
d85ad7e2888f47b79e6eead8595df555,3373070c20f099c3f75399421b5c21d6,1,4,20,0,ec81162f0945e51484825ac315209eda,d3abbd9153a62ec60f51cbd97f94e797,fast,1h,futures,aster,BTC,1,2020-06-10T19:00:00+00:00,2020-06-11T15:00:00+00:00,9844.299299999999,9497.69278800913,0.23841650820977667,2347.9822822638994,2263.5009878660885,1.8445800861777055,9.222606774458379,-84.48129439781087,-3.5980379850377284,stop,closed,2020-06-10T18:00:00+00:00,9824.65,9516.72624049011,-3.134195716996424,21
d85ad7e2888f47b79e6eead8595df555,f3264b4c3ebe6cc4e6b48806a6a8e133,1,4,20,0,6bc51dfad40fa6290ddc5feebd1477d7,d3abbd9153a62ec60f51cbd97f94e797,fast,1h,spot,aster,BTC,1,2020-06-10T19:00:00+00:00,2020-06-11T15:00:00+00:00,9844.299299999999,9497.69278800913,0.23821891797524705,2346.0363668014697,2261.625087181154,1.8430513706765295,9.214963440323412,-84.41127962031578,-3.598037985037722,stop,closed,2020-06-10T18:00:00+00:00,9824.65,9516.72624049011,-3.134195716996424,21
d85ad7e2888f47b79e6eead8595df555,3373070c20f099c3f75399421b5c21d6,1,4,20,0,a1442b839b82c55009d931a7d5368126,f86ef71e1549dedf3d011c1d4a98532e,fast,1h,futures,aster,XRP,1,2020-06-17T08:00:00+00:00,2020-06-17T08:00:00+00:00,0.19623168,0.19522876,12403.495533432779,2434.9323499045695,2420.5504450365565,1.942191127622252,9.71094472303519,-14.381904868012953,-0.590649053086695,trend_break,closed,2020-06-17T07:00:00+00:00,0.19584,0.19562,-0.11233660130718359,1
d85ad7e2888f47b79e6eead8595df555,f3264b4c3ebe6cc4e6b48806a6a8e133,1,4,20,0,39f16e28f564a366c597d2bc74431268,f86ef71e1549dedf3d011c1d4a98532e,fast,1h,spot,aster,XRP,0,2020-06-17T08:00:00+00:00,2020-06-17T08:00:00+00:00,0.19623168,0.19522876,12407.967630372912,2435.8102680270927,2421.4231777440027,1.9428913872366151,9.71444601717156,-14.387090283089947,-0.5906490530866719,trend_break,closed,2020-06-17T07:00:00+00:00,0.19584,0.19562,-0.11233660130718359,1
d85ad7e2888f47b79e6eead8595df555,3373070c20f099c3f75399421b5c21d6,1,4,20,0,1fce84750f0307e9bd44a8f2a36fbe44,d5109964f450a75ea6a31da3be204a90,fast,1h,futures,aster,ETH,1,2020-06-22T05:00:00+00:00,2020-06-26T07:00:00+00:00,235.83072,228.31246000000002,10.34349325702925,2440.289187505201,2360.6037711495583,1.9203447410504455,9.601451050769972,-79.6854163556427,-3.265408737769645,trend_break,closed,2020-06-22T04:00:00+00:00,235.36,228.77,-2.7999660095173406,99
d85ad7e2888f47b79e6eead8595df555,f3264b4c3ebe6cc4e6b48806a6a8e133,1,4,20,0,2beee57cf7ecaaa3481e86ee85dd0376,d5109964f450a75ea6a31da3be204a90,fast,1h,spot,aster,ETH,1,2020-06-22T05:00:00+00:00,2020-06-26T07:00:00+00:00,235.83072,228.31246000000002,10.34722211155091,2441.168917703198,2361.454774560801,1.921037030008622,9.604912397268247,-79.714143142397,-3.2654087377696492,trend_break,closed,2020-06-22T04:00:00+00:00,235.36,228.77,-2.7999660095173406,99
d85ad7e2888f47b79e6eead8595df555,3373070c20f099c3f75399421b5c21d6,1,4,20,0,51ce91b78b538e8ceedc17caec35431f,eff23cd4fc7258718df6ebab51108c7c,fast,1h,futures,aster,BNB,1,2020-06-24T05:00:00+00:00,2020-06-24T05:00:00+00:00,16.5869076,16.52688,151.03221626611185,2506.159478795546,2495.0928778383327,2.000499492077317,10.00250120598555,-11.066600957213268,-0.4415760868710498,trend_break,closed,2020-06-24T04:00:00+00:00,16.5538,16.56,0.037453636023143666,1
d85ad7e2888f47b79e6eead8595df555,3373070c20f099c3f75399421b5c21d6,1,4,20,0,b55b95071118719d9bb966d1e1c7b213,9b09e3d9e046a23624cbb1d5f9534a1c,fast,1h,futures,aster,XRP,1,2020-06-24T05:00:00+00:00,2020-06-24T05:00:00+00:00,0.19047018000000002,0.18924076,13152.491459971392,2506.159478795546,2487.9918847865847,1.9976579582430842,9.988265064531475,-18.16759400896126,-0.7249177142426929,trend_break,closed,2020-06-24T04:00:00+00:00,0.19009,0.18962,-0.24725130201483925,1
d85ad7e2888f47b79e6eead8595df555,f3264b4c3ebe6cc4e6b48806a6a8e133,1,4,20,0,0150b28a45605fe1a4ffc39f020a324a,eff23cd4fc7258718df6ebab51108c7c,fast,1h,spot,aster,BNB,0,2020-06-24T05:00:00+00:00,2020-06-24T05:00:00+00:00,16.5869076,16.52688,151.08662884761603,2507.062376271818,2495.9917883352605,2.001220214743996,10.006104820668375,-11.070587936557331,-0.4415760868710451,trend_break,closed,2020-06-24T04:00:00+00:00,16.5538,16.56,0.037453636023143666,1
d85ad7e2888f47b79e6eead8595df555,f3264b4c3ebe6cc4e6b48806a6a8e133,1,4,20,0,e72576f4a8872419cd2bd3739e24fba7,9b09e3d9e046a23624cbb1d5f9534a1c,fast,1h,spot,aster,XRP,0,2020-06-24T05:00:00+00:00,2020-06-24T05:00:00+00:00,0.19047018000000002,0.18924076,13151.90856531895,2506.0484103365543,2487.8816214825274,1.9975694256525243,9.987822402674517,-18.16678885402689,-0.7249177142426849,trend_break,closed,2020-06-24T04:00:00+00:00,0.19009,0.18962,-0.24725130201483925,1
d85ad7e2888f47b79e6eead8595df555,3373070c20f099c3f75399421b5c21d6,1,4,20,0,a1aee2b123609d6746e8c000d1918e28,263f9729cced7bc6202009b4096055ae,fast,1h,futures,aster,ADA,1,2020-07-01T14:00:00+00:00,2020-08-12T02:00:00+00:00,0.08879724,0.13020906000000002,27937.384890667265,2481.7549761773985,3636.2455452217987,2.447385318632377,12.241603311392582,1154.4905690444002,46.519119740927884,trend_break,closed,2020-07-01T13:00:00+00:00,0.08862,0.13047,47.2241029113067,982
d85ad7e2888f47b79e6eead8595df555,f3264b4c3ebe6cc4e6b48806a6a8e133,1,4,20,0,159566c9fe7c9afe8d7d07517e92c070,263f9729cced7bc6202009b4096055ae,fast,1h,spot,aster,ADA,1,2020-07-01T14:00:00+00:00,2020-08-12T02:00:00+00:00,0.08879724,0.13020906000000002,27947.46267108162,2482.6502132151536,3637.5572386491126,2.4482681575926812,12.246019193214543,1154.907025433959,46.51911974092789,trend_break,closed,2020-07-01T13:00:00+00:00,0.08862,0.13047,47.2241029113067,982
d85ad7e2888f47b79e6eead8595df555,3373070c20f099c3f75399421b5c21d6,1,4,20,0,d6fd22738c75e55673a3fb46ad192ff2,1835968a88042efad1f240f9cee06b94,fast,1h,futures,aster,BNB,1,2020-07-04T18:00:00+00:00,2020-07-04T18:00:00+00:00,15.6235848,15.5011356,167.1422294915522,2612.4053404407755,2589.8580060893355,2.0809020639828786,10.404470072065532,-22.547334351439986,-0.8630871328580161,trend_break,closed,2020-07-04T17:00:00+00:00,15.5924,15.5322,-0.3860855288473908,1
d85ad7e2888f47b79e6eead8595df555,3373070c20f099c3f75399421b5c21d6,1,4,20,0,bb0deb054b6d643e711f7330bf169cf5,6c19034c254c005a5e33d99e9d8b3612,fast,1h,futures,aster,XRP,1,2020-07-04T18:00:00+00:00,2020-07-04T18:00:00+00:00,0.17944818,0.17803322,14552.172087353165,2612.4053404407755,2589.733746683723,2.0808523403311727,10.404220955574019,-22.671593757052506,-0.8678436460869913,trend_break,closed,2020-07-04T17:00:00+00:00,0.17909,0.17839,-0.39086492824836894,1
d85ad7e2888f47b79e6eead8595df555,f3264b4c3ebe6cc4e6b48806a6a8e133,1,4,20,0,1fa06d9282dd36282ce90ebce125e642,1835968a88042efad1f240f9cee06b94,fast,1h,spot,aster,BNB,0,2020-07-04T18:00:00+00:00,2020-07-04T18:00:00+00:00,15.6235848,15.5011356,167.20245084364194,2613.346590191281,2590.791132034356,2.0816518130812396,10.408218803056036,-22.555458156924942,-0.8630871328580271,trend_break,closed,2020-07-04T17:00:00+00:00,15.5924,15.5322,-0.3860855288473908,1
d85ad7e2888f47b79e6eead8595df555,f3264b4c3ebe6cc4e6b48806a6a8e133,1,4,20,0,b2852f9b0bbab7aa007d86c09abb85c6,6c19034c254c005a5e33d99e9d8b3612,fast,1h,spot,aster,XRP,0,2020-07-04T18:00:00+00:00,2020-07-04T18:00:00+00:00,0.17944818,0.17803322,14539.220920958564,2610.0803475770917,2587.4289311228786,2.079000419893423,10.394961389648534,-22.651416454213177,-0.8678436460869962,trend_break,closed,2020-07-04T17:00:00+00:00,0.17909,0.17839,-0.39086492824836894,1
d85ad7e2888f47b79e6eead8595df555,3373070c20f099c3f75399421b5c21d6,1,4,20,0,e4279f1097f72df278eb072eb52fe83a,3a1666d3c45728738e791ed4df500895,fast,1h,futures,aster,BTC,1,2020-07-06T07:00:00+00:00,2020-07-06T07:00:00+00:00,9237.76866,9180.751699999999,0.2825809944490949,2611.462021575256,2593.2682227981477,2.0818895198438803,10.40942478928153,-18.19379877710844,-0.6966901538983051,trend_break,closed,2020-07-06T06:00:00+00:00,9219.33,9199.15,-0.21888792352590114,1
d85ad7e2888f47b79e6eead8595df555,3373070c20f099c3f75399421b5c21d6,1,4,20,0,197fbc740e61926ecf76eaf6c9dddad9,34f2bfcc8f889ba0225f087d84d58778,fast,1h,futures,aster,ETH,1,2020-07-06T07:00:00+00:00,2020-07-16T07:00:00+00:00,233.24556,232.30446,11.191715093884241,2611.462021575256,2598.8453772260846,2.0841212743168445,10.420605923915618,-12.616644349171565,-0.483125706785546,trend_break,closed,2020-07-06T06:00:00+00:00,232.78,232.77,-0.004295901709761019,231
d85ad7e2888f47b79e6eead8595df555,3373070c20f099c3f75399421b5c21d6,1,4,20,0,13b12ef46ab1b261b54c21ecfa4d5832,875a927c0102c6dbea734ed56becec83,fast,1h,futures,aster,XRP,1,2020-07-06T07:00:00+00:00,2020-07-06T07:00:00+00:00,0.18180288,0.18100726,6928.195075165036,1260.0696441939667,1253.5519858581968,1.005447770067175,5.027236910441253,-6.517658335769966,-0.5172458812734227,trend_break,closed,2020-07-06T06:00:00+00:00,0.18144,0.18137,-0.03858024691357764,1
d85ad7e2888f47b79e6eead8595df555,f3264b4c3ebe6cc4e6b48806a6a8e133,1,4,20,0,94eec495bf59f3a61603d412648ee5d6,3a1666d3c45728738e791ed4df500895,fast,1h,spot,aster,BTC,1,2020-07-06T07:00:00+00:00,2020-07-06T07:00:00+00:00,9237.76866,9180.751699999999,0.28268341501170136,2612.408537493627,2594.2081444333103,2.0826440939309405,10.41319765144944,-18.200393060316856,-0.6966901538983068,trend_break,closed,2020-07-06T06:00:00+00:00,9219.33,9199.15,-0.21888792352590114,1
d85ad7e2888f47b79e6eead8595df555,f3264b4c3ebe6cc4e6b48806a6a8e133,1,4,20,0,c229eacb1787441fe2d946a01d8e818f,34f2bfcc8f889ba0225f087d84d58778,fast,1h,spot,aster,ETH,1,2020-07-06T07:00:00+00:00,2020-07-16T07:00:00+00:00,233.24556,232.30446,11.1855150076131,2610.0153005238576,2597.405645655991,2.082966694201832,10.414833023588558,-12.609654867866539,-0.48312570678553673,trend_break,closed,2020-07-06T06:00:00+00:00,232.78,232.77,-0.004295901709761019,231
d85ad7e2888f47b79e6eead8595df555,f3264b4c3ebe6cc4e6b48806a6a8e133,1,4,20,0,4e6e5bbd06001df3538a2a1ebd1abd41,875a927c0102c6dbea734ed56becec83,fast,1h,spot,aster,XRP,0,2020-07-06T07:00:00+00:00,2020-07-06T07:00:00+00:00,0.18180288,0.18100726,6846.219502564553,1245.1602876474744,1238.7197473443655,0.9935511424784704,4.967753795450891,-6.440540303108946,-0.5172458812734293,trend_break,closed,2020-07-06T06:00:00+00:00,0.18144,0.18137,-0.03858024691357764,1
d85ad7e2888f47b79e6eead8595df555,3373070c20f099c3f75399421b5c21d6,1,4,20,0,ef76da8c8bc96c5eb7a225a58ae558ea,c9d2b7e736e7508e944b1e16cf2bf851,fast,1h,futures,aster,BNB,1,2020-07-06T22:00:00+00:00,2020-07-16T09:00:00+00:00,16.065266400000002,16.6228876,168.0162446309925,2700.305419816274,2791.7979834153016,2.1968563515998225,10.984700454480732,91.49256359902756,3.388230195281118,trend_break,closed,2020-07-06T21:00:00+00:00,16.0332,16.6562,3.885687199061927,218
d85ad7e2888f47b79e6eead8595df555,f3264b4c3ebe6cc4e6b48806a6a8e133,1,4,20,0,da01c82722c2ac4b214a436bdc898168,c9d2b7e736e7508e944b1e16cf2bf851,fast,1h,spot,aster,BNB,0,2020-07-06T22:00:00+00:00,2020-07-16T09:00:00+00:00,16.065266400000002,16.6228876,168.0773376964663,2701.287288778852,2792.8131203585476,2.197655159412838,10.988694645789732,91.52583157969548,3.388230195281109,trend_break,closed,2020-07-06T21:00:00+00:00,16.0332,16.6562,3.885687199061927,218
d85ad7e2888f47b79e6eead8595df555,3373070c20f099c3f75399421b5c21d6,1,4,20,0,48740911add506987cbda2faf7d0a4e5,6655271ac051492a0a46fb3499ca6728,fast,1h,futures,aster,ETH,1,2020-07-19T23:00:00+00:00,2020-09-03T23:00:00+00:00,238.55616,381.25595999999996,12.368004801315058,2951.643917756189,4713.489393592457,3.066335710429306,15.338799554590935,1761.8454758362686,59.69031241328076,trend_break,closed,2020-07-19T22:00:00+00:00,238.08,382.02,60.458669354838705,1100
d85ad7e2888f47b79e6eead8595df555,f3264b4c3ebe6cc4e6b48806a6a8e133,1,4,20,0,8458fbafb5d6438b9b2cb372f821d98e,6655271ac051492a0a46fb3499ca6728,fast,1h,spot,aster,ETH,1,2020-07-19T23:00:00+00:00,2020-09-03T23:00:00+00:00,238.55616,381.25595999999996,12.372549863146977,2952.728603954773,4715.22153237168,3.067462544193135,15.34443634027488,1762.492928416907,59.69031241328074,trend_break,closed,2020-07-19T22:00:00+00:00,238.08,382.02,60.458669354838705,1100
d85ad7e2888f47b79e6eead8595df555,3373070c20f099c3f75399421b5c21d6,1,4,20,0,668ab4af3a1b7d3ac486c112071c2c9f,7c217e72bb128b5cc8883e618c45b251,fast,1h,futures,aster,BTC,1,2020-07-20T00:00:00+00:00,2020-07-20T00:00:00+00:00,9233.59032,9171.31062,0.3189053314523282,2945.819037967207,2923.6099411821083,2.347768413847187,11.738809579160765,-22.20909678509861,-0.7539192495824261,trend_break,closed,2020-07-19T23:00:00+00:00,9215.16,9189.69,-0.27639237951374573,1
d85ad7e2888f47b79e6eead8595df555,f3264b4c3ebe6cc4e6b48806a6a8e133,1,4,20,0,089f8773d3f2cd07877b335ad9a3a262,7c217e72bb128b5cc8883e618c45b251,fast,1h,spot,aster,BTC,1,2020-07-20T00:00:00+00:00,2020-07-20T00:00:00+00:00,9233.59032,9171.31062,0.31902253834462996,2946.901711289572,2924.6844520218865,2.348631286344107,11.743123929704327,-22.217259267685677,-0.7539192495824145,trend_break,closed,2020-07-19T23:00:00+00:00,9215.16,9189.69,-0.27639237951374573,1
d85ad7e2888f47b79e6eead8595df555,3373070c20f099c3f75399421b5c21d6,1,4,20,0,a8d7d416de36165b5b041a8ecce1d72e,1c0a8ebbacfd705b9cf5cf6d26c22289,fast,1h,futures,aster,BTC,1,2020-07-21T08:00:00+00:00,2020-08-25T17:00:00+00:00,9342.1971,11182.470239999999,0.3131768954986336,2926.9305890283035,3500.690477243552,2.571140639473359,12.85805995372203,573.7598882152483,19.60278423977686,trend_break,closed,2020-07-21T07:00:00+00:00,9323.55,11204.88,20.178258281448592,845
d85ad7e2888f47b79e6eead8595df555,3373070c20f099c3f75399421b5c21d6,1,4,20,0,67630ceef8bb79c9ca248a350b4cc12e,ff6f271cba8078cb273b73f2127cbac7,fast,1h,futures,aster,ETH,1,2020-07-21T08:00:00+00:00,2020-09-03T23:00:00+00:00,242.34372000000002,381.25595999999996,2.6001139089306853,630.3733256248491,990.9124008889373,0.6485720806290898,3.244318131007352,360.5390752640882,57.194532288736774,trend_break,closed,2020-07-21T07:00:00+00:00,241.86,382.02,57.950880674770524,1067
d85ad7e2888f47b79e6eead8595df555,f3264b4c3ebe6cc4e6b48806a6a8e133,1,4,20,0,322c4c10704d800b30524969e2f64ae1,1c0a8ebbacfd705b9cf5cf6d26c22289,fast,1h,spot,aster,BTC,1,2020-07-21T08:00:00+00:00,2020-08-25T17:00:00+00:00,9342.1971,11182.470239999999,0.31329202810289825,2928.0066107465727,3501.9774291776266,2.572085862834367,12.862786936936757,573.9708184310539,19.602784239776867,trend_break,closed,2020-07-21T07:00:00+00:00,9323.55,11204.88,20.178258281448592,845
d85ad7e2888f47b79e6eead8595df555,f3264b4c3ebe6cc4e6b48806a6a8e133,1,4,20,0,6ed750d936f25085c274250eb7b53d52,ff6f271cba8078cb273b73f2127cbac7,fast,1h,spot,aster,ETH,1,2020-07-21T08:00:00+00:00,2020-09-03T23:00:00+00:00,242.34372000000002,381.25595999999996,2.552818085287384,618.9068950443307,972.8877989676788,0.6367746164333702,3.185304294098186,353.98090392334814,57.19453228873681,trend_break,closed,2020-07-21T07:00:00+00:00,241.86,382.02,57.950880674770524,1067
d85ad7e2888f47b79e6eead8595df555,3373070c20f099c3f75399421b5c21d6,1,4,20,0,3da05aeef9f5abf1805fe48e9d2acc34,390ddb5abfb4fa118974774a2230cbbc,fast,1h,futures,aster,BTC,1,2020-08-13T22:00:00+00:00,2020-08-25T17:00:00+00:00,11723.48016,11182.470239999999,0.3180362285053584,3729.982811609813,3555.0080882388083,2.913968830218722,14.569214184932187,-174.97472337100453,-4.691032967400933,trend_break,closed,2020-08-13T21:00:00+00:00,11700.08,11204.88,-4.232449692651685,284
d85ad7e2888f47b79e6eead8595df555,3373070c20f099c3f75399421b5c21d6,1,4,20,0,609675a6bf2f5ba6f48099377f54d6da,addd0e5e78d3710c8f28f9121e2b9dea,fast,1h,futures,aster,ETH,1,2020-08-13T22:00:00+00:00,2020-08-21T21:00:00+00:00,420.41916,392.69150816674187,7.128027777351391,2997.9581543909826,2797.9963317512897,2.318350171501314,11.591006647643287,-199.96182263969285,-6.6699337463005355,stop,closed,2020-08-13T21:00:00+00:00,419.58,393.47846509693574,-6.220872039435688,192
d85ad7e2888f47b79e6eead8595df555,f3264b4c3ebe6cc4e6b48806a6a8e133,1,4,20,0,e2ea30eba51e86678e569f91df82682e,390ddb5abfb4fa118974774a2230cbbc,fast,1h,spot,aster,BTC,1,2020-08-13T22:00:00+00:00,2020-08-25T17:00:00+00:00,11723.48016,11182.470239999999,0.31800420410170677,3729.607223973983,3554.650119542797,2.913675410458069,14.567747149562859,-174.95710443118605,-4.691032967400926,trend_break,closed,2020-08-13T21:00:00+00:00,11700.08,11204.88,-4.232449692651685,284
d85ad7e2888f47b79e6eead8595df555,f3264b4c3ebe6cc4e6b48806a6a8e133,1,4,20,0,0aa3ecb1bdb706c76356828e29ca0b5d,addd0e5e78d3710c8f28f9121e2b9dea,fast,1h,spot,aster,ETH,1,2020-08-13T22:00:00+00:00,2020-08-21T21:00:00+00:00,420.41916,392.69150816674187,7.128981948013455,2998.3594664798757,2798.3708765897372,2.3186605100391446,11.592558240711163,-199.98858989013843,-6.669933746300552,stop,closed,2020-08-13T21:00:00+00:00,419.58,393.47846509693574,-6.220872039435688,192
d85ad7e2888f47b79e6eead8595df555,3373070c20f099c3f75399421b5c21d6,1,4,20,0,1d6a6ccea218ea54890358f1437c2cd4,792de31d9ccf9f9ccef0f2498a7d18d8,fast,1h,futures,aster,XRP,1,2020-08-13T23:00:00+00:00,2020-08-27T11:00:00+00:00,0.29149182,0.2697541376080876,6527.490954116211,1903.4713023361705,1760.1133659949821,1.4654111645284327,7.326517558611691,-143.3579363411884,-7.53139467693798,stop,closed,2020-08-13T22:00:00+00:00,0.29091,0.270294727062212,-7.086477927121093,325
d85ad7e2888f47b79e6eead8595df555,f3264b4c3ebe6cc4e6b48806a6a8e133,1,4,20,0,4efe9095885a1b6deb458380eef4885a,792de31d9ccf9f9ccef0f2498a7d18d8,fast,1h,spot,aster,XRP,0,2020-08-13T23:00:00+00:00,2020-08-27T11:00:00+00:00,0.29149182,0.2697541376080876,6575.762018728332,1917.547551061486,1773.129476873087,1.4762479404816298,7.380697457892987,-144.41807418839903,-7.531394676937964,stop,closed,2020-08-13T22:00:00+00:00,0.29091,0.270294727062212,-7.086477927121093,325
d85ad7e2888f47b79e6eead8595df555,3373070c20f099c3f75399421b5c21d6,1,4,20,0,d8efa4a3696d85f3a0046e1493b8b05e,45d399eb917788b655c1850fc749a97a,fast,1h,futures,aster,XRP,1,2020-08-30T14:00:00+00:00,2020-09-02T11:00:00+00:00,0.28085057999999996,0.2676636987834503,12688.122192618008,3564.891863498402,3394.7912568058405,2.7838464774400626,13.918618794634632,-170.10060669256154,-4.771550251895538,stop,closed,2020-08-30T13:00:00+00:00,0.28029,0.2682000989814131,-4.313354389591806,70
d85ad7e2888f47b79e6eead8595df555,f3264b4c3ebe6cc4e6b48806a6a8e133,1,4,20,0,17ffe4e6eb4565f461f8bed21efdb3b6,45d399eb917788b655c1850fc749a97a,fast,1h,spot,aster,XRP,0,2020-08-30T14:00:00+00:00,2020-09-02T11:00:00+00:00,0.28085057999999996,0.2676636987834503,12686.242568421467,3564.3637587952026,3394.2883508839373,2.7834340771558423,13.916556884111412,-170.0754079112653,-4.771550251895525,stop,closed,2020-08-30T13:00:00+00:00,0.28029,0.2682000989814131,-4.313354389591806,70
d85ad7e2888f47b79e6eead8595df555,3373070c20f099c3f75399421b5c21d6,1,4,20,0,f99e09df1a03d81552d988cc745ca458,36805f0291e549d50f0b77531cb5877e,fast,1h,futures,aster,ADA,1,2020-08-31T17:00:00+00:00,2020-08-31T17:00:00+00:00,0.12207366,0.12399152000000001,22202.224350282733,2711.3909092947674,2751.78638955474,2.185277732461082,10.926602691748144,40.39548025997237,1.4898434645294003,trend_break,closed,2020-08-31T16:00:00+00:00,0.12183,0.12424,1.9781662972995218,1
d85ad7e2888f47b79e6eead8595df555,f3264b4c3ebe6cc4e6b48806a6a8e133,1,4,20,0,65c22e10585819d4bb3d95d4ed563278,36805f0291e549d50f0b77531cb5877e,fast,1h,spot,aster,ADA,1,2020-08-31T17:00:00+00:00,2020-08-31T17:00:00+00:00,0.12207366,0.12399152000000001,22197.973898321692,2710.871833519938,2751.259580363403,2.1848593771703317,10.924510874320038,40.387746843465266,1.4898434645294059,trend_break,closed,2020-08-31T16:00:00+00:00,0.12183,0.12424,1.9781662972995218,1
d85ad7e2888f47b79e6eead8595df555,3373070c20f099c3f75399421b5c21d6,1,4,20,0,05b76ac30c0f1a1537bdf7ba5fa84360,f4bdf1cff00edeca2ef6d02337475b1c,fast,1h,futures,aster,XRP,1,2020-09-01T06:00:00+00:00,2020-09-02T11:00:00+00:00,0.29160204,0.277909711546085,12866.707300627435,3753.4588801846317,3574.3526012994903,2.9310964045644523,14.654835941436104,-179.10627888514136,-4.771766112336661,stop,closed,2020-09-01T05:00:00+00:00,0.29102,0.2784666448357565,-4.313571288654905,30
d85ad7e2888f47b79e6eead8595df555,f3264b4c3ebe6cc4e6b48806a6a8e133,1,4,20,0,52c9c2db33c54c9f7ad61e765c089a8e,f4bdf1cff00edeca2ef6d02337475b1c,fast,1h,spot,aster,XRP,0,2020-09-01T06:00:00+00:00,2020-09-02T11:00:00+00:00,0.29160204,0.277909711546085,12863.42806752501,3752.502266629904,3573.4416351061936,2.930349379849296,14.651100982521834,-179.06063152371053,-4.771766112336652,stop,closed,2020-09-01T05:00:00+00:00,0.29102,0.2784666448357565,-4.313571288654905,30
d85ad7e2888f47b79e6eead8595df555,3373070c20f099c3f75399421b5c21d6,1,4,20,0,5c40e56b31557d6fbb37d553806ac4e0,177daea48c4a5a161915994989d6801e,fast,1h,futures,aster,BNB,1,2020-09-01T10:00:00+00:00,2020-09-03T12:00:00+00:00,23.7125304,22.51656102257091,159.1851309486781,3776.19212975125,3582.8679942058952,2.943593588696145,14.717265290374062,-193.3241355453547,-5.119552419545178,stop,closed,2020-09-01T09:00:00+00:00,23.6652,22.56168439135362,-4.663030984933059,51
d85ad7e2888f47b79e6eead8595df555,f3264b4c3ebe6cc4e6b48806a6a8e133,1,4,20,0,27f8e0cffc8d60ce044db80319e6ec5a,177daea48c4a5a161915994989d6801e,fast,1h,spot,aster,BNB,0,2020-09-01T10:00:00+00:00,2020-09-03T12:00:00+00:00,23.7125304,22.51656102257091,159.1420660333392,3775.1705431658565,3581.8987082812528,2.9427972479328224,14.71328377664867,-193.27183488460378,-5.119552419545161,stop,closed,2020-09-01T09:00:00+00:00,23.6652,22.56168439135362,-4.663030984933059,51
d85ad7e2888f47b79e6eead8595df555,3373070c20f099c3f75399421b5c21d6,1,4,20,0,0cbf4a4c63d9c53783b573749457f38f,35e8b802d54128959687bd8d6d962fc8,fast,1h,futures,aster,BNB,1,2020-09-01T20:00:00+00:00,2020-09-02T11:00:00+00:00,24.92475,23.55292506640043,22.423486131937928,559.1233458814066,527.9274331175661,0.43481538982400925,2.1739626005809525,-31.19591276384051,-5.579433052408681,stop,closed,2020-09-01T19:00:00+00:00,24.875,23.6001253170345,-5.1251243536301505,16
d85ad7e2888f47b79e6eead8595df555,f3264b4c3ebe6cc4e6b48806a6a8e133,1,4,20,0,821cbc2b71dad15d3b1939217b1dfc6d,35e8b802d54128959687bd8d6d962fc8,fast,1h,spot,aster,BNB,0,2020-09-01T20:00:00+00:00,2020-09-02T11:00:00+00:00,24.92475,23.55292506640043,23.119533034567993,576.4790804357499,544.3148160816959,0.44831248405467916,2.241444522244005,-32.16426435405401,-5.579433052408708,stop,closed,2020-09-01T19:00:00+00:00,24.875,23.6001253170345,-5.1251243536301505,16
d85ad7e2888f47b79e6eead8595df555,3373070c20f099c3f75399421b5c21d6,1,4,20,0,92d41c0c3e7acbd3022bb6a2e2769b7f,6e455fea849eee3635d6884cbe8ba357,fast,1h,futures,aster,BNB,1,2020-09-13T02:00:00+00:00,2020-09-15T23:00:00+00:00,30.0535872,26.97867475112956,56.5734874246736,1700.9163320205416,1525.6672056806804,1.2906055817171675,6.452357883934342,-175.24912633986128,-10.303218508795224,stop,closed,2020-09-13T01:00:00+00:00,29.9936,27.032740231592747,-9.8716385109065,70
d85ad7e2888f47b79e6eead8595df555,f3264b4c3ebe6cc4e6b48806a6a8e133,1,4,20,0,9f1c3ca69728ba378cd17bdb1083e6cb,6e455fea849eee3635d6884cbe8ba357,fast,1h,spot,aster,BNB,0,2020-09-13T02:00:00+00:00,2020-09-15T23:00:00+00:00,30.0535872,26.97867475112956,56.56652810423913,1700.7070958159943,1525.479527539487,1.2904468194027594,6.451564154784588,-175.22756827650733,-10.303218508795227,stop,closed,2020-09-13T01:00:00+00:00,29.9936,27.032740231592747,-9.8716385109065,70
d85ad7e2888f47b79e6eead8595df555,3373070c20f099c3f75399421b5c21d6,1,4,20,0,a3670a33a335b33ddfb3707b2f2ab6e0,519aeca3fc3403d63d1343c4af4deb6e,fast,1h,futures,aster,BTC,1,2020-09-14T14:00:00+00:00,2020-09-14T14:00:00+00:00,10671.340080000002,10609.837800000001,0.31708796574890885,3385.1070191891113,3362.906184173908,2.699202161083951,13.49598678283547,-22.20083501520321,-0.6558384975527696,trend_break,closed,2020-09-14T13:00:00+00:00,10650.04,10631.1,-0.17783970764430057,1
d85ad7e2888f47b79e6eead8595df555,3373070c20f099c3f75399421b5c21d6,1,4,20,0,f599d059edb28f5e3bf7182ca76872f6,90e7109b344b8e9a5050d3616a48a7d6,fast,1h,futures,aster,ETH,1,2020-09-14T14:00:00+00:00,2020-09-14T14:00:00+00:00,375.85020000000003,372.46358,5.868528913914311,2206.570041106877,2184.938963294592,1.756600421844205,8.782957743142436,-21.63107781228473,-0.980303249355909,trend_break,closed,2020-09-14T13:00:00+00:00,375.1,373.21,-0.5038656358304583,1
d85ad7e2888f47b79e6eead8595df555,f3264b4c3ebe6cc4e6b48806a6a8e133,1,4,20,0,93f5ea16ffba2211405c2763da420641,519aeca3fc3403d63d1343c4af4deb6e,fast,1h,spot,aster,BTC,1,2020-09-14T14:00:00+00:00,2020-09-14T14:00:00+00:00,10671.340080000002,10609.837800000001,0.31704895954900825,3384.690604265374,3362.4925002595496,2.6988701219325484,13.494326590033564,-22.19810400582446,-0.6558384975527896,trend_break,closed,2020-09-14T13:00:00+00:00,10650.04,10631.1,-0.17783970764430057,1
d85ad7e2888f47b79e6eead8595df555,f3264b4c3ebe6cc4e6b48806a6a8e133,1,4,20,0,b1b9a7766b9fc8ef617b5d3cf12e2c2a,90e7109b344b8e9a5050d3616a48a7d6,fast,1h,spot,aster,ETH,1,2020-09-14T14:00:00+00:00,2020-09-14T14:00:00+00:00,375.85020000000003,372.46358,5.862912248927281,2204.4581720383053,2182.847796947122,1.75491921072123,8.774551729989547,-21.610375091183414,-0.9803032493559105,trend_break,closed,2020-09-14T13:00:00+00:00,375.1,373.21,-0.5038656358304583,1
d85ad7e2888f47b79e6eead8595df555,3373070c20f099c3f75399421b5c21d6,1,4,20,0,3840235486e8b30b4daada9255d90c51,61394801784d42536590347fab61c50d,fast,1h,futures,aster,XRP,1,2020-09-16T23:00:00+00:00,2020-09-16T23:00:00+00:00,0.24752406,0.24712476,13384.586921229764,3314.3324990841575,3306.339765475801,2.6482680507094942,13.241371841172606,-7.992733608356502,-0.24115666157710844,trend_break,closed,2020-09-16T22:00:00+00:00,0.24703,0.24762,0.2388373881714756,1
d85ad7e2888f47b79e6eead8595df555,f3264b4c3ebe6cc4e6b48806a6a8e133,1,4,20,0,7687a1c9dcf16945c716ea4770df2d5c,61394801784d42536590347fab61c50d,fast,1h,spot,aster,XRP,0,2020-09-16T23:00:00+00:00,2020-09-16T23:00:00+00:00,0.24752406,0.24712476,13382.95500996463,3313.928400207331,3305.9366411103356,2.6479451615168372,13.239757391358008,-7.991759096995338,-0.24115666157709822,trend_break,closed,2020-09-16T22:00:00+00:00,0.24703,0.24762,0.2388373881714756,1
d85ad7e2888f47b79e6eead8595df555,3373070c20f099c3f75399421b5c21d6,1,4,20,0,dc8854f2cd981398b73801ba136788b2,0db85ede527c41583ceb2e4095183144,fast,1h,futures,aster,ETH,1,2020-09-17T01:00:00+00:00,2020-09-18T17:00:00+00:00,380.67984,376.22604,6.650774245154518,2532.8284017917513,2501.1935794055985,2.0136040530840065,10.06794205231491,-31.63482238615279,-1.2489919318566534,trend_break,closed,2020-09-17T00:00:00+00:00,379.92,376.98,-0.7738471257106805,41
d85ad7e2888f47b79e6eead8595df555,f3264b4c3ebe6cc4e6b48806a6a8e133,1,4,20,0,c07cd9ed3f9a6b86893fba5ef92ea7ba,0db85ede527c41583ceb2e4095183144,fast,1h,spot,aster,ETH,1,2020-09-17T01:00:00+00:00,2020-09-18T17:00:00+00:00,380.67984,376.22604,6.649963351738353,2532.519587539518,2500.8886222184597,2.013358545086107,10.06671452186152,-31.630965321058284,-1.2489919318566656,trend_break,closed,2020-09-17T00:00:00+00:00,379.92,376.98,-0.7738471257106805,41
d85ad7e2888f47b79e6eead8595df555,3373070c20f099c3f75399421b5c21d6,1,4,20,0,c8ea6bd4e9013f86df45e8a0a39c0906,1e11817e779f19f9e53f4bae6234f7bd,fast,1h,futures,aster,ADA,1,2020-09-25T12:00:00+00:00,2020-09-25T12:00:00+00:00,0.09373709999999999,0.0927641,24493.22246658791,2296.8420131302664,2271.1829015175226,1.827206152754242,9.13597198003729,-25.6591116127438,-1.117147434001092,trend_break,closed,2020-09-25T11:00:00+00:00,0.09355,0.09295,-0.6413682522715014,1
d85ad7e2888f47b79e6eead8595df555,3373070c20f099c3f75399421b5c21d6,1,4,20,0,4fc461bc510c5d1d757138df979e0aba,056f87cf6e6850702464271b3cfbdb5f,fast,1h,futures,aster,XRP,1,2020-09-25T12:00:00+00:00,2020-09-25T12:00:00+00:00,0.23873652,0.2376238,13844.056137564496,3306.403817680776,3288.3613559306696,2.637903604715275,13.189509163380446,-18.042461750106213,-0.5456823408449186,trend_break,closed,2020-09-25T11:00:00+00:00,0.23826,0.2381,-0.06715352975740219,1
d85ad7e2888f47b79e6eead8595df555,f3264b4c3ebe6cc4e6b48806a6a8e133,1,4,20,0,5c04dce1b5c1aa4201d842a17833228b,1e11817e779f19f9e53f4bae6234f7bd,fast,1h,spot,aster,ADA,1,2020-09-25T12:00:00+00:00,2020-09-25T12:00:00+00:00,0.09373709999999999,0.0927641,24490.23613866476,2296.5619714392137,2270.9059883050354,1.8269833712577377,9.134858079721955,-25.655983134178314,-1.1171474340011027,trend_break,closed,2020-09-25T11:00:00+00:00,0.09355,0.09295,-0.6413682522715014,1
d85ad7e2888f47b79e6eead8595df555,f3264b4c3ebe6cc4e6b48806a6a8e133,1,4,20,0,3d05d622223670d5042c71ac53cc8fd0,056f87cf6e6850702464271b3cfbdb5f,fast,1h,spot,aster,XRP,0,2020-09-25T12:00:00+00:00,2020-09-25T12:00:00+00:00,0.23873652,0.2376238,13825.45037311472,3301.9601654739135,3283.941951949189,2.634358385552419,13.171783079473855,-18.018213524724615,-0.545682340844913,trend_break,closed,2020-09-25T11:00:00+00:00,0.23826,0.2381,-0.06715352975740219,1
d85ad7e2888f47b79e6eead8595df555,3373070c20f099c3f75399421b5c21d6,1,4,20,0,9dffaeb9306be21d7cbdf498863e8758,9802f25c22477f0b28dcccfe7c03fe32,fast,1h,futures,aster,ETH,1,2020-09-25T19:00:00+00:00,2020-09-25T19:00:00+00:00,354.89838,353.56145999999995,6.943149027519804,2465.09798690214,2453.847975204615,1.9675768996531344,9.83788672007336,-11.25001169752477,-0.45637178551520907,trend_break,closed,2020-09-25T18:00:00+00:00,354.19,354.27,0.02258674722606102,1
d85ad7e2888f47b79e6eead8595df555,f3264b4c3ebe6cc4e6b48806a6a8e133,1,4,20,0,cfcdfd566abcc5f30fa6873c57e5ce56,9802f25c22477f0b28dcccfe7c03fe32,fast,1h,spot,aster,ETH,1,2020-09-25T19:00:00+00:00,2020-09-25T19:00:00+00:00,354.89838,353.56145999999995,6.942311774604222,2464.8007283428683,2453.5520732495374,1.9673396356264892,9.836700399672214,-11.248655093330854,-0.45637178551523455,trend_break,closed,2020-09-25T18:00:00+00:00,354.19,354.27,0.02258674722606102,1
d85ad7e2888f47b79e6eead8595df555,3373070c20f099c3f75399421b5c21d6,1,4,20,0,346b33c0987613b3ff10060a594e0585,ffab8912d7f8f707774fabf2ba19a74b,fast,1h,futures,aster,BNB,1,2020-09-29T10:00:00+00:00,2020-10-01T17:00:00+00:00,28.3267404,26.303938860161594,85.90107793697626,2434.2708538148145,2258.632887395369,1.8771336947508375,9.385010970467171,-175.63796641944555,-7.215218723265669,stop,closed,2020-09-29T09:00:00+00:00,28.2702,26.356652164490576,-6.768780678981479,56
d85ad7e2888f47b79e6eead8595df555,f3264b4c3ebe6cc4e6b48806a6a8e133,1,4,20,0,8ea21fb1b9d1d985a1076021c3c02ed0,ffab8912d7f8f707774fabf2ba19a74b,fast,1h,spot,aster,BNB,0,2020-09-29T10:00:00+00:00,2020-10-01T17:00:00+00:00,28.3267404,26.303938860161594,85.8907193910673,2433.9773126043933,2258.360525825323,1.8769073369911757,9.383879260955155,-175.61678677907048,-7.215218723265658,stop,closed,2020-09-29T09:00:00+00:00,28.2702,26.356652164490576,-6.768780678981479,56
d85ad7e2888f47b79e6eead8595df555,3373070c20f099c3f75399421b5c21d6,1,4,20,0,19d0cbfc694f0e0968446dc32231dd46,9f321a112e137eca3e2f2d2d6f10c0d7,fast,1h,futures,aster,BTC,1,2020-10-01T02:00:00+00:00,2020-10-01T15:00:00+00:00,10871.97054,10698.520079999998,0.3043082723859328,3309.75394468714,3254.3459033659587,2.6256314940356673,13.127998852534438,-55.40804132118137,-1.6740833985596746,trend_break,closed,2020-10-01T01:00:00+00:00,10850.27,10719.96,-1.2009839386485477,14
d85ad7e2888f47b79e6eead8595df555,f3264b4c3ebe6cc4e6b48806a6a8e133,1,4,20,0,5b7e70e1216e0c9fc1cb14c6eaa89e5c,9f321a112e137eca3e2f2d2d6f10c0d7,fast,1h,spot,aster,BTC,1,2020-10-01T02:00:00+00:00,2020-10-01T15:00:00+00:00,10871.97054,10698.520079999998,0.30427157679042116,3309.354831672417,3253.953471835956,2.625314877236156,13.126415787664094,-55.40135983646087,-1.6740833985596888,trend_break,closed,2020-10-01T01:00:00+00:00,10850.27,10719.96,-1.2009839386485477,14
d85ad7e2888f47b79e6eead8595df555,3373070c20f099c3f75399421b5c21d6,1,4,20,0,af4342f89fe3fac5c7ce3ce96af940ec,4caa31723ad900a7c121986120ff40f0,fast,1h,futures,aster,XRP,1,2020-10-06T03:00:00+00:00,2020-10-06T19:00:00+00:00,0.2557104,0.2437850836585602,12701.408571597354,3249.181419313151,3095.175385627931,2.5377184870460012,12.688037314118468,-154.0060336852198,-4.739841018719581,stop,closed,2020-10-06T02:00:00+00:00,0.2552,0.244273630920401,-4.281492586049762,17
d85ad7e2888f47b79e6eead8595df555,f3264b4c3ebe6cc4e6b48806a6a8e133,1,4,20,0,155d2dd8e62b4ef966b0511be295863a,4caa31723ad900a7c121986120ff40f0,fast,1h,spot,aster,XRP,0,2020-10-06T03:00:00+00:00,2020-10-06T19:00:00+00:00,0.2557104,0.2437850836585602,12699.876947932587,3248.7896105523437,3094.802147979484,2.537412471404715,12.68650730285238,-153.98746257285984,-4.739841018719573,stop,closed,2020-10-06T02:00:00+00:00,0.2552,0.244273630920401,-4.281492586049762,17
d85ad7e2888f47b79e6eead8595df555,3373070c20f099c3f75399421b5c21d6,1,4,20,0,13c0eb390d35958738752d8ec22d73b7,d42a16e942ec0cd86eecc3d39554330f,fast,1h,futures,aster,BTC,1,2020-10-08T15:00:00+00:00,2020-10-21T04:00:00+00:00,10938.643619999999,10670.693347102588,0.2941023742456969,3218.3678920934126,3137.0209377313413,2.542142923160071,12.710450238355556,-81.3469543620713,-2.527584076448095,stop,closed,2020-10-08T14:00:00+00:00,10916.81,10692.077502106802,-2.0585912724797595,302
d85ad7e2888f47b79e6eead8595df555,3373070c20f099c3f75399421b5c21d6,1,4,20,0,6c2ddba680e1989d2cef6138315f982b,ddac06a2c59240de80b56c860ad4c622,fast,1h,futures,aster,ETH,1,2020-10-08T15:00:00+00:00,2020-10-08T15:00:00+00:00,350.59979999999996,348.58144,9.175935239180243,3218.367892093413,3197.281294732585,2.566256711475895,12.831260801060084,-21.08659736082791,-0.6551953682060867,trend_break,closed,2020-10-08T14:00:00+00:00,349.9,349.28,-0.17719348385253353,1
d85ad7e2888f47b79e6eead8595df555,f3264b4c3ebe6cc4e6b48806a6a8e133,1,4,20,0,01d3e3ae2f58edecaa08be630e57bbe1,d42a16e942ec0cd86eecc3d39554330f,fast,1h,spot,aster,BTC,1,2020-10-08T15:00:00+00:00,2020-10-21T04:00:00+00:00,10938.643619999999,10670.693347102588,0.294066909347948,3217.979799040766,3136.6426540568955,2.541836373989687,12.708917524384095,-81.33714498387053,-2.5275840764480866,stop,closed,2020-10-08T14:00:00+00:00,10916.81,10692.077502106802,-2.0585912724797595,302
d85ad7e2888f47b79e6eead8595df555,f3264b4c3ebe6cc4e6b48806a6a8e133,1,4,20,0,dcb27a6812b32466d367425acce1f3b5,ddac06a2c59240de80b56c860ad4c622,fast,1h,spot,aster,ETH,1,2020-10-08T15:00:00+00:00,2020-10-08T15:00:00+00:00,350.59979999999996,348.58144,9.168367137062932,3215.713455654668,3194.6442500384396,2.564140121466764,12.82067786978332,-21.069205616228373,-0.6551953682060586,trend_break,closed,2020-10-08T14:00:00+00:00,349.9,349.28,-0.17719348385253353,1
d85ad7e2888f47b79e6eead8595df555,3373070c20f099c3f75399421b5c21d6,1,4,20,0,1c28399a998f67994692d07a1630d00f,23f657fdaeb7a4ce90c3121aa14d1d84,fast,1h,futures,aster,ADA,1,2020-10-08T16:00:00+00:00,2020-10-08T16:00:00+00:00,0.09664289999999999,0.0956583,25034.249354991513,2420.350209972305,2393.7758415805547,1.9256464768256376,9.628172301929736,-26.57436839175034,-1.0979555058709631,trend_break,closed,2020-10-08T15:00:00+00:00,0.09645,0.09585,-0.6220839813374734,1
d85ad7e2888f47b79e6eead8595df555,f3264b4c3ebe6cc4e6b48806a6a8e133,1,4,20,0,68fdca1e2021e5cbc645c6442cad8f54,23f657fdaeb7a4ce90c3121aa14d1d84,fast,1h,spot,aster,ADA,1,2020-10-08T16:00:00+00:00,2020-10-08T16:00:00+00:00,0.09664289999999999,0.0956583,25031.253701155252,2420.060585494703,2393.489397050851,1.9254160496946389,9.62702017346431,-26.571188443851952,-1.0979555058709547,trend_break,closed,2020-10-08T15:00:00+00:00,0.09645,0.09585,-0.6220839813374734,1
d85ad7e2888f47b79e6eead8595df555,3373070c20f099c3f75399421b5c21d6,1,4,20,0,0ed83c4247aa121699867978605cb071,abe588dd061dba6c942b8e1d93c663c5,fast,1h,futures,aster,SOL,1,2020-10-09T11:00:00+00:00,2020-10-09T11:00:00+00:00,2.5874646,2.5381136,539.8715329128745,1397.4572393517815,1369.7071778270388,1.1068615039595249,5.534223083889877,-27.750061524742705,-1.9857538923777538,trend_break,closed,2020-10-09T10:00:00+00:00,2.5823,2.5432,-1.5141540487162541,1
d85ad7e2888f47b79e6eead8595df555,f3264b4c3ebe6cc4e6b48806a6a8e133,1,4,20,0,715acc97170a963c7617279ac46f793e,abe588dd061dba6c942b8e1d93c663c5,fast,1h,spot,aster,SOL,1,2020-10-09T11:00:00+00:00,2020-10-09T11:00:00+00:00,2.5874646,2.5381136,539.806929539489,1397.2900135465295,1369.5432727147236,1.1067290521026165,5.533560834709302,-27.746740831805937,-1.9857538923777598,trend_break,closed,2020-10-09T10:00:00+00:00,2.5823,2.5432,-1.5141540487162541,1
d85ad7e2888f47b79e6eead8595df555,3373070c20f099c3f75399421b5c21d6,1,4,20,0,a5d7d74b453e6edfd02a212522f6629c,3ce7d583af4b0e8821c3edf6b86ccc37,fast,1h,futures,aster,BNB,1,2020-10-12T01:00:00+00:00,2020-10-30T02:00:00+00:00,29.1247332,28.883617,110.8464345689486,3229.664182125082,3200.3653035203097,2.5720075179587827,12.859982122238055,-29.2988786047722,-0.9071803429882879,trend_break,closed,2020-10-12T00:00:00+00:00,29.0666,28.9415,-0.4303908953919633,434
d85ad7e2888f47b79e6eead8595df555,f3264b4c3ebe6cc4e6b48806a6a8e133,1,4,20,0,e0b2067e9154899d1a1d2d9021922f32,3ce7d583af4b0e8821c3edf6b86ccc37,fast,1h,spot,aster,BNB,0,2020-10-12T01:00:00+00:00,2020-10-30T02:00:00+00:00,29.1247332,28.883617,110.83316956306956,3229.2776878320556,3199.9823154275364,2.571699725516208,12.85844316666299,-29.295372404519185,-0.9071803429882906,trend_break,closed,2020-10-12T00:00:00+00:00,29.0666,28.9415,-0.4303908953919633,434
d85ad7e2888f47b79e6eead8595df555,3373070c20f099c3f75399421b5c21d6,1,4,20,0,e3f7f65b6a4191cafcd989859f4178f3,60b107d120a9a9d5e3383a70e6fda56a,fast,1h,futures,aster,XRP,1,2020-10-19T12:00:00+00:00,2020-10-19T19:00:00+00:00,0.24853608000000002,0.24559782,13122.053167326669,3262.608177221258,3221.458552758797,2.593620523031392,12.968000263142255,-41.149624462460906,-1.2612493510485765,trend_break,closed,2020-10-19T11:00:00+00:00,0.24804,0.24609,-0.786163522012584,8
d85ad7e2888f47b79e6eead8595df555,f3264b4c3ebe6cc4e6b48806a6a8e133,1,4,20,0,7cd21ec4fc72e3e539ba72ef00b141b7,60b107d120a9a9d5e3383a70e6fda56a,fast,1h,spot,aster,XRP,0,2020-10-19T12:00:00+00:00,2020-10-19T19:00:00+00:00,0.24853608000000002,0.24559782,13120.482822233462,3262.21773369258,3221.0730336965903,2.5933101387332913,12.966448353900441,-41.14469999598987,-1.2612493510485954,trend_break,closed,2020-10-19T11:00:00+00:00,0.24804,0.24609,-0.786163522012584,8
d85ad7e2888f47b79e6eead8595df555,3373070c20f099c3f75399421b5c21d6,1,4,20,0,5a24005b4c0241ec2dff6657cb31d000,d272534a1e4453eec2276036a633a216,fast,1h,futures,aster,XRP,1,2020-10-21T04:00:00+00:00,2020-10-21T04:00:00+00:00,0.24905712,0.24640620000000002,12800.594084499015,3189.3543286131508,3152.88408780544,2.536889937231297,12.684364690211765,-36.47024080771098,-1.1434991866698483,trend_break,closed,2020-10-21T03:00:00+00:00,0.24856,0.2469,-0.667846797553906,1
d85ad7e2888f47b79e6eead8595df555,f3264b4c3ebe6cc4e6b48806a6a8e133,1,4,20,0,1c5f57a970a568fe1b1036b44151fb4e,d272534a1e4453eec2276036a633a216,fast,1h,spot,aster,XRP,0,2020-10-21T04:00:00+00:00,2020-10-21T04:00:00+00:00,0.24905712,0.24640620000000002,12799.062392939708,3188.9726973331863,3152.5068204760573,2.536586378437221,12.682846906411815,-36.46587685712893,-1.1434991866698616,trend_break,closed,2020-10-21T03:00:00+00:00,0.24856,0.2469,-0.667846797553906,1
d85ad7e2888f47b79e6eead8595df555,3373070c20f099c3f75399421b5c21d6,1,4,20,0,b1061675da9f943dba2d4a7bf5327438,e7077a90ce71a4182cd8c36208fa72b1,fast,1h,futures,aster,BTC,1,2020-10-21T15:00:00+00:00,2021-01-21T14:00:00+00:00,12746.26164,31154.32648,0.19118048854739866,2437.8112620991624,5953.716917068835,3.357174353719891,16.800016019980824,3515.9056549696725,144.22386628660414,trend_break,closed,2020-10-21T14:00:00+00:00,12720.82,31216.76,145.39896012992872,2205
d85ad7e2888f47b79e6eead8595df555,f3264b4c3ebe6cc4e6b48806a6a8e133,1,4,20,0,7598cb8594a9ee83f5bb84e5aff13566,e7077a90ce71a4182cd8c36208fa72b1,fast,1h,spot,aster,BTC,1,2020-10-21T15:00:00+00:00,2021-01-21T14:00:00+00:00,12746.26164,31154.32648,0.1911576122918728,2437.519558726191,5953.004507813275,3.356772641291263,16.79800576536629,3515.4849490870843,144.2238662866041,trend_break,closed,2020-10-21T14:00:00+00:00,12720.82,31216.76,145.39896012992872,2205
d85ad7e2888f47b79e6eead8595df555,3373070c20f099c3f75399421b5c21d6,1,4,20,0,2b16a41f33469db97c4555501f464ee3,2528a077e36f5661e271bad77dfb9eb9,fast,1h,futures,aster,BNB,1,2020-10-22T08:00:00+00:00,2020-10-30T02:00:00+00:00,30.9586938,29.3585058458078,103.59512189309824,3208.4525257252494,3040.1814324990182,2.4994270598231205,12.49652219853973,-168.2710932262312,-5.244618453196362,stop,closed,2020-10-22T07:00:00+00:00,30.8969,29.417340526861526,-4.788698779290068,187
d85ad7e2888f47b79e6eead8595df555,f3264b4c3ebe6cc4e6b48806a6a8e133,1,4,20,0,6da9366f422be90c0ec4d8b273eb197a,2528a077e36f5661e271bad77dfb9eb9,fast,1h,spot,aster,BNB,0,2020-10-22T08:00:00+00:00,2020-10-30T02:00:00+00:00,30.9586938,29.3585058458078,103.58272591405527,3208.0686089003793,3039.8176506467903,2.4991279835260247,12.495026890416604,-168.25095825358903,-5.2446184531963596,stop,closed,2020-10-22T07:00:00+00:00,30.8969,29.417340526861526,-4.788698779290068,187
d85ad7e2888f47b79e6eead8595df555,3373070c20f099c3f75399421b5c21d6,1,4,20,0,ce93be2e81db2e1f08dfb1886cfc7962,6b24be6675d9211ee85674fdbc75c69f,fast,1h,futures,aster,ETH,1,2020-10-22T11:00:00+00:00,2020-10-26T16:00:00+00:00,410.39916,390.39136023401693,7.857711033104996,3226.0879267120263,3066.3554655402863,2.51695220241949,12.58418248679152,-159.73246117173994,-4.9512742615957315,stop,closed,2020-10-22T10:00:00+00:00,409.58,391.1737076493156,-4.493943149246638,102
d85ad7e2888f47b79e6eead8595df555,f3264b4c3ebe6cc4e6b48806a6a8e133,1,4,20,0,e351071321247a3aab30f7c633419d2b,6b24be6675d9211ee85674fdbc75c69f,fast,1h,spot,aster,ETH,1,2020-10-22T11:00:00+00:00,2020-10-26T16:00:00+00:00,410.39916,390.39136023401693,7.856770795310848,3225.7018995619874,3065.98855165317,2.5166510290145623,12.582676688992048,-159.71334790881747,-4.951274261595738,stop,closed,2020-10-22T10:00:00+00:00,409.58,391.1737076493156,-4.493943149246638,102
d85ad7e2888f47b79e6eead8595df555,3373070c20f099c3f75399421b5c21d6,1,4,20,0,01d9c0c1270379ac9e78c3941dd5e9ba,9c625ebf80d0d626cbc8fd5e3027a88f,fast,1h,futures,aster,ETH,1,2020-10-27T12:00:00+00:00,2020-10-28T14:00:00+00:00,402.7038,382.0002012956981,7.995642814897171,3221.1636952997883,3053.1154299133095,2.509685163912404,12.547813856496553,-168.04826538647876,-5.217004824426931,stop,closed,2020-10-27T11:00:00+00:00,401.9,382.76573276122053,-4.760952286334774,27
d85ad7e2888f47b79e6eead8595df555,f3264b4c3ebe6cc4e6b48806a6a8e133,1,4,20,0,d5d0138ef03a38b7b624b93e513f8db5,9c625ebf80d0d626cbc8fd5e3027a88f,fast,1h,spot,aster,ETH,1,2020-10-27T12:00:00+00:00,2020-10-28T14:00:00+00:00,402.7038,382.0002012956981,7.994686072299669,3220.7782573066,3052.750100238822,2.509384860014616,12.546312410233888,-168.028157067778,-5.217004824426901,stop,closed,2020-10-27T11:00:00+00:00,401.9,382.76573276122053,-4.760952286334774,27
d85ad7e2888f47b79e6eead8595df555,3373070c20f099c3f75399421b5c21d6,1,4,20,0,fb05f238c05afd719c64d72f6bd01fcd,1287bf504745a1fdf0a29fbd0aa6ac4d,fast,1h,futures,aster,BNB,1,2020-10-27T14:00:00+00:00,2020-10-28T11:00:00+00:00,32.1141,30.609914685242305,101.27851121725973,3253.769224377034,3098.886537173553,2.5410379299563512,12.704631101709065,-154.88268720348105,-4.760100564081489,stop,closed,2020-10-27T13:00:00+00:00,32.05,30.671257199641587,-4.301849611102682,22
d85ad7e2888f47b79e6eead8595df555,f3264b4c3ebe6cc4e6b48806a6a8e133,1,4,20,0,619922d75fbc2ea6de0cfacabbb651cf,1287bf504745a1fdf0a29fbd0aa6ac4d,fast,1h,spot,aster,BNB,0,2020-10-27T14:00:00+00:00,2020-10-28T11:00:00+00:00,32.1141,30.609914685242305,101.2663924275852,3253.3798846799377,3098.5157304375743,2.540733874299746,12.703110890260817,-154.86415424236338,-4.760100564081489,stop,closed,2020-10-27T13:00:00+00:00,32.05,30.671257199641587,-4.301849611102682,22
d85ad7e2888f47b79e6eead8595df555,3373070c20f099c3f75399421b5c21d6,1,4,20,0,fc2e8e61f36831fdd8d606c49316edf6,2001d3d9b752e563fc0cca060abbd991,fast,1h,futures,aster,ETH,1,2020-11-05T15:00:00+00:00,2020-11-15T17:00:00+00:00,415.83,391.2522138227468,6.786878198974796,2823.3164365042812,2654.318967846108,2.191027472709566,10.954513955838912,-168.99746865817315,-5.985778514696678,stop,closed,2020-11-05T14:00:00+00:00,415,392.0362863955379,-5.533424964930623,243
d85ad7e2888f47b79e6eead8595df555,3373070c20f099c3f75399421b5c21d6,1,4,20,0,819a3f3a5578267082d7d36347e7b0b4,b56beb9c3dd7591c3647306ba8302b02,fast,1h,futures,aster,XRP,1,2020-11-05T15:00:00+00:00,2020-11-05T15:00:00+00:00,0.24600102000000001,0.24486928,12696.177526750409,3124.521930730351,3107.6602881876624,2.492870588563693,12.464345325111946,-16.861642542688514,-0.5396551189751815,trend_break,closed,2020-11-05T14:00:00+00:00,0.24551,0.24536,-0.06109730764531918,1
d85ad7e2888f47b79e6eead8595df555,f3264b4c3ebe6cc4e6b48806a6a8e133,1,4,20,0,e8a5b94ef7fa41c36fa9ee92bdbdd4d7,2001d3d9b752e563fc0cca060abbd991,fast,1h,spot,aster,ETH,1,2020-11-05T15:00:00+00:00,2020-11-15T17:00:00+00:00,415.83,391.2522138227468,6.786066096194086,2822.9786047262987,2654.001357930108,2.1907652992255233,10.953203163014281,-168.97724679619068,-5.985778514696672,stop,closed,2020-11-05T14:00:00+00:00,415,392.0362863955379,-5.533424964930623,243
d85ad7e2888f47b79e6eead8595df555,f3264b4c3ebe6cc4e6b48806a6a8e133,1,4,20,0,2ad7ef4c8e4edc5b3c65f5e512ed0e74,b56beb9c3dd7591c3647306ba8302b02,fast,1h,spot,aster,XRP,0,2020-11-05T15:00:00+00:00,2020-11-05T15:00:00+00:00,0.24600102000000001,0.24486928,12681.9340567532,3121.016621019439,3104.173895060041,2.4900739100074643,12.450361940876888,-16.84272595939774,-0.5396551189751847,trend_break,closed,2020-11-05T14:00:00+00:00,0.24551,0.24536,-0.06109730764531918,1
d85ad7e2888f47b79e6eead8595df555,3373070c20f099c3f75399421b5c21d6,1,4,20,0,a9e149a6b4ce28a4aa2a82592a20c83c,8500a48c568ed871c543f5f62461455e,fast,1h,futures,aster,BNB,1,2020-11-06T01:00:00+00:00,2020-11-06T01:00:00+00:00,28.453794,28.4878102,92.68845959486086,2638.39327082369,2639.4350481708975,2.111131832063304,10.555713994809214,1.0417773472076988,0.0394852942784554,trend_break,closed,2020-11-06T00:00:00+00:00,28.397,28.5449,0.5208296651054711,1
d85ad7e2888f47b79e6eead8595df555,f3264b4c3ebe6cc4e6b48806a6a8e133,1,4,20,0,936eb9ddac6f46ab2d28e87b59c7e02a,8500a48c568ed871c543f5f62461455e,fast,1h,spot,aster,BNB,0,2020-11-06T01:00:00+00:00,2020-11-06T01:00:00+00:00,28.453794,28.4878102,92.6774674113232,2638.080376389969,2639.1220301898884,2.110881467037586,10.55446216317765,1.0416537999194588,0.03948529427844387,trend_break,closed,2020-11-06T00:00:00+00:00,28.397,28.5449,0.5208296651054711,1
d85ad7e2888f47b79e6eead8595df555,3373070c20f099c3f75399421b5c21d6,1,4,20,0,b40f6985bc929f5c6421720e5dbc444b,86aa5cd717f89a0236a91ba2487f3dc1,fast,1h,futures,aster,SOL,1,2020-11-06T05:00:00+00:00,2020-11-06T05:00:00+00:00,1.57815,1.566361,1021.9072539228072,1613.3680219513894,1600.0353978945175,1.2853594403760242,6.426774719920534,-13.332624056871964,-0.826384549307354,trend_break,closed,2020-11-06T04:00:00+00:00,1.575,1.5695,-0.3492063492063546,1
d85ad7e2888f47b79e6eead8595df555,f3264b4c3ebe6cc4e6b48806a6a8e133,1,4,20,0,0125f3762375bfec2b0592940210302e,86aa5cd717f89a0236a91ba2487f3dc1,fast,1h,spot,aster,SOL,1,2020-11-06T05:00:00+00:00,2020-11-06T05:00:00+00:00,1.57815,1.566361,1021.786066635116,1613.1766937326324,1599.8456507825983,1.2852070104723419,6.426012573068244,-13.331042950034089,-0.8263845493073787,trend_break,closed,2020-11-06T04:00:00+00:00,1.575,1.5695,-0.3492063492063546,1
d85ad7e2888f47b79e6eead8595df555,3373070c20f099c3f75399421b5c21d6,1,4,20,0,440ec70f07c0b556673633a0ec82ae7e,d0ed00d9f23be6f77cdf571467de7fdf,fast,1h,futures,aster,BTC,1,2020-11-09T12:00:00+00:00,2021-01-21T14:00:00+00:00,15831.69018,31154.32648,0.16016331029841213,2536.670169210403,4987.784147130616,3.0101743864007764,15.060748671607797,2451.1139779202126,96.62722444846578,trend_break,closed,2020-11-09T11:00:00+00:00,15800.09,31216.76,97.5733049621869,1752
d85ad7e2888f47b79e6eead8595df555,f3264b4c3ebe6cc4e6b48806a6a8e133,1,4,20,0,ddb15da19bb1448595541818a6c708cb,d0ed00d9f23be6f77cdf571467de7fdf,fast,1h,spot,aster,BTC,1,2020-11-09T12:00:00+00:00,2021-01-21T14:00:00+00:00,15831.69018,31154.32648,0.1601443152426195,2536.3693250826072,4987.192605672214,3.009817385597605,15.058962496229906,2450.823280589607,96.62722444846575,trend_break,closed,2020-11-09T11:00:00+00:00,15800.09,31216.76,97.5733049621869,1752
d85ad7e2888f47b79e6eead8595df555,3373070c20f099c3f75399421b5c21d6,1,4,20,0,5abfb35ae73905a3a522752160453d43,6ed5166c92f4b364ec652fa90495262a,fast,1h,futures,aster,XRP,1,2020-11-10T08:00:00+00:00,2020-12-12T14:00:00+00:00,0.26123142,0.48978846,10649.673229231932,2783.1420719123266,5214.000615628555,3.1992465242627914,16.006032876606422,2430.8585437162287,87.34223697196887,trend_break,closed,2020-11-10T07:00:00+00:00,0.26071,0.49077,88.24364236124428,775
d85ad7e2888f47b79e6eead8595df555,f3264b4c3ebe6cc4e6b48806a6a8e133,1,4,20,0,d65a3a15f4e5060a4087f687941dd92d,6ed5166c92f4b364ec652fa90495262a,fast,1h,spot,aster,XRP,0,2020-11-10T08:00:00+00:00,2020-12-12T14:00:00+00:00,0.26123142,0.48978846,10648.41023925039,2782.8120072729357,5213.382265149668,3.19886711202904,16.00413465318377,2430.570257876732,87.3422369719689,trend_break,closed,2020-11-10T07:00:00+00:00,0.26071,0.49077,88.24364236124428,775
d85ad7e2888f47b79e6eead8595df555,3373070c20f099c3f75399421b5c21d6,1,4,20,0,31012a65d535af1dbfc5e6046ed76fcf,51caa0e9740404d67be0c79596f105d4,fast,1h,futures,aster,BTC,1,2020-11-12T10:00:00+00:00,2021-01-21T14:00:00+00:00,16088.302380000001,31154.32648,0.17544577575707276,2823.7537415501297,5463.708619481726,3.31540786765847,16.587678770150625,2639.954877931596,93.49097405648287,trend_break,closed,2020-11-12T09:00:00+00:00,16056.19,31216.76,94.42196436389952,1682
d85ad7e2888f47b79e6eead8595df555,f3264b4c3ebe6cc4e6b48806a6a8e133,1,4,20,0,8ec2c0d109251069159e434876ed9c9f,51caa0e9740404d67be0c79596f105d4,fast,1h,spot,aster,BTC,1,2020-11-12T10:00:00+00:00,2021-01-21T14:00:00+00:00,16088.302380000001,31154.32648,0.17542496757823056,2823.41883936963,5463.060613990539,3.3150146544303523,16.58571144215463,2639.6417746209095,93.49097405648283,trend_break,closed,2020-11-12T09:00:00+00:00,16056.19,31216.76,94.42196436389952,1682
d85ad7e2888f47b79e6eead8595df555,3373070c20f099c3f75399421b5c21d6,1,4,20,0,b883ab504f99131ca7aa412f010afaea,ebc971c70620e465923584fea6e2ac09,fast,1h,futures,aster,BNB,1,2020-11-13T09:00:00+00:00,2020-11-13T09:00:00+00:00,28.263915,28.0893088,61.45461077549936,1737.642674474925,1725.5270522411063,1.385266173829443,6.926315652985586,-12.115622233818613,-0.6972447449519316,trend_break,closed,2020-11-13T08:00:00+00:00,28.2075,28.1456,-0.2194451830186961,1
d85ad7e2888f47b79e6eead8595df555,f3264b4c3ebe6cc4e6b48806a6a8e133,1,4,20,0,09d4efa91cf9e5106ad024ffd316e50a,ebc971c70620e465923584fea6e2ac09,fast,1h,spot,aster,BNB,0,2020-11-13T09:00:00+00:00,2020-11-13T09:00:00+00:00,28.263915,28.0893088,61.42298016785441,1736.7483120671272,1724.638925728198,1.3845531791448247,6.922750687394234,-12.109386338929198,-0.6972447449519189,trend_break,closed,2020-11-13T08:00:00+00:00,28.2075,28.1456,-0.2194451830186961,1
d85ad7e2888f47b79e6eead8595df555,3373070c20f099c3f75399421b5c21d6,1,4,20,0,3248c440ef6e5fe0f65938eaae59e59f,d93f910c4ab29750d4820aa2087c764f,fast,1h,futures,aster,ADA,1,2020-11-16T15:00:00+00:00,2020-12-09T04:00:00+00:00,0.10504968,0.13638668,30535.93379999037,3209.0731902198486,4163.028753827798,2.9489938823482573,14.74885602539535,953.9555636079494,29.72682475785463,trend_break,closed,2020-11-16T14:00:00+00:00,0.10484,0.13666,30.351011064479216,542
d85ad7e2888f47b79e6eead8595df555,f3264b4c3ebe6cc4e6b48806a6a8e133,1,4,20,0,82ed2885ca1e018c3c1dc087272813b1,d93f910c4ab29750d4820aa2087c764f,fast,1h,spot,aster,ADA,1,2020-11-16T15:00:00+00:00,2020-12-09T04:00:00+00:00,0.10504968,0.13638668,30532.32195278925,3208.6936150578053,4162.53634302251,2.948645069851812,14.747111503197207,953.8427279647044,29.72682475785463,trend_break,closed,2020-11-16T14:00:00+00:00,0.10484,0.13666,30.351011064479216,542
d85ad7e2888f47b79e6eead8595df555,3373070c20f099c3f75399421b5c21d6,1,4,20,0,8ddde2cba570b75109529e60e5926eaf,dd80f067feb5d8244374db53101a7b4c,fast,1h,futures,aster,BNB,1,2020-11-17T03:00:00+00:00,2020-11-17T03:00:00+00:00,28.4530926,28.2434,41.12305355197981,1170.546081929524,1160.9902687497106,0.9326131605596909,4.663049962198226,-9.555813179813413,-0.8163551463144146,trend_break,closed,2020-11-17T02:00:00+00:00,28.3963,28.3,-0.33912868930107143,1
d85ad7e2888f47b79e6eead8595df555,f3264b4c3ebe6cc4e6b48806a6a8e133,1,4,20,0,9c0fe915a2e45a2672772c1601628dd0,dd80f067feb5d8244374db53101a7b4c,fast,1h,spot,aster,BNB,0,2020-11-17T03:00:00+00:00,2020-11-17T03:00:00+00:00,28.4530926,28.2434,41.10199525550627,1169.9466686005003,1160.395748762246,0.9321355879396185,4.66066210720952,-9.55091983825423,-0.8163551463144144,trend_break,closed,2020-11-17T02:00:00+00:00,28.3963,28.3,-0.33912868930107143,1
d85ad7e2888f47b79e6eead8595df555,3373070c20f099c3f75399421b5c21d6,1,4,20,0,9f7e7a7d8420311ef1cfe929dbe41123,9fe22b767c5a0866bdc59715efb43bb2,fast,1h,futures,aster,ADA,1,2020-11-17T06:00:00+00:00,2020-12-09T04:00:00+00:00,0.10858674,0.13638668,10687.513388185567,1160.986446424437,1457.0514146827927,1.0472626823998423,5.23752281101422,296.06496825835575,25.50115629430177,trend_break,closed,2020-11-17T05:00:00+00:00,0.10837,0.13666,26.105010611792935,527
d85ad7e2888f47b79e6eead8595df555,f3264b4c3ebe6cc4e6b48806a6a8e133,1,4,20,0,a16f09ccd5f1f7fc344334f20be0f4fd,9fe22b767c5a0866bdc59715efb43bb2,fast,1h,spot,aster,ADA,1,2020-11-17T06:00:00+00:00,2020-12-09T04:00:00+00:00,0.10858674,0.13638668,10682.075694065641,1160.395748762246,1456.3100822865397,1.0467298461896535,5.234858014633808,295.9143335242936,25.50115629430177,trend_break,closed,2020-11-17T05:00:00+00:00,0.10837,0.13666,26.105010611792935,527
d85ad7e2888f47b79e6eead8595df555,3373070c20f099c3f75399421b5c21d6,1,4,20,0,dd7c51f668420a2e3f0c13d3f20760df,952a7be0fbb6467034d46769d5aaa6de,fast,1h,futures,aster,BNB,1,2020-12-14T15:00:00+00:00,2021-01-11T16:00:00+00:00,29.5452726,35.8043478,141.75534608979547,4189.875622867444,5073.427530822844,3.7054632226555038,18.530939266519294,883.5519079554006,21.08778368343832,trend_break,closed,2020-12-14T14:00:00+00:00,29.4863,35.8761,21.67040286505937,671
d85ad7e2888f47b79e6eead8595df555,f3264b4c3ebe6cc4e6b48806a6a8e133,1,4,20,0,acc92350a50333b336ba16872e9b2e22,952a7be0fbb6467034d46769d5aaa6de,fast,1h,spot,aster,BNB,0,2020-12-14T15:00:00+00:00,2021-01-11T16:00:00+00:00,29.5452726,35.8043478,141.7378102819177,4189.357315403344,5072.7999238019,3.7050048393002157,18.528646901541634,883.4426083985563,21.087783683438328,trend_break,closed,2020-12-14T14:00:00+00:00,29.4863,35.8761,21.67040286505937,671
d85ad7e2888f47b79e6eead8595df555,3373070c20f099c3f75399421b5c21d6,1,4,20,0,acfb8636c1e19418588804686e705b6b,8f0679e6eee7e22f3f8999a4c8374e87,fast,1h,futures,aster,ADA,1,2020-12-16T14:00:00+00:00,2020-12-21T12:00:00+00:00,0.15980898,0.14836765743537955,20090.700048200462,3211.958551901742,2979.617778347414,2.476593753830895,12.382098840830635,-232.34077355432782,-7.233616804200762,stop,closed,2020-12-16T13:00:00+00:00,0.15949,0.14866498741019996,-6.787267283089871,119
d85ad7e2888f47b79e6eead8595df555,3373070c20f099c3f75399421b5c21d6,1,4,20,0,bc38c50b3b9bac7c94c6a4b9bdc79357,a8c1c5eb15d81df1d96ba7742ed3ab7c,fast,1h,futures,aster,ETH,1,2020-12-16T14:00:00+00:00,2020-12-23T22:00:00+00:00,610.6488599999999,579.5383089038893,5.495955231111328,3357.441236007764,3183.842553809563,2.6164861587755643,13.081799192290434,-173.598682198201,-5.170565022446146,stop,closed,2020-12-16T13:00:00+00:00,609.43,580.6997083205304,-4.714289037210118,177
d85ad7e2888f47b79e6eead8595df555,f3264b4c3ebe6cc4e6b48806a6a8e133,1,4,20,0,cf179b5bb5555ec1bc7444aa324ca79e,8f0679e6eee7e22f3f8999a4c8374e87,fast,1h,spot,aster,ADA,1,2020-12-16T14:00:00+00:00,2020-12-21T12:00:00+00:00,0.15980898,0.14836765743537955,20088.21809458319,3211.5617547703678,2979.249684000014,2.4762878017828776,12.380569188059269,-232.31207077035378,-7.233616804200748,stop,closed,2020-12-16T13:00:00+00:00,0.15949,0.14866498741019996,-6.787267283089871,119
d85ad7e2888f47b79e6eead8595df555,f3264b4c3ebe6cc4e6b48806a6a8e133,1,4,20,0,f764bef3470afa45e07e90e33ef79797,a8c1c5eb15d81df1d96ba7742ed3ab7c,fast,1h,spot,aster,ETH,1,2020-12-16T14:00:00+00:00,2020-12-23T22:00:00+00:00,610.6488599999999,579.5383089038893,5.616873902338759,3431.3096202850047,3253.8915252467186,2.6740524991658834,13.369616998127253,-177.41809503828608,-5.170565022446145,stop,closed,2020-12-16T13:00:00+00:00,609.43,580.6997083205304,-4.714289037210118,177
d85ad7e2888f47b79e6eead8595df555,3373070c20f099c3f75399421b5c21d6,1,4,20,0,0936cc0d7fca35f0bdc9e39b1c04644c,f7d3ede2614faca9aa1e4417e81428f9,fast,1h,futures,aster,SOL,1,2020-12-17T00:00:00+00:00,2020-12-17T00:00:00+00:00,1.8067061999999998,1.7465,41.14734563217136,74.37090093297377,71.83509361092865,0.058482001445509676,0.2924012675313361,-2.535807322045116,-3.409676755604311,trend_break,closed,2020-12-16T23:00:00+00:00,1.8031,1.75,-2.944928179246853,1
d85ad7e2888f47b79e6eead8595df555,3373070c20f099c3f75399421b5c21d6,1,4,20,0,91615fb035c14f7b39ebc875ddf170f5,9294ac13ce7a6be3e4f91b81e9c7598b,fast,1h,futures,aster,XRP,1,2020-12-17T17:00:00+00:00,2020-12-18T00:00:00+00:00,0.64822386,0.5606360233666485,110.77246854989555,71.83407928799996,62.07819505181405,0.05356335736458499,0.2677790486556043,-9.755884236185906,-13.581136325381493,stop,closed,2020-12-17T16:00:00+00:00,0.64693,0.5617595424515517,-13.165328172823699,8
d85ad7e2888f47b79e6eead8595df555,3373070c20f099c3f75399421b5c21d6,1,4,20,0,41a0630c1a8a70814024b59278f6e43c,fd4cf0016f5569f83fde6541c540fc25,fast,1h,futures,aster,XRP,1,2020-12-19T17:00:00+00:00,2020-12-21T12:00:00+00:00,0.5972421,0.5085171081320038,103.89333389082094,62.07429269811865,52.81040508927123,0.045952404245323215,0.2297260683900712,-9.26388760884742,-14.923871390528449,stop,closed,2020-12-19T16:00:00+00:00,0.59605,0.5095361804929898,-14.514523866623641,44
d85ad7e2888f47b79e6eead8595df555,3373070c20f099c3f75399421b5c21d6,1,4,20,0,1c4cef28b6eb56991f5b4aaa144bc67a,e72960bd1cce2ae8ab8c3a60fca25faf,fast,1h,futures,aster,ETH,1,2020-12-26T17:00:00+00:00,2021-02-23T06:00:00+00:00,649.83708,1577.74818,4.408721047486893,2866.0963921982375,6953.06926815662,3.9283208083334253,19.65804627863931,4086.9728759583822,142.59718853432412,trend_break,closed,2020-12-26T16:00:00+00:00,648.54,1580.91,143.76445554630402,1403
d85ad7e2888f47b79e6eead8595df555,f3264b4c3ebe6cc4e6b48806a6a8e133,1,4,20,0,9e22747aca6b99ef3e1958529c775a10,e72960bd1cce2ae8ab8c3a60fca25faf,fast,1h,spot,aster,ETH,1,2020-12-26T17:00:00+00:00,2021-02-23T06:00:00+00:00,649.83708,1577.74818,4.411357319998953,2867.810225088612,6957.226978564843,3.930669817049109,19.669801154143336,4089.4167534762314,142.5971885343241,trend_break,closed,2020-12-26T16:00:00+00:00,648.54,1580.91,143.76445554630402,1403
d85ad7e2888f47b79e6eead8595df555,3373070c20f099c3f75399421b5c21d6,1,4,20,0,0a8f30fa15255b81219aeb02ba8e17b2,b21d38e15aa3ec4376a37c46756b5a7d,fast,1h,futures,aster,ADA,1,2020-12-29T01:00:00+00:00,2021-03-23T06:00:00+00:00,0.18641208,1.08005556,10879.519710074966,2028.885128115494,11745.785558694857,5.511423860620851,27.596119334999354,9716.900430579364,478.9280721676339,trend_break,closed,2020-12-29T00:00:00+00:00,0.18604,1.08222,481.7136099763491,2019
d85ad7e2888f47b79e6eead8595df555,f3264b4c3ebe6cc4e6b48806a6a8e133,1,4,20,0,44ceb418eaf35a4df21c1dcdcb0899de,b21d38e15aa3ec4376a37c46756b5a7d,fast,1h,spot,aster,ADA,1,2020-12-29T01:00:00+00:00,2021-03-23T06:00:00+00:00,0.18641208,1.08005556,10885.74321513917,2030.0457286940123,11752.504601249639,5.514576607729327,27.611905380064805,9722.458872555626,478.9280721676338,trend_break,closed,2020-12-29T00:00:00+00:00,0.18604,1.08222,481.7136099763491,2019
d85ad7e2888f47b79e6eead8595df555,3373070c20f099c3f75399421b5c21d6,1,4,20,0,43c439f348b144184f5505cf6d1b6345,1e8bd54408b7ed397a35c92bf2267c9b,fast,1h,futures,aster,BNB,1,2020-12-29T03:00:00+00:00,2021-01-11T16:00:00+00:00,37.0480482,35.8043478,35.663535903717424,1321.792902902211,1276.3988794171764,1.039269616167136,5.19619144658599,-45.394023485034495,-3.43427653343913,trend_break,closed,2020-12-29T02:00:00+00:00,36.9741,35.8761,-2.969646319991559,323
d85ad7e2888f47b79e6eead8595df555,f3264b4c3ebe6cc4e6b48806a6a8e133,1,4,20,0,599a0117e03cc164003448aa0230c9b3,1e8bd54408b7ed397a35c92bf2267c9b,fast,1h,spot,aster,BNB,0,2020-12-29T03:00:00+00:00,2021-01-11T16:00:00+00:00,37.0480482,35.8043478,36.02757553425284,1335.2852554641088,1289.4278672812318,1.0498780798965197,5.249232166370852,-45.857388182877,-3.4342765334391583,trend_break,closed,2020-12-29T02:00:00+00:00,36.9741,35.8761,-2.969646319991559,323
d85ad7e2888f47b79e6eead8595df555,3373070c20f099c3f75399421b5c21d6,1,4,20,0,346200fae350e8dd53e4664acc4e2f9e,7d8eb798cf51639d5d5471166d7fb0a2,fast,1h,futures,aster,BNB,1,2021-01-16T10:00:00+00:00,2021-01-21T22:00:00+00:00,43.05093,38.811219070383544,85.88416739562271,3698.872235968699,3331.935927774817,2.8122650056504965,14.059924771778816,-366.9363081938818,-9.920221212987768,stop,closed,2021-01-16T09:00:00+00:00,42.965,38.888997064512566,-9.486798406813534,133
d85ad7e2888f47b79e6eead8595df555,f3264b4c3ebe6cc4e6b48806a6a8e133,1,4,20,0,7a54972b4e4bf9a03d436f2958f92af0,7d8eb798cf51639d5d5471166d7fb0a2,fast,1h,spot,aster,BNB,0,2021-01-16T10:00:00+00:00,2021-01-21T22:00:00+00:00,43.05093,38.811219070383544,85.92306512089385,3700.547489049805,3333.4449920444004,2.813538706204354,14.066292640359137,-367.10249700540453,-9.920221212987757,stop,closed,2021-01-16T09:00:00+00:00,42.965,38.888997064512566,-9.486798406813534,133
d85ad7e2888f47b79e6eead8595df555,3373070c20f099c3f75399421b5c21d6,1,4,20,0,28b4c4357f9e98734fcbb4d2eaf5a3ec,91a2ba3fcbcac2db1b0f5e0a51257777,fast,1h,futures,aster,ADA,1,2021-01-16T11:00:00+00:00,2021-01-22T00:00:00+00:00,0.33899664,0.28185770661488924,6322.529403210524,2144.1735504791686,1781.340816139085,1.570147944633478,7.8493260701260885,-362.83273434008356,-16.921798809569292,stop,closed,2021-01-16T10:00:00+00:00,0.33832,0.28242255171832586,-16.52206440106235,134
d85ad7e2888f47b79e6eead8595df555,f3264b4c3ebe6cc4e6b48806a6a8e133,1,4,20,0,e024794d9ace3b6b3a1ca06abce2dbb7,91a2ba3fcbcac2db1b0f5e0a51257777,fast,1h,spot,aster,ADA,1,2021-01-16T11:00:00+00:00,2021-01-22T00:00:00+00:00,0.33899664,0.28185770661488924,6325.38268810178,2145.141191371864,1782.144714786719,1.5708565343642253,7.852868380814446,-362.9964765851448,-16.921798809569303,stop,closed,2021-01-16T10:00:00+00:00,0.33832,0.28242255171832586,-16.52206440106235,134
d85ad7e2888f47b79e6eead8595df555,3373070c20f099c3f75399421b5c21d6,1,4,20,0,3c35900a36f08534342e445dd071e9e3,e66481d1be55719a1493d4cf96f2bf9b,fast,1h,futures,aster,BNB,1,2021-01-19T14:00:00+00:00,2021-01-19T18:00:00+00:00,47.0146416,42.634584007628355,10.767967186488109,506.4546188805121,458.9041664830713,0.38613596785480464,1.930498904003921,-47.55045239744078,-9.388887103556925,stop,closed,2021-01-19T13:00:00+00:00,46.9208,42.720024055739835,-8.952907760012973,5
d85ad7e2888f47b79e6eead8595df555,f3264b4c3ebe6cc4e6b48806a6a8e133,1,4,20,0,61e30662dd199af77cf0227ed011f848,e66481d1be55719a1493d4cf96f2bf9b,fast,1h,spot,aster,BNB,0,2021-01-19T14:00:00+00:00,2021-01-19T18:00:00+00:00,47.0146416,42.634584007628355,10.982378256190106,516.5391106614629,468.0418367157413,0.3938246823989996,1.9689388739534404,-48.497273945721645,-9.38888710355691,stop,closed,2021-01-19T13:00:00+00:00,46.9208,42.720024055739835,-8.952907760012973,5
d85ad7e2888f47b79e6eead8595df555,3373070c20f099c3f75399421b5c21d6,1,4,20,0,1bf3f421de197f98f5f62a2c9d3b4368,14865cd3f39cbc7bd601fbe5d9675afb,fast,1h,futures,aster,SOL,1,2021-01-25T18:00:00+00:00,2021-03-25T01:00:00+00:00,3.8223294,13.055337,681.785074487952,2607.0495375503674,8897.37353544671,4.602776417482722,23.03915395112667,6290.323997896343,241.28133766905134,trend_break,closed,2021-01-25T17:00:00+00:00,3.8147,13.0815,242.92342779248693,1400
d85ad7e2888f47b79e6eead8595df555,f3264b4c3ebe6cc4e6b48806a6a8e133,1,4,20,0,fd0b5bede22445f20cfbed45f2429d9d,14865cd3f39cbc7bd601fbe5d9675afb,fast,1h,spot,aster,SOL,1,2021-01-25T18:00:00+00:00,2021-03-25T01:00:00+00:00,3.8223294,13.055337,682.1170473719939,2608.3189548289297,8901.705819715591,4.605017588519004,23.050372111613363,6293.386864886661,241.28133766905137,trend_break,closed,2021-01-25T17:00:00+00:00,3.8147,13.0815,242.92342779248693,1400
d85ad7e2888f47b79e6eead8595df555,3373070c20f099c3f75399421b5c21d6,1,4,20,0,4449d495ad958ef57fc5a3646a3c4ecc,17a764ce16961f33dc225f7db3e76a3b,fast,1h,futures,aster,BNB,1,2021-01-29T09:00:00+00:00,2021-03-25T12:00:00+00:00,43.322672399999995,230.0390998,106.35598923540401,4609.468729695103,24456.24960764201,11.629464680589667,58.22698995227864,19846.780877946905,430.5654738492973,trend_break,closed,2021-01-29T08:00:00+00:00,43.2362,230.5001,433.11831289521285,1324
d85ad7e2888f47b79e6eead8595df555,3373070c20f099c3f75399421b5c21d6,1,4,20,0,b7b54d17a9851787a8063ced9ce46c53,0bffd0d77a0ab46bcb7c0e93c2bfc1d5,fast,1h,futures,aster,BTC,1,2021-01-29T09:00:00+00:00,2021-01-31T15:00:00+00:00,36373.99278,32527.990834627853,0.08577197627484857,3121.117193445972,2788.8740621129377,2.3639437215535466,11.818446364802744,-332.2431313330344,-10.64500660310709,stop,closed,2021-01-29T08:00:00+00:00,36301.39,32593.177189005866,-10.21507113362362,55
d85ad7e2888f47b79e6eead8595df555,f3264b4c3ebe6cc4e6b48806a6a8e133,1,4,20,0,b56e2bfe94cef248fa29387dc2b5ad28,17a764ce16961f33dc225f7db3e76a3b,fast,1h,spot,aster,BNB,0,2021-01-29T09:00:00+00:00,2021-03-25T12:00:00+00:00,43.322672399999995,230.0390998,106.40779806894793,4611.714124617001,24468.162897849164,11.635129702410937,58.2553538690819,19856.448773232165,430.5654738492973,trend_break,closed,2021-01-29T08:00:00+00:00,43.2362,230.5001,433.11831289521285,1324
d85ad7e2888f47b79e6eead8595df555,f3264b4c3ebe6cc4e6b48806a6a8e133,1,4,20,0,c3e41843ee0313b6d79e9f8fc43c2899,0bffd0d77a0ab46bcb7c0e93c2bfc1d5,fast,1h,spot,aster,BTC,1,2021-01-29T09:00:00+00:00,2021-01-31T15:00:00+00:00,36373.99278,32527.990834627853,0.08587192123077933,3124.754044710237,2792.1237703199763,2.3666982838399084,11.832217693765891,-332.63027439026064,-10.645006603107092,stop,closed,2021-01-29T08:00:00+00:00,36301.39,32593.177189005866,-10.21507113362362,55
d85ad7e2888f47b79e6eead8595df555,3373070c20f099c3f75399421b5c21d6,1,4,20,0,76a1cd9018ec141d7718d761de2f4367,3ca8aeebcbde16b9db81b735ef7aa0b4,fast,1h,futures,aster,ADA,1,2021-01-29T10:00:00+00:00,2021-03-23T06:00:00+00:00,0.36363582,1.08005556,6957.002444746668,2530.827214852954,7510.943591713678,4.017505784047876,20.107545885953503,4980.116376860724,196.7782054671037,trend_break,closed,2021-01-29T09:00:00+00:00,0.36291,1.08222,198.2061668182194,1269
d85ad7e2888f47b79e6eead8595df555,f3264b4c3ebe6cc4e6b48806a6a8e133,1,4,20,0,50c66bf51dabb5e28bf798ad96635842,3ca8aeebcbde16b9db81b735ef7aa0b4,fast,1h,spot,aster,ADA,1,2021-01-29T10:00:00+00:00,2021-03-23T06:00:00+00:00,0.36363582,1.08005556,6960.395519114231,2532.061551770276,7514.606834666324,4.0194652049343365,20.1173527530751,4982.545282896048,196.7782054671037,trend_break,closed,2021-01-29T09:00:00+00:00,0.36291,1.08222,198.2061668182194,1269
d85ad7e2888f47b79e6eead8595df555,3373070c20f099c3f75399421b5c21d6,1,4,20,0,4e946e11d2534fd272c40d8933b6eb5e,e8d9a484ef574078a7779727bbe69db7,fast,1h,futures,aster,ETH,1,2021-01-29T12:00:00+00:00,2021-02-23T06:00:00+00:00,1420.85604,1577.74818,1.8322846413059224,2604.4540646785927,2889.727404559147,2.19771858306445,10.98978675870314,285.27333988055443,10.953287437448397,trend_break,closed,2021-01-29T11:00:00+00:00,1418.02,1580.91,11.487144045923191,595
d85ad7e2888f47b79e6eead8595df555,f3264b4c3ebe6cc4e6b48806a6a8e133,1,4,20,0,3d0ee935132b2d38f4a1ec35981868db,e8d9a484ef574078a7779727bbe69db7,fast,1h,spot,aster,ETH,1,2021-01-29T12:00:00+00:00,2021-02-23T06:00:00+00:00,1420.85604,1577.74818,1.8331834051087443,2605.731589461957,2891.1448603041176,2.1987965978372204,10.995177418165532,285.4132708421607,10.953287437448388,trend_break,closed,2021-01-29T11:00:00+00:00,1418.02,1580.91,11.487144045923191,595
d85ad7e2888f47b79e6eead8595df555,3373070c20f099c3f75399421b5c21d6,1,4,20,0,bc2976a8786b37ec543fa15c933df4ab,e2f2cb6d30936fe430085e05f1579e99,fast,1h,futures,aster,ETH,1,2021-02-08T13:00:00+00:00,2021-02-23T06:00:00+00:00,1715.76468,1577.74818,2.3701721181328312,4068.2842688554247,3738.038931772551,3.122476940593568,15.611138656081891,-330.24533708287345,-8.11755804802168,trend_break,closed,2021-02-08T12:00:00+00:00,1712.34,1580.91,-7.675461648971571,354
d85ad7e2888f47b79e6eead8595df555,f3264b4c3ebe6cc4e6b48806a6a8e133,1,4,20,0,844169f917972bcf822c8a12fdbb5b12,e2f2cb6d30936fe430085e05f1579e99,fast,1h,spot,aster,ETH,1,2021-02-08T13:00:00+00:00,2021-02-23T06:00:00+00:00,1715.76468,1577.74818,2.371338647038786,4070.286558546098,3739.8786844352953,3.124013731774897,15.618821998720964,-330.4078741108028,-8.117558048021664,trend_break,closed,2021-02-08T12:00:00+00:00,1712.34,1580.91,-7.675461648971571,354
d85ad7e2888f47b79e6eead8595df555,3373070c20f099c3f75399421b5c21d6,1,4,20,0,575d7b4ccd60623fd2cc4208a7b34cce,ce777ec0a3c26c73ae4bd5bf1d7a9a57,fast,1h,futures,aster,SOL,1,2021-02-19T13:00:00+00:00,2021-02-22T12:00:00+00:00,10.883223,9.513582558337612,480.08399223882964,5226.951090723958,4565.491767622379,3.9168719365463485,19.581807840158444,-661.4593231015797,-12.654783096697471,stop,closed,2021-02-19T12:00:00+00:00,10.8615,9.532647854045704,-12.23451775495369,72
d85ad7e2888f47b79e6eead8595df555,f3264b4c3ebe6cc4e6b48806a6a8e133,1,4,20,0,251bda06b501dedc0fd87d4212019e45,ce777ec0a3c26c73ae4bd5bf1d7a9a57,fast,1h,spot,aster,SOL,1,2021-02-19T13:00:00+00:00,2021-02-22T12:00:00+00:00,10.883223,9.513582558337612,480.0100663903015,5226.1462174083645,4564.788749279077,3.9162687960830835,19.578792530788206,-661.3574681292876,-12.654783096697464,stop,closed,2021-02-19T12:00:00+00:00,10.8615,9.532647854045704,-12.23451775495369,72
d85ad7e2888f47b79e6eead8595df555,3373070c20f099c3f75399421b5c21d6,1,4,20,0,24ed39b9b82e8d3bb5e8ade73102ba75,d1540c1ce55c474f01d41d2980262225,fast,1h,futures,aster,SOL,1,2021-02-22T19:00:00+00:00,2021-03-25T01:00:00+00:00,12.2735982,13.055337,347.0665752472411,4261.459595511997,4529.258672848075,3.5163307178093173,17.58280918191553,267.79907733607797,6.284210171043592,trend_break,closed,2021-02-22T18:00:00+00:00,12.2491,13.0815,6.795601309483956,727
d85ad7e2888f47b79e6eead8595df555,f3264b4c3ebe6cc4e6b48806a6a8e133,1,4,20,0,375537c15493c91ba985f6399b5aa1be,d1540c1ce55c474f01d41d2980262225,fast,1h,spot,aster,SOL,1,2021-02-22T19:00:00+00:00,2021-03-25T01:00:00+00:00,12.2735982,13.055337,347.2403085594776,4263.59278131349,4531.525912528674,3.518090909732406,17.59161071999341,267.9331312151835,6.284210171043609,trend_break,closed,2021-02-22T18:00:00+00:00,12.2491,13.0815,6.795601309483956,727
d85ad7e2888f47b79e6eead8595df555,3373070c20f099c3f75399421b5c21d6,1,4,20,0,fe59fbb8ad65d01b6d5925741794631f,d6584d03d98e77ccf146bd17197a91aa,fast,1h,futures,aster,ETH,1,2021-03-08T00:00:00+00:00,2021-03-22T20:00:00+00:00,1733.5101,1674.35458,4.7204888092662705,8186.288233811173,7900.610548810672,6.434714834173512,32.17258588933045,-285.6776850005008,-3.489709583161133,trend_break,closed,2021-03-07T23:00:00+00:00,1730.05,1677.71,-3.0253460882633365,357
d85ad7e2888f47b79e6eead8595df555,f3264b4c3ebe6cc4e6b48806a6a8e133,1,4,20,0,4d4bbfe8b37cd2d83057cf4c7b5c0535,d6584d03d98e77ccf146bd17197a91aa,fast,1h,spot,aster,ETH,1,2021-03-08T00:00:00+00:00,2021-03-22T20:00:00+00:00,1733.5101,1674.35458,4.722854884155337,8190.391489174614,7904.570612478474,6.437940139391387,32.18871192005839,-285.82087669614066,-3.4897095831611367,trend_break,closed,2021-03-07T23:00:00+00:00,1730.05,1677.71,-3.0253460882633365,357
d85ad7e2888f47b79e6eead8595df555,3373070c20f099c3f75399421b5c21d6,1,4,20,0,d9b9b11a2db241666d97b1a40c95984d,2301c2400bf05b01a4c671a744bb3699,fast,1h,futures,aster,BTC,1,2021-03-09T02:00:00+00:00,2021-03-24T22:00:00+00:00,53720.185919999996,52426.12762,0.10604002016694844,5698.76819416835,5557.043923047773,4.502302891371533,22.5110556132072,-141.7242711205772,-2.4869281622229544,trend_break,closed,2021-03-09T01:00:00+00:00,53612.96,52531.19,-2.0177397405403363,381
d85ad7e2888f47b79e6eead8595df555,f3264b4c3ebe6cc4e6b48806a6a8e133,1,4,20,0,39bfca3f59d091a1f0866744c3723b7d,2301c2400bf05b01a4c671a744bb3699,fast,1h,spot,aster,BTC,1,2021-03-09T02:00:00+00:00,2021-03-24T22:00:00+00:00,53720.185919999996,52426.12762,0.10604535695506016,5699.055002095229,5557.323598267544,4.502529483525214,22.5121885508829,-141.73140382768452,-2.4869281622229944,trend_break,closed,2021-03-09T01:00:00+00:00,53612.96,52531.19,-2.0177397405403363,381
d85ad7e2888f47b79e6eead8595df555,3373070c20f099c3f75399421b5c21d6,1,4,20,0,ca5416ae306e79672296b412c88aae3f,d32cad956f1c897983f66143f7148aa1,fast,1h,futures,aster,SOL,1,2021-03-27T07:00:00+00:00,2021-05-19T12:00:00+00:00,16.0471302,35.4402774,410.28258036517997,6586.491529106372,14534.71224914556,8.449754578576712,42.280768697856814,7948.220720039188,120.67457590911941,trend_break,closed,2021-03-27T06:00:00+00:00,16.0151,35.5113,121.7363613090146,1278
d85ad7e2888f47b79e6eead8595df555,f3264b4c3ebe6cc4e6b48806a6a8e133,1,4,20,0,1eb4814b2baa4d0af7251356cb948d75,d32cad956f1c897983f66143f7148aa1,fast,1h,spot,aster,SOL,1,2021-03-27T07:00:00+00:00,2021-05-19T12:00:00+00:00,16.0471302,35.4402774,410.48839547885035,6589.795592129339,14542.003476209262,8.453993333235825,42.30197852160287,7952.207884079923,120.67457590911941,trend_break,closed,2021-03-27T06:00:00+00:00,16.0151,35.5113,121.7363613090146,1278
d85ad7e2888f47b79e6eead8595df555,3373070c20f099c3f75399421b5c21d6,1,4,20,0,7c10dea31e3a7b9a500a15721b6995dc,2df46772d89fff27a7055ae641119e25,fast,1h,futures,aster,BTC,1,2021-03-29T10:00:00+00:00,2021-04-18T03:00:00+00:00,58131.31056,54384.88811794012,0.20272573016771211,11789.426263833586,11020.806067337222,9.123971413072312,45.617001548467414,-768.6201964963639,-6.519572533010019,stop,closed,2021-03-29T09:00:00+00:00,58015.28,54493.87586967948,-6.069787356573153,474
d85ad7e2888f47b79e6eead8595df555,f3264b4c3ebe6cc4e6b48806a6a8e133,1,4,20,0,b59106e5064eb217b7f5404695c72a35,2df46772d89fff27a7055ae641119e25,fast,1h,spot,aster,BTC,1,2021-03-29T10:00:00+00:00,2021-04-18T03:00:00+00:00,58131.31056,54384.88811794012,0.20282742597736905,11795.340339211682,11026.334570281386,9.12854838344194,45.63988496786739,-769.0057689302957,-6.51957253301002,stop,closed,2021-03-29T09:00:00+00:00,58015.28,54493.87586967948,-6.069787356573153,474
d85ad7e2888f47b79e6eead8595df555,3373070c20f099c3f75399421b5c21d6,1,4,20,0,7c9814e608113dfb7ad472b37d73d453,c21821d974d345d5e94012217c94cfc7,fast,1h,futures,aster,ETH,1,2021-03-31T19:00:00+00:00,2021-04-11T18:00:00+00:00,1896.2349000000002,1773.7870386367506,6.255047067209348,11865.782965405006,11090.683365313209,9.18246398554551,45.90943989694271,-775.0996000917967,-6.53222465261348,stop,closed,2021-03-31T18:00:00+00:00,1892.45,1777.3417220809124,-6.082500352404963,264
d85ad7e2888f47b79e6eead8595df555,f3264b4c3ebe6cc4e6b48806a6a8e133,1,4,20,0,74efc4a087a147f07bfcd17ccd8fbe11,c21821d974d345d5e94012217c94cfc7,fast,1h,spot,aster,ETH,1,2021-03-31T19:00:00+00:00,2021-04-11T18:00:00+00:00,1896.2349000000002,1773.7870386367506,6.258184863656872,11871.73534453755,11096.24692166864,9.187070298266065,45.93247001580011,-775.4884228689098,-6.53222465261348,stop,closed,2021-03-31T18:00:00+00:00,1892.45,1777.3417220809124,-6.082500352404963,264
d85ad7e2888f47b79e6eead8595df555,3373070c20f099c3f75399421b5c21d6,1,4,20,0,07adf91819f4dcf3bdf12edbd6c6afda,35f6fdf1b80f8a770e4affe3e5cd17ad,fast,1h,futures,aster,ADA,1,2021-04-02T08:00:00+00:00,2021-04-02T13:00:00+00:00,1.22916342,1.151494717068954,9949.425269854692,12234.361379565706,11452.127951855584,9.474472091135617,47.3694588976912,-782.2334277101218,-6.393741393127701,stop,closed,2021-04-02T07:00:00+00:00,1.22671,1.1538023217123787,-5.943350774642841,6
d85ad7e2888f47b79e6eead8595df555,f3264b4c3ebe6cc4e6b48806a6a8e133,1,4,20,0,9ffc2f07314e5fd06468ba5c97300125,35f6fdf1b80f8a770e4affe3e5cd17ad,fast,1h,spot,aster,ADA,1,2021-04-02T08:00:00+00:00,2021-04-02T13:00:00+00:00,1.22916342,1.151494717068954,9954.416322828592,12240.498653236404,11457.872824119191,9.479224887485561,47.393221423896584,-782.6258291172126,-6.393741393127684,stop,closed,2021-04-02T07:00:00+00:00,1.22671,1.1538023217123787,-5.943350774642841,6
d85ad7e2888f47b79e6eead8595df555,3373070c20f099c3f75399421b5c21d6,1,4,20,0,1e66ab6f6bccda54b2f4b5b9c196c7e2,2378ecf0ad37c9250397bcde2a51d1a6,fast,1h,futures,aster,ADA,1,2021-04-05T15:00:00+00:00,2021-04-18T03:00:00+00:00,1.20741,1.0657540699445227,5432.699499478307,6562.11950094617,5787.605633713635,4.939766922007872,24.695855097058505,-774.5138672325347,-11.802800408021527,stop,closed,2021-04-05T14:00:00+00:00,1.205,1.0678898496438103,-11.378435714206624,301
d85ad7e2888f47b79e6eead8595df555,3373070c20f099c3f75399421b5c21d6,1,4,20,0,20c9d5942d8768c9b53387889485d311,e1b3405b9380b81d1eab4ed2ee8b537e,fast,1h,futures,aster,BTC,1,2021-04-05T15:00:00+00:00,2021-04-07T11:00:00+00:00,59281.91718,56286.43033426663,0.25180292311993513,14933.330978091532,14167.418455078863,11.640179089693131,58.19811115153457,-765.9125230126683,-5.128879311228869,stop,closed,2021-04-05T14:00:00+00:00,59163.59,56399.228791850335,-4.672402753365135,45
d85ad7e2888f47b79e6eead8595df555,f3264b4c3ebe6cc4e6b48806a6a8e133,1,4,20,0,5cc8ad63afe9cb61825cf22e389d3863,2378ecf0ad37c9250397bcde2a51d1a6,fast,1h,spot,aster,ADA,1,2021-04-05T15:00:00+00:00,2021-04-18T03:00:00+00:00,1.20741,1.0657540699445227,5435.424771567674,6565.4113379279015,5790.508941746656,4.9422449182456205,24.708243583597387,-774.9023961812454,-11.802800408021518,stop,closed,2021-04-05T14:00:00+00:00,1.205,1.0678898496438103,-11.378435714206624,301
d85ad7e2888f47b79e6eead8595df555,f3264b4c3ebe6cc4e6b48806a6a8e133,1,4,20,0,0f594db79cd636e947da86ada5c39b8a,e1b3405b9380b81d1eab4ed2ee8b537e,fast,1h,spot,aster,BTC,1,2021-04-05T15:00:00+00:00,2021-04-07T11:00:00+00:00,59281.91718,56286.43033426663,0.2519236825108552,14940.492689842045,14174.212851277076,11.645761474995314,58.22602174275519,-766.2798385649694,-5.1288793112288635,stop,closed,2021-04-05T14:00:00+00:00,59163.59,56399.228791850335,-4.672402753365135,45
d85ad7e2888f47b79e6eead8595df555,3373070c20f099c3f75399421b5c21d6,1,4,20,0,ba89977f3f5e5c579b54eba634955f6e,e4a316db6f9990037d6c300fc90dfab9,fast,1h,futures,aster,ADA,1,2021-04-11T13:00:00+00:00,2021-04-18T03:00:00+00:00,1.2839127,1.1970522636219265,9183.71802121901,11795.80863754222,10988.993089587391,9.113793058571062,45.565956749662725,-806.8155479548295,-6.839849413858734,stop,closed,2021-04-11T12:00:00+00:00,1.28135,1.1994511659538343,-6.391605263680155,159
d85ad7e2888f47b79e6eead8595df555,f3264b4c3ebe6cc4e6b48806a6a8e133,1,4,20,0,2190d9a87e10e2fa74c3eec808a815a7,e4a316db6f9990037d6c300fc90dfab9,fast,1h,spot,aster,ADA,1,2021-04-11T13:00:00+00:00,2021-04-18T03:00:00+00:00,1.2839127,1.1970522636219265,9188.327022248744,11801.728559520592,10994.508097817023,9.11836696659989,45.58882477991962,-807.2204617035695,-6.8398494138587465,stop,closed,2021-04-11T12:00:00+00:00,1.28135,1.1994511659538343,-6.391605263680155,159
d85ad7e2888f47b79e6eead8595df555,3373070c20f099c3f75399421b5c21d6,1,4,20,0,a825c30797b342790de2cb3a2e889f2d,0035faaf864097ddb3de18a60a623c99,fast,1h,futures,aster,ETH,1,2021-04-12T07:00:00+00:00,2021-04-18T03:00:00+00:00,2190.2818199999997,1948.0049540047332,3.1715298976790054,6949.322894183374,6175.6846900718465,5.249880091570246,26.246431890282707,-773.6382041115276,-11.132569545143275,stop,closed,2021-04-12T06:00:00+00:00,2185.91,1951.9087715478288,-10.704980006137998,141
d85ad7e2888f47b79e6eead8595df555,f3264b4c3ebe6cc4e6b48806a6a8e133,1,4,20,0,2a98da6db2570a3ae21fe1b0ade8e8a2,0035faaf864097ddb3de18a60a623c99,fast,1h,spot,aster,ETH,1,2021-04-12T07:00:00+00:00,2021-04-18T03:00:00+00:00,2190.2818199999997,1948.0049540047332,3.173121592804575,6952.810549584249,6178.784079809725,5.252514847924802,26.259604182221032,-774.0264697745242,-11.132569545143266,stop,closed,2021-04-12T06:00:00+00:00,2185.91,1951.9087715478288,-10.704980006137998,141
d85ad7e2888f47b79e6eead8595df555,3373070c20f099c3f75399421b5c21d6,1,4,20,0,64632dd93a1c7c8ea77b235b8690f8be,788f2cbfaff58e47584cd56b1a646a3e,fast,1h,futures,aster,ADA,1,2021-04-13T14:00:00+00:00,2021-04-18T03:00:00+00:00,1.39666776,1.2681096176993651,6183.025735488827,8639.086957089135,7837.61809989541,6.590554842265442,32.949726497023796,-801.4688571937259,-9.277240305308535,stop,closed,2021-04-13T13:00:00+00:00,1.39388,1.2706509195384421,-8.840723768298409,110
d85ad7e2888f47b79e6eead8595df555,f3264b4c3ebe6cc4e6b48806a6a8e133,1,4,20,0,5d972fc511c2f2cd6c7a5e9028f3b54a,788f2cbfaff58e47584cd56b1a646a3e,fast,1h,spot,aster,ADA,1,2021-04-13T14:00:00+00:00,2021-04-18T03:00:00+00:00,1.39666776,1.2681096176993651,6186.128796097864,8643.422635376986,7841.551546889633,6.593862428550479,32.96626289889976,-801.8710884873535,-9.277240305308517,stop,closed,2021-04-13T13:00:00+00:00,1.39388,1.2706509195384421,-8.840723768298409,110
d85ad7e2888f47b79e6eead8595df555,3373070c20f099c3f75399421b5c21d6,1,4,20,0,3492b9ac8c971d738fd6a44f9d1baab3,cf79bc013a1e3ea1e4772dcd3499ea2f,fast,1h,futures,aster,ETH,1,2021-04-27T15:00:00+00:00,2021-05-19T02:00:00+00:00,2640.50046,3101.7041600000002,2.589350366684548,6839.915706665452,8028.186244521371,5.947431855349883,29.742055116848725,1188.2705378559194,17.372590377070843,trend_break,closed,2021-04-27T14:00:00+00:00,2635.23,3107.92,17.93733374316473,516
d85ad7e2888f47b79e6eead8595df555,f3264b4c3ebe6cc4e6b48806a6a8e133,1,4,20,0,288c357039c6b8389ace7fb3b17c294c,cf79bc013a1e3ea1e4772dcd3499ea2f,fast,1h,spot,aster,ETH,1,2021-04-27T15:00:00+00:00,2021-05-19T02:00:00+00:00,2640.50046,3101.7041600000002,2.5906498534265765,6843.348374523677,8032.215255705612,5.950416622859365,29.756981411413683,1188.8668811819352,17.372590377070857,trend_break,closed,2021-04-27T14:00:00+00:00,2635.23,3107.92,17.93733374316473,516
d85ad7e2888f47b79e6eead8595df555,3373070c20f099c3f75399421b5c21d6,1,4,20,0,29f7bf0b1563f1377223d2b3a1cf65ba,b55a1f75d24bde6c5b755bd21622ee8c,fast,1h,futures,aster,SOL,1,2021-04-28T14:00:00+00:00,2021-05-13T17:00:00+00:00,46.605525,38.05930571792777,91.17524845553802,4250.970029404299,3468.6786282153926,3.087734790461253,15.435618880116191,-782.2914011889061,-18.40265623558233,stop,closed,2021-04-28T13:00:00+00:00,46.5125,38.13557687167111,-18.010047037525155,364
d85ad7e2888f47b79e6eead8595df555,f3264b4c3ebe6cc4e6b48806a6a8e133,1,4,20,0,c2711a6608c54abb3d29918d68274a9b,b55a1f75d24bde6c5b755bd21622ee8c,fast,1h,spot,aster,SOL,1,2021-04-28T14:00:00+00:00,2021-05-13T17:00:00+00:00,46.605525,38.05930571792777,91.22100535807577,4253.1034068792305,3470.419407567405,3.089284390624267,15.443365347723041,-782.6839993118256,-18.402656235582338,stop,closed,2021-04-28T13:00:00+00:00,46.5125,38.13557687167111,-18.010047037525155,364
d85ad7e2888f47b79e6eead8595df555,3373070c20f099c3f75399421b5c21d6,1,4,20,0,40d6dd3ff9d93145ec3db6e838c9a03d,db944c598e18ad83e37dd09747040ac4,fast,1h,futures,aster,ADA,1,2021-04-29T07:00:00+00:00,2021-05-19T11:00:00+00:00,1.37586624,1.5862611199999999,4638.977979052882,6385.16623475808,7355.686952545877,5.496497437676019,27.48650120324581,970.5207177877974,15.199615516737888,trend_break,closed,2021-04-29T06:00:00+00:00,1.37312,1.58944,15.75390351899324,485
d85ad7e2888f47b79e6eead8595df555,f3264b4c3ebe6cc4e6b48806a6a8e133,1,4,20,0,4ae891bb50d633e947b76880e8f64d93,db944c598e18ad83e37dd09747040ac4,fast,1h,spot,aster,ADA,1,2021-04-29T07:00:00+00:00,2021-05-19T11:00:00+00:00,1.37586624,1.5862611199999999,4641.30609021543,6388.370685577418,7359.378467569178,5.499255902384702,27.50029554125725,971.0077819917597,15.199615516737886,trend_break,closed,2021-04-29T06:00:00+00:00,1.37312,1.58944,15.75390351899324,485
d85ad7e2888f47b79e6eead8595df555,3373070c20f099c3f75399421b5c21d6,1,4,20,0,8817d61a789dd1f33d1eb6896c74636e,93c4436087d2aaf10a4deef2a49515a8,fast,1h,futures,aster,BTC,1,2021-05-05T15:00:00+00:00,2021-05-06T18:00:00+00:00,57111.76554,55627.831379999996,0.18293627004544272,10451.99248894289,10172.277444180681,8.249664538788593,41.24740182202935,-279.715044762208,-2.676188727250973,trend_break,closed,2021-05-05T14:00:00+00:00,56997.77,55739.31,-2.2079109410771625,28
d85ad7e2888f47b79e6eead8595df555,f3264b4c3ebe6cc4e6b48806a6a8e133,1,4,20,0,ca5e40f10485b8905767974cf9fec1c9,93c4436087d2aaf10a4deef2a49515a8,fast,1h,spot,aster,BTC,1,2021-05-05T15:00:00+00:00,2021-05-06T18:00:00+00:00,57111.76554,55627.831379999996,0.18302807804768179,10457.237903368301,10177.382481416544,8.253804697655179,41.268102154215484,-279.8554219517573,-2.676188727250962,trend_break,closed,2021-05-05T14:00:00+00:00,56997.77,55739.31,-2.2079109410771625,28
d85ad7e2888f47b79e6eead8595df555,3373070c20f099c3f75399421b5c21d6,1,4,20,0,90e54b39b3701b479feb877799c3b808,989edb5e03c61653326bc3a5e67d0d74,fast,1h,futures,aster,ADA,1,2021-05-06T11:00:00+00:00,2021-05-19T11:00:00+00:00,1.6243923,1.4530873320069642,4808.869137980909,7814.614595443603,6984.911742949036,5.919678730049254,29.595216898418805,-829.7028524945672,-10.617322740117402,stop,closed,2021-05-06T10:00:00+00:00,1.62115,1.4559993306683008,-10.187254068513052,313
d85ad7e2888f47b79e6eead8595df555,f3264b4c3ebe6cc4e6b48806a6a8e133,1,4,20,0,c16eb904ad1df591844ebf3b50712d37,989edb5e03c61653326bc3a5e67d0d74,fast,1h,spot,aster,ADA,1,2021-05-06T11:00:00+00:00,2021-05-19T11:00:00+00:00,1.6243923,1.4530873320069642,4811.282505560078,7818.53641925856,6988.41717407226,5.922649565877029,29.610069483280597,-830.1192451862998,-10.6173227401174,stop,closed,2021-05-06T10:00:00+00:00,1.62115,1.4559993306683008,-10.187254068513052,313
d85ad7e2888f47b79e6eead8595df555,3373070c20f099c3f75399421b5c21d6,1,4,20,0,9980d002827fd763b8bb9251e9b6c141,149f0a86056d6fc116508f722316396d,fast,1h,futures,aster,BTC,1,2021-05-07T13:00:00+00:00,2021-05-10T19:00:00+00:00,57595.40088,55611.88334,0.1882629758678269,10847.418798595643,10465.470787742343,8.525096086868832,42.62415723931406,-381.94801085330073,-3.521095828832104,trend_break,closed,2021-05-07T12:00:00+00:00,57480.44,55723.33,-3.0568833502318316,79
d85ad7e2888f47b79e6eead8595df555,f3264b4c3ebe6cc4e6b48806a6a8e133,1,4,20,0,bbd977a39b10ce80c8ad99517c25d1e1,149f0a86056d6fc116508f722316396d,fast,1h,spot,aster,BTC,1,2021-05-07T13:00:00+00:00,2021-05-10T19:00:00+00:00,57595.40088,55611.88334,0.18835745741536825,10852.862677883093,10470.722982823276,8.529374486631257,42.645548574068286,-382.1396950598173,-3.5210958288321,trend_break,closed,2021-05-07T12:00:00+00:00,57480.44,55723.33,-3.0568833502318316,79
d85ad7e2888f47b79e6eead8595df555,3373070c20f099c3f75399421b5c21d6,1,4,20,0,2e08931a3be4a20c2837eaa04344232d,43ab476be0d8887bfcf315ef2208a65b,fast,1h,futures,aster,SOL,1,2021-05-08T23:00:00+00:00,2021-05-10T20:00:00+00:00,46.6181502,41.30692787917377,156.8722230754164,7316.018094680683,6477.317640979955,5.5172009849438215,27.582782522838333,-838.7004537007278,-11.463892555303119,stop,closed,2021-05-08T22:00:00+00:00,46.5251,41.38970729376129,-11.03789719149172,46
d85ad7e2888f47b79e6eead8595df555,f3264b4c3ebe6cc4e6b48806a6a8e133,1,4,20,0,e2fc9be58d3dde2920cd4fa043b2a0a5,43ab476be0d8887bfcf315ef2208a65b,fast,1h,spot,aster,SOL,1,2021-05-08T23:00:00+00:00,2021-05-10T20:00:00+00:00,46.6181502,41.30692787917377,156.9509504005554,7319.689684997765,6480.568324128017,5.519969827427746,27.596625118075032,-839.1213608697481,-11.463892555303106,stop,closed,2021-05-08T22:00:00+00:00,46.5251,41.38970729376129,-11.03789719149172,46
d85ad7e2888f47b79e6eead8595df555,3373070c20f099c3f75399421b5c21d6,1,4,20,0,d8a2997e42efbf7d3c65d995bfbf8fb0,13c9756cd46f62316bc074516df645f9,fast,1h,futures,aster,ADA,1,2021-05-09T06:00:00+00:00,2021-05-19T11:00:00+00:00,1.6814061,1.4550718049634523,3692.1774452112036,6210.5328985319975,5370.234346129035,4.632173191243739,23.157615921165537,-840.2985524029627,-13.530216587397623,stop,closed,2021-05-09T05:00:00+00:00,1.67805,1.4579877805245014,-13.114163432287395,246
d85ad7e2888f47b79e6eead8595df555,f3264b4c3ebe6cc4e6b48806a6a8e133,1,4,20,0,903a8f450440628c377ae0c87f7c9e95,13c9756cd46f62316bc074516df645f9,fast,1h,spot,aster,ADA,1,2021-05-09T06:00:00+00:00,2021-05-19T11:00:00+00:00,1.6814061,1.4550718049634523,3694.0303897305357,6213.649696970651,5372.929434988346,4.6344978790613425,23.169237729201217,-840.7202619823056,-13.530216587397629,stop,closed,2021-05-09T05:00:00+00:00,1.67805,1.4579877805245014,-13.114163432287395,246
d85ad7e2888f47b79e6eead8595df555,3373070c20f099c3f75399421b5c21d6,1,4,20,0,3df90194d3e384b9006c9c96041b5ae2,6972100625de894ad2645debd86ae0d7,fast,1h,futures,aster,BNB,1,2021-05-09T09:00:00+00:00,2021-05-10T20:00:00+00:00,663.9560616,608.9830050228276,11.771624868937764,7818.968023287179,7165.851998892493,5.993824469319881,29.9666537244146,-653.1160243946861,-8.35296963038492,stop,closed,2021-05-09T08:00:00+00:00,662.6308,610.2034118465206,-7.912005924487586,36
d85ad7e2888f47b79e6eead8595df555,f3264b4c3ebe6cc4e6b48806a6a8e133,1,4,20,0,d5167b14dd4c4190605f48953a4ef24b,6972100625de894ad2645debd86ae0d7,fast,1h,spot,aster,BNB,0,2021-05-09T09:00:00+00:00,2021-05-10T20:00:00+00:00,663.9560616,608.9830050228276,11.772829312779468,7819.768040955851,7166.585191328264,5.994437742767744,29.96971983907054,-653.1828496275866,-8.352969630384901,stop,closed,2021-05-09T08:00:00+00:00,662.6308,610.2034118465206,-7.912005924487586,36
d85ad7e2888f47b79e6eead8595df555,3373070c20f099c3f75399421b5c21d6,1,4,20,0,b245abd1908552e48ff1664824cc6dab,2e7e9bcc0fd89c7ad2432e5b5f02b35c,fast,1h,futures,aster,ETH,1,2021-06-05T01:00:00+00:00,2021-06-05T01:00:00+00:00,2775.68028,2755.09876,2.151792323975926,5975.076595323476,5926.029003418166,4.760435153551576,23.802093827506184,-49.04759190530967,-0.8208696762765826,trend_break,closed,2021-06-05T00:00:00+00:00,2770.14,2760.62,-0.34366494112211265,1
d85ad7e2888f47b79e6eead8595df555,f3264b4c3ebe6cc4e6b48806a6a8e133,1,4,20,0,41e9ed0a68730119d72f86dd306ad2f8,2e7e9bcc0fd89c7ad2432e5b5f02b35c,fast,1h,spot,aster,ETH,1,2021-06-05T01:00:00+00:00,2021-06-05T01:00:00+00:00,2775.68028,2755.09876,2.152880280940129,5978.097623942778,5929.025233329622,4.762842053381191,23.814128285224854,-49.07239061315613,-0.8208696762765654,trend_break,closed,2021-06-05T00:00:00+00:00,2770.14,2760.62,-0.34366494112211265,1
d85ad7e2888f47b79e6eead8595df555,3373070c20f099c3f75399421b5c21d6,1,4,20,0,91ec70725fac8112874e5c212928f556,9ef8660102fb63c636438dd95527f52a,fast,1h,futures,aster,ETH,1,2021-06-30T19:00:00+00:00,2021-06-30T19:00:00+00:00,2220.8127600000003,2238.94314,3.0883443484354953,6861.377990093946,6911.861541930267,5.509304771666743,27.546858017192214,50.48355183632066,0.7357640390779496,trend_break,closed,2021-06-30T18:00:00+00:00,2216.38,2243.43,1.2204585856215866,1
d85ad7e2888f47b79e6eead8595df555,f3264b4c3ebe6cc4e6b48806a6a8e133,1,4,20,0,3238ec1799471f4dd53e7ed6b44a5019,9ef8660102fb63c636438dd95527f52a,fast,1h,spot,aster,ETH,1,2021-06-30T19:00:00+00:00,2021-06-30T19:00:00+00:00,2220.8127600000003,2238.94314,3.089905830788741,6864.847137132522,6915.356213705216,5.512090303721796,27.56078584641987,50.50907657269363,0.7357640390779553,trend_break,closed,2021-06-30T18:00:00+00:00,2216.38,2243.43,1.2204585856215866,1
d85ad7e2888f47b79e6eead8595df555,3373070c20f099c3f75399421b5c21d6,1,4,20,0,714b5a4401bddea428083a06ba64722f,10cb4ec68d49d1977ab7cab37ad16d4b,fast,1h,futures,aster,ETH,1,2021-07-04T06:00:00+00:00,2021-07-05T01:00:00+00:00,2285.4117,2261.99694,3.763146037740574,8603.778118654334,8508.819932213446,6.845025122241301,34.224910058201466,-94.95818644088831,-1.1036800941554286,trend_break,closed,2021-07-04T05:00:00+00:00,2280.85,2266.53,-0.6278361137295185,20
d85ad7e2888f47b79e6eead8595df555,f3264b4c3ebe6cc4e6b48806a6a8e133,1,4,20,0,5f488af136f904b880350443687e5517,10cb4ec68d49d1977ab7cab37ad16d4b,fast,1h,spot,aster,ETH,1,2021-07-04T06:00:00+00:00,2021-07-05T01:00:00+00:00,2285.4117,2261.99694,3.7650487032038966,8608.128231914961,8513.122034139942,6.848486001188078,34.24221434395068,-95.00619777501925,-1.1036800941554306,trend_break,closed,2021-07-04T05:00:00+00:00,2280.85,2266.53,-0.6278361137295185,20
d85ad7e2888f47b79e6eead8595df555,3373070c20f099c3f75399421b5c21d6,1,4,20,0,f1816affd4b62cb144a50fb859c54291,b048e5d37503e796dec81de7744724cd,fast,1h,futures,aster,BNB,1,2021-07-06T05:00:00+00:00,2021-07-06T05:00:00+00:00,315.7741878,317.82806999999997,28.790002237334374,9094.776029083747,9146.610738049108,7.296564167856843,36.483203297189945,51.83470896536164,0.5699393673863097,trend_break,closed,2021-07-06T04:00:00+00:00,315.1439,318.465,1.0538360412497338,1
d85ad7e2888f47b79e6eead8595df555,3373070c20f099c3f75399421b5c21d6,1,4,20,0,557f7e276392166028ef0a2d8d2ef548,fac356f066be4c38a5eb0264379bbb96,fast,1h,futures,aster,ETH,1,2021-07-06T05:00:00+00:00,2021-07-06T09:00:00+00:00,2324.31936,2275.03082,3.468741743733957,8065.688575236916,7888.337775865848,6.381583185366516,31.907359679406554,-177.3507993710682,-2.1988302389403724,trend_break,closed,2021-07-06T04:00:00+00:00,2319.68,2279.59,-1.7282556214650135,5
d85ad7e2888f47b79e6eead8595df555,f3264b4c3ebe6cc4e6b48806a6a8e133,1,4,20,0,e7f4c929e252b06e5066f52dee39c9d1,b048e5d37503e796dec81de7744724cd,fast,1h,spot,aster,BNB,0,2021-07-06T05:00:00+00:00,2021-07-06T05:00:00+00:00,315.7741878,317.82806999999997,28.80455860649906,9099.374393344304,9151.235310197842,7.300253347204091,36.5016493872988,51.86091685353858,0.5699393673863119,trend_break,closed,2021-07-06T04:00:00+00:00,315.1439,318.465,1.0538360412497338,1
d85ad7e2888f47b79e6eead8595df555,f3264b4c3ebe6cc4e6b48806a6a8e133,1,4,20,0,0b6421caf0e7f1d2c1b73869bb8259eb,fac356f066be4c38a5eb0264379bbb96,fast,1h,spot,aster,ETH,1,2021-07-06T05:00:00+00:00,2021-07-06T09:00:00+00:00,2324.31936,2275.03082,3.474168927145537,8078.3081285137105,7900.679846589174,6.391567792166893,31.957281843105307,-177.62828192453617,-2.198830238940355,trend_break,closed,2021-07-06T04:00:00+00:00,2319.68,2279.59,-1.7282556214650135,5
d85ad7e2888f47b79e6eead8595df555,3373070c20f099c3f75399421b5c21d6,1,4,20,0,941db48307cd6118c6b7c2bdc1f551fb,08895e4506c896dd7b1afd13c21dc41f,fast,1h,futures,aster,SOL,1,2021-07-06T09:00:00+00:00,2021-07-06T09:00:00+00:00,34.8804216,33.976311200000005,218.45548966087497,7622.8675080378425,7419.342775386245,6.016852512108812,30.08359286339496,-203.52473265159733,-2.669923522047223,trend_break,closed,2021-07-06T08:00:00+00:00,34.8108,34.0444,-2.2016155905638435,1
d85ad7e2888f47b79e6eead8595df555,f3264b4c3ebe6cc4e6b48806a6a8e133,1,4,20,0,52cf2e5b799e4933c865e4c4c9de528e,08895e4506c896dd7b1afd13c21dc41f,fast,1h,spot,aster,SOL,1,2021-07-06T09:00:00+00:00,2021-07-06T09:00:00+00:00,34.8804216,33.976311200000005,218.56535259961504,7626.701106485559,7423.074019687266,6.0198784333157915,30.098722132634027,-203.62708679829302,-2.6699235220472133,trend_break,closed,2021-07-06T08:00:00+00:00,34.8108,34.0444,-2.2016155905638435,1
d85ad7e2888f47b79e6eead8595df555,3373070c20f099c3f75399421b5c21d6,1,4,20,0,1367eff6785cee6af2df87f867e089d9,9562ddecab08ff2b48e66b1a10bb1069,fast,1h,futures,aster,SOL,1,2021-07-07T11:00:00+00:00,2021-07-08T07:00:00+00:00,36.4964472,34.1432766,219.36697379626727,8009.317622649884,7486.9113003256125,6.198408975924064,30.990104008382957,-522.4063223242711,-6.522482275480453,trend_break,closed,2021-07-07T10:00:00+00:00,36.4236,34.2117,-6.0727110993970985,21
d85ad7e2888f47b79e6eead8595df555,f3264b4c3ebe6cc4e6b48806a6a8e133,1,4,20,0,1a633b8e7d3afad8ac71cb2818d14636,9562ddecab08ff2b48e66b1a10bb1069,fast,1h,spot,aster,SOL,1,2021-07-07T11:00:00+00:00,2021-07-08T07:00:00+00:00,36.4964472,34.1432766,219.4772951273594,8013.345569819775,7490.676525355284,6.201526203267102,31.005689169019142,-522.669044464491,-6.522482275480429,trend_break,closed,2021-07-07T10:00:00+00:00,36.4236,34.2117,-6.0727110993970985,21
d85ad7e2888f47b79e6eead8595df555,3373070c20f099c3f75399421b5c21d6,1,4,20,0,e89f9fd20d22bdd3db89ab90dcbcfc05,065436463c05b58b82b64c4e1558b799,fast,1h,futures,aster,BTC,1,2021-07-22T16:00:00+00:00,2021-07-22T16:00:00+00:00,32565.81162,32256.96678,0.36172060975561493,11784.43712646744,11663.342488651202,9.379093971560442,46.89521057646914,-121.09463781623708,-1.0275810080420618,trend_break,closed,2021-07-22T15:00:00+00:00,32500.81,32321.61,-0.5513708735259248,1
d85ad7e2888f47b79e6eead8595df555,3373070c20f099c3f75399421b5c21d6,1,4,20,0,17d8a911610831b1772e095d504869f0,ca7f4cb4e4f14a6690bea9cf7c6f647b,fast,1h,futures,aster,ETH,1,2021-07-22T16:00:00+00:00,2021-07-22T16:00:00+00:00,2039.18022,2015.4809599999999,4.025376167354497,8211.750845512111,8109.823794531906,6.528614592267785,32.64282193888113,-101.92705098020542,-1.24123409121589,trend_break,closed,2021-07-22T15:00:00+00:00,2035.11,2019.52,-0.7660519578794212,1
d85ad7e2888f47b79e6eead8595df555,f3264b4c3ebe6cc4e6b48806a6a8e133,1,4,20,0,2b49846b4ce94c31e0f7ff013c49259a,065436463c05b58b82b64c4e1558b799,fast,1h,spot,aster,BTC,1,2021-07-22T16:00:00+00:00,2021-07-22T16:00:00+00:00,32565.81162,32256.96678,0.3619025218204125,11790.363610146656,11669.208072909687,9.383810789746306,46.91879453700389,-121.1555372369694,-1.0275810080420615,trend_break,closed,2021-07-22T15:00:00+00:00,32500.81,32321.61,-0.5513708735259248,1
d85ad7e2888f47b79e6eead8595df555,f3264b4c3ebe6cc4e6b48806a6a8e133,1,4,20,0,99ef5b91202f1609fd42c718a71973ca,ca7f4cb4e4f14a6690bea9cf7c6f647b,fast,1h,spot,aster,ETH,1,2021-07-22T16:00:00+00:00,2021-07-22T16:00:00+00:00,2039.18022,2015.4809599999999,4.0219620692713995,8204.786099447407,8102.945497269722,6.523077387882886,32.61513612985979,-101.84060217768456,-1.2412340912159006,trend_break,closed,2021-07-22T15:00:00+00:00,2035.11,2019.52,-0.7660519578794212,1
d85ad7e2888f47b79e6eead8595df555,3373070c20f099c3f75399421b5c21d6,1,4,20,0,d157d768f0e44ad883ea13bfcafbdae5,52f3071940d50a4c5c6387b577a7abe9,fast,1h,futures,aster,ADA,1,2021-07-26T01:00:00+00:00,2021-07-26T20:00:00+00:00,1.2674398199999999,1.2769509799999998,7936.646942122059,10063.246060675423,10130.655207020502,8.0775725849534,40.38832642494842,67.40914634507863,0.6698548951167579,trend_break,closed,2021-07-26T00:00:00+00:00,1.26491,1.27951,1.1542323169237312,20
d85ad7e2888f47b79e6eead8595df555,f3264b4c3ebe6cc4e6b48806a6a8e133,1,4,20,0,cb80648d729f155d46bcf7f7ad894969,52f3071940d50a4c5c6387b577a7abe9,fast,1h,spot,aster,ADA,1,2021-07-26T01:00:00+00:00,2021-07-26T20:00:00+00:00,1.2674398199999999,1.2769509799999998,7940.654256254905,10068.327121790442,10135.770303872123,8.081651054238328,40.40871900540021,67.44318208168079,0.6698548951167513,trend_break,closed,2021-07-26T00:00:00+00:00,1.26491,1.27951,1.1542323169237312,20
d85ad7e2888f47b79e6eead8595df555,3373070c20f099c3f75399421b5c21d6,1,4,20,0,337f362a1a19399b9a7e7db996f7328d,8ed96157996cbf17a89d87dfd76596fe,fast,1h,futures,aster,ADA,1,2021-08-01T01:00:00+00:00,2021-08-03T01:00:00+00:00,1.35056574,1.2887673,7511.752244677668,10149.173275121368,9677.028298378722,7.930406355068774,39.650333518396394,-472.14497674264567,-4.652053560855178,trend_break,closed,2021-08-01T00:00:00+00:00,1.34787,1.29135,-4.193282734981851,49
d85ad7e2888f47b79e6eead8595df555,f3264b4c3ebe6cc4e6b48806a6a8e133,1,4,20,0,07ab8e257f963658f701b46d72ab5a4e,8ed96157996cbf17a89d87dfd76596fe,fast,1h,spot,aster,ADA,1,2021-08-01T01:00:00+00:00,2021-08-03T01:00:00+00:00,1.35056574,1.2887673,7515.545024065747,10154.297721981446,9681.91435322617,7.934410518249729,39.670353476829604,-472.383368755276,-4.652053560855197,trend_break,closed,2021-08-01T00:00:00+00:00,1.34787,1.29135,-4.193282734981851,49
d85ad7e2888f47b79e6eead8595df555,3373070c20f099c3f75399421b5c21d6,1,4,20,0,5d5e8b49d6a6f7c05cf5b98ad9c549b6,8646ced2588610f91dffbffc7454f57e,fast,1h,futures,aster,BNB,1,2021-08-06T16:00:00+00:00,2021-09-07T14:00:00+00:00,344.2398054,399.2,33.31742919932111,11473.773018140178,13294.997609274438,9.907801232148625,49.546528876428106,1821.2245911342598,15.87293550478017,trend_break,closed,2021-08-06T15:00:00+00:00,343.5527,400,16.43046321568713,767
d85ad7e2888f47b79e6eead8595df555,3373070c20f099c3f75399421b5c21d6,1,4,20,0,83cc4cdf57b402f2e0d55e6c6c01af6c,307fdcd281f213c8ea507c3a5a4d02f9,fast,1h,futures,aster,BTC,1,2021-08-06T16:00:00+00:00,2021-09-07T15:00:00+00:00,42286.273740000004,46584.82364,0.2202040612707254,9315.33385723905,10254.064092164854,7.827910629064849,39.14349595189027,938.7302349258043,10.077258092003934,trend_break,closed,2021-08-06T15:00:00+00:00,42201.87,46678.18,10.606899646863987,768
d85ad7e2888f47b79e6eead8595df555,f3264b4c3ebe6cc4e6b48806a6a8e133,1,4,20,0,d5b28962b564307db5c52d21ebb60968,8646ced2588610f91dffbffc7454f57e,fast,1h,spot,aster,BNB,0,2021-08-06T16:00:00+00:00,2021-09-07T14:00:00+00:00,344.2398054,399.2,33.334251593699264,11479.566272282384,13301.710422910264,9.91280380718977,49.57154554994879,1822.1441506278807,15.872935504780179,trend_break,closed,2021-08-06T15:00:00+00:00,343.5527,400,16.43046321568713,767
d85ad7e2888f47b79e6eead8595df555,f3264b4c3ebe6cc4e6b48806a6a8e133,1,4,20,0,26277f196caabd4ee8f85feb11ebb91f,307fdcd281f213c8ea507c3a5a4d02f9,fast,1h,spot,aster,BTC,1,2021-08-06T16:00:00+00:00,2021-09-07T15:00:00+00:00,42286.273740000004,46584.82364,0.22022054923853368,9316.031350845094,10254.831874001755,7.828496750581925,39.14642685469667,938.8005231566603,10.07725809200393,trend_break,closed,2021-08-06T15:00:00+00:00,42201.87,46678.18,10.606899646863987,768
d85ad7e2888f47b79e6eead8595df555,3373070c20f099c3f75399421b5c21d6,1,4,20,0,da0233ddef53b88b27e1dcfa650d2b73,faa6825b246d82d6a718e7f328e10898,fast,1h,futures,aster,ADA,1,2021-08-06T17:00:00+00:00,2021-09-07T14:00:00+00:00,1.41098634,2.3218969,7651.840085789638,10800.960493648372,17759.6770609809,11.425370244561721,57.15496041040055,6958.716567332527,64.42683103437588,trend_break,closed,2021-08-06T16:00:00+00:00,1.40817,2.32655,65.21797794300406,766
d85ad7e2888f47b79e6eead8595df555,f3264b4c3ebe6cc4e6b48806a6a8e133,1,4,20,0,c1b1be1eafa9e239d33a56ce044a75d2,faa6825b246d82d6a718e7f328e10898,fast,1h,spot,aster,ADA,1,2021-08-06T17:00:00+00:00,2021-09-07T14:00:00+00:00,1.41098634,2.3218969,7655.697413364012,10806.405307219327,17768.62979539135,11.43112982594315,57.18377248727769,6962.224488172022,64.42683103437587,trend_break,closed,2021-08-06T16:00:00+00:00,1.40817,2.32655,65.21797794300406,766
d85ad7e2888f47b79e6eead8595df555,3373070c20f099c3f75399421b5c21d6,1,4,20,0,24b6bc8cd746fcdb8e439453d71fdcac,497fbbb2015d98b8e4cdbf803a11fd0b,fast,1h,futures,aster,BNB,1,2021-08-09T11:00:00+00:00,2021-09-07T14:00:00+00:00,355.6369542,399.2,28.369827637573675,10093.394835842566,11320.705098842242,8.565837714050037,42.83430341186669,1227.3102629996756,12.159538816824888,trend_break,closed,2021-08-09T10:00:00+00:00,354.9271,400,12.699199356712976,700
d85ad7e2888f47b79e6eead8595df555,f3264b4c3ebe6cc4e6b48806a6a8e133,1,4,20,0,4d87d7790e87b6f0d0161c3b04eb824b,497fbbb2015d98b8e4cdbf803a11fd0b,fast,1h,spot,aster,BNB,0,2021-08-09T11:00:00+00:00,2021-09-07T14:00:00+00:00,355.6369542,399.2,28.384011864319596,10098.441288814247,11326.365177221887,8.570120425455867,42.85571952619277,1227.9238884076403,12.159538816824893,trend_break,closed,2021-08-09T10:00:00+00:00,354.9271,400,12.699199356712976,700
d85ad7e2888f47b79e6eead8595df555,3373070c20f099c3f75399421b5c21d6,1,4,20,0,27d559b190db3895e482e52fcc01130a,b93a7bc1bc799a094d54f51cbab0584b,fast,1h,futures,aster,ADA,1,2021-08-18T17:00:00+00:00,2021-09-07T14:00:00+00:00,2.1341698200000003,2.3218969,2972.9355621351106,6347.2872532548945,6900.088725675022,5.299039687653904,26.497536830465272,552.8014724201275,8.709255629428942,trend_break,closed,2021-08-18T16:00:00+00:00,2.12991,2.32655,9.232314980445189,478
d85ad7e2888f47b79e6eead8595df555,f3264b4c3ebe6cc4e6b48806a6a8e133,1,4,20,0,146283c77646ce80ddd66d842ec5ae76,b93a7bc1bc799a094d54f51cbab0584b,fast,1h,spot,aster,ADA,1,2021-08-18T17:00:00+00:00,2021-09-07T14:00:00+00:00,2.1341698200000003,2.3218969,2974.423539431092,6350.4641197313185,6903.542273573885,5.301691898097401,26.510799053066172,553.0781538425663,8.709255629428963,trend_break,closed,2021-08-18T16:00:00+00:00,2.12991,2.32655,9.232314980445189,478
d85ad7e2888f47b79e6eead8595df555,3373070c20f099c3f75399421b5c21d6,1,4,20,0,8284e3fa128536667e6df5d1d828e032,c77372a934bfad8e805ab3c0bc014654,fast,1h,futures,aster,BTC,1,2021-08-19T19:00:00+00:00,2021-09-07T15:00:00+00:00,46672.22814,43457.14030264348,0.271165116411797,12660.942528851761,11779.34688488648,9.775976274348466,48.87658959942996,-881.5956439652819,-6.963112279803034,stop,closed,2021-08-19T18:00:00+00:00,46579.07,43544.22876016381,-6.515461214309759,453
d85ad7e2888f47b79e6eead8595df555,3373070c20f099c3f75399421b5c21d6,1,4,20,0,e309ed3fe15f53df828f2e7c7b411746,3a63199a4d84d9fe054ff693367a7cec,fast,1h,futures,aster,ETH,1,2021-08-19T19:00:00+00:00,2021-09-08T07:00:00+00:00,3141.45036,3250.985,2.4121217156563843,7580.591656265371,7838.634807166862,6.167732859114295,30.83984449848451,258.04315090149066,3.403997505764838,trend_break,closed,2021-08-19T18:00:00+00:00,3135.18,3257.5,3.9015303746515295,469
d85ad7e2888f47b79e6eead8595df555,f3264b4c3ebe6cc4e6b48806a6a8e133,1,4,20,0,099f65759d531d44995269acf23e383e,c77372a934bfad8e805ab3c0bc014654,fast,1h,spot,aster,BTC,1,2021-08-19T19:00:00+00:00,2021-09-07T15:00:00+00:00,46672.22814,43457.14030264348,0.2713005929058461,12667.268047885564,11785.231950927677,9.780860438687455,48.9010087765263,-882.0360969578869,-6.963112279803044,stop,closed,2021-08-19T18:00:00+00:00,46579.07,43544.22876016381,-6.515461214309759,453
d85ad7e2888f47b79e6eead8595df555,f3264b4c3ebe6cc4e6b48806a6a8e133,1,4,20,0,e7dcbef6c2d9718f679f4be559c09d6d,3a63199a4d84d9fe054ff693367a7cec,fast,1h,spot,aster,ETH,1,2021-08-19T19:00:00+00:00,2021-09-08T07:00:00+00:00,3141.45036,3250.985,2.415590806894748,7591.493993376169,7849.908259560982,6.1766032357139675,30.88419807883983,258.41426618481273,3.403997505764844,trend_break,closed,2021-08-19T18:00:00+00:00,3135.18,3257.5,3.9015303746515295,469
d85ad7e2888f47b79e6eead8595df555,3373070c20f099c3f75399421b5c21d6,1,4,20,0,39251335a7ed3a41f5c4dda2e4ffebd2,30def67d246c65c5eebabf0ff73de4be,fast,1h,futures,aster,BNB,1,2021-08-20T14:00:00+00:00,2021-09-07T14:00:00+00:00,435.7363332,399.2,0.006686888140258966,2.914885606802511,2.6683379832931426,0.0022332503457385554,0.011165319132476655,-0.2465476235093682,-8.458226385762666,trend_break,closed,2021-08-20T13:00:00+00:00,434.8666,400,-8.017769127359974,433
d85ad7e2888f47b79e6eead8595df555,3373070c20f099c3f75399421b5c21d6,1,4,20,0,8501fba4ef539eb3d91518c9b98f9fde,65775f8f3c35cbbb01f632f65a4a6631,fast,1h,futures,aster,BNB,1,2021-10-01T11:00:00+00:00,2021-10-10T21:00:00+00:00,410.8644888,406.5979744,25.855653685133152,10627.419201905643,10508.65127259697,8.454410539638042,42.271780531237255,-118.76792930867305,-1.1175613481716833,trend_break,closed,2021-10-01T10:00:00+00:00,410.0444,407.4128,-0.6417841580082517,227
d85ad7e2888f47b79e6eead8595df555,f3264b4c3ebe6cc4e6b48806a6a8e133,1,4,20,0,a9cbf97f2f428cb1abd2cb7b839ff401,65775f8f3c35cbbb01f632f65a4a6631,fast,1h,spot,aster,BNB,0,2021-10-01T11:00:00+00:00,2021-10-10T21:00:00+00:00,410.8644888,406.5979744,25.868732827269028,10632.79510645526,10513.967098115227,8.458687222736817,42.293163809054846,-118.8280083400332,-1.117561348171674,trend_break,closed,2021-10-01T10:00:00+00:00,410.0444,407.4128,-0.6417841580082517,227
d85ad7e2888f47b79e6eead8595df555,3373070c20f099c3f75399421b5c21d6,1,4,20,0,5b4c445bbdc643da6c67c39e8ebcf393,e917ff03475d52622b3039baa6586ad4,fast,1h,futures,aster,ADA,1,2021-10-07T09:00:00+00:00,2021-10-07T14:00:00+00:00,2.34812688,2.26637816,4804.9410158302035,11287.12420054784,10885.45745301444,8.868969813780478,44.34345525161251,-401.66674753339976,-3.5586278700991363,trend_break,closed,2021-10-07T08:00:00+00:00,2.34344,2.27092,-3.094595978561443,6
d85ad7e2888f47b79e6eead8595df555,f3264b4c3ebe6cc4e6b48806a6a8e133,1,4,20,0,86ea77aa679bb064673a7e730f3d1386,e917ff03475d52622b3039baa6586ad4,fast,1h,spot,aster,ADA,1,2021-10-07T09:00:00+00:00,2021-10-07T14:00:00+00:00,2.34812688,2.26637816,4807.371606341117,11292.833818394754,10890.963886809377,8.873456202645592,44.365886490872384,-401.86993158537734,-3.5586278700991465,trend_break,closed,2021-10-07T08:00:00+00:00,2.34344,2.27092,-3.094595978561443,6
d85ad7e2888f47b79e6eead8595df555,3373070c20f099c3f75399421b5c21d6,1,4,20,0,7d50c01192f08ae9bebff039f1e65335,3b8d4e5fbfdcf19f12a8994d0a3bb0fa,fast,1h,futures,aster,BNB,1,2021-10-12T14:00:00+00:00,2021-10-27T23:00:00+00:00,431.7356478,447.455296,28.940647976376614,12499.707285593448,12944.466348218717,10.177742243413647,50.89073452722581,444.7590626252695,3.5581558228797654,trend_break,closed,2021-10-12T13:00:00+00:00,430.8739,448.352,4.0564304312700195,370
d85ad7e2888f47b79e6eead8595df555,f3264b4c3ebe6cc4e6b48806a6a8e133,1,4,20,0,0cf2f568cfa95c9a34ef80ce8c03946e,3b8d4e5fbfdcf19f12a8994d0a3bb0fa,fast,1h,spot,aster,BNB,0,2021-10-12T14:00:00+00:00,2021-10-27T23:00:00+00:00,431.7356478,447.455296,28.955287670000175,12506.030291394656,12951.01433641902,10.182890677835182,50.91647772282961,444.9840450243646,3.558155822879752,trend_break,closed,2021-10-12T13:00:00+00:00,430.8739,448.352,4.0564304312700195,370
d85ad7e2888f47b79e6eead8595df555,3373070c20f099c3f75399421b5c21d6,1,4,20,0,a3b5b97ac9cb2ff44079f389056643dc,551f860a697f325c057aebcb8b38855a,fast,1h,futures,aster,SOL,1,2021-10-15T07:00:00+00:00,2021-11-17T09:00:00+00:00,162.371094,210.613928,58.089309370705124,9435.797522110734,12229.523854322864,8.666576933438902,43.34426761590156,2793.7263322121307,29.607739310489045,trend_break,closed,2021-10-15T06:00:00+00:00,162.047,211.036,30.23135263226102,795
d85ad7e2888f47b79e6eead8595df555,f3264b4c3ebe6cc4e6b48806a6a8e133,1,4,20,0,86578e842076f9527f6afa87d00dfc52,551f860a697f325c057aebcb8b38855a,fast,1h,spot,aster,SOL,1,2021-10-15T07:00:00+00:00,2021-11-17T09:00:00+00:00,162.371094,210.613928,58.118693982020176,9440.570642081317,12235.710187211316,8.670960941398025,43.36619341378807,2795.1395451299995,29.607739310489062,trend_break,closed,2021-10-15T06:00:00+00:00,162.047,211.036,30.23135263226102,795
d85ad7e2888f47b79e6eead8595df555,3373070c20f099c3f75399421b5c21d6,1,4,20,0,4faf6c58f2ea2c50511a92aa4eb515d0,daf4d833331a72b0f25e2f138aa7dd5e,fast,1h,futures,aster,ETH,1,2021-10-16T09:00:00+00:00,2021-10-17T20:00:00+00:00,3947.5293,3682.010856952857,3.189071631267491,12593.989285708907,11737.499491379289,9.732460029661791,48.65910775540277,-856.4897943296182,-6.8007823009784865,stop,closed,2021-10-16T08:00:00+00:00,3939.65,3689.3896362253076,-6.35235017767295,36
d85ad7e2888f47b79e6eead8595df555,f3264b4c3ebe6cc4e6b48806a6a8e133,1,4,20,0,5e8339d957d3b56896d8d315c298c43a,daf4d833331a72b0f25e2f138aa7dd5e,fast,1h,spot,aster,ETH,1,2021-10-16T09:00:00+00:00,2021-10-17T20:00:00+00:00,3947.5293,3682.010856952857,3.1906848305180215,12600.359984277638,11743.436932607308,9.737383217047029,48.68372207744963,-856.9230516703301,-6.800782300978494,stop,closed,2021-10-16T08:00:00+00:00,3939.65,3689.3896362253076,-6.35235017767295,36
d85ad7e2888f47b79e6eead8595df555,3373070c20f099c3f75399421b5c21d6,1,4,20,0,8c0e7ac4f3bbe4ca40bf0557f0c1e3b0,ccf45aa46a0c651788439105a990684c,fast,1h,futures,aster,ETH,1,2021-10-19T23:00:00+00:00,2021-11-16T09:00:00+00:00,3887.3592,4231.57988,3.03059134547176,11785.709547119328,12819.059686255629,9.84207460410418,49.21474264834646,1033.3501391363006,8.7678228875823,trend_break,closed,2021-10-19T22:00:00+00:00,3879.6,4240.06,9.291164037529654,659
d85ad7e2888f47b79e6eead8595df555,f3264b4c3ebe6cc4e6b48806a6a8e133,1,4,20,0,4f56e9e6bf71d9589929af0222322fa4,ccf45aa46a0c651788439105a990684c,fast,1h,spot,aster,ETH,1,2021-10-19T23:00:00+00:00,2021-11-16T09:00:00+00:00,3887.3592,4231.57988,3.032124377103676,11791.671375515394,12825.544237206324,9.847053240275077,49.23963803958727,1033.8728616909302,8.767822887582307,trend_break,closed,2021-10-19T22:00:00+00:00,3879.6,4240.06,9.291164037529654,659
d85ad7e2888f47b79e6eead8595df555,3373070c20f099c3f75399421b5c21d6,1,4,20,0,8adf9c766bd5dd20fbfcc4500e2c87b8,2ea5a956b30c91e7346846b9250e1e2b,fast,1h,futures,aster,BNB,1,2021-10-22T09:00:00+00:00,2021-10-27T08:00:00+00:00,498.0733584,466.02648097054293,27.417877254907822,13661.576650232731,12772.345870045867,10.573428422935157,52.86383894062449,-889.2307801868646,-6.5089908943395365,stop,closed,2021-10-22T08:00:00+00:00,497.0792,466.9604017740911,-6.059154803884148,120
d85ad7e2888f47b79e6eead8595df555,f3264b4c3ebe6cc4e6b48806a6a8e133,1,4,20,0,fcfbb7c94369fc7bbf6648f625828107,2ea5a956b30c91e7346846b9250e1e2b,fast,1h,spot,aster,BNB,0,2021-10-22T09:00:00+00:00,2021-10-27T08:00:00+00:00,498.0733584,466.02648097054293,27.43174665144476,13668.487390335633,12778.806790704739,10.57877701612453,52.89058023565313,-889.680599630894,-6.5089908943395365,stop,closed,2021-10-22T08:00:00+00:00,497.0792,466.9604017740911,-6.059154803884148,120
d85ad7e2888f47b79e6eead8595df555,3373070c20f099c3f75399421b5c21d6,1,4,20,0,f669b1f1a40deb0616b969a90f718fc3,ab48fd3fc5d903e19d542f2e0dd7ea02,fast,1h,futures,aster,ADA,1,2021-10-26T03:00:00+00:00,2021-10-26T03:00:00+00:00,2.1927066600000003,2.1764783199999997,7547.4350792400655,16555.93088863299,16420.258090044852,13.190455994296322,65.95205385032664,-135.67279858813708,-0.8194815471311713,trend_break,closed,2021-10-26T02:00:00+00:00,2.18833,2.18084,-0.3422701329324318,1
d85ad7e2888f47b79e6eead8595df555,f3264b4c3ebe6cc4e6b48806a6a8e133,1,4,20,0,971f3313eb3c71b91d65dfcf6d689665,ab48fd3fc5d903e19d542f2e0dd7ea02,fast,1h,spot,aster,ADA,1,2021-10-26T03:00:00+00:00,2021-10-26T03:00:00+00:00,2.1927066600000003,2.1764783199999997,7551.25296670734,16564.305744512523,16428.56431552586,13.19712841692726,65.98541584909742,-135.7414289866647,-0.819481547131147,trend_break,closed,2021-10-26T02:00:00+00:00,2.18833,2.18084,-0.3422701329324318,1
d85ad7e2888f47b79e6eead8595df555,3373070c20f099c3f75399421b5c21d6,1,4,20,0,d6a8ecdc99d8049883304ab17cf809f8,651b980a2e2b2214bc97ea26085a5afa,fast,1h,futures,aster,BNB,1,2021-10-29T14:00:00+00:00,2021-11-17T09:00:00+00:00,508.2777264,555.4374988000001,24.762758158824216,12591.392959726767,13748.662789344567,10.536209148594736,52.685927710839586,1157.2698296178005,9.19095951749975,trend_break,closed,2021-10-29T13:00:00+00:00,507.2632,556.5506,9.716336607899034,452
d85ad7e2888f47b79e6eead8595df555,f3264b4c3ebe6cc4e6b48806a6a8e133,1,4,20,0,6b7c7eeaa60d88d8e9e97d45cf47d5af,651b980a2e2b2214bc97ea26085a5afa,fast,1h,spot,aster,BNB,0,2021-10-29T14:00:00+00:00,2021-11-17T09:00:00+00:00,508.2777264,555.4374988000001,24.775284457233834,12597.762344938006,13755.617582172084,10.541538914328221,52.71257900906173,1157.8552372340782,9.190959517499742,trend_break,closed,2021-10-29T13:00:00+00:00,507.2632,556.5506,9.716336607899034,452
d85ad7e2888f47b79e6eead8595df555,3373070c20f099c3f75399421b5c21d6,1,4,20,0,b4f1ec0ca0cc5080dec885d9d893c3de,dcf30d32a91c8d2b99e95a85619ffa1c,fast,1h,futures,aster,BTC,1,2021-10-29T16:00:00+00:00,2021-11-16T03:00:00+00:00,62441.07288,60773.86868000001,0.1938944802070077,12111.82216138334,11779.004190806396,9.556278819005213,47.78029216942771,-332.8179705769435,-2.7478769597367587,trend_break,closed,2021-10-29T15:00:00+00:00,62316.44,60895.66,-2.2799441046375546,420
d85ad7e2888f47b79e6eead8595df555,f3264b4c3ebe6cc4e6b48806a6a8e133,1,4,20,0,129160d3a19ed264762afa22994e2093,dcf30d32a91c8d2b99e95a85619ffa1c,fast,1h,spot,aster,BTC,1,2021-10-29T16:00:00+00:00,2021-11-16T03:00:00+00:00,62441.07288,60773.86868000001,0.1939925621776619,12117.948954598563,11784.962627282488,9.561112884718112,47.804461940580595,-332.9863273160754,-2.747876959736759,trend_break,closed,2021-10-29T15:00:00+00:00,62316.44,60895.66,-2.2799441046375546,420
d85ad7e2888f47b79e6eead8595df555,3373070c20f099c3f75399421b5c21d6,1,4,20,0,fd117dfbaef7efa76c021ede6c722bb4,bab58605359257ed930bad1325ec78ee,fast,1h,futures,aster,BTC,1,2021-11-01T08:00:00+00:00,2021-11-16T03:00:00+00:00,62302.51632,60773.86868000001,0.239253481172057,14912.056352905029,14534.543502125052,11.778581424528937,58.891679752286265,-377.51285077997636,-2.531594850809646,trend_break,closed,2021-11-01T07:00:00+00:00,62178.16,60895.66,-2.062621344858062,356
d85ad7e2888f47b79e6eead8595df555,f3264b4c3ebe6cc4e6b48806a6a8e133,1,4,20,0,c097cbd2c6f14d67f579fe65b60a09c7,bab58605359257ed930bad1325ec78ee,fast,1h,spot,aster,BTC,1,2021-11-01T08:00:00+00:00,2021-11-16T03:00:00+00:00,62302.51632,60773.86868000001,0.23937450809811578,14919.59965105378,14541.895834526289,11.784539647147728,58.92147024451209,-377.70381652749165,-2.5315948508096477,trend_break,closed,2021-11-01T07:00:00+00:00,62178.16,60895.66,-2.062621344858062,356
d85ad7e2888f47b79e6eead8595df555,3373070c20f099c3f75399421b5c21d6,1,4,20,0,9d0471abdb3dee9c9bf01885d51ad477,8955035be7c60339acafb3336b1fbca7,fast,1h,futures,aster,BTC,1,2021-11-02T10:00:00+00:00,2021-11-16T03:00:00+00:00,63202.352399999996,60773.86868000001,0.24191821260487997,15295.916045081758,14696.424761875638,11.996842323672418,59.98210156900483,-599.49128320612,-3.9192898381452617,trend_break,closed,2021-11-02T09:00:00+00:00,63076.2,60895.66,-3.4569932874840226,330
d85ad7e2888f47b79e6eead8595df555,3373070c20f099c3f75399421b5c21d6,1,4,20,0,579771ac4ff926153beaa820585b7d6b,d45425e20aa69b6742e0d6750eb4ef48,fast,1h,futures,aster,ETH,1,2021-11-02T10:00:00+00:00,2021-11-16T09:00:00+00:00,4438.519319999999,4231.57988,0.2439227427265874,1083.0888685018192,1031.7656989680852,0.8459337506302365,4.229483762143099,-51.32316953373402,-4.738592651656249,trend_break,closed,2021-11-02T09:00:00+00:00,4429.66,4240.06,-4.280238212413579,336
d85ad7e2888f47b79e6eead8595df555,f3264b4c3ebe6cc4e6b48806a6a8e133,1,4,20,0,beab7567cccf2b7f859d93a6b2398075,8955035be7c60339acafb3336b1fbca7,fast,1h,spot,aster,BTC,1,2021-11-02T10:00:00+00:00,2021-11-16T03:00:00+00:00,63202.352399999996,60773.86868000001,0.24204058749148888,15303.653519542408,14703.858982286023,12.002910954071165,60.012443653625226,-599.7945372563845,-3.9192898381452568,trend_break,closed,2021-11-02T09:00:00+00:00,63076.2,60895.66,-3.4569932874840226,330
d85ad7e2888f47b79e6eead8595df555,f3264b4c3ebe6cc4e6b48806a6a8e133,1,4,20,0,c43fc33d3999b9968115d643a8bf3362,d45425e20aa69b6742e0d6750eb4ef48,fast,1h,spot,aster,ETH,1,2021-11-02T10:00:00+00:00,2021-11-16T09:00:00+00:00,4438.519319999999,4231.57988,0.23893780834955317,1060.9542906694041,1010.679988614312,0.8286458004084858,4.143047791608577,-50.27430205509211,-4.738592651656253,trend_break,closed,2021-11-02T09:00:00+00:00,4429.66,4240.06,-4.280238212413579,336
d85ad7e2888f47b79e6eead8595df555,3373070c20f099c3f75399421b5c21d6,1,4,20,0,60703b1512aea5bdfdae16fc45f8a568,10054bf1b1bd348ae8926017a76f27a7,fast,1h,futures,aster,BTC,1,2021-11-29T00:00:00+00:00,2021-11-29T00:00:00+00:00,57432.97668,57643.741480000004,0.2611627195953332,15005.352125157833,15048.374534050092,12.021499470708509,60.107957961007834,43.02240889225868,0.28671375742077865,trend_break,closed,2021-11-28T23:00:00+00:00,57318.34,57759.26,0.7692476788406788,1
d85ad7e2888f47b79e6eead8595df555,3373070c20f099c3f75399421b5c21d6,1,4,20,0,d1fe006df6888b8d4e2fdd4d10a4f8ec,fc96d71a26e4543b2e7a3435884031f5,fast,1h,futures,aster,ETH,1,2021-11-29T00:00:00+00:00,2021-12-03T19:00:00+00:00,4305.2934,4227.23858,2.53774756418519,10930.118138088155,10723.373343860812,8.661364899430895,43.30620538825872,-206.74479422734294,-1.8915147266972336,trend_break,closed,2021-11-28T23:00:00+00:00,4296.7,4235.71,-1.419461447157111,116
d85ad7e2888f47b79e6eead8595df555,f3264b4c3ebe6cc4e6b48806a6a8e133,1,4,20,0,b59f8b2011ebcb0cc4645580ab9de6cd,10054bf1b1bd348ae8926017a76f27a7,fast,1h,spot,aster,BTC,1,2021-11-29T00:00:00+00:00,2021-11-29T00:00:00+00:00,57432.97668,57643.741480000004,0.26129830273540366,15013.142183257029,15056.18692731757,12.027740455827363,60.13916312572738,43.04474406054214,0.28671375742079197,trend_break,closed,2021-11-28T23:00:00+00:00,57318.34,57759.26,0.7692476788406788,1
d85ad7e2888f47b79e6eead8595df555,f3264b4c3ebe6cc4e6b48806a6a8e133,1,4,20,0,06608725d7196b109571ebb1c34b62f1,fc96d71a26e4543b2e7a3435884031f5,fast,1h,spot,aster,ETH,1,2021-11-29T00:00:00+00:00,2021-12-03T19:00:00+00:00,4305.2934,4227.23858,2.541553742772105,10946.511408323842,10739.456532975804,8.674355435636674,43.37115714073227,-207.05487534803797,-1.8915147266972312,trend_break,closed,2021-11-28T23:00:00+00:00,4296.7,4235.71,-1.419461447157111,116
d85ad7e2888f47b79e6eead8595df555,3373070c20f099c3f75399421b5c21d6,1,4,20,0,0c06c3d4ff387dac47d1ec72a65c0483,5d853d86e9a19eec5d63c959cbeec752,fast,1h,futures,aster,SOL,1,2021-11-30T13:00:00+00:00,2021-11-30T23:00:00+00:00,215.51446860000001,207.9771122,41.057454739948675,8852.01493056473,8535.595266748289,6.9549945645781275,34.77387405970987,-316.41966381644124,-3.5745495946226864,trend_break,closed,2021-11-30T12:00:00+00:00,215.0843,208.3939,-3.110594311160797,11
d85ad7e2888f47b79e6eead8595df555,f3264b4c3ebe6cc4e6b48806a6a8e133,1,4,20,0,360eaf5beb2e80f1379cc74637e4dc55,5d853d86e9a19eec5d63c959cbeec752,fast,1h,spot,aster,SOL,1,2021-11-30T13:00:00+00:00,2021-11-30T23:00:00+00:00,215.51446860000001,207.9771122,41.07920155879656,8856.703559374117,8540.116298195575,6.958678402454632,34.792292667112726,-316.58726117854167,-3.5745495946226993,trend_break,closed,2021-11-30T12:00:00+00:00,215.0843,208.3939,-3.110594311160797,11
d85ad7e2888f47b79e6eead8595df555,3373070c20f099c3f75399421b5c21d6,1,4,20,0,53194f746463883409819339f5a79899,a4e0b52e21256b0cd3b95a5d855af1d6,fast,1h,futures,aster,BTC,1,2021-12-01T15:00:00+00:00,2021-12-01T15:00:00+00:00,58715.576759999996,58531.7519,0.23169491470174172,13609.542189291396,13556.084660108485,10.866243925154311,54.331266585696866,-53.45752918291146,-0.39279447052211836,trend_break,closed,2021-12-01T14:00:00+00:00,58598.38,58649.05,0.08646996725849565,1
d85ad7e2888f47b79e6eead8595df555,f3264b4c3ebe6cc4e6b48806a6a8e133,1,4,20,0,83e34dfdda5141de0f005bc2bdf70f8f,a4e0b52e21256b0cd3b95a5d855af1d6,fast,1h,spot,aster,BTC,1,2021-12-01T15:00:00+00:00,2021-12-01T15:00:00+00:00,58715.576759999996,58531.7519,0.23181817432921487,13616.782344313751,13563.296376202255,10.872024669975453,54.36017033478484,-53.48596811149582,-0.3927944705221134,trend_break,closed,2021-12-01T14:00:00+00:00,58598.38,58649.05,0.08646996725849565,1
d85ad7e2888f47b79e6eead8595df555,3373070c20f099c3f75399421b5c21d6,1,4,20,0,c7bd2eec66214dd428b32d88825dba7f,19a14751af8f1f6a9cf8605d0f346776,fast,1h,futures,aster,ETH,1,2021-12-15T21:00:00+00:00,2021-12-15T21:00:00+00:00,4070.99574,4056.73028,2.057298235727791,8378.602454498776,8342.56568624836,6.688462560569944,33.44232917894368,-36.03676825041657,-0.43010476324804164,trend_break,closed,2021-12-15T20:00:00+00:00,4062.87,4064.86,0.04898015442287296,1
d85ad7e2888f47b79e6eead8595df555,3373070c20f099c3f75399421b5c21d6,1,4,20,0,362abe52cc64f301026901fe883cdd3e,06a0de4582e548978783e210d2a9d8e0,fast,1h,futures,aster,SOL,1,2021-12-15T21:00:00+00:00,2021-12-15T21:00:00+00:00,181.1329428,178.4948948,35.55950990728699,6443.575073502259,6344.652103648732,5.1152758616293585,25.57610638179635,-98.92296985352732,-1.5352187058443005,trend_break,closed,2021-12-15T20:00:00+00:00,180.7714,178.8526,-1.0614510923741327,1
d85ad7e2888f47b79e6eead8595df555,f3264b4c3ebe6cc4e6b48806a6a8e133,1,4,20,0,b2b925ee8613c55b0d308799b550bbb8,19a14751af8f1f6a9cf8605d0f346776,fast,1h,spot,aster,ETH,1,2021-12-15T21:00:00+00:00,2021-12-15T21:00:00+00:00,4070.99574,4056.73028,2.0583609877179763,8382.930643907026,8346.875259907805,6.691917663371319,33.45960470141006,-36.055383999220794,-0.43010476324800523,trend_break,closed,2021-12-15T20:00:00+00:00,4062.87,4064.86,0.04898015442287296,1
d85ad7e2888f47b79e6eead8595df555,f3264b4c3ebe6cc4e6b48806a6a8e133,1,4,20,0,32d6048ad2279387661bb87588b62c79,06a0de4582e548978783e210d2a9d8e0,fast,1h,spot,aster,SOL,1,2021-12-15T21:00:00+00:00,2021-12-15T21:00:00+00:00,181.1329428,178.4948948,35.57080049681811,6445.6209892490615,6346.666610114283,5.116900025748681,25.58422711573543,-98.95437913477872,-1.535218705844311,trend_break,closed,2021-12-15T20:00:00+00:00,180.7714,178.8526,-1.0614510923741327,1
d85ad7e2888f47b79e6eead8595df555,3373070c20f099c3f75399421b5c21d6,1,4,20,0,0e2b9cdd3104f8841ac4e07c94408dbc,6603fe3e321249d783b70c08fa9cb420,fast,1h,futures,aster,BTC,1,2021-12-21T05:00:00+00:00,2021-12-21T05:00:00+00:00,48683.93352,48520.14524,0.2711712671871299,13206.964617850099,13152.006361126854,10.543581285242713,52.71793963927037,-54.95825672324463,-0.4161308696849605,trend_break,closed,2021-12-21T04:00:00+00:00,48586.76,48617.38,0.06302128398765205,1
d85ad7e2888f47b79e6eead8595df555,f3264b4c3ebe6cc4e6b48806a6a8e133,1,4,20,0,d66e482d63b2d626ea2b9ce82c23a4b1,6603fe3e321249d783b70c08fa9cb420,fast,1h,spot,aster,BTC,1,2021-12-21T05:00:00+00:00,2021-12-21T05:00:00+00:00,48683.93352,48520.14524,0.27131141452597896,13213.790270747122,13158.803610375116,10.549030442428107,52.74518544236258,-54.986660372005645,-0.4161308696849526,trend_break,closed,2021-12-21T04:00:00+00:00,48586.76,48617.38,0.06302128398765205,1
d85ad7e2888f47b79e6eead8595df555,3373070c20f099c3f75399421b5c21d6,1,4,20,0,2daced1a5882b38f229c32e6d9ec45c0,072e41b36c4ecbab317215b59ef9055f,fast,1h,futures,aster,BNB,1,2021-12-22T16:00:00+00:00,2021-12-22T16:00:00+00:00,542.2229814000001,541.151029,29.542383360836432,16024.966607247916,15980.49639836718,12.80218013536144,64.01103004881242,-44.4702088807353,-0.2775057818880066,trend_break,closed,2021-12-22T15:00:00+00:00,541.1407,542.2355,0.20231337247409442,1
d85ad7e2888f47b79e6eead8595df555,f3264b4c3ebe6cc4e6b48806a6a8e133,1,4,20,0,118b11d1a17e44bb9126437b3ec5b89a,072e41b36c4ecbab317215b59ef9055f,fast,1h,spot,aster,BNB,0,2021-12-22T16:00:00+00:00,2021-12-22T16:00:00+00:00,542.2229814000001,541.151029,29.55765152126592,16033.248666215473,15988.755474142246,12.808796586639811,64.04411237206659,-44.493192073226965,-0.2775057818879899,trend_break,closed,2021-12-22T15:00:00+00:00,541.1407,542.2355,0.20231337247409442,1
d85ad7e2888f47b79e6eead8595df555,3373070c20f099c3f75399421b5c21d6,1,4,20,0,7a914fe48cbd44d443a1d8f29fd94fa4,19871884b04a71c5635792c3fd309e0f,fast,1h,futures,aster,SOL,1,2021-12-23T17:00:00+00:00,2021-12-23T17:00:00+00:00,184.689642,187.6171138,52.950899948395424,9783.394548148988,9930.521223421947,7.885591110590996,39.42873331695378,147.1266752729589,1.503840763539432,trend_break,closed,2021-12-23T16:00:00+00:00,184.321,187.9931,1.9922309449275977,1
d85ad7e2888f47b79e6eead8595df555,f3264b4c3ebe6cc4e6b48806a6a8e133,1,4,20,0,6e4b6705be4f726c3ccd75378573c9a1,19871884b04a71c5635792c3fd309e0f,fast,1h,spot,aster,SOL,1,2021-12-23T17:00:00+00:00,2021-12-23T17:00:00+00:00,184.689642,187.6171138,52.97826615055397,9788.450823930181,9935.653537539454,7.889666559368681,39.449110962807936,147.2027136092729,1.5038407635394264,trend_break,closed,2021-12-23T16:00:00+00:00,184.321,187.9931,1.9922309449275977,1
d85ad7e2888f47b79e6eead8595df555,3373070c20f099c3f75399421b5c21d6,1,4,20,0,016ba18a2c57d74158348eeb81a85598,c2e93cf200d8ef9c2ea907aecb6f1166,fast,1h,futures,aster,ETH,1,2021-12-23T18:00:00+00:00,2021-12-23T18:00:00+00:00,4054.41264,4085.18326,3.5865371600934886,14547.118116351028,14645.800903154746,11.677185265397842,58.38660131328274,98.68278680371805,0.6783665741518805,trend_break,closed,2021-12-23T17:00:00+00:00,4046.32,4093.37,1.162784950275797,1
d85ad7e2888f47b79e6eead8595df555,f3264b4c3ebe6cc4e6b48806a6a8e133,1,4,20,0,082a13724f896bb4a04592020fab41ea,c2e93cf200d8ef9c2ea907aecb6f1166,fast,1h,spot,aster,ETH,1,2021-12-23T18:00:00+00:00,2021-12-23T18:00:00+00:00,4054.41264,4085.18326,3.5883907622242917,14554.636390366852,14653.370178628446,11.683220294319488,58.41677680673889,98.73378826159387,0.678366574151876,trend_break,closed,2021-12-23T17:00:00+00:00,4046.32,4093.37,1.162784950275797,1
d85ad7e2888f47b79e6eead8595df555,3373070c20f099c3f75399421b5c21d6,1,4,20,0,d508892d00d38bd2bd448caf4d2eefc2,c93a439f8cb10c76ed9ec9d1bbdb2a9f,fast,1h,futures,aster,BNB,1,2022-01-12T14:00:00+00:00,2022-01-12T14:00:00+00:00,480.40268760000004,481.4902896,24.602909637753214,11824.031634321691,11841.323661649833,9.466146399696406,47.33102835529036,17.292027328141558,0.14624476543134307,trend_break,closed,2022-01-12T13:00:00+00:00,479.4438,482.4552,0.628102814135878,1
d85ad7e2888f47b79e6eead8595df555,3373070c20f099c3f75399421b5c21d6,1,4,20,0,3310510549d302396e8e326821cf299d,f2197a74893e8c63a41bb4e693604244,fast,1h,futures,aster,BTC,1,2022-01-12T14:00:00+00:00,2022-01-12T14:00:00+00:00,44031.65754,43781.55142,0.3163278045125813,13934.008933701518,13843.78231002775,11.111103839008534,55.55542495466314,-90.2266236737687,-0.6475281026664329,trend_break,closed,2022-01-12T13:00:00+00:00,43943.77,43869.29,-0.16948932692847363,1
d85ad7e2888f47b79e6eead8595df555,f3264b4c3ebe6cc4e6b48806a6a8e133,1,4,20,0,ee6e6a576693ec0f68ce177298752ba0,c93a439f8cb10c76ed9ec9d1bbdb2a9f,fast,1h,spot,aster,BNB,0,2022-01-12T14:00:00+00:00,2022-01-12T14:00:00+00:00,480.40268760000004,481.4902896,24.615624968361228,11830.142556711102,11847.443520943358,9.471038714582257,47.35549008288339,17.300964232255865,0.14624476543134496,trend_break,closed,2022-01-12T13:00:00+00:00,479.4438,482.4552,0.628102814135878,1
d85ad7e2888f47b79e6eead8595df555,f3264b4c3ebe6cc4e6b48806a6a8e133,1,4,20,0,41fa7b40404d685310030169a5a69ca3,f2197a74893e8c63a41bb4e693604244,fast,1h,spot,aster,BTC,1,2022-01-12T14:00:00+00:00,2022-01-12T14:00:00+00:00,44031.65754,43781.55142,0.31667169924290633,13949.157245598997,13858.832532348615,11.123183238934244,55.615821851838575,-90.32471325038205,-0.6475281026664157,trend_break,closed,2022-01-12T13:00:00+00:00,43943.77,43869.29,-0.16948932692847363,1
d85ad7e2888f47b79e6eead8595df555,3373070c20f099c3f75399421b5c21d6,1,4,20,0,f8843edd7bd341ac7a20e77c76d42f89,5d04dd460df8128cb52bef5b9b1032b2,fast,1h,futures,aster,ETH,1,2022-01-16T17:00:00+00:00,2022-01-16T17:00:00+00:00,3381.71994,3339.22816,4.469376100105695,15120.2239483977,14918.296824491475,12.015377923276313,60.07637027487873,-201.92712390622364,-1.335477070943926,trend_break,closed,2022-01-16T16:00:00+00:00,3374.97,3345.92,-0.8607483918375514,1
d85ad7e2888f47b79e6eead8595df555,f3264b4c3ebe6cc4e6b48806a6a8e133,1,4,20,0,023a5c45c7a6b57b25f7eccd506f1794,5d04dd460df8128cb52bef5b9b1032b2,fast,1h,spot,aster,ETH,1,2022-01-16T17:00:00+00:00,2022-01-16T17:00:00+00:00,3381.71994,3339.22816,4.471683106113003,15128.0287172736,14925.997362468599,12.021580030332917,60.10738054208765,-202.03135480500168,-1.3354770709439274,trend_break,closed,2022-01-16T16:00:00+00:00,3374.97,3345.92,-0.8607483918375514,1
d85ad7e2888f47b79e6eead8595df555,3373070c20f099c3f75399421b5c21d6,1,4,20,0,0b522928dcecc63ed8f37fed0f364aee,7c265756f9415c25af803c0e9beae25e,fast,1h,futures,aster,BTC,1,2022-01-20T16:00:00+00:00,2022-01-20T16:00:00+00:00,43398.774300000005,43168.69958,0.36876282679170735,16010.256232039366,15912.644081368373,12.769146550482436,63.845648762990756,-97.61215067099329,-0.6096851246868494,trend_break,closed,2022-01-20T15:00:00+00:00,43312.15,43255.21,-0.13146426580070703,1
d85ad7e2888f47b79e6eead8595df555,f3264b4c3ebe6cc4e6b48806a6a8e133,1,4,20,0,68326722c4ba61c4119f49af9d7e0ecc,7c265756f9415c25af803c0e9beae25e,fast,1h,spot,aster,BTC,1,2022-01-20T16:00:00+00:00,2022-01-20T16:00:00+00:00,43398.774300000005,43168.69958,0.3689531750724573,16018.520418466856,15920.857882280538,12.775737738411205,63.87860465928088,-97.6625361863189,-0.6096851246868545,trend_break,closed,2022-01-20T15:00:00+00:00,43312.15,43255.21,-0.13146426580070703,1
d85ad7e2888f47b79e6eead8595df555,3373070c20f099c3f75399421b5c21d6,1,4,20,0,58c35848b5db7abfdf192f8494dee4f9,13e4aab8d05535c0a6689fd86509ddb4,fast,1h,futures,aster,BTC,1,2022-01-31T17:00:00+00:00,2022-01-31T17:00:00+00:00,38457.68184,38422.5509,0.3466339351545679,13336.069888158812,13313.232593136829,10.659719044106101,53.29875970526541,-22.837295021983664,-0.17124456615408903,trend_break,closed,2022-01-31T16:00:00+00:00,38380.92,38499.55,0.3090858687077036,1
d85ad7e2888f47b79e6eead8595df555,f3264b4c3ebe6cc4e6b48806a6a8e133,1,4,20,0,6081a3ab540bfe85483c5f0df59fdefd,13e4aab8d05535c0a6689fd86509ddb4,fast,1h,spot,aster,BTC,1,2022-01-31T17:00:00+00:00,2022-01-31T17:00:00+00:00,38457.68184,38422.5509,0.34681286092694125,13342.953711013894,13320.104627819326,10.665221386115398,53.32627150021576,-22.849083194567356,-0.17124456615409422,trend_break,closed,2022-01-31T16:00:00+00:00,38380.92,38499.55,0.3090858687077036,1
d85ad7e2888f47b79e6eead8595df555,3373070c20f099c3f75399421b5c21d6,1,4,20,0,b7bb873e7ff857777249d4757861aa56,571b2bbbcf2fd4b3eb9150cd4f4e408b,fast,1h,futures,aster,BTC,1,2022-02-04T16:00:00+00:00,2022-02-04T16:00:00+00:00,39564.44094,40161.685659999996,0.38390282916162866,15194.976371388591,15412.017474874501,12.242834223935272,61.215333116759666,217.04110348590984,1.4283740769389268,trend_break,closed,2022-02-04T15:00:00+00:00,39485.47,40242.17,1.916401147054847,1
d85ad7e2888f47b79e6eead8595df555,f3264b4c3ebe6cc4e6b48806a6a8e133,1,4,20,0,822c0f33c8084ca5770b9de89fc83fff,571b2bbbcf2fd4b3eb9150cd4f4e408b,fast,1h,spot,aster,BTC,1,2022-02-04T16:00:00+00:00,2022-02-04T16:00:00+00:00,39564.44094,40161.685659999996,0.3841009924204955,15202.819726027928,15419.972861958266,12.249153739560825,61.24693129468798,217.15313593033716,1.4283740769389048,trend_break,closed,2022-02-04T15:00:00+00:00,39485.47,40242.17,1.916401147054847,1
d85ad7e2888f47b79e6eead8595df555,3373070c20f099c3f75399421b5c21d6,1,4,20,0,4811a12394292802e2e7a003dde78985,12f0239068563fb732fba7e4d20f2eab,fast,1h,futures,aster,ADA,1,2022-02-04T17:00:00+00:00,2022-02-04T17:00:00+00:00,1.1056468799999999,1.1002750399999999,10813.466228244813,11960.657547323142,11893.027872025981,9.541464873625982,47.707282844419595,-67.62967529716116,-0.5654344255704992,trend_break,closed,2022-02-04T16:00:00+00:00,1.10344,1.10248,-0.0870006525048983,1
d85ad7e2888f47b79e6eead8595df555,3373070c20f099c3f75399421b5c21d6,1,4,20,0,fc9b57e820181902b38cf80d4c8601fa,4f6e0b362beace21e765b336bfb32302,fast,1h,futures,aster,BNB,1,2022-02-04T17:00:00+00:00,2022-02-04T17:00:00+00:00,390.29693579999997,391.5234838,33.57224349840397,13108.385022864684,13139.064004783633,10.498986199534226,52.49530569076637,30.67898191894892,0.23404089722293178,trend_break,closed,2022-02-04T16:00:00+00:00,389.5179,392.3081,0.7163213808659474,1
d85ad7e2888f47b79e6eead8595df555,f3264b4c3ebe6cc4e6b48806a6a8e133,1,4,20,0,2fdcf19a7904ab407de72650a47bd84f,12f0239068563fb732fba7e4d20f2eab,fast,1h,spot,aster,ADA,1,2022-02-04T17:00:00+00:00,2022-02-04T17:00:00+00:00,1.1056468799999999,1.1002750399999999,10819.047931594367,11966.831408773818,11899.16682433863,9.546389994333868,47.731908426525294,-67.66458443518786,-0.5654344255704786,trend_break,closed,2022-02-04T16:00:00+00:00,1.10344,1.10248,-0.0870006525048983,1
d85ad7e2888f47b79e6eead8595df555,f3264b4c3ebe6cc4e6b48806a6a8e133,1,4,20,0,c44ba22545506f028a62f6e998f36916,4f6e0b362beace21e765b336bfb32302,fast,1h,spot,aster,BNB,0,2022-02-04T17:00:00+00:00,2022-02-04T17:00:00+00:00,390.29693579999997,391.5234838,33.573210164073316,13108.762460428034,13139.442325705239,10.499288503117914,52.49681721947357,30.679865277204954,0.2340408972229037,trend_break,closed,2022-02-04T16:00:00+00:00,389.5179,392.3081,0.7163213808659474,1
d85ad7e2888f47b79e6eead8595df555,3373070c20f099c3f75399421b5c21d6,1,4,20,0,cb10ff0b3761126d2d35b1575ae351c5,d124eff6aa3b3bc60539900c55aa976e,fast,1h,futures,aster,ETH,1,2022-02-07T00:00:00+00:00,2022-02-11T18:00:00+00:00,3063.10398,2998.53092,4.145028998421241,12701.733484208427,12424.026017016298,10.050260975336895,50.25043524960061,-277.7074671921291,-2.186374541218268,trend_break,closed,2022-02-06T23:00:00+00:00,3056.99,3004.54,-1.7157399926071015,115
d85ad7e2888f47b79e6eead8595df555,f3264b4c3ebe6cc4e6b48806a6a8e133,1,4,20,0,f066ea1ed820abff4c5121d2ee417a1d,d124eff6aa3b3bc60539900c55aa976e,fast,1h,spot,aster,ETH,1,2022-02-07T00:00:00+00:00,2022-02-11T18:00:00+00:00,3063.10398,2998.53092,4.147167808720539,12708.28750310801,12430.436740515232,10.055446850198777,50.27636417518762,-277.85076259277776,-2.18637454121828,trend_break,closed,2022-02-06T23:00:00+00:00,3056.99,3004.54,-1.7157399926071015,115
d85ad7e2888f47b79e6eead8595df555,3373070c20f099c3f75399421b5c21d6,1,4,20,0,cd6fc537b665d497b5f88be726acbe01,d4a4caa1d3764868442f85b61f406f9e,fast,1h,futures,aster,SOL,1,2022-02-07T04:00:00+00:00,2022-02-07T04:00:00+00:00,119.57878020000001,118.78305780000001,68.1575396174974,8153.4555270730725,8092.722583503828,6.4984625667138,32.492225864548445,-60.732943569244526,-0.744873671875493,trend_break,closed,2022-02-07T03:00:00+00:00,119.3401,119.0211,-0.26730327861297365,1
d85ad7e2888f47b79e6eead8595df555,f3264b4c3ebe6cc4e6b48806a6a8e133,1,4,20,0,2baa0014b5448caf74f01f087779c592,d4a4caa1d3764868442f85b61f406f9e,fast,1h,spot,aster,SOL,1,2022-02-07T04:00:00+00:00,2022-02-07T04:00:00+00:00,119.57878020000001,118.78305780000001,68.19270850238682,8157.662661610085,8096.898380203335,6.501815734730861,32.50899165975825,-60.76428140674943,-0.7448736718754724,trend_break,closed,2022-02-07T03:00:00+00:00,119.3401,119.0211,-0.26730327861297365,1
d85ad7e2888f47b79e6eead8595df555,3373070c20f099c3f75399421b5c21d6,1,4,20,0,214439e1ce28493784d02b698c415ea7,1c656ab591290a9d444b4849e23376f4,fast,1h,futures,aster,BTC,1,2022-02-15T02:00:00+00:00,2022-02-17T14:00:00+00:00,43561.95,41828.06622,0.34937647839401936,15225.60849124954,14607.89697698585,11.933305262780717,59.66434185843502,-617.7115142636903,-4.05705633780549,trend_break,closed,2022-02-15T01:00:00+00:00,43475,41911.89,-3.595422656699254,61
d85ad7e2888f47b79e6eead8595df555,f3264b4c3ebe6cc4e6b48806a6a8e133,1,4,20,0,fe92622e00d7bc6508dd1708b6819231,1c656ab591290a9d444b4849e23376f4,fast,1h,spot,aster,BTC,1,2022-02-15T02:00:00+00:00,2022-02-17T14:00:00+00:00,43561.95,41828.06622,0.3495567545779993,15233.464814635112,14615.434564905589,11.939462777290368,59.69512830381724,-618.0302497295233,-4.057056337805491,trend_break,closed,2022-02-15T01:00:00+00:00,43475,41911.89,-3.595422656699254,61
d85ad7e2888f47b79e6eead8595df555,3373070c20f099c3f75399421b5c21d6,1,4,20,0,4dbaf9d8e05ba9188ae83d4632282d0a,6494812bff85289afbd57d8b10df18ea,fast,1h,futures,aster,SOL,1,2022-02-25T23:00:00+00:00,2022-02-25T23:00:00+00:00,94.7713644,92.62627619999999,59.18343063442308,5611.138028885472,5479.74801609065,4.436334105401858,22.181251437300286,-131.3900127948218,-2.3415929552693524,trend_break,closed,2022-02-25T22:00:00+00:00,94.5822,92.8119,-1.8717052468646411,1
d85ad7e2888f47b79e6eead8595df555,f3264b4c3ebe6cc4e6b48806a6a8e133,1,4,20,0,9d4b5daf1ccf57665279f4fcff694450,6494812bff85289afbd57d8b10df18ea,fast,1h,spot,aster,SOL,1,2022-02-25T23:00:00+00:00,2022-02-25T23:00:00+00:00,94.7713644,92.62627619999999,59.21396893247526,5614.0333427208,5482.575533461177,4.438623227403026,22.192696831058328,-131.457809259623,-2.341592955269356,trend_break,closed,2022-02-25T22:00:00+00:00,94.5822,92.8119,-1.8717052468646411,1
d85ad7e2888f47b79e6eead8595df555,3373070c20f099c3f75399421b5c21d6,1,4,20,0,f509a427679ae3c5991a32342ffadbf0,ae74ec137efa533aea4bbf0bc956e7f0,fast,1h,futures,aster,BNB,1,2022-02-28T15:00:00+00:00,2022-02-28T15:00:00+00:00,376.712922,382.234,27.70403494767249,10440.642543510352,10585.18832455097,8.410356820206587,42.05256413584092,144.54578104061875,1.3844529245995962,trend_break,closed,2022-02-28T14:00:00+00:00,375.961,383,1.8722686661648336,1
d85ad7e2888f47b79e6eead8595df555,3373070c20f099c3f75399421b5c21d6,1,4,20,0,6096cfae8f38415401715a19a6df2614,c44f9fbfd07350877470279881436d1c,fast,1h,futures,aster,BTC,1,2022-02-28T15:00:00+00:00,2022-03-04T15:00:00+00:00,39881.59398,40621.62394,0.26385372512001254,10527.116298201005,10713.879530274484,8.496429572936059,42.48309883572222,186.76323207347923,1.7741157861568935,trend_break,closed,2022-02-28T14:00:00+00:00,39801.99,40703.03,2.2638064076695663,97
d85ad7e2888f47b79e6eead8595df555,3373070c20f099c3f75399421b5c21d6,1,4,20,0,8910325afe4c4c874c439f20a49845fe,f2719f7a23e21419d2d62d6d56b96b57,fast,1h,futures,aster,ETH,1,2022-02-28T15:00:00+00:00,2022-02-28T15:00:00+00:00,2764.78854,2808.9708,2.722969628013715,7531.446596389302,7645.682677507636,6.070870958671107,30.35495744099361,114.23608111833437,1.5167880387427963,trend_break,closed,2022-02-28T14:00:00+00:00,2759.27,2814.6,2.005240516513429,1
d85ad7e2888f47b79e6eead8595df555,f3264b4c3ebe6cc4e6b48806a6a8e133,1,4,20,0,f2fbe88b2f98da73ecae6272273c901f,ae74ec137efa533aea4bbf0bc956e7f0,fast,1h,spot,aster,BNB,0,2022-02-28T15:00:00+00:00,2022-02-28T15:00:00+00:00,376.712922,382.234,27.718330064860034,10446.029852938549,10590.650218742107,8.414696514282234,42.07426300871248,144.62036580355743,1.3844529245996229,trend_break,closed,2022-02-28T14:00:00+00:00,375.961,383,1.8722686661648336,1
d85ad7e2888f47b79e6eead8595df555,f3264b4c3ebe6cc4e6b48806a6a8e133,1,4,20,0,e11860778d49adc683130b23b706ccce,c44f9fbfd07350877470279881436d1c,fast,1h,spot,aster,BTC,1,2022-02-28T15:00:00+00:00,2022-03-04T15:00:00+00:00,39881.59398,40621.62394,0.2645580230861268,10555.216059136725,10742.477813504835,8.519108873994742,42.596497879418195,187.2617543681099,1.774115786156872,trend_break,closed,2022-02-28T14:00:00+00:00,39801.99,40703.03,2.2638064076695663,97
d85ad7e2888f47b79e6eead8595df555,f3264b4c3ebe6cc4e6b48806a6a8e133,1,4,20,0,7d48f1acb527efc29f7a0f8153e9a7af,f2719f7a23e21419d2d62d6d56b96b57,fast,1h,spot,aster,ETH,1,2022-02-28T15:00:00+00:00,2022-02-28T15:00:00+00:00,2764.78854,2808.9708,2.7386160744377324,7574.723015800455,7689.615508472014,6.105754769428579,30.529379957652488,114.89249267155901,1.5167880387427977,trend_break,closed,2022-02-28T14:00:00+00:00,2759.27,2814.6,2.005240516513429,1
d85ad7e2888f47b79e6eead8595df555,3373070c20f099c3f75399421b5c21d6,1,4,20,0,3ea4fa218869309d0dfe548fb2fab93f,9ec437d1726683137486b71a14e0f241,fast,1h,futures,aster,BNB,1,2022-03-09T04:00:00+00:00,2022-03-09T09:00:00+00:00,400.33908,393.2121996,29.142304366402236,11671.470040453105,11454.525957485179,9.250365168180466,46.25118007075141,-216.94408296792608,-1.8587554285450059,trend_break,closed,2022-03-09T03:00:00+00:00,399.54,394.0002,-1.3865445262051357,6
d85ad7e2888f47b79e6eead8595df555,3373070c20f099c3f75399421b5c21d6,1,4,20,0,5241c634f037a0c83c712bcacead5710,15f2f9f2430ab1c67d511c4f026c688d,fast,1h,futures,aster,BTC,1,2022-03-09T04:00:00+00:00,2022-03-10T04:00:00+00:00,41369.6241,39462.48686,0.2817189023487257,11659.266934068202,11112.88155075735,9.108773429672642,45.54190020952451,-546.3853833108515,-4.68627561578783,trend_break,closed,2022-03-09T03:00:00+00:00,41287.05,39541.57,-4.22766945083265,25
d85ad7e2888f47b79e6eead8595df555,3373070c20f099c3f75399421b5c21d6,1,4,20,0,3c542fb916a3629d66a812d6c8fea207,b07f73e42c953114de09fbe66f48bd24,fast,1h,futures,aster,ETH,1,2022-03-09T04:00:00+00:00,2022-03-09T04:00:00+00:00,2705.48016,2713.58196,3.617417077468074,9790.764873588472,9812.231260124003,7.841203142699339,39.206289769014475,21.466386535530546,0.219251374256144,trend_break,closed,2022-03-09T03:00:00+00:00,2700.08,2719.02,0.7014606974608206,1
d85ad7e2888f47b79e6eead8595df555,f3264b4c3ebe6cc4e6b48806a6a8e133,1,4,20,0,9bc54c02ef47df251b2d5368be1e4cc3,9ec437d1726683137486b71a14e0f241,fast,1h,spot,aster,BNB,0,2022-03-09T04:00:00+00:00,2022-03-09T09:00:00+00:00,400.33908,393.2121996,29.157708343608796,11677.639321241946,11460.580566432454,9.255254706509744,46.27562742105799,-217.0587548094918,-1.8587554285450139,trend_break,closed,2022-03-09T03:00:00+00:00,399.54,394.0002,-1.3865445262051357,6
d85ad7e2888f47b79e6eead8595df555,f3264b4c3ebe6cc4e6b48806a6a8e133,1,4,20,0,cd7c49c812e3032e74bfafe1ebd84af6,15f2f9f2430ab1c67d511c4f026c688d,fast,1h,spot,aster,BTC,1,2022-03-09T04:00:00+00:00,2022-03-10T04:00:00+00:00,41369.6241,39462.48686,0.28160920229872005,11654.726868935784,11108.554245590174,9.10522651502689,45.52416640221274,-546.1726233456102,-4.686275615787831,trend_break,closed,2022-03-09T03:00:00+00:00,41287.05,39541.57,-4.22766945083265,25
d85ad7e2888f47b79e6eead8595df555,f3264b4c3ebe6cc4e6b48806a6a8e133,1,4,20,0,7114b28bb113bc8c92232d81685e34c3,b07f73e42c953114de09fbe66f48bd24,fast,1h,spot,aster,ETH,1,2022-03-09T04:00:00+00:00,2022-03-09T04:00:00+00:00,2705.48016,2713.58196,3.619484516536652,9796.360526336672,9817.83918141775,7.845684574996114,39.22869708712754,21.478655081078614,0.2192513742561342,trend_break,closed,2022-03-09T03:00:00+00:00,2700.08,2719.02,0.7014606974608206,1
d85ad7e2888f47b79e6eead8595df555,3373070c20f099c3f75399421b5c21d6,1,4,20,0,cb18b8861ecdfab2cb3286e80576ddf0,3e42354b094f753ab4b3ccf0f69702a5,fast,1h,futures,aster,SOL,1,2022-03-15T19:00:00+00:00,2022-03-15T19:00:00+00:00,85.0714032,84.4297022,142.57593281916442,12133.98632134224,12032.828491389733,9.666711286513802,48.333383801629566,-101.15782995250629,-0.8336735123442631,trend_break,closed,2022-03-15T18:00:00+00:00,84.9016,84.5989,-0.3565303834085598,1
d85ad7e2888f47b79e6eead8595df555,f3264b4c3ebe6cc4e6b48806a6a8e133,1,4,20,0,18c8d75b87dec07b238741cfca378414,3e42354b094f753ab4b3ccf0f69702a5,fast,1h,spot,aster,SOL,1,2022-03-15T19:00:00+00:00,2022-03-15T19:00:00+00:00,85.0714032,84.4297022,142.65220568788803,12140.477556766635,12039.265611103772,9.671882620738076,48.35924038039973,-101.21194566286249,-0.8336735123442558,trend_break,closed,2022-03-15T18:00:00+00:00,84.9016,84.5989,-0.3565303834085598,1
d85ad7e2888f47b79e6eead8595df555,3373070c20f099c3f75399421b5c21d6,1,4,20,0,fd923d8453afe1ee6977742dbd284759,7cd6716644db9d2a14c79213a763ffff,fast,1h,futures,aster,ADA,1,2022-03-16T03:00:00+00:00,2022-03-16T03:00:00+00:00,0.82382436,0.7998471,15729.37778898396,12963.42788804401,12576.064770439505,10.215736719812465,51.077379319056064,-387.36311760450553,-2.9881225934211826,trend_break,closed,2022-03-16T02:00:00+00:00,0.82218,0.80145,-2.5213456907246634,1
d85ad7e2888f47b79e6eead8595df555,3373070c20f099c3f75399421b5c21d6,1,4,20,0,c51ccb8180dbf13ef6d4dbe1e2567f90,6fb204e6b93dbba76ffc2dfee07745fd,fast,1h,futures,aster,BTC,1,2022-03-16T03:00:00+00:00,2022-03-16T03:00:00+00:00,40932.702,39097.568159999995,0.3391356365803801,13887.290644904886,13254.074915219724,10.856446646564558,54.2799609155343,-633.2157296851619,-4.559677952138798,trend_break,closed,2022-03-16T02:00:00+00:00,40851,39175.92,-4.100462656972903,1
d85ad7e2888f47b79e6eead8595df555,f3264b4c3ebe6cc4e6b48806a6a8e133,1,4,20,0,82e3d42d5e206da7653325a5de408274,7cd6716644db9d2a14c79213a763ffff,fast,1h,spot,aster,ADA,1,2022-03-16T03:00:00+00:00,2022-03-16T03:00:00+00:00,0.82382436,0.7998471,15737.792426317768,12970.362844133453,12582.792501539194,10.221201762406526,51.104703834284635,-387.5703425942593,-2.9881225934211924,trend_break,closed,2022-03-16T02:00:00+00:00,0.82218,0.80145,-2.5213456907246634,1
d85ad7e2888f47b79e6eead8595df555,f3264b4c3ebe6cc4e6b48806a6a8e133,1,4,20,0,a14b63e1920825fcc28f415b35437392,6fb204e6b93dbba76ffc2dfee07745fd,fast,1h,spot,aster,BTC,1,2022-03-16T03:00:00+00:00,2022-03-16T03:00:00+00:00,40932.702,39097.568159999995,0.33777525934770497,13831.584455465862,13200.908748618527,10.812898103584358,54.062227315596076,-630.6757068473344,-4.5596779521388,trend_break,closed,2022-03-16T02:00:00+00:00,40851,39175.92,-4.100462656972903,1
d85ad7e2888f47b79e6eead8595df555,3373070c20f099c3f75399421b5c21d6,1,4,20,0,33c203d9ee5e73738ba2d7854d49160b,84cb40c15a60dafe446f67a75e05a478,fast,1h,futures,aster,ETH,1,2022-03-18T16:00:00+00:00,2022-04-11T09:00:00+00:00,2904.37716,3073.26116,4.9723013524441315,14447.215056068117,15275.068150033108,11.889047641183147,59.44883496982204,827.8530939649918,5.730191533469816,trend_break,closed,2022-03-18T15:00:00+00:00,2898.58,3079.42,6.238916986938436,570
d85ad7e2888f47b79e6eead8595df555,f3264b4c3ebe6cc4e6b48806a6a8e133,1,4,20,0,058fabb8fd0159e9adcb1444454f0bd1,84cb40c15a60dafe446f67a75e05a478,fast,1h,spot,aster,ETH,1,2022-03-18T16:00:00+00:00,2022-04-11T09:00:00+00:00,2904.37716,3073.26116,4.975145874036394,14455.479924237226,15283.806610978298,11.895849049691936,59.48284406997912,828.3266867410712,5.73019153346982,trend_break,closed,2022-03-18T15:00:00+00:00,2898.58,3079.42,6.238916986938436,570
d85ad7e2888f47b79e6eead8595df555,3373070c20f099c3f75399421b5c21d6,1,4,20,0,765f63735710f67acc5437a88b5a3579,55d1743158d78be4f4d31b519c7881fa,fast,1h,futures,aster,BNB,1,2022-03-18T17:00:00+00:00,2022-03-20T17:00:00+00:00,395.4691596,386.4489532,39.30114351798213,15548.607154454732,15181.810617778325,12.292110388185018,61.45937976073898,-366.7965366764074,-2.3590314748631287,trend_break,closed,2022-03-18T16:00:00+00:00,394.6798,387.2234,-1.8892276726602097,49
d85ad7e2888f47b79e6eead8595df555,3373070c20f099c3f75399421b5c21d6,1,4,20,0,e977799542becd3182c878d9b27a9009,0b0b2fe9e6ebe3aab3d16ec8b04a0a63,fast,1h,futures,aster,SOL,1,2022-03-18T17:00:00+00:00,2022-03-18T17:00:00+00:00,91.0107582,90.6345676,109.14265641226886,9937.129174407499,9888.1406316531,7.930101353073615,39.650501133607,-48.98854275439953,-0.4929848640849581,trend_break,closed,2022-03-18T16:00:00+00:00,90.8291,90.8162,-0.014202496776916096,1
d85ad7e2888f47b79e6eead8595df555,f3264b4c3ebe6cc4e6b48806a6a8e133,1,4,20,0,2a804c1f96377bee6467f7ad4582df00,55d1743158d78be4f4d31b519c7881fa,fast,1h,spot,aster,BNB,0,2022-03-18T17:00:00+00:00,2022-03-20T17:00:00+00:00,395.4691596,386.4489532,39.32362665876815,15557.502099802063,15190.49572856524,12.299142378190304,61.49453904019225,-367.0063712368228,-2.3590314748631287,trend_break,closed,2022-03-18T16:00:00+00:00,394.6798,387.2234,-1.8892276726602097,49
d85ad7e2888f47b79e6eead8595df555,f3264b4c3ebe6cc4e6b48806a6a8e133,1,4,20,0,0e73dae9b9adf8421e7e318cdf4d1c0c,0b0b2fe9e6ebe3aab3d16ec8b04a0a63,fast,1h,spot,aster,SOL,1,2022-03-18T17:00:00+00:00,2022-03-18T17:00:00+00:00,91.0107582,90.6345676,109.26236850287368,9948.028620574403,9898.986345200132,7.93879940975366,39.69399141083008,-49.04227537427141,-0.49298486408495773,trend_break,closed,2022-03-18T16:00:00+00:00,90.8291,90.8162,-0.014202496776916096,1
d85ad7e2888f47b79e6eead8595df555,3373070c20f099c3f75399421b5c21d6,1,4,20,0,4520b23b3b7ee5455dd5c233339b4717,89aad9070e39ad5e09ee86752e84389c,fast,1h,futures,aster,BTC,1,2022-03-22T03:00:00+00:00,2022-04-06T22:00:00+00:00,41938.03866,43407.15172,0.37032027835121356,15536.718352535185,16068.118687980805,12.642021862983565,63.21253833450041,531.4003354456199,3.420286854584767,trend_break,closed,2022-03-22T02:00:00+00:00,41854.33,43494.14,3.9178981003876956,380
d85ad7e2888f47b79e6eead8595df555,3373070c20f099c3f75399421b5c21d6,1,4,20,0,eadc30b9ae69c44ceff1fcee66940822,ba653fe5991d41111d92ad2df0d7ea58,fast,1h,futures,aster,ETH,1,2022-03-22T03:00:00+00:00,2022-04-11T09:00:00+00:00,2971.05024,3073.26116,4.85693041394846,14435.95634573368,14920.644951771319,11.742719948014159,58.71582032865605,484.68860603763824,3.35750950217358,trend_break,closed,2022-03-22T02:00:00+00:00,2965.12,3079.42,3.8548186919922456,487
d85ad7e2888f47b79e6eead8595df555,f3264b4c3ebe6cc4e6b48806a6a8e133,1,4,20,0,91ff3274363a7eecbe86617add9bae0c,89aad9070e39ad5e09ee86752e84389c,fast,1h,spot,aster,BTC,1,2022-03-22T03:00:00+00:00,2022-04-06T22:00:00+00:00,41938.03866,43407.15172,0.37053200615279835,15545.601353042935,16077.305512587216,12.649249842797563,63.24867962234386,531.7041595442806,3.420286854584776,trend_break,closed,2022-03-22T02:00:00+00:00,41854.33,43494.14,3.9178981003876956,380
d85ad7e2888f47b79e6eead8595df555,f3264b4c3ebe6cc4e6b48806a6a8e133,1,4,20,0,1a3c3e3cd8f74dc7264002a17eea6e1b,ba653fe5991d41111d92ad2df0d7ea58,fast,1h,spot,aster,ETH,1,2022-03-22T03:00:00+00:00,2022-04-11T09:00:00+00:00,2971.05024,3073.26116,4.865899076570541,14462.613351508387,14948.196969047907,11.764403703905916,58.82424320858739,485.58361753951976,3.3575095021735857,trend_break,closed,2022-03-22T02:00:00+00:00,2965.12,3079.42,3.8548186919922456,487
d85ad7e2888f47b79e6eead8595df555,3373070c20f099c3f75399421b5c21d6,1,4,20,0,405e0039bd4ac61f0c71ad0587a93161,93fcf3262702e9a55b5c7af94ce50da1,fast,1h,futures,aster,SOL,1,2022-03-23T15:00:00+00:00,2022-04-09T02:00:00+00:00,95.09531100000001,108.445674,120.04546736034058,11420.327357193046,13013.20425388972,9.77366906852363,48.874951444686985,1592.8768966966745,13.947734131223546,trend_break,closed,2022-03-23T14:00:00+00:00,94.9055,108.663,14.495998651289966,396
d85ad7e2888f47b79e6eead8595df555,f3264b4c3ebe6cc4e6b48806a6a8e133,1,4,20,0,ada172097958d88610d77c289212408f,93fcf3262702e9a55b5c7af94ce50da1,fast,1h,spot,aster,SOL,1,2022-03-23T15:00:00+00:00,2022-04-09T02:00:00+00:00,95.09531100000001,108.445674,120.11468245874207,11426.912021313956,13020.707329455645,9.779304312245834,48.90313147220486,1593.795308141689,13.94773413122351,trend_break,closed,2022-03-23T14:00:00+00:00,94.9055,108.663,14.495998651289966,396
d85ad7e2888f47b79e6eead8595df555,3373070c20f099c3f75399421b5c21d6,1,4,20,0,33dbced8fe63ba0f042fb2a9ef602b09,62806f12a87648a1e3782313ee42403e,fast,1h,futures,aster,ETH,1,2022-04-01T15:00:00+00:00,2022-04-02T04:00:00+00:00,3430.848,3239.9020735536865,4.955839103232122,17009.531767915978,16050.010813405488,13.223665624962365,66.11480739488587,-959.5209545104899,-5.64107800027967,stop,closed,2022-04-01T14:00:00+00:00,3424,3246.394863280247,-5.187065908871292,14
d85ad7e2888f47b79e6eead8595df555,f3264b4c3ebe6cc4e6b48806a6a8e133,1,4,20,0,8e17e916fb6abbd4b8b6f262a85681c7,62806f12a87648a1e3782313ee42403e,fast,1h,spot,aster,ETH,1,2022-04-01T15:00:00+00:00,2022-04-02T04:00:00+00:00,3430.848,3239.9020735536865,4.958833953443127,17019.810753723046,16059.709953605547,13.231656783868505,66.15476106181345,-960.1008001174996,-5.641078000279643,stop,closed,2022-04-01T14:00:00+00:00,3424,3246.394863280247,-5.187065908871292,14
d85ad7e2888f47b79e6eead8595df555,3373070c20f099c3f75399421b5c21d6,1,4,20,0,8564694e9a0ec83ef9f3a3d20c1883d9,ca0047adf6732ba713320ea96b8cd31d,fast,1h,futures,aster,ETH,1,2022-04-03T23:00:00+00:00,2022-04-06T00:00:00+00:00,3551.52888,3308.046841456388,3.8466980370495554,13667.123834889293,12719.96726858167,10.55468658508763,52.769897597509654,-947.1565663076235,-6.93018207598099,stop,closed,2022-04-03T22:00:00+00:00,3544.44,3314.676193844076,-6.482372565367845,50
d85ad7e2888f47b79e6eead8595df555,f3264b4c3ebe6cc4e6b48806a6a8e133,1,4,20,0,f21990c3fcbe281fc684986dacedb97f,ca0047adf6732ba713320ea96b8cd31d,fast,1h,spot,aster,ETH,1,2022-04-03T23:00:00+00:00,2022-04-06T00:00:00+00:00,3551.52888,3308.046841456388,3.849044380352626,13675.460274134944,12727.725977408945,10.561124552910009,52.80208528020247,-947.7342967259992,-6.93018207598098,stop,closed,2022-04-03T22:00:00+00:00,3544.44,3314.676193844076,-6.482372565367845,50
d85ad7e2888f47b79e6eead8595df555,3373070c20f099c3f75399421b5c21d6,1,4,20,0,3584e77f1595e02f8455467b1aca711e,2c10932492d504affa43dd40de567a62,fast,1h,futures,aster,ETH,1,2022-04-19T14:00:00+00:00,2022-04-19T17:00:00+00:00,3100.64892,3084.77808,5.075561676073559,15743.829843242596,15650.718609478961,12.55780649254026,62.788961404837835,-93.11123376363503,-0.591414126617986,trend_break,closed,2022-04-19T13:00:00+00:00,3094.46,3090.96,-0.11310535602334637,4
d85ad7e2888f47b79e6eead8595df555,3373070c20f099c3f75399421b5c21d6,1,4,20,0,98e677a4a98ccf02acd297cb2607526a,bee6187f0d2e5eaed68c8ef39fa6d983,fast,1h,futures,aster,SOL,1,2022-04-19T14:00:00+00:00,2022-04-19T16:00:00+00:00,106.546167,105.8066626,100.96829791906275,10762.088245842928,10678.845383766067,8.576361505203508,42.88168038673679,-83.24286207686055,-0.7734824336625818,trend_break,closed,2022-04-19T13:00:00+00:00,106.3335,106.0187,-0.2960496927120859,3
d85ad7e2888f47b79e6eead8595df555,f3264b4c3ebe6cc4e6b48806a6a8e133,1,4,20,0,0a129e97d19cc6bef959b7920fa81ad8,2c10932492d504affa43dd40de567a62,fast,1h,spot,aster,ETH,1,2022-04-19T14:00:00+00:00,2022-04-19T17:00:00+00:00,3100.64892,3084.77808,5.078499598643328,15752.94295347217,15659.777823487262,12.565075414775041,62.82530597488083,-93.16512998490725,-0.5914141266179876,trend_break,closed,2022-04-19T13:00:00+00:00,3094.46,3090.96,-0.11310535602334637,4
d85ad7e2888f47b79e6eead8595df555,f3264b4c3ebe6cc4e6b48806a6a8e133,1,4,20,0,80dd1ecf0a18bfc0f4dd6ab207d13116,bee6187f0d2e5eaed68c8ef39fa6d983,fast,1h,spot,aster,SOL,1,2022-04-19T14:00:00+00:00,2022-04-19T16:00:00+00:00,106.546167,105.8066626,101.09829850843214,10775.94485077378,10692.594810291876,8.587403902404409,42.93689220904457,-83.35004048190422,-0.7734824336625958,trend_break,closed,2022-04-19T13:00:00+00:00,106.3335,106.0187,-0.2960496927120859,3
d85ad7e2888f47b79e6eead8595df555,3373070c20f099c3f75399421b5c21d6,1,4,20,0,4f02a93c6fc86a13479122dd7fb46395,483d383fefbebfc2dc3e49a4912fcd9d,fast,1h,futures,aster,BTC,1,2022-04-19T15:00:00+00:00,2022-04-19T15:00:00+00:00,41665.62492,41363.606999999996,0.37789082812700275,15751.355528450062,15624.675332468467,12.550394083599109,62.75176490584757,-126.6801959815948,-0.8042494866729745,trend_break,closed,2022-04-19T14:00:00+00:00,41582.46,41446.5,-0.326964782747341,1
d85ad7e2888f47b79e6eead8595df555,f3264b4c3ebe6cc4e6b48806a6a8e133,1,4,20,0,8fddf982c8a9d82456a3eff30cdf8360,483d383fefbebfc2dc3e49a4912fcd9d,fast,1h,spot,aster,BTC,1,2022-04-19T15:00:00+00:00,2022-04-19T15:00:00+00:00,41665.62492,41363.606999999996,0.378109534559741,15760.471713660203,15633.718200805852,12.557657694449595,62.788082841158705,-126.75351285435136,-0.8042494866729734,trend_break,closed,2022-04-19T14:00:00+00:00,41582.46,41446.5,-0.326964782747341,1
d85ad7e2888f47b79e6eead8595df555,3373070c20f099c3f75399421b5c21d6,1,4,20,0,9397b71bf557539457eb3973e72198af,fd73c88b560e18c9be59a4f471e3d6af,fast,1h,futures,aster,BNB,1,2022-04-20T10:00:00+00:00,2022-04-20T18:00:00+00:00,427.44829020000003,415.2536284,36.675612770871844,15683.198742134833,15223.589404387154,12.362643699137749,61.81167675561956,-459.6093377476791,-2.930584157636684,trend_break,closed,2022-04-20T09:00:00+00:00,426.5951,416.0858,-2.4635304062329832,9
d85ad7e2888f47b79e6eead8595df555,f3264b4c3ebe6cc4e6b48806a6a8e133,1,4,20,0,afb4bb0c52b6901b0c39dea232bb0964,fd73c88b560e18c9be59a4f471e3d6af,fast,1h,spot,aster,BNB,0,2022-04-20T10:00:00+00:00,2022-04-20T18:00:00+00:00,427.44829020000003,415.2536284,36.69681437197999,15692.26495531327,15232.389924558483,12.369790351110238,61.84740912422607,-459.8750307547871,-2.9305841576367038,trend_break,closed,2022-04-20T09:00:00+00:00,426.5951,416.0858,-2.4635304062329832,9
d85ad7e2888f47b79e6eead8595df555,3373070c20f099c3f75399421b5c21d6,1,4,20,0,bfbcb2fb596cf176f66359fc01648027,a146ede40016d82e366376c3a3f77744,fast,1h,futures,aster,ADA,1,2022-04-20T11:00:00+00:00,2022-04-20T11:00:00+00:00,0.9642145799999999,0.96313986,14752.595335244556,14230.35738208882,14203.129080781764,11.373392048362753,56.86712429067389,-27.228301307055517,-0.19133954668859326,trend_break,closed,2022-04-20T10:00:00+00:00,0.96229,0.96507,0.288894200293055,1
d85ad7e2888f47b79e6eead8595df555,f3264b4c3ebe6cc4e6b48806a6a8e133,1,4,20,0,e7aabc543782eefb32acaa6f7df46366,a146ede40016d82e366376c3a3f77744,fast,1h,spot,aster,ADA,1,2022-04-20T11:00:00+00:00,2022-04-20T11:00:00+00:00,0.9642145799999999,0.96313986,14761.123581072694,14238.583730281724,14211.339688717326,11.379966829347662,56.899998290432535,-27.244041564397776,-0.19133954668859982,trend_break,closed,2022-04-20T10:00:00+00:00,0.96229,0.96507,0.288894200293055,1
d85ad7e2888f47b79e6eead8595df555,3373070c20f099c3f75399421b5c21d6,1,4,20,0,7c104addd95593d268eecb3e1d7babe2,de434956676340b1aff5583e0ee86dbc,fast,1h,futures,aster,ETH,1,2022-04-21T11:00:00+00:00,2022-04-21T16:00:00+00:00,3135.73896,3072.77214,4.968385647488817,15585.792267312763,15260.610311580145,12.338510976606003,61.69155027545209,-325.181955732618,-2.086399909323856,trend_break,closed,2022-04-21T10:00:00+00:00,3129.48,3078.93,-1.6152843283868346,6
d85ad7e2888f47b79e6eead8595df555,f3264b4c3ebe6cc4e6b48806a6a8e133,1,4,20,0,eb0df455b6f7e1d2807ca3934683e184,de434956676340b1aff5583e0ee86dbc,fast,1h,spot,aster,ETH,1,2022-04-21T11:00:00+00:00,2022-04-21T16:00:00+00:00,3135.73896,3072.77214,4.971257793928674,15594.802171323647,15269.432232961915,12.345643677827075,61.727213200809445,-325.36993836173133,-2.0863999093238563,trend_break,closed,2022-04-21T10:00:00+00:00,3129.48,3078.93,-1.6152843283868346,6
d85ad7e2888f47b79e6eead8595df555,3373070c20f099c3f75399421b5c21d6,1,4,20,0,687af7bab2b5dfeb1640421c5bb67b5d,de20e534ffeac9190eb3d8b2e147313c,fast,1h,futures,aster,ADA,1,2022-04-21T14:00:00+00:00,2022-04-21T14:00:00+00:00,0.9694750799999999,0.9570121399999999,14029.825924513489,13607.00723719801,13421.343046353391,10.811312136959968,54.056077497595,-185.66419084461813,-1.3644748445276098,trend_break,closed,2022-04-21T13:00:00+00:00,0.96754,0.95893,-0.8898856894805407,1
d85ad7e2888f47b79e6eead8595df555,f3264b4c3ebe6cc4e6b48806a6a8e133,1,4,20,0,c487482443cbd33b7802fdec75059a0e,de20e534ffeac9190eb3d8b2e147313c,fast,1h,spot,aster,ADA,1,2022-04-21T14:00:00+00:00,2022-04-21T14:00:00+00:00,0.9694750799999999,0.9570121399999999,14037.936348590832,13614.873236370839,13429.101715946239,10.81756198829348,54.08732647493956,-185.77152042459966,-1.3644748445275916,trend_break,closed,2022-04-21T13:00:00+00:00,0.96754,0.95893,-0.8898856894805407,1
d85ad7e2888f47b79e6eead8595df555,3373070c20f099c3f75399421b5c21d6,1,4,20,0,882a923fcf960c10b44a98e6e0eba955,b6f0f07881fb635c84d96baa28db4fb3,fast,1h,futures,aster,ETH,1,2022-04-28T18:00:00+00:00,2022-04-28T18:00:00+00:00,2978.31474,2958.9202999999998,4.121268085641319,12279.343260351903,12189.625998826097,9.787574914921343,48.93775060686269,-89.71726152580595,-0.7306356669374093,trend_break,closed,2022-04-28T17:00:00+00:00,2972.37,2964.85,-0.2529967668897237,1
d85ad7e2888f47b79e6eead8595df555,f3264b4c3ebe6cc4e6b48806a6a8e133,1,4,20,0,15d55436c6e5973832572363d6344190,b6f0f07881fb635c84d96baa28db4fb3,fast,1h,spot,aster,ETH,1,2022-04-28T18:00:00+00:00,2022-04-28T18:00:00+00:00,2978.31474,2958.9202999999998,4.123650526598949,12286.441757636803,12196.672631958016,9.793232959695093,48.966040759067624,-89.76912567878753,-0.7306356669374217,trend_break,closed,2022-04-28T17:00:00+00:00,2972.37,2964.85,-0.2529967668897237,1
d85ad7e2888f47b79e6eead8595df555,3373070c20f099c3f75399421b5c21d6,1,4,20,0,4c69a328b9c8252020fa1f4845f0133a,3afe44dcea0be7b6afecd11b706cba24,fast,1h,futures,aster,ETH,1,2022-05-04T19:00:00+00:00,2022-05-04T19:00:00+00:00,2943.9762,2949.03012,5.02769061169981,14807.322062408404,14820.880323524785,11.851285019900658,59.2567637647429,13.55826111638089,0.09156457230576132,trend_break,closed,2022-05-04T18:00:00+00:00,2938.1,2954.94,0.5731595248630095,1
d85ad7e2888f47b79e6eead8595df555,f3264b4c3ebe6cc4e6b48806a6a8e133,1,4,20,0,0a37c92bd9ed589f76f555392b53cfa5,3afe44dcea0be7b6afecd11b706cba24,fast,1h,spot,aster,ETH,1,2022-05-04T19:00:00+00:00,2022-05-04T19:00:00+00:00,2943.9762,2949.03012,5.030597041416755,14815.881944906028,14829.448043842209,11.858136063376895,59.291019177901184,13.566098936180424,0.09156457230576609,trend_break,closed,2022-05-04T18:00:00+00:00,2938.1,2954.94,0.5731595248630095,1
d85ad7e2888f47b79e6eead8595df555,3373070c20f099c3f75399421b5c21d6,1,4,20,0,e5d8069040ba99e76d072c42befd25c2,e938e738275fb7b884f98a75409ac486,fast,1h,futures,aster,BNB,1,2022-05-04T20:00:00+00:00,2022-05-04T20:00:00+00:00,402.4965864,401.4217476,38.415628693983315,15468.34427750367,15414.700457969291,12.353211287691865,61.7661383405797,-53.64381953437805,-0.3467974242879682,trend_break,closed,2022-05-04T19:00:00+00:00,401.6932,402.2262,0.13268833029784766,1
d85ad7e2888f47b79e6eead8595df555,f3264b4c3ebe6cc4e6b48806a6a8e133,1,4,20,0,427393ff399187d2eafa7e0fc48e4ee3,e938e738275fb7b884f98a75409ac486,fast,1h,spot,aster,BNB,0,2022-05-04T20:00:00+00:00,2022-05-04T20:00:00+00:00,402.4965864,401.4217476,38.43783617122376,15477.286286659017,15423.611456467208,12.360352486934056,61.801844384137006,-53.674830191808724,-0.3467974242879704,trend_break,closed,2022-05-04T19:00:00+00:00,401.6932,402.2262,0.13268833029784766,1
d85ad7e2888f47b79e6eead8595df555,3373070c20f099c3f75399421b5c21d6,1,4,20,0,6c63ef17ccf6badc0fda656253574f7b,fb8a0f185f3ee0f20eeb1882b6a89217,fast,1h,futures,aster,ETH,1,2022-05-30T22:00:00+00:00,2022-05-30T22:00:00+00:00,1998.9298800000001,1995.3113799999999,5.88614124414259,11770.690004261325,11739.986734881577,9.404267287816825,47.02143932883308,-30.703269379748235,-0.26084511076778655,trend_break,closed,2022-05-30T21:00:00+00:00,1994.94,1999.31,0.21905420714407597,1
d85ad7e2888f47b79e6eead8595df555,f3264b4c3ebe6cc4e6b48806a6a8e133,1,4,20,0,4a19a31bf202b734659eae60c04fe0c5,fb8a0f185f3ee0f20eeb1882b6a89217,fast,1h,spot,aster,ETH,1,2022-05-30T22:00:00+00:00,2022-05-30T22:00:00+00:00,1998.9298800000001,1995.3113799999999,5.889543930813544,11777.494457012997,11746.773438550932,9.409703748415218,47.04862169130399,-30.72101846206533,-0.2608451107677853,trend_break,closed,2022-05-30T21:00:00+00:00,1994.94,1999.31,0.21905420714407597,1
d85ad7e2888f47b79e6eead8595df555,3373070c20f099c3f75399421b5c21d6,1,4,20,0,a26a3a98d3c844dc835d04b952688a7c,65db5735102b39a7ea675fb552399ef5,fast,1h,futures,aster,BTC,1,2022-06-06T01:00:00+00:00,2022-06-06T01:00:00+00:00,30377.24322,30765.375939999998,0.508449364022156,15451.468111953733,15636.378776263302,12.435170330620357,62.17688974399932,184.91066430956926,1.1967190623557424,trend_break,closed,2022-06-06T00:00:00+00:00,30316.61,30827.03,1.6836315142095382,1
d85ad7e2888f47b79e6eead8595df555,f3264b4c3ebe6cc4e6b48806a6a8e133,1,4,20,0,e5cc3d670dbb4d64da563e819447a868,65db5735102b39a7ea675fb552399ef5,fast,1h,spot,aster,BTC,1,2022-06-06T01:00:00+00:00,2022-06-06T01:00:00+00:00,30377.24322,30765.375939999998,0.5087432906885496,15460.400365260348,15645.417923547935,12.442358909110066,62.21283323655206,185.01755828758724,1.1967190623557413,trend_break,closed,2022-06-06T00:00:00+00:00,30316.61,30827.03,1.6836315142095382,1
d85ad7e2888f47b79e6eead8595df555,3373070c20f099c3f75399421b5c21d6,1,4,20,0,7a26d588a890eef215ede6ad8fa60ad8,082acf722e06f4934efebe3a12565daa,fast,1h,futures,aster,BTC,1,2022-06-07T20:00:00+00:00,2022-06-07T20:00:00+00:00,31115.74728,31275.204240000003,0.48230217873546577,15013.195583208593,15078.06550569054,12.03651674058993,60.18313206123478,64.86992248194656,0.43208604139214635,trend_break,closed,2022-06-07T19:00:00+00:00,31053.64,31337.88,0.9153194279317933,1
d85ad7e2888f47b79e6eead8595df555,3373070c20f099c3f75399421b5c21d6,1,4,20,0,2040cebf6f33909453d9045aac61380e,9f2f09a7a5df2de4b4fed6b79bd27140,fast,1h,futures,aster,ETH,1,2022-06-07T20:00:00+00:00,2022-06-07T20:00:00+00:00,1850.7441,1841.07048,6.132805768507367,11354.79419414798,11286.41128890864,9.056472700993442,45.282307328466366,-68.3829052393412,-0.6022381742029661,trend_break,closed,2022-06-07T19:00:00+00:00,1847.05,1844.76,-0.12398148398797826,1
d85ad7e2888f47b79e6eead8595df555,f3264b4c3ebe6cc4e6b48806a6a8e133,1,4,20,0,2a72827b0d05487ab0047b88450771b9,082acf722e06f4934efebe3a12565daa,fast,1h,spot,aster,BTC,1,2022-06-07T20:00:00+00:00,2022-06-07T20:00:00+00:00,31115.74728,31275.204240000003,0.48258099012086836,15021.87447798541,15086.781900760232,12.04347486364188,60.217922993491925,64.90742277482241,0.43208604139213375,trend_break,closed,2022-06-07T19:00:00+00:00,31053.64,31337.88,0.9153194279317933,1
d85ad7e2888f47b79e6eead8595df555,f3264b4c3ebe6cc4e6b48806a6a8e133,1,4,20,0,21956f05e3acdb7c6f7f9fdecf3e581e,9f2f09a7a5df2de4b4fed6b79bd27140,fast,1h,spot,aster,ETH,1,2022-06-07T20:00:00+00:00,2022-06-07T20:00:00+00:00,1850.7441,1841.07048,6.144367736933914,11376.200998295737,11307.68917310994,9.073546558437691,45.36767650977998,-68.51182518579662,-0.6022381742029729,trend_break,closed,2022-06-07T19:00:00+00:00,1847.05,1844.76,-0.12398148398797826,1
d85ad7e2888f47b79e6eead8595df555,3373070c20f099c3f75399421b5c21d6,1,4,20,0,8f56063c2b044f7345d0aca2269ca34f,1a8067f87ef7c123cfd002541e9cfe10,fast,1h,futures,aster,BNB,1,2022-07-07T15:00:00+00:00,2022-07-07T15:00:00+00:00,241.87187820000003,240.0306766,64.00731514336826,15487.762160078692,15357.573673547624,12.33811547739116,61.69035274688255,-130.1884865310676,-0.8405893968764699,trend_break,closed,2022-07-07T14:00:00+00:00,241.3891,240.5117,-0.3634795440225047,1
d85ad7e2888f47b79e6eead8595df555,3373070c20f099c3f75399421b5c21d6,1,4,20,0,f5e4893bf8f6e06b41c0e12456e99602,6543dd98aee782b10f676376493fc544,fast,1h,futures,aster,BTC,1,2022-07-07T15:00:00+00:00,2022-07-07T15:00:00+00:00,20970.757800000003,20849.89664,0.635602002436176,13334.387272544172,13246.935160549308,10.632516682102143,53.162488782084594,-87.45211199486403,-0.6558389988787116,trend_break,closed,2022-07-07T14:00:00+00:00,20928.9,20891.68,-0.17784021138235184,1
d85ad7e2888f47b79e6eead8595df555,3373070c20f099c3f75399421b5c21d6,1,4,20,0,49c50bda462aa0f0744fcb41a03fb373,ec2144b422a878631893ee4e4c4d7179,fast,1h,futures,aster,ETH,1,2022-07-07T15:00:00+00:00,2022-07-07T15:00:00+00:00,1226.5983,1217.04104,7.953705113589334,9759.903571498397,9676.113549078762,7.774394685730426,38.871824853440614,-83.79002241963462,-0.8585128101503435,trend_break,closed,2022-07-07T14:00:00+00:00,1224.15,1219.48,-0.38148919658539393,1
d85ad7e2888f47b79e6eead8595df555,3373070c20f099c3f75399421b5c21d6,1,4,20,0,360654fc636896c94b46bd5d4e6b5276,d0f326c69282a05852b542f1a448ede8,fast,1h,futures,aster,SOL,1,2022-07-07T15:00:00+00:00,2022-07-07T15:00:00+00:00,38.52189,38.1967534,217.8785188400927,8396.449573055428,8318.923154470158,6.6861377565653015,33.43053914385977,-77.52641858527022,-0.9233238157477403,trend_break,closed,2022-07-07T14:00:00+00:00,38.445,38.2733,-0.4466120431785736,1
d85ad7e2888f47b79e6eead8595df555,f3264b4c3ebe6cc4e6b48806a6a8e133,1,4,20,0,cf4286cb7537c44322f5260975d42483,1a8067f87ef7c123cfd002541e9cfe10,fast,1h,spot,aster,BNB,0,2022-07-07T15:00:00+00:00,2022-07-07T15:00:00+00:00,241.87187820000003,240.0306766,64.04424286214748,15496.697509488144,15366.433913357367,12.345233702200217,61.72594374132633,-130.26359613077693,-0.8405893968764674,trend_break,closed,2022-07-07T14:00:00+00:00,241.3891,240.5117,-0.3634795440225047,1
d85ad7e2888f47b79e6eead8595df555,f3264b4c3ebe6cc4e6b48806a6a8e133,1,4,20,0,58771e1c8c53637e312f96ee28e7360e,6543dd98aee782b10f676376493fc544,fast,1h,spot,aster,BTC,1,2022-07-07T15:00:00+00:00,2022-07-07T15:00:00+00:00,20970.757800000003,20849.89664,0.6352025424434938,13326.006942995342,13238.609792469893,10.625834410775518,53.12907748492306,-87.39715052544852,-0.6558389988787137,trend_break,closed,2022-07-07T14:00:00+00:00,20928.9,20891.68,-0.17784021138235184,1
d85ad7e2888f47b79e6eead8595df555,f3264b4c3ebe6cc4e6b48806a6a8e133,1,4,20,0,2b07f779eb96debf5eff26ccd6fcf9b3,ec2144b422a878631893ee4e4c4d7179,fast,1h,spot,aster,ETH,1,2022-07-07T15:00:00+00:00,2022-07-07T15:00:00+00:00,1226.5983,1217.04104,7.942997717955236,9746.764644746872,9663.087421696517,7.763928680450256,38.819495027053904,-83.67722305035568,-0.8585128101503349,trend_break,closed,2022-07-07T14:00:00+00:00,1224.15,1219.48,-0.38148919658539393,1
d85ad7e2888f47b79e6eead8595df555,f3264b4c3ebe6cc4e6b48806a6a8e133,1,4,20,0,324b3b0805520f53bca7279cd4dd9a89,d0f326c69282a05852b542f1a448ede8,fast,1h,spot,aster,SOL,1,2022-07-07T15:00:00+00:00,2022-07-07T15:00:00+00:00,38.52189,38.1967534,217.41509436392306,8378.590445566435,8301.228924558556,6.671916437713265,33.35943286787952,-77.36152100787876,-0.9233238157477304,trend_break,closed,2022-07-07T14:00:00+00:00,38.445,38.2733,-0.4466120431785736,1
d85ad7e2888f47b79e6eead8595df555,3373070c20f099c3f75399421b5c21d6,1,4,20,0,b3988d2a45af56ba4df9ce1b4814693d,31cad242778596e051fd6a7b7ce4dc9e,fast,1h,futures,aster,BNB,1,2022-07-14T16:00:00+00:00,2022-07-14T16:00:00+00:00,237.01788960000002,234.9873834,58.68562677064705,13915.10722439484,13784.865725272131,11.079970114022148,55.3995955223768,-130.24149912270877,-0.9359719405854086,trend_break,closed,2022-07-14T15:00:00+00:00,236.5448,235.4583,-0.45932102502358463,1
d85ad7e2888f47b79e6eead8595df555,3373070c20f099c3f75399421b5c21d6,1,4,20,0,cd7014c468c32a4e7d3055b400313bc7,d258f9dd63aa87d36777608e0fa9578b,fast,1h,futures,aster,ETH,1,2022-07-14T16:00:00+00:00,2022-07-14T16:00:00+00:00,1143.5826,1137.8397599999998,8.307994015100675,9504.677747531898,9449.384649857098,7.581617325118744,37.908047411861965,-55.293097674799355,-0.5817461585076616,trend_break,closed,2022-07-14T15:00:00+00:00,1141.3,1140.12,-0.10339087006046022,1
d85ad7e2888f47b79e6eead8595df555,f3264b4c3ebe6cc4e6b48806a6a8e133,1,4,20,0,b56a5881d9c00ff4743a90df3482a850,31cad242778596e051fd6a7b7ce4dc9e,fast,1h,spot,aster,BNB,0,2022-07-14T16:00:00+00:00,2022-07-14T16:00:00+00:00,237.01788960000002,234.9873834,58.719847034773274,13923.221283505507,13792.90383906628,11.08643097206656,55.43189966387759,-130.31744443922616,-0.9359719405854016,trend_break,closed,2022-07-14T15:00:00+00:00,236.5448,235.4583,-0.45932102502358463,1
d85ad7e2888f47b79e6eead8595df555,f3264b4c3ebe6cc4e6b48806a6a8e133,1,4,20,0,613c98a5e50640766bf4c6c6cfb49b41,d258f9dd63aa87d36777608e0fa9578b,fast,1h,spot,aster,ETH,1,2022-07-14T16:00:00+00:00,2022-07-14T16:00:00+00:00,1143.5826,1137.8397599999998,8.302360774059496,9498.233094265026,9442.977488113032,7.576476604290496,37.88234383430963,-55.25560615199356,-0.5817461585076971,trend_break,closed,2022-07-14T15:00:00+00:00,1141.3,1140.12,-0.10339087006046022,1
d85ad7e2888f47b79e6eead8595df555,3373070c20f099c3f75399421b5c21d6,1,4,20,0,21d4acfe06466797b26e67b6c099fc19,9caea61bc4f7f45af960031740a34b5c,fast,1h,futures,aster,SOL,1,2022-07-14T18:00:00+00:00,2022-07-14T18:00:00+00:00,36.6292122,36.5638258,236.89308731375672,8680.678046794294,8658.252890733283,6.935569896677245,34.677926236746515,-22.425156061010057,-0.25833415247201214,trend_break,closed,2022-07-14T17:00:00+00:00,36.5561,36.6371,0.22157724702578374,1
d85ad7e2888f47b79e6eead8595df555,f3264b4c3ebe6cc4e6b48806a6a8e133,1,4,20,0,d09a8806fbab37b8dbb68d8589166a9f,9caea61bc4f7f45af960031740a34b5c,fast,1h,spot,aster,SOL,1,2022-07-14T18:00:00+00:00,2022-07-14T18:00:00+00:00,36.6292122,36.5638258,237.031437373321,8685.747727545433,8663.309474767622,6.939620401144042,34.69817880390592,-22.438252777810703,-0.2583341524720024,trend_break,closed,2022-07-14T17:00:00+00:00,36.5561,36.6371,0.22157724702578374,1
d85ad7e2888f47b79e6eead8595df555,3373070c20f099c3f75399421b5c21d6,1,4,20,0,8332a20363ba2f8da121945cc0bf6c35,1b6073582fdd1c0b880a298fa8b329ba,fast,1h,futures,aster,ADA,1,2022-07-18T06:00:00+00:00,2022-07-18T06:00:00+00:00,0.4726935,0.47356097999999996,22620.250654825137,10696.722431087748,10707.783240717454,8.561805408340488,42.80927676926967,11.060809629705545,0.10340372671127424,trend_break,closed,2022-07-18T05:00:00+00:00,0.47175,0.47451,0.5850556438791621,1
d85ad7e2888f47b79e6eead8595df555,3373070c20f099c3f75399421b5c21d6,1,4,20,0,987f7c3c2699f058086c319bdea9f5e5,14b50b805988a5635c19fe61cbea6a86,fast,1h,futures,aster,BTC,1,2022-07-18T06:00:00+00:00,2022-07-18T19:00:00+00:00,21902.798160000002,21557.5485,0.595318318132735,13044.352617797167,12828.470074678431,10.349096191638731,51.74486580386916,-215.88254311873607,-1.6549885566892373,trend_break,closed,2022-07-18T05:00:00+00:00,21859.08,21600.75,-1.1817972211090377,14
d85ad7e2888f47b79e6eead8595df555,f3264b4c3ebe6cc4e6b48806a6a8e133,1,4,20,0,7c1259af5151ef6a15548249e6e6ee0c,1b6073582fdd1c0b880a298fa8b329ba,fast,1h,spot,aster,ADA,1,2022-07-18T06:00:00+00:00,2022-07-18T06:00:00+00:00,0.4726935,0.47356097999999996,22633.461310572595,10702.96952002675,10714.036789379232,8.566805665214396,42.83427819948485,11.067269352481162,0.10340372671129032,trend_break,closed,2022-07-18T05:00:00+00:00,0.47175,0.47451,0.5850556438791621,1
d85ad7e2888f47b79e6eead8595df555,f3264b4c3ebe6cc4e6b48806a6a8e133,1,4,20,0,2f435516b8d94e0cbd411a70e35f1b0b,14b50b805988a5635c19fe61cbea6a86,fast,1h,spot,aster,BTC,1,2022-07-18T06:00:00+00:00,2022-07-18T19:00:00+00:00,21902.798160000002,21557.5485,0.5959514393831739,13058.225291607121,12842.113157324322,10.360102459247486,51.79989648769609,-216.11213428279916,-1.6549885566892488,trend_break,closed,2022-07-18T05:00:00+00:00,21859.08,21600.75,-1.1817972211090377,14
d85ad7e2888f47b79e6eead8595df555,3373070c20f099c3f75399421b5c21d6,1,4,20,0,4eedddaef7669fbc3a055dadf072a000,935433fdd7d6d91f9f5933dc0ada4981,fast,1h,futures,aster,ADA,1,2022-07-27T19:00:00+00:00,2022-08-02T03:00:00+00:00,0.4945872,0.49019764,18977.669932357327,9389.867079422547,9299.087889935106,7.475568659163729,37.377659591973696,-90.77918948744082,-0.9667782165562189,trend_break,closed,2022-07-27T18:00:00+00:00,0.4936,0.49118,-0.4902755267423009,129
d85ad7e2888f47b79e6eead8595df555,3373070c20f099c3f75399421b5c21d6,1,4,20,0,69214ddf72b9547a816796c7803b1555,df80fb15f7a55d0dae2668ae675b3a32,fast,1h,futures,aster,BNB,1,2022-07-27T19:00:00+00:00,2022-08-19T00:00:00+00:00,267.89512080000003,293.27766920000005,52.00731172922594,13938.078060207514,15246.482132039086,11.67403528939578,58.37569026216843,1308.4040718315719,9.38726319496658,trend_break,closed,2022-07-27T18:00:00+00:00,267.3604,293.8654,9.91358480911908,534
d85ad7e2888f47b79e6eead8595df555,3373070c20f099c3f75399421b5c21d6,1,4,20,0,41c0175ec1e138bdee2e9e1509f181c8,c1cc3a44ba735cfe808a52092facabe6,fast,1h,futures,aster,BTC,1,2022-07-27T19:00:00+00:00,2022-08-04T18:00:00+00:00,22606.663080000002,22492.5248,0.6044540282222677,13670.154438794967,13590.258941361157,10.904154313447549,54.52071368472001,-79.8954974338103,-0.5844520469137666,trend_break,closed,2022-07-27T18:00:00+00:00,22561.54,22537.6,-0.10610977796728926,192
d85ad7e2888f47b79e6eead8595df555,3373070c20f099c3f75399421b5c21d6,1,4,20,0,5360b0fa634220748ffaec1a3f6cbc3c,669c2a4d8c8cf2757dfa82aba5808b69,fast,1h,futures,aster,ETH,1,2022-07-27T19:00:00+00:00,2022-08-19T13:00:00+00:00,1584.93354,1686.5701000000001,4.878103515626974,7734.5624614585095,8223.972628747673,6.383493363068178,31.919577668294167,489.41016728916384,6.327574051252481,trend_break,closed,2022-07-27T18:00:00+00:00,1581.77,1689.95,6.839173836904222,547
d85ad7e2888f47b79e6eead8595df555,f3264b4c3ebe6cc4e6b48806a6a8e133,1,4,20,0,582547b47aa5be67199dae797a2a2e0b,935433fdd7d6d91f9f5933dc0ada4981,fast,1h,spot,aster,ADA,1,2022-07-27T19:00:00+00:00,2022-08-02T03:00:00+00:00,0.4945872,0.49019764,18988.727612172508,9395.338253915594,9304.506170304963,7.479924433342755,37.39943835583048,-90.83208361063043,-0.9667782165562302,trend_break,closed,2022-07-27T18:00:00+00:00,0.4936,0.49118,-0.4902755267423009,129
d85ad7e2888f47b79e6eead8595df555,f3264b4c3ebe6cc4e6b48806a6a8e133,1,4,20,0,491c2fdd24b80dc487865acb85fc179d,df80fb15f7a55d0dae2668ae675b3a32,fast,1h,spot,aster,BNB,0,2022-07-27T19:00:00+00:00,2022-08-19T00:00:00+00:00,267.89512080000003,293.27766920000005,52.127906073975446,13970.397619416603,15281.835613334582,11.701104995356301,58.511051577383455,1311.4379939179798,9.387263194966565,trend_break,closed,2022-07-27T18:00:00+00:00,267.3604,293.8654,9.91358480911908,534
d85ad7e2888f47b79e6eead8595df555,f3264b4c3ebe6cc4e6b48806a6a8e133,1,4,20,0,f67ee65fb2c200377156b428221f7d2e,c1cc3a44ba735cfe808a52092facabe6,fast,1h,spot,aster,BTC,1,2022-07-27T19:00:00+00:00,2022-08-04T18:00:00+00:00,22606.663080000002,22492.5248,0.6059383051720619,13703.722409535943,13623.63072341003,10.93093018745744,54.65459291263509,-80.09168612591384,-0.5844520469137701,trend_break,closed,2022-07-27T18:00:00+00:00,22561.54,22537.6,-0.10610977796728926,192
d85ad7e2888f47b79e6eead8595df555,f3264b4c3ebe6cc4e6b48806a6a8e133,1,4,20,0,e23d9abc91c32d45c2b8670f6283eadf,669c2a4d8c8cf2757dfa82aba5808b69,fast,1h,spot,aster,ETH,1,2022-07-27T19:00:00+00:00,2022-08-19T13:00:00+00:00,1584.93354,1686.5701000000001,4.896338663314623,7763.475519234388,8254.715181664802,6.4073559038826104,32.03889826307944,491.2396624304138,6.327574051252478,trend_break,closed,2022-07-27T18:00:00+00:00,1581.77,1689.95,6.839173836904222,547
d85ad7e2888f47b79e6eead8595df555,3373070c20f099c3f75399421b5c21d6,1,4,20,0,dab97e15063eef09ad4ef88f6bf79404,3524c173df170df04c80e677f6012fa1,fast,1h,futures,aster,SOL,1,2022-07-27T20:00:00+00:00,2022-08-02T23:00:00+00:00,39.4840104,39.7006396,196.3881442844395,7757.293207976057,7793.616243974154,6.220370587725138,31.102147520842113,36.32303599809711,0.4682436904763343,trend_break,closed,2022-07-27T19:00:00+00:00,39.4052,39.7802,0.9516510511303089,148
d85ad7e2888f47b79e6eead8595df555,f3264b4c3ebe6cc4e6b48806a6a8e133,1,4,20,0,dc11d0e6001ba159eb71d4576ce6536b,3524c173df170df04c80e677f6012fa1,fast,1h,spot,aster,SOL,1,2022-07-27T20:00:00+00:00,2022-08-02T23:00:00+00:00,39.4840104,39.7006396,196.50374746709988,7761.859511033398,7798.203928457449,6.224032186748277,31.120455689362583,36.344417424051244,0.46824369047633563,trend_break,closed,2022-07-27T19:00:00+00:00,39.4052,39.7802,0.9516510511303089,148
d85ad7e2888f47b79e6eead8595df555,3373070c20f099c3f75399421b5c21d6,1,4,20,0,4ff76ed29d5d93eb0187e62033818f55,1790a485db61f780aac4777583e9d0a2,fast,1h,futures,aster,BNB,1,2022-08-02T17:00:00+00:00,2022-08-19T00:00:00+00:00,291.04733280000005,293.27766920000005,37.86019160070554,11023.515427796185,11099.107328621092,8.84906261312106,44.2458278127703,75.5919008249075,0.6857331612590648,trend_break,closed,2022-08-02T16:00:00+00:00,290.4664,293.8654,1.1701869820399224,392
d85ad7e2888f47b79e6eead8595df555,3373070c20f099c3f75399421b5c21d6,1,4,20,0,212ee6a0cd8bac219085ecb35ca991bf,ab552ee8490cabc461e54d4e77011d5c,fast,1h,futures,aster,ETH,1,2022-08-02T17:00:00+00:00,2022-08-19T13:00:00+00:00,1672.85904,1686.5701000000001,5.271948221138814,8822.753930640041,8887.953634425503,7.084294591465959,35.42190378093842,65.19970378546168,0.7389949249183221,trend_break,closed,2022-08-02T16:00:00+00:00,1669.52,1689.95,1.2237050170108787,405
d85ad7e2888f47b79e6eead8595df555,f3264b4c3ebe6cc4e6b48806a6a8e133,1,4,20,0,6de59adcb5b4e2cb7ec28a9128685631,1790a485db61f780aac4777583e9d0a2,fast,1h,spot,aster,BNB,0,2022-08-02T17:00:00+00:00,2022-08-19T00:00:00+00:00,291.04733280000005,293.27766920000005,37.88393805634715,11030.42953491116,11106.068848061359,8.85461287221717,44.27357943110766,75.63931315019909,0.6857331612590578,trend_break,closed,2022-08-02T16:00:00+00:00,290.4664,293.8654,1.1701869820399224,392
d85ad7e2888f47b79e6eead8595df555,f3264b4c3ebe6cc4e6b48806a6a8e133,1,4,20,0,5e954277b07e6a1537803287a22abbb6,ab552ee8490cabc461e54d4e77011d5c,fast,1h,spot,aster,ETH,1,2022-08-02T17:00:00+00:00,2022-08-19T13:00:00+00:00,1672.85904,1686.5701000000001,5.268257219785069,8816.576935848785,8881.730991956227,7.079334728464538,35.39710416430269,65.15405610744165,0.73899492491832,trend_break,closed,2022-08-02T16:00:00+00:00,1669.52,1689.95,1.2237050170108787,405
d85ad7e2888f47b79e6eead8595df555,3373070c20f099c3f75399421b5c21d6,1,4,20,0,52383375ee5dd872759dd67339bf108e,a864ab3068fb51bc6fd4e15afe6215e4,fast,1h,futures,aster,BNB,1,2022-08-06T18:00:00+00:00,2022-08-18T00:00:00+00:00,321.0451086,302.32772354998184,46.392996837499055,14900.20240585753,14020.278766893578,11.568053532206775,57.837025586794496,-879.9236389639518,-5.905447556994518,stop,closed,2022-08-06T17:00:00+00:00,320.4043,302.9335907314447,-5.452707491302478,271
d85ad7e2888f47b79e6eead8595df555,f3264b4c3ebe6cc4e6b48806a6a8e133,1,4,20,0,5243d83726d717782025344842762f73,a864ab3068fb51bc6fd4e15afe6215e4,fast,1h,spot,aster,BNB,0,2022-08-06T18:00:00+00:00,2022-08-18T00:00:00+00:00,321.0451086,302.32772354998184,46.423681421984426,14910.057482070284,14029.551856748887,11.575704706740371,57.87527931513665,-880.505625321397,-5.905447556994512,stop,closed,2022-08-06T17:00:00+00:00,320.4043,302.9335907314447,-5.452707491302478,271
d85ad7e2888f47b79e6eead8595df555,3373070c20f099c3f75399421b5c21d6,1,4,20,0,db2e62539cdceb7f365ef3cf8157ed6b,6ad350b74246a74b0f4169c03134cea9,fast,1h,futures,aster,BTC,1,2022-08-08T07:00:00+00:00,2022-08-09T14:00:00+00:00,23781.34776,22830.46284447242,0.6938229381453527,16506.64459372996,15833.962690446171,12.936137354347906,64.67830650190182,-672.6819032837902,-4.075218918442747,stop,closed,2022-08-08T06:00:00+00:00,23733.88,22876.215275022463,-3.6136726273897857,32
d85ad7e2888f47b79e6eead8595df555,f3264b4c3ebe6cc4e6b48806a6a8e133,1,4,20,0,e143b84cca637e90184c610bc350fa02,6ad350b74246a74b0f4169c03134cea9,fast,1h,spot,aster,BTC,1,2022-08-08T07:00:00+00:00,2022-08-09T14:00:00+00:00,23781.34776,22830.46284447242,0.6942888630197255,16517.729347326043,15844.595716066642,12.944824395147975,64.72174010747285,-673.1336312594012,-4.075218918442751,stop,closed,2022-08-08T06:00:00+00:00,23733.88,22876.215275022463,-3.6136726273897857,32
d85ad7e2888f47b79e6eead8595df555,3373070c20f099c3f75399421b5c21d6,1,4,20,0,2db4f72b79bce862e3488e39d5aa1aea,7b1695bac472704df6c57df6cd915518,fast,1h,futures,aster,ADA,1,2022-08-10T13:00:00+00:00,2022-08-18T23:00:00+00:00,0.5359096799999999,0.5078563364805956,31120.622809246684,16684.51414830853,15798.483566702924,12.99305940000103,64.96206469817511,-886.030581605608,-5.310496750038318,stop,closed,2022-08-10T12:00:00+00:00,0.53484,0.5088740846498954,-4.854894052446457,203
d85ad7e2888f47b79e6eead8595df555,3373070c20f099c3f75399421b5c21d6,1,4,20,0,9d828e1d5da5efcb3b4d81bfb6bde7b2,e171bbfa6ec43c5818590e9eb6e42d05,fast,1h,futures,aster,BNB,1,2022-08-10T13:00:00+00:00,2022-08-17T12:00:00+00:00,331.1065914,309.9205294296556,8.237104006975557,2728.450374529261,2551.826495755078,2.112082826226384,10.55975832298142,-176.62387877418269,-6.473413642520641,stop,closed,2022-08-10T12:00:00+00:00,330.4457,310.5416126549655,-6.0234063705578595,168
d85ad7e2888f47b79e6eead8595df555,f3264b4c3ebe6cc4e6b48806a6a8e133,1,4,20,0,1fc4d0be079b20ba063fdb0dc89ba935,7b1695bac472704df6c57df6cd915518,fast,1h,spot,aster,ADA,1,2022-08-10T13:00:00+00:00,2022-08-18T23:00:00+00:00,0.5359096799999999,0.5078563364805956,31141.932266135394,16695.938660508422,15809.301380553732,13.001956234773068,65.00654665875709,-886.6372799546898,-5.310496750038312,stop,closed,2022-08-10T12:00:00+00:00,0.53484,0.5088740846498954,-4.854894052446457,203
d85ad7e2888f47b79e6eead8595df555,f3264b4c3ebe6cc4e6b48806a6a8e133,1,4,20,0,dfa77b3675b193556a44d12f62bd7142,e171bbfa6ec43c5818590e9eb6e42d05,fast,1h,spot,aster,BNB,0,2022-08-10T13:00:00+00:00,2022-08-17T12:00:00+00:00,331.1065914,309.9205294296556,8.049057859386156,2666.162150247452,2493.5704458816112,2.0638657539974474,10.318687933384522,-172.59170436584054,-6.473413642520653,stop,closed,2022-08-10T12:00:00+00:00,330.4457,310.5416126549655,-6.0234063705578595,168
d85ad7e2888f47b79e6eead8595df555,3373070c20f099c3f75399421b5c21d6,1,4,20,0,4c218dda05b47c9a8ee5a399f540c573,9e7631c012ad8d90d1047f87f6702a6f,fast,1h,futures,aster,ADA,1,2022-09-06T01:00:00+00:00,2022-09-06T17:00:00+00:00,0.50563926,0.47253261551618114,24286.60120104473,12285.171162835055,11471.620703053082,9.502588098695785,47.50991434164956,-813.5504597819727,-6.622215099803536,stop,closed,2022-09-06T00:00:00+00:00,0.50463,0.47347957466551216,-6.1729237925783,17
d85ad7e2888f47b79e6eead8595df555,3373070c20f099c3f75399421b5c21d6,1,4,20,0,46669e912715ca80c1e32f1786f6a11a,c77ee719235bf3cd6c50887d52eaea15,fast,1h,futures,aster,BNB,1,2022-09-06T01:00:00+00:00,2022-09-06T01:00:00+00:00,283.7535744,282.0389916,53.43023677211587,15167.085073392247,15063.382336116736,12.092172306113198,60.460736931253834,-103.70273727551103,-0.6837354493213575,trend_break,closed,2022-09-06T00:00:00+00:00,283.1872,282.6042,-0.20587088681974786,1
d85ad7e2888f47b79e6eead8595df555,3373070c20f099c3f75399421b5c21d6,1,4,20,0,f44e550bee7c5a197a3e2c2f6be9d4a9,10bff26df030fa5188cd04b59578cb73,fast,1h,futures,aster,BTC,1,2022-09-06T01:00:00+00:00,2022-09-06T01:00:00+00:00,20143.66692,19732.69552,0.7526445272024085,15167.085073392247,14845.764607963452,12.005090382082273,60.02445474673016,-321.3204654287947,-2.1185380307023536,trend_break,closed,2022-09-06T00:00:00+00:00,20103.46,19772.24,-1.647577083745766,1
d85ad7e2888f47b79e6eead8595df555,3373070c20f099c3f75399421b5c21d6,1,4,20,0,1e881eaa979014705970698d2198ef9d,9b92a738bd0075b9a5a2c15e6ba1c3f2,fast,1h,futures,aster,ETH,1,2022-09-06T01:00:00+00:00,2022-09-06T17:00:00+00:00,1666.14564,1585.4527400000002,7.944605461293077,13242.16449875399,12590.758178227343,10.333066499071888,51.66297485424275,-651.4063205266466,-4.919183118348515,trend_break,closed,2022-09-06T00:00:00+00:00,1662.82,1588.63,-4.461697598056302,17
d85ad7e2888f47b79e6eead8595df555,3373070c20f099c3f75399421b5c21d6,1,4,20,0,20ba8686c3c4034d077fb7dc1b9eca3b,c3b3eb5c5971c180cfdacc6d874e1c4e,fast,1h,futures,aster,SOL,1,2022-09-06T01:00:00+00:00,2022-09-06T01:00:00+00:00,33.2420514,32.47492,428.4402339568704,14247.92917193392,13907.996897601635,11.262317840621185,56.31049976527902,-339.9322743322846,-2.385836357201265,trend_break,closed,2022-09-06T00:00:00+00:00,33.1757,32.54,-1.9161615278652788,1
d85ad7e2888f47b79e6eead8595df555,f3264b4c3ebe6cc4e6b48806a6a8e133,1,4,20,0,63dd856a48c2519494f7fef08015afe5,9e7631c012ad8d90d1047f87f6702a6f,fast,1h,spot,aster,ADA,1,2022-09-06T01:00:00+00:00,2022-09-06T17:00:00+00:00,0.50563926,0.47253261551618114,24303.155664203026,12293.545097570714,11479.440097818228,9.509065342806071,47.54229849948671,-814.104999752486,-6.622215099803544,stop,closed,2022-09-06T00:00:00+00:00,0.50463,0.47347957466551216,-6.1729237925783,17
d85ad7e2888f47b79e6eead8595df555,f3264b4c3ebe6cc4e6b48806a6a8e133,1,4,20,0,168b3f19ef6d8e20d62a828a522640e0,c77ee719235bf3cd6c50887d52eaea15,fast,1h,spot,aster,BNB,0,2022-09-06T01:00:00+00:00,2022-09-06T01:00:00+00:00,283.7535744,282.0389916,53.32959233834223,15138.515432278382,15035.008035766909,12.069394757137836,60.34684942107985,-103.50739651147342,-0.6837354493213692,trend_break,closed,2022-09-06T00:00:00+00:00,283.1872,282.6042,-0.20587088681974786,1
d85ad7e2888f47b79e6eead8595df555,f3264b4c3ebe6cc4e6b48806a6a8e133,1,4,20,0,6283aa2cd74340d2dd84438ae76a7802,10bff26df030fa5188cd04b59578cb73,fast,1h,spot,aster,BTC,1,2022-09-06T01:00:00+00:00,2022-09-06T01:00:00+00:00,20143.66692,19732.69552,0.7505581171843787,15125.040313751118,14804.61058254524,11.971811005251311,59.85806062681826,-320.42973120587885,-2.118538030702346,trend_break,closed,2022-09-06T00:00:00+00:00,20103.46,19772.24,-1.647577083745766,1
d85ad7e2888f47b79e6eead8595df555,f3264b4c3ebe6cc4e6b48806a6a8e133,1,4,20,0,3d3ac9b79c7d2d1f6d4d65fdf6f1f0d9,9b92a738bd0075b9a5a2c15e6ba1c3f2,fast,1h,spot,aster,ETH,1,2022-09-06T01:00:00+00:00,2022-09-06T17:00:00+00:00,1666.14564,1585.4527400000002,7.892731641296298,13155.700588000605,12508.547585575203,10.265597367445515,51.3256445901857,-647.1530024254025,-4.919183118348518,trend_break,closed,2022-09-06T00:00:00+00:00,1662.82,1588.63,-4.461697598056302,17
d85ad7e2888f47b79e6eead8595df555,f3264b4c3ebe6cc4e6b48806a6a8e133,1,4,20,0,feb98487779194d671db0649aa1fdd38,c3b3eb5c5971c180cfdacc6d874e1c4e,fast,1h,spot,aster,SOL,1,2022-09-06T01:00:00+00:00,2022-09-06T01:00:00+00:00,33.2420514,32.47492,424.43154079272153,14114.618684850771,13777.86698058728,11.156942171013284,55.783631610544504,-336.7517042634918,-2.385836357201258,trend_break,closed,2022-09-06T00:00:00+00:00,33.1757,32.54,-1.9161615278652788,1
d85ad7e2888f47b79e6eead8595df555,3373070c20f099c3f75399421b5c21d6,1,4,20,0,eb878de3406d9557ac664f816afc8d72,d18d252338c5f355adc355a3ad716f5b,fast,1h,futures,aster,BNB,1,2022-09-09T04:00:00+00:00,2022-09-13T12:00:00+00:00,286.064487,282.8452758,51.43958401819081,14720.924228942615,14543.623551330988,11.705792616927841,58.5285348192385,-177.30067761162718,-1.2044126771812238,trend_break,closed,2022-09-09T03:00:00+00:00,285.4935,283.4121,-0.7290533759962914,105
d85ad7e2888f47b79e6eead8595df555,3373070c20f099c3f75399421b5c21d6,1,4,20,0,f7a2968193a2f413d42b8af668632df3,2cdb206760d8f06b3227c4aa9bffecba,fast,1h,futures,aster,BTC,1,2022-09-09T04:00:00+00:00,2022-09-09T04:00:00+00:00,19989.9,20322.43368,0.736123653127687,14720.924228942615,14953.840191318357,11.86994493384956,59.35094121664189,232.9159623757423,1.5822101843158007,trend_break,closed,2022-09-09T03:00:00+00:00,19950,20363.16,2.0709774436090234,1
d85ad7e2888f47b79e6eead8595df555,f3264b4c3ebe6cc4e6b48806a6a8e133,1,4,20,0,5b61b0ced89d6cfe76a6c05874e7aaf2,d18d252338c5f355adc355a3ad716f5b,fast,1h,spot,aster,BNB,0,2022-09-09T04:00:00+00:00,2022-09-13T12:00:00+00:00,286.064487,282.8452758,51.481278404223914,14732.856283007215,14555.411894223786,11.715280754235117,58.5759751586441,-177.44438878342953,-1.2044126771812251,trend_break,closed,2022-09-09T03:00:00+00:00,285.4935,283.4121,-0.7290533759962914,105
d85ad7e2888f47b79e6eead8595df555,f3264b4c3ebe6cc4e6b48806a6a8e133,1,4,20,0,cb6922afd2b1bfafea3d3eeb10475ce8,2cdb206760d8f06b3227c4aa9bffecba,fast,1h,spot,aster,BTC,1,2022-09-09T04:00:00+00:00,2022-09-09T04:00:00+00:00,19989.9,20322.43368,0.7381926993911536,14762.300800855848,14995.87142756632,11.903308167198448,59.51776080277496,233.57062671047242,1.5822101843157885,trend_break,closed,2022-09-09T03:00:00+00:00,19950,20363.16,2.0709774436090234,1
d85ad7e2888f47b79e6eead8595df555,3373070c20f099c3f75399421b5c21d6,1,4,20,0,f193c01ebc222725565a3f7be594f1e4,ed4a1313da2964263030f06b9dc9c7af,fast,1h,futures,aster,ETH,1,2022-09-09T05:00:00+00:00,2022-09-13T12:00:00+00:00,1700.16354,1627.26894,5.693337834304741,9683.477248950197,9260.885985961897,7.577678891791383,37.886885952164334,-422.5912629883005,-4.364044569156336,trend_break,closed,2022-09-09T04:00:00+00:00,1696.77,1630.53,-3.9038879753885314,104
d85ad7e2888f47b79e6eead8595df555,f3264b4c3ebe6cc4e6b48806a6a8e133,1,4,20,0,d1cc270815bef52717f45fbd0bce1054,ed4a1313da2964263030f06b9dc9c7af,fast,1h,spot,aster,ETH,1,2022-09-09T05:00:00+00:00,2022-09-13T12:00:00+00:00,1700.16354,1627.26894,5.697988427402858,9691.38718048252,9268.450724556758,7.583868705601756,37.917833788995054,-422.93645592576104,-4.364044569156339,trend_break,closed,2022-09-09T04:00:00+00:00,1696.77,1630.53,-3.9038879753885314,104
d85ad7e2888f47b79e6eead8595df555,3373070c20f099c3f75399421b5c21d6,1,4,20,0,6ab48035d9c7e6df19ccec06eaeaa0d6,b0fe3e8cba18212bb5a3fc59c6211775,fast,1h,futures,aster,ADA,1,2022-09-10T00:00:00+00:00,2022-09-13T12:00:00+00:00,0.5031042,0.47127052367848155,24795.418762534497,12479.669191917983,11680.675845052861,9.664011722094715,48.31709456151125,-798.9933468651216,-6.402359987094542,stop,closed,2022-09-09T23:00:00+00:00,0.5021,0.47221495358565285,-5.95201083735255,85
d85ad7e2888f47b79e6eead8595df555,f3264b4c3ebe6cc4e6b48806a6a8e133,1,4,20,0,f0d5a0e5a6ad5b6c5447907a24f12d6a,b0fe3e8cba18212bb5a3fc59c6211775,fast,1h,spot,aster,ADA,1,2022-09-10T00:00:00+00:00,2022-09-13T12:00:00+00:00,0.5031042,0.47127052367848155,24815.672484009658,12489.863000150703,11690.217008986127,9.671905607801044,48.356561568909264,-799.6459911645761,-6.402359987094555,stop,closed,2022-09-09T23:00:00+00:00,0.5021,0.47221495358565285,-5.95201083735255,85
d85ad7e2888f47b79e6eead8595df555,3373070c20f099c3f75399421b5c21d6,1,4,20,0,69f9052d8e4f92a54ce8938cf3c1c717,c5c4f580abb1444104bcff73ac4329bd,fast,1h,futures,aster,SOL,1,2022-09-12T10:00:00+00:00,2022-09-13T14:00:00+00:00,37.5184872,34.76234237727528,286.3632971401961,10748.215265383567,9950.677115881123,8.279430671110863,41.39416189732658,-797.5381495024449,-7.420191443979081,stop,closed,2022-09-12T09:00:00+00:00,37.4436,34.83200639005539,-6.974739634929906,29
d85ad7e2888f47b79e6eead8595df555,f3264b4c3ebe6cc4e6b48806a6a8e133,1,4,20,0,f2fd5c16f102cb60839ebccfb404516c,c5c4f580abb1444104bcff73ac4329bd,fast,1h,spot,aster,SOL,1,2022-09-12T10:00:00+00:00,2022-09-13T14:00:00+00:00,37.5184872,34.76234237727528,286.59720188999586,10756.994528045894,9958.804940446535,8.2861934028539,41.427973112585164,-798.1895875993596,-7.420191443979084,stop,closed,2022-09-12T09:00:00+00:00,37.4436,34.83200639005539,-6.974739634929906,29
d85ad7e2888f47b79e6eead8595df555,3373070c20f099c3f75399421b5c21d6,1,4,20,0,c4c7c556480d8294799db3038aad7b0d,345cb4322fdc29a18a10c914208728d9,fast,1h,futures,aster,BTC,1,2022-09-26T09:00:00+00:00,2022-09-26T09:00:00+00:00,19317.98886,19046.4308,0.7413989532002866,14328.065653426294,14115.355455778767,11.377336230424199,56.88610336508878,-212.71019764752782,-1.4845702329446129,trend_break,closed,2022-09-26T08:00:00+00:00,19279.43,19084.6,-1.0105589221258149,1
d85ad7e2888f47b79e6eead8595df555,f3264b4c3ebe6cc4e6b48806a6a8e133,1,4,20,0,588d869d896ccef4a779ac2a257cf90e,345cb4322fdc29a18a10c914208728d9,fast,1h,spot,aster,BTC,1,2022-09-26T09:00:00+00:00,2022-09-26T09:00:00+00:00,19317.98886,19046.4308,0.7420045865714389,14339.769951990944,14126.885995810951,11.386630139548593,56.932572438728556,-212.8839561799923,-1.4845702329446042,trend_break,closed,2022-09-26T08:00:00+00:00,19279.43,19084.6,-1.0105589221258149,1
d85ad7e2888f47b79e6eead8595df555,3373070c20f099c3f75399421b5c21d6,1,4,20,0,c921b563b4018e6544461366aecde0af,9bf72186d286642d43685a2c4b0788e9,fast,1h,futures,aster,BTC,1,2022-09-27T02:00:00+00:00,2022-09-27T02:00:00+00:00,19809.039,20011.2473,0.7208726621826174,14285.506597080977,14419.790890299815,11.482142317582003,57.41152429974936,134.28429321883777,0.9400037184979964,trend_break,closed,2022-09-27T01:00:00+00:00,19769.5,20051.35,1.4256809732163145,1
d85ad7e2888f47b79e6eead8595df555,f3264b4c3ebe6cc4e6b48806a6a8e133,1,4,20,0,48e1903448161557b79f35f1a0b8cb79,9bf72186d286642d43685a2c4b0788e9,fast,1h,spot,aster,BTC,1,2022-09-27T02:00:00+00:00,2022-09-27T02:00:00+00:00,19809.039,20011.2473,0.7214615280539335,14297.176130038451,14431.570117301022,11.491521840617246,57.45842257881296,134.3939872625706,0.9400037184980049,trend_break,closed,2022-09-27T01:00:00+00:00,19769.5,20051.35,1.4256809732163145,1
d85ad7e2888f47b79e6eead8595df555,3373070c20f099c3f75399421b5c21d6,1,4,20,0,caca14a35047ec57afc294691f1f8a5e,8bddfba0cd33741abe4782287e3193b4,fast,1h,futures,aster,BNB,1,2022-09-30T15:00:00+00:00,2022-10-01T16:00:00+00:00,289.3379208,278.9981854,49.44616833595861,14312.374198468202,13789.873084219105,11.240817111427381,56.20226532500965,-522.5011142490966,-3.6506948952258242,trend_break,closed,2022-09-30T14:00:00+00:00,288.7604,279.5573,-3.1871059882172204,26
d85ad7e2888f47b79e6eead8595df555,3373070c20f099c3f75399421b5c21d6,1,4,20,0,3a72019543626aa9966502ea4aa97eb1,03ae9348463f6902aff8f03c028b2b28,fast,1h,futures,aster,BTC,1,2022-09-30T15:00:00+00:00,2022-09-30T15:00:00+00:00,20037.15432,19709.621759999998,0.6085412334008805,12198.311977578076,11989.319888680953,9.675020855772726,48.3745005085935,-208.9920888971228,-1.7132869636493533,trend_break,closed,2022-09-30T14:00:00+00:00,19997.16,19749.12,-1.2403761334109475,1
d85ad7e2888f47b79e6eead8595df555,3373070c20f099c3f75399421b5c21d6,1,4,20,0,a7b0e3623bc25cc4b93adef5d9c7aedf,febff686a7f3aec3ed78b288d7e36860,fast,1h,futures,aster,ETH,1,2022-09-30T15:00:00+00:00,2022-09-30T15:00:00+00:00,1363.29114,1348.85688,7.403151467222569,10096.687863663867,9981.79747352916,8.031377037435114,40.15661837759669,-114.89039013470756,-1.1379017722056861,trend_break,closed,2022-09-30T14:00:00+00:00,1360.57,1351.56,-0.6622224508845531,1
d85ad7e2888f47b79e6eead8595df555,3373070c20f099c3f75399421b5c21d6,1,4,20,0,307973a51da86ea1eebfc317d4e8e78e,7ea1e1ba9cc5cb10cec03b461798df77,fast,1h,futures,aster,SOL,1,2022-09-30T15:00:00+00:00,2022-09-30T19:00:00+00:00,35.1345288,33.578508400000004,277.8295845921467,9765.316105961352,9325.371398779913,7.636205832536291,38.17945264648664,-439.9447071814393,-4.505176303641312,trend_break,closed,2022-09-30T14:00:00+00:00,35.0644,33.6458,-4.0456987714034724,5
d85ad7e2888f47b79e6eead8595df555,f3264b4c3ebe6cc4e6b48806a6a8e133,1,4,20,0,a45dc4d7465e04aaff55c31ae39fdb1c,8bddfba0cd33741abe4782287e3193b4,fast,1h,spot,aster,BNB,0,2022-09-30T15:00:00+00:00,2022-10-01T16:00:00+00:00,289.3379208,278.9981854,49.48655988155036,14324.065679009946,13801.137744477535,11.249999500925387,56.24817578558995,-522.9279345324103,-3.6506948952258234,trend_break,closed,2022-09-30T14:00:00+00:00,288.7604,279.5573,-3.1871059882172204,26
d85ad7e2888f47b79e6eead8595df555,f3264b4c3ebe6cc4e6b48806a6a8e133,1,4,20,0,da209db9d0c4c49d0559e5ef91d6365f,03ae9348463f6902aff8f03c028b2b28,fast,1h,spot,aster,BTC,1,2022-09-30T15:00:00+00:00,2022-09-30T15:00:00+00:00,20037.15432,19709.621759999998,0.6078997115279989,12185.452563102386,11976.680792877078,9.664821485279987,48.32350429262215,-208.7717702253085,-1.7132869636493477,trend_break,closed,2022-09-30T14:00:00+00:00,19997.16,19749.12,-1.2403761334109475,1
d85ad7e2888f47b79e6eead8595df555,f3264b4c3ebe6cc4e6b48806a6a8e133,1,4,20,0,86603055e6b51bca66f3f9d8fd043be3,febff686a7f3aec3ed78b288d7e36860,fast,1h,spot,aster,ETH,1,2022-09-30T15:00:00+00:00,2022-09-30T15:00:00+00:00,1363.29114,1348.85688,7.37672174324904,10060.642042574698,9946.16181847697,8.002704508017533,40.01325668303603,-114.48022409772784,-1.1379017722056861,trend_break,closed,2022-09-30T14:00:00+00:00,1360.57,1351.56,-0.6622224508845531,1
d85ad7e2888f47b79e6eead8595df555,f3264b4c3ebe6cc4e6b48806a6a8e133,1,4,20,0,be452bd193f96f1654802a260a6b6b87,7ea1e1ba9cc5cb10cec03b461798df77,fast,1h,spot,aster,SOL,1,2022-09-30T15:00:00+00:00,2022-09-30T19:00:00+00:00,35.1345288,33.578508400000004,276.48598723727673,9718.090563337084,9280.273450111219,7.5992767705254884,37.99481496054147,-437.8171132258649,-4.5051763036413135,trend_break,closed,2022-09-30T14:00:00+00:00,35.0644,33.6458,-4.0456987714034724,5
d85ad7e2888f47b79e6eead8595df555,3373070c20f099c3f75399421b5c21d6,1,4,20,0,ca0a390fdefee44189981723fe9b924a,54cd5c5e376d153759b444c02d56d646,fast,1h,futures,aster,BNB,1,2022-10-04T14:00:00+00:00,2022-10-06T21:00:00+00:00,296.94089640000004,286.05127191574695,47.31374508560481,14055.005632111694,13528.743298050342,11.033417135438107,55.16524542250451,-526.2623340613518,-3.7443053943642104,stop,closed,2022-10-04T13:00:00+00:00,296.3482,286.6245209576623,-3.281166898377552,56
d85ad7e2888f47b79e6eead8595df555,f3264b4c3ebe6cc4e6b48806a6a8e133,1,4,20,0,7a7b5204614cef17130d5c7ba136af95,54cd5c5e376d153759b444c02d56d646,fast,1h,spot,aster,BNB,0,2022-10-04T14:00:00+00:00,2022-10-06T21:00:00+00:00,296.94089640000004,286.05127191574695,47.354672615773154,14067.163550830319,13540.445987162544,11.042961307260768,55.21296468975315,-526.7175636677748,-3.744305394364204,stop,closed,2022-10-04T13:00:00+00:00,296.3482,286.6245209576623,-3.281166898377552,56
d85ad7e2888f47b79e6eead8595df555,3373070c20f099c3f75399421b5c21d6,1,4,20,0,c89753d634b9311f47ab4fe4c94691ef,858dd1cff5d4a17e70849a211774cef1,fast,1h,futures,aster,SOL,1,2022-10-17T14:00:00+00:00,2022-10-17T14:00:00+00:00,31.0854468,30.779517600000002,437.95001799916673,13619.317534366368,13474.4983308109,10.837504908999124,54.1872053670225,-144.81920355546754,-1.0633367141197592,trend_break,closed,2022-10-17T13:00:00+00:00,31.0234,30.8412,-0.5872986197515417,1
d85ad7e2888f47b79e6eead8595df555,f3264b4c3ebe6cc4e6b48806a6a8e133,1,4,20,0,5820cff7d90da431bc0c12da7e96424a,858dd1cff5d4a17e70849a211774cef1,fast,1h,spot,aster,SOL,1,2022-10-17T14:00:00+00:00,2022-10-17T14:00:00+00:00,31.0854468,30.779517600000002,438.32885532310837,13631.098572376603,13486.154096718667,10.846879612022741,54.234078606043944,-144.94447565793598,-1.063336714119768,trend_break,closed,2022-10-17T13:00:00+00:00,31.0234,30.8412,-0.5872986197515417,1
d85ad7e2888f47b79e6eead8595df555,3373070c20f099c3f75399421b5c21d6,1,4,20,0,b1bdebe791f0c5be54e9eb10506d1387,9c85a9d4fa9bc71d3d3d099b87bb628b,fast,1h,futures,aster,ADA,1,2022-10-23T23:00:00+00:00,2022-10-23T23:00:00+00:00,0.361722,0.36134586,38469.23761960075,13920.735638065318,13895.13947129851,11.126347728574485,55.63190329120943,-25.596166766808892,-0.18387079125917666,trend_break,closed,2022-10-23T22:00:00+00:00,0.361,0.36207,0.29639889196675373,1
d85ad7e2888f47b79e6eead8595df555,f3264b4c3ebe6cc4e6b48806a6a8e133,1,4,20,0,525082ab1165957698bb20f1c3914e59,9c85a9d4fa9bc71d3d3d099b87bb628b,fast,1h,spot,aster,ADA,1,2022-10-23T23:00:00+00:00,2022-10-23T23:00:00+00:00,0.361722,0.36134586,38502.5144375821,13932.777410002027,13907.159101933876,11.135972287600637,55.68002622876497,-25.618308068151237,-0.1838707912591816,trend_break,closed,2022-10-23T22:00:00+00:00,0.361,0.36207,0.29639889196675373,1
d85ad7e2888f47b79e6eead8595df555,3373070c20f099c3f75399421b5c21d6,1,4,20,0,0a96e1bc68957e240c36270525535fb9,ad1c5c2fd4d70c50d865f7509df4dc24,fast,1h,futures,aster,ADA,1,2022-10-25T14:00:00+00:00,2022-10-25T14:00:00+00:00,0.36781416,0.37035779999999996,37818.147993225335,13915.614357018616,14000.643592409011,11.166518571091686,55.83320097127816,85.02923539039512,0.6110347212051687,trend_break,closed,2022-10-25T13:00:00+00:00,0.36708,0.3711,1.0951291271657393,1
d85ad7e2888f47b79e6eead8595df555,3373070c20f099c3f75399421b5c21d6,1,4,20,0,480b44e3e6cbedab202d272272879cc6,fd1ca7fa4018f79034bcbf106bc2a297,fast,1h,futures,aster,BTC,1,2022-10-25T14:00:00+00:00,2022-11-08T03:00:00+00:00,19521.434940000003,20103.452520000003,0.7125526570990821,13915.614357018616,14319.038602587243,11.293927538750042,56.47152245253244,403.42424556862716,2.8990760682093217,trend_break,closed,2022-10-25T13:00:00+00:00,19482.47,20143.74,3.3941794854553953,326
d85ad7e2888f47b79e6eead8595df555,f3264b4c3ebe6cc4e6b48806a6a8e133,1,4,20,0,bbf2b3c2ea350f5f3841e579bc538ca5,ad1c5c2fd4d70c50d865f7509df4dc24,fast,1h,spot,aster,ADA,1,2022-10-25T14:00:00+00:00,2022-10-25T14:00:00+00:00,0.36781416,0.37035779999999996,37850.86160298299,13927.651698923752,14012.754486652697,11.176177878865076,55.88149803617996,85.10278772894526,0.6110347212051657,trend_break,closed,2022-10-25T13:00:00+00:00,0.36708,0.3711,1.0951291271657393,1
d85ad7e2888f47b79e6eead8595df555,f3264b4c3ebe6cc4e6b48806a6a8e133,1,4,20,0,d47103a049a69e8db4f013859eb45272,fd1ca7fa4018f79034bcbf106bc2a297,fast,1h,spot,aster,BTC,1,2022-10-25T14:00:00+00:00,2022-11-08T03:00:00+00:00,19521.434940000003,20103.452520000003,0.7143861871337459,13951.421811555754,14355.884142469504,11.322988907261275,56.61683414492224,404.4623309137496,2.8990760682093315,trend_break,closed,2022-10-25T13:00:00+00:00,19482.47,20143.74,3.3941794854553953,326
d85ad7e2888f47b79e6eead8595df555,3373070c20f099c3f75399421b5c21d6,1,4,20,0,bc85ded3a1c92117c9ab76619c6a8cdf,5a9b43e9b00355299e7a12315543c7e3,fast,1h,futures,aster,SOL,1,2022-10-25T15:00:00+00:00,2022-10-25T15:00:00+00:00,29.139462599999998,29.652077000000002,440.64630851234347,12845.332705374183,13060.851838465855,10.362509958598904,51.81366057420902,215.5191330916714,1.6778010973705904,trend_break,closed,2022-10-25T14:00:00+00:00,29.0813,29.7115,2.1670282965342125,1
d85ad7e2888f47b79e6eead8595df555,f3264b4c3ebe6cc4e6b48806a6a8e133,1,4,20,0,c86a313f69623474234bee9cc038b1e2,5a9b43e9b00355299e7a12315543c7e3,fast,1h,spot,aster,SOL,1,2022-10-25T15:00:00+00:00,2022-10-25T15:00:00+00:00,29.139462599999998,29.652077000000002,441.0291619110102,12856.493310122833,13072.199695963449,10.371513374898388,51.85867862080328,215.70638584061635,1.677801097370582,trend_break,closed,2022-10-25T14:00:00+00:00,29.0813,29.7115,2.1670282965342125,1
d85ad7e2888f47b79e6eead8595df555,3373070c20f099c3f75399421b5c21d6,1,4,20,0,38e2806ef610d9551ac54a704776dc53,ec275415e97542e93003797aa7bcabbf,fast,1h,futures,aster,SOL,1,2022-11-04T07:00:00+00:00,2022-11-07T06:00:00+00:00,32.525421,31.8324076,296.42580793752376,9645.230748112475,9432.17276257,7.6309285359438705,38.15397358738568,-213.05798554247485,-2.2089464846050393,trend_break,closed,2022-11-04T06:00:00+00:00,32.4605,31.8962,-1.738420541889385,72
d85ad7e2888f47b79e6eead8595df555,f3264b4c3ebe6cc4e6b48806a6a8e133,1,4,20,0,ca41cf2a5ceceb788145cb23a0a2d297,ec275415e97542e93003797aa7bcabbf,fast,1h,spot,aster,SOL,1,2022-11-04T07:00:00+00:00,2022-11-07T06:00:00+00:00,32.525421,31.8324076,296.6877702358058,9653.75459032384,9440.508317668486,7.637672265820868,38.187691645469364,-213.24627265535491,-2.2089464846050273,trend_break,closed,2022-11-04T06:00:00+00:00,32.4605,31.8962,-1.738420541889385,72
d85ad7e2888f47b79e6eead8595df555,3373070c20f099c3f75399421b5c21d6,1,4,20,0,27887e58e2f76cb771d4abbed57b97c0,0095c9d32d7160bdebb82bac17d476b2,fast,1h,futures,aster,ETH,1,2022-11-04T15:00:00+00:00,2022-11-06T23:00:00+00:00,1664.38212,1564.0880064592307,7.545868809711905,12564.232810400876,11797.681942423747,9.744644812134144,48.72039171734493,-766.5508679771283,-6.101055906434375,stop,closed,2022-11-04T14:00:00+00:00,1661.06,1567.2224513619547,-5.649257018894282,57
d85ad7e2888f47b79e6eead8595df555,f3264b4c3ebe6cc4e6b48806a6a8e133,1,4,20,0,34285594b955ab0e50775cd1159ca0ae,0095c9d32d7160bdebb82bac17d476b2,fast,1h,spot,aster,ETH,1,2022-11-04T15:00:00+00:00,2022-11-06T23:00:00+00:00,1664.38212,1564.0880064592307,7.552565269882273,12575.38273716316,11808.151605920737,9.753292540779366,48.763627847053414,-767.2311312424226,-6.101055906434382,stop,closed,2022-11-04T14:00:00+00:00,1661.06,1567.2224513619547,-5.649257018894282,57
d85ad7e2888f47b79e6eead8595df555,3373070c20f099c3f75399421b5c21d6,1,4,20,0,ed0d6e867ec224ae46dda305800d9a8b,76d7f003f2407cb74d39b00908b4cabf,fast,1h,futures,aster,SOL,1,2022-11-23T21:00:00+00:00,2022-11-23T21:00:00+00:00,14.2427286,14.099245,368.77506013727486,5254.464041222278,5197.370142796066,4.1807252074996235,20.903497998797235,-57.093898426212036,-1.0865789161044677,trend_break,closed,2022-11-23T20:00:00+00:00,14.2143,14.1275,-0.6106526526103995,1
d85ad7e2888f47b79e6eead8595df555,f3264b4c3ebe6cc4e6b48806a6a8e133,1,4,20,0,814186ab7139a544baf2cb561abcae80,76d7f003f2407cb74d39b00908b4cabf,fast,1h,spot,aster,SOL,1,2022-11-23T21:00:00+00:00,2022-11-23T21:00:00+00:00,14.2427286,14.099245,369.0976195822837,5259.060005505558,5201.916168300452,4.184381996009571,20.921781829354334,-57.14383720510614,-1.086578916104473,trend_break,closed,2022-11-23T20:00:00+00:00,14.2143,14.1275,-0.6106526526103995,1
d85ad7e2888f47b79e6eead8595df555,3373070c20f099c3f75399421b5c21d6,1,4,20,0,93a9ad31e2039166a674c369ce11e89b,25aad1d9f911473b97bc09a61a8d8a09,fast,1h,futures,aster,ETH,1,2022-11-24T02:00:00+00:00,2022-11-24T02:00:00+00:00,1207.27974,1197.6,8.167978031679601,9864.978808169624,9778.057702543194,7.85720195406054,39.28585065809064,-86.92110562643029,-0.8811078798714407,trend_break,closed,2022-11-24T01:00:00+00:00,1204.87,1200,-0.40419298347538213,1
d85ad7e2888f47b79e6eead8595df555,f3264b4c3ebe6cc4e6b48806a6a8e133,1,4,20,0,a35eeb052ab15db5e944e04fe9131f73,25aad1d9f911473b97bc09a61a8d8a09,fast,1h,spot,aster,ETH,1,2022-11-24T02:00:00+00:00,2022-11-24T02:00:00+00:00,1207.27974,1197.6,8.175122382655402,9873.607488450234,9786.610354841923,7.864074476027402,39.320213128753,-86.99713360831083,-0.8811078798714324,trend_break,closed,2022-11-24T01:00:00+00:00,1204.87,1200,-0.40419298347538213,1
d85ad7e2888f47b79e6eead8595df555,3373070c20f099c3f75399421b5c21d6,1,4,20,0,e8e51492f781022cb4773cc4afd5d811,9e9acc08031074934bd187979ff4af36,fast,1h,futures,aster,BNB,1,2022-11-26T03:00:00+00:00,2022-11-28T01:00:00+00:00,308.43063,290.7465995567933,41.8498697333286,12912.94479994338,12162.84023393331,10.03019560165141,50.14821830364864,-750.1045660100699,-5.8089349689883205,stop,closed,2022-11-26T02:00:00+00:00,307.815,291.3292580729392,-5.355730528746427,47
d85ad7e2888f47b79e6eead8595df555,f3264b4c3ebe6cc4e6b48806a6a8e133,1,4,20,0,2c797da88c670aa137edcd64a53493d4,9e9acc08031074934bd187979ff4af36,fast,1h,spot,aster,BNB,0,2022-11-26T03:00:00+00:00,2022-11-28T01:00:00+00:00,308.43063,290.7465995567933,41.886474895157754,12924.239469128846,12173.47880313083,10.03896879343232,50.19208184870017,-750.7606659980156,-5.808934968988317,stop,closed,2022-11-26T02:00:00+00:00,307.815,291.3292580729392,-5.355730528746427,47
d85ad7e2888f47b79e6eead8595df555,3373070c20f099c3f75399421b5c21d6,1,4,20,0,f5f93c4a35cf3c75421b24c59984814a,3364563b4eb1cfbb90551aa3b6dba292,fast,1h,futures,aster,ADA,1,2022-11-30T01:00:00+00:00,2022-11-30T01:00:00+00:00,0.31899671999999996,0.31512848,42872.22506544123,13681.569614647526,13504.855015442758,10.874543317627172,54.372270716995175,-176.7145992047681,-1.2916251876215792,trend_break,closed,2022-11-30T00:00:00+00:00,0.31836,0.31576,-0.8166855132554329,1
d85ad7e2888f47b79e6eead8595df555,3373070c20f099c3f75399421b5c21d6,1,4,20,0,7ec3bc9657e8cb4be4736eb50668ccca,8bee44fcc1a680606a4b6dfbe13e50f6,fast,1h,futures,aster,BTC,1,2022-11-30T01:00:00+00:00,2022-11-30T01:00:00+00:00,16882.76814,16845.97054,0.8100626071251331,13681.569614647526,13640.83229885951,10.928955996065248,54.64487932640438,-40.73731578801562,-0.29775323252678654,trend_break,closed,2022-11-30T00:00:00+00:00,16849.07,16879.73,0.1819685003386029,1
d85ad7e2888f47b79e6eead8595df555,3373070c20f099c3f75399421b5c21d6,1,4,20,0,a4fc4cce1a0733ae40ab2d78ff57dc4e,bb608bb38c0df6738b35b0cbe3424bef,fast,1h,futures,aster,ETH,1,2022-11-30T01:00:00+00:00,2022-11-30T01:00:00+00:00,1279.2433800000001,1272.2005,10.690771895944877,13681.569614647526,13595.365029266457,10.910761810553822,54.55372609237919,-86.20458538106868,-0.6300781840760274,trend_break,closed,2022-11-30T00:00:00+00:00,1276.69,1274.75,-0.15195544728947574,1
d85ad7e2888f47b79e6eead8595df555,f3264b4c3ebe6cc4e6b48806a6a8e133,1,4,20,0,51e33dc1d7c8471f35114fe4b32cdafe,3364563b4eb1cfbb90551aa3b6dba292,fast,1h,spot,aster,ADA,1,2022-11-30T01:00:00+00:00,2022-11-30T01:00:00+00:00,0.31899671999999996,0.31512848,42909.72445902346,13693.536583075671,13516.66741549249,10.884055041809258,54.41982894791191,-176.86916758318148,-1.2916251876215847,trend_break,closed,2022-11-30T00:00:00+00:00,0.31836,0.31576,-0.8166855132554329,1
d85ad7e2888f47b79e6eead8595df555,f3264b4c3ebe6cc4e6b48806a6a8e133,1,4,20,0,4f5cdb21e4a9579ed1ef1ba7afc538f6,8bee44fcc1a680606a4b6dfbe13e50f6,fast,1h,spot,aster,BTC,1,2022-11-30T01:00:00+00:00,2022-11-30T01:00:00+00:00,16882.76814,16845.97054,0.8090609814507215,13664.652636537754,13623.965691598905,10.915442567814285,54.577312062310185,-40.68694493884868,-0.2977532325267921,trend_break,closed,2022-11-30T00:00:00+00:00,16849.07,16879.73,0.1819685003386029,1
d85ad7e2888f47b79e6eead8595df555,f3264b4c3ebe6cc4e6b48806a6a8e133,1,4,20,0,3b29ffb0fab38c3341d5c1bcbd7b1607,bb608bb38c0df6738b35b0cbe3424bef,fast,1h,spot,aster,ETH,1,2022-11-30T01:00:00+00:00,2022-11-30T01:00:00+00:00,1279.2433800000001,1272.2005,10.67631447717983,13663.067659577551,13576.979650979007,10.896006893502351,54.47995161931141,-86.08800859854455,-0.6300781840760226,trend_break,closed,2022-11-30T00:00:00+00:00,1276.69,1274.75,-0.15195544728947574,1
d85ad7e2888f47b79e6eead8595df555,3373070c20f099c3f75399421b5c21d6,1,4,20,0,e2a09ccb94b3f24284e295e451ab0c42,6c02571dad3085844f2db831f8f368d8,fast,1h,futures,aster,ADA,1,2022-11-30T22:00:00+00:00,2022-11-30T22:00:00+00:00,0.32055984,0.31875122,42473.71684145701,13620.814022052726,13533.13364152451,10.861566774420695,54.30774382782376,-87.68038052821612,-0.6437234983625615,trend_break,closed,2022-11-30T21:00:00+00:00,0.31992,0.31939,-0.16566641660413772,1
d85ad7e2888f47b79e6eead8595df555,f3264b4c3ebe6cc4e6b48806a6a8e133,1,4,20,0,dcd85a361bd258f5010e933f91465864,6c02571dad3085844f2db831f8f368d8,fast,1h,spot,aster,ADA,1,2022-11-30T22:00:00+00:00,2022-11-30T22:00:00+00:00,0.32055984,0.31875122,42511.04110330272,13632.783467321866,13545.026036661828,10.871111499782412,54.35546737550492,-87.75743066003815,-0.6437234983625683,trend_break,closed,2022-11-30T21:00:00+00:00,0.31992,0.31939,-0.16566641660413772,1
d85ad7e2888f47b79e6eead8595df555,3373070c20f099c3f75399421b5c21d6,1,4,20,0,2645f217c9001cb6c1c9942bbb8f5a2c,41e89eec298e637f3bf832514c49d3e5,fast,1h,futures,aster,SOL,1,2022-12-01T00:00:00+00:00,2022-12-01T00:00:00+00:00,14.1761958,13.8773896,588.1587901871849,8341.189312853126,8158.843834620985,6.59998513971075,32.99935471400023,-182.34547823214143,-2.1860848782218762,trend_break,closed,2022-11-30T23:00:00+00:00,14.1479,13.9052,-1.7154489358844671,1
d85ad7e2888f47b79e6eead8595df555,f3264b4c3ebe6cc4e6b48806a6a8e133,1,4,20,0,fcfbea69305fcebe0ad81ff3e7bbfe17,41e89eec298e637f3bf832514c49d3e5,fast,1h,spot,aster,SOL,1,2022-12-01T00:00:00+00:00,2022-12-01T00:00:00+00:00,14.1761958,13.8773896,588.6756414148217,8348.519227849256,8166.0135114538,6.605784951732192,33.02835327234827,-182.50571639545615,-2.18608487822185,trend_break,closed,2022-11-30T23:00:00+00:00,14.1479,13.9052,-1.7154489358844671,1
d85ad7e2888f47b79e6eead8595df555,3373070c20f099c3f75399421b5c21d6,1,4,20,0,aea194c49ba6a17c999e0bb337a96341,3fcc1f4a8ef23099b9f1c28d43d4b541,fast,1h,futures,aster,ADA,1,2022-12-03T10:00:00+00:00,2022-12-03T10:00:00+00:00,0.32597064,0.32171528,41603.018919589485,13566.787248231953,13378.973149808804,10.778275833484688,53.89088658767943,-187.8140984231486,-1.384366799498716,trend_break,closed,2022-12-03T09:00:00+00:00,0.32532,0.32236,-0.9098733554653959,1
d85ad7e2888f47b79e6eead8595df555,f3264b4c3ebe6cc4e6b48806a6a8e133,1,4,20,0,54ccf920acef05303260437f77919f80,3fcc1f4a8ef23099b9f1c28d43d4b541,fast,1h,spot,aster,ADA,1,2022-12-03T10:00:00+00:00,2022-12-03T10:00:00+00:00,0.32597064,0.32171528,41639.57804573149,13578.709216859002,13390.730074660334,10.787747365984561,53.93824381731874,-187.97914219866834,-1.3843667994987174,trend_break,closed,2022-12-03T09:00:00+00:00,0.32532,0.32236,-0.9098733554653959,1
d85ad7e2888f47b79e6eead8595df555,3373070c20f099c3f75399421b5c21d6,1,4,20,0,3ba9dc81af908e05d8b1892371468661,7a1caf85303eb1ff9d24244c93b2e04f,fast,1h,futures,aster,ETH,1,2022-12-04T20:00:00+00:00,2022-12-04T21:00:00+00:00,1280.91672,1274.05678,10.557907217782327,13529.20940341945,13445.992724117139,10.79006926275703,53.95027240843463,-83.2166793023116,-0.6150890035102786,trend_break,closed,2022-12-04T19:00:00+00:00,1278.36,1276.61,-0.13689414562407798,2
d85ad7e2888f47b79e6eead8595df555,f3264b4c3ebe6cc4e6b48806a6a8e133,1,4,20,0,7f75788e6a13b3624c0a0fb68c9cd139,7a1caf85303eb1ff9d24244c93b2e04f,fast,1h,spot,aster,ETH,1,2022-12-04T20:00:00+00:00,2022-12-04T21:00:00+00:00,1280.91672,1274.05678,10.567185098854287,13541.09835008789,13457.808543181989,10.799551158867033,53.997681824039475,-83.28980690590106,-0.6150890035102689,trend_break,closed,2022-12-04T19:00:00+00:00,1278.36,1276.61,-0.13689414562407798,2
d85ad7e2888f47b79e6eead8595df555,3373070c20f099c3f75399421b5c21d6,1,4,20,0,330dcd8709c3333b61a2e4f64c67b876,02e3f1c2d6444f0c42e956eb51363a34,fast,1h,futures,aster,ETH,1,2022-12-07T00:00:00+00:00,2022-12-07T00:00:00+00:00,1274.71434,1266.3122999999998,10.596222325078418,13512.559410224645,13412.759413115886,10.770113284554801,53.85042570494153,-99.79999710875927,-0.7385721244877036,trend_break,closed,2022-12-06T23:00:00+00:00,1272.17,1268.85,-0.2609714110535677,1
d85ad7e2888f47b79e6eead8595df555,f3264b4c3ebe6cc4e6b48806a6a8e133,1,4,20,0,988fae4f65e0c4e87cfd6bd3f6f149ee,02e3f1c2d6444f0c42e956eb51363a34,fast,1h,spot,aster,ETH,1,2022-12-07T00:00:00+00:00,2022-12-07T00:00:00+00:00,1274.71434,1266.3122999999998,10.60553387598678,13524.43372552216,13424.546028030642,10.779577644121945,53.89774737911985,-99.88769749151834,-0.7385721244876876,trend_break,closed,2022-12-06T23:00:00+00:00,1272.17,1268.85,-0.2609714110535677,1
d85ad7e2888f47b79e6eead8595df555,3373070c20f099c3f75399421b5c21d6,1,4,20,0,2258ca456742292c1be7d99043cef5de,e6a97127836cba49e2a48b32a03aabea,fast,1h,futures,aster,BNB,1,2022-12-08T19:00:00+00:00,2022-12-08T19:00:00+00:00,291.5911182,289.4313772,46.25379754856968,13492.591426803125,13381.94540508242,10.749798749358543,53.74880915713746,-110.64602172070408,-0.8200501906617065,trend_break,closed,2022-12-08T18:00:00+00:00,291.0091,290.0114,-0.3428415125162787,1
d85ad7e2888f47b79e6eead8595df555,3373070c20f099c3f75399421b5c21d6,1,4,20,0,ef4d59ac94e8159a8f3a798b1e354b0b,08e7f5d1484148d2b8765213695e6360,fast,1h,futures,aster,BTC,1,2022-12-08T19:00:00+00:00,2022-12-08T19:00:00+00:00,17283.42786,17218.204579999998,0.7803542594347282,13492.591426803125,13430.924764108016,10.769398332802158,53.847003462967194,-61.66666269510824,-0.4570409104110794,trend_break,closed,2022-12-08T18:00:00+00:00,17248.93,17252.71,0.02191440280643331,1
d85ad7e2888f47b79e6eead8595df555,3373070c20f099c3f75399421b5c21d6,1,4,20,0,bf49577086ffa4fa51154d760ccb2944,3ed4f87b8b844c9e9bec557750735279,fast,1h,futures,aster,ETH,1,2022-12-08T19:00:00+00:00,2022-12-09T18:00:00+00:00,1289.8245,1266.42208,10.456613708441614,13492.591426803123,13237.189487808182,10.691873212233997,53.45860105531108,-255.4019389949408,-1.892905009245171,trend_break,closed,2022-12-08T18:00:00+00:00,1287.25,1268.96,-1.4208584191105045,24
d85ad7e2888f47b79e6eead8595df555,f3264b4c3ebe6cc4e6b48806a6a8e133,1,4,20,0,4ed7ef39ebd2e63e4cd03caa142470f2,e6a97127836cba49e2a48b32a03aabea,fast,1h,spot,aster,BNB,0,2022-12-08T19:00:00+00:00,2022-12-08T19:00:00+00:00,291.5911182,289.4313772,46.29444359933809,13504.448195008055,13393.70494183708,10.75924525729679,53.796041534618425,-110.74325317097464,-0.8200501906617043,trend_break,closed,2022-12-08T18:00:00+00:00,291.0091,290.0114,-0.3428415125162787,1
d85ad7e2888f47b79e6eead8595df555,f3264b4c3ebe6cc4e6b48806a6a8e133,1,4,20,0,bf0d48efe1bc79a0340eeeba7c846732,08e7f5d1484148d2b8765213695e6360,fast,1h,spot,aster,BTC,1,2022-12-08T19:00:00+00:00,2022-12-08T19:00:00+00:00,17283.42786,17218.204579999998,0.7801312520807565,13488.735553555898,13427.086513778984,10.766320685698899,53.83161522407903,-61.649039776913924,-0.4570409104110727,trend_break,closed,2022-12-08T18:00:00+00:00,17248.93,17252.71,0.02191440280643331,1
d85ad7e2888f47b79e6eead8595df555,f3264b4c3ebe6cc4e6b48806a6a8e133,1,4,20,0,3b68298372730db2ab5f0ffb3693af24,3ed4f87b8b844c9e9bec557750735279,fast,1h,spot,aster,ETH,1,2022-12-08T19:00:00+00:00,2022-12-09T18:00:00+00:00,1289.8245,1266.42208,10.449073309411697,13482.861745077997,13227.643979715815,10.684163164541173,53.42005136850255,-255.21776536218204,-1.8929050092451691,trend_break,closed,2022-12-08T18:00:00+00:00,1287.25,1268.96,-1.4208584191105045,24
d85ad7e2888f47b79e6eead8595df555,3373070c20f099c3f75399421b5c21d6,1,4,20,0,4d2d8ca72a1d0c0427ce96cce6cdde3c,ca02a613d9c7e817bb1b6098d3f6bcf7,fast,1h,futures,aster,ADA,1,2022-12-13T14:00:00+00:00,2022-12-13T14:00:00+00:00,0.31646166,0.31507858,42348.427368742545,13407.014284951098,13337.745127632308,10.697894393631294,53.48945164091134,-69.26915731878944,-0.5166635601823862,trend_break,closed,2022-12-13T13:00:00+00:00,0.31583,0.31571,-0.037995123959089216,1
d85ad7e2888f47b79e6eead8595df555,3373070c20f099c3f75399421b5c21d6,1,4,20,0,1c6353e9ee6a790dbb9fb1353341036a,3acd789500c994c4b09eedbd64c090ef,fast,1h,futures,aster,BTC,1,2022-12-13T14:00:00+00:00,2022-12-15T13:00:00+00:00,17948.495339999998,17502.984313606587,0.7466728196226448,13407.014284951098,13063.775048191852,10.5882625091013,52.94019370238431,-343.2392367592456,-2.560146722186457,stop,closed,2022-12-13T13:00:00+00:00,17912.67,17538.060434475537,-2.091310594816187,48
d85ad7e2888f47b79e6eead8595df555,3373070c20f099c3f75399421b5c21d6,1,4,20,0,d8be33df4f89fd182780ce7904c211e4,d78faf2a6ec170b87b2273ae284e1523,fast,1h,futures,aster,ETH,1,2022-12-13T14:00:00+00:00,2022-12-15T01:00:00+00:00,1340.7661799999998,1289.7694858857467,9.995518848410764,13407.014284951098,12886.758440193531,10.517427531911096,52.58530904712277,-520.2558447575666,-3.880475053580986,stop,closed,2022-12-13T13:00:00+00:00,1338.09,1292.3541942742952,-3.4179917438815544,36
d85ad7e2888f47b79e6eead8595df555,3373070c20f099c3f75399421b5c21d6,1,4,20,0,302db7b0be92c51cffa2dbb744ebeae6,fda95cfa0453ea9879d5ba2df4dc60dd,fast,1h,futures,aster,SOL,1,2022-12-13T14:00:00+00:00,2022-12-13T14:00:00+00:00,14.0717874,13.875992400000001,952.377494240831,13407.014284951098,13209.896798868009,10.646734598207406,53.233140040591245,-197.1174860830888,-1.4702564038016,trend_break,closed,2022-12-13T13:00:00+00:00,14.0437,13.9038,-0.9961762213661518,1
d85ad7e2888f47b79e6eead8595df555,f3264b4c3ebe6cc4e6b48806a6a8e133,1,4,20,0,b5b749db16583b83cacf05ebaf0f2023,ca02a613d9c7e817bb1b6098d3f6bcf7,fast,1h,spot,aster,ADA,1,2022-12-13T14:00:00+00:00,2022-12-13T14:00:00+00:00,0.31646166,0.31507858,42385.94515340598,13418.891974541377,13349.56144952868,10.707371989923539,53.53683960436402,-69.33052501269594,-0.5166635601824008,trend_break,closed,2022-12-13T13:00:00+00:00,0.31583,0.31571,-0.037995123959089216,1
d85ad7e2888f47b79e6eead8595df555,f3264b4c3ebe6cc4e6b48806a6a8e133,1,4,20,0,f4a9663ee0952705516463a8d6b665d3,3acd789500c994c4b09eedbd64c090ef,fast,1h,spot,aster,BTC,1,2022-12-13T14:00:00+00:00,2022-12-15T13:00:00+00:00,17948.495339999998,17502.984313606587,0.7469195196550608,13411.443950491048,13068.091307794675,10.591760861573196,52.95768509507902,-343.35264269637264,-2.5601467221864733,stop,closed,2022-12-13T13:00:00+00:00,17912.67,17538.060434475537,-2.091310594816187,48
d85ad7e2888f47b79e6eead8595df555,f3264b4c3ebe6cc4e6b48806a6a8e133,1,4,20,0,86ef41869a95bf8ec685c8c4360592b3,d78faf2a6ec170b87b2273ae284e1523,fast,1h,spot,aster,ETH,1,2022-12-13T14:00:00+00:00,2022-12-15T01:00:00+00:00,1340.7661799999998,1289.7694858857467,9.99008463815474,13399.725365222681,12879.75236517685,10.511709578353338,52.556720273485915,-519.9730000458312,-3.8804750535809966,stop,closed,2022-12-13T13:00:00+00:00,1338.09,1292.3541942742952,-3.4179917438815544,36
d85ad7e2888f47b79e6eead8595df555,f3264b4c3ebe6cc4e6b48806a6a8e133,1,4,20,0,acc53ae99a9b3ea96eb559ff07f2a9f0,fda95cfa0453ea9879d5ba2df4dc60dd,fast,1h,spot,aster,SOL,1,2022-12-13T14:00:00+00:00,2022-12-13T14:00:00+00:00,14.0717874,13.875992400000001,950.6240765755083,13382.33069485303,13185.576120834046,10.62713294588426,53.13513276018804,-196.75457401898348,-1.4702564038015973,trend_break,closed,2022-12-13T13:00:00+00:00,14.0437,13.9038,-0.9961762213661518,1
d85ad7e2888f47b79e6eead8595df555,3373070c20f099c3f75399421b5c21d6,1,4,20,0,c031d78cf902f70ec02d03f3d30c4d44,24d0ba5ce1c3055424e8bdcef0c2b482,fast,1h,futures,aster,ADA,1,2022-12-27T00:00:00+00:00,2022-12-27T00:00:00+00:00,0.26612118,0.26328238,49510.06634841301,13180.94754942937,13029.914050927218,10.48432215227442,52.42125824969969,-151.0334985021509,-1.1458470488238113,trend_break,closed,2022-12-26T23:00:00+00:00,0.26559,0.26381,-0.6702059565495744,1
d85ad7e2888f47b79e6eead8595df555,3373070c20f099c3f75399421b5c21d6,1,4,20,0,56d908d76cfdceceebc4fc494972085f,827ec034304e4a642b84978010d69837,fast,1h,futures,aster,BTC,1,2022-12-27T00:00:00+00:00,2022-12-27T00:00:00+00:00,16955.6436,16837.99652,0.7770673640791766,13180.947549429367,13079.02386914188,10.503973940275484,52.51971410140844,-101.92368028748751,-0.7732651989188745,trend_break,closed,2022-12-26T23:00:00+00:00,16921.8,16871.74,-0.29583141273386016,1
d85ad7e2888f47b79e6eead8595df555,3373070c20f099c3f75399421b5c21d6,1,4,20,0,de3c12311ac0812dd3f747c2c957440c,9c3457bb2f57d7e630cf1ade1ef4944e,fast,1h,futures,aster,ETH,1,2022-12-27T00:00:00+00:00,2022-12-27T00:00:00+00:00,1230.93696,1221.7216600000002,10.703779077783123,13180.947549429367,13071.807927685195,10.501086408680171,52.50524751024956,-109.13962174417247,-0.8280104395749407,trend_break,closed,2022-12-26T23:00:00+00:00,1228.48,1224.17,-0.35084006251627775,1
d85ad7e2888f47b79e6eead8595df555,f3264b4c3ebe6cc4e6b48806a6a8e133,1,4,20,0,75ce913a09b7b739f924689cb2caa938,24d0ba5ce1c3055424e8bdcef0c2b482,fast,1h,spot,aster,ADA,1,2022-12-27T00:00:00+00:00,2022-12-27T00:00:00+00:00,0.26612118,0.26328238,49555.035099277084,13192.91947332726,13041.748794888437,10.493844798992896,52.46887116311458,-151.1706784388225,-1.1458470488238126,trend_break,closed,2022-12-26T23:00:00+00:00,0.26559,0.26381,-0.6702059565495744,1
d85ad7e2888f47b79e6eead8595df555,f3264b4c3ebe6cc4e6b48806a6a8e133,1,4,20,0,c48be41c3d6225418a387336821e9ef3,827ec034304e4a642b84978010d69837,fast,1h,spot,aster,BTC,1,2022-12-27T00:00:00+00:00,2022-12-27T00:00:00+00:00,16955.6436,16837.99652,0.7763599892370727,13168.948756116763,13067.117858322254,10.494412031937884,52.471904701365176,-101.83089779450893,-0.7732651989188594,trend_break,closed,2022-12-26T23:00:00+00:00,16921.8,16871.74,-0.29583141273386016,1
d85ad7e2888f47b79e6eead8595df555,f3264b4c3ebe6cc4e6b48806a6a8e133,1,4,20,0,98e8e676c876638d301df7e45b6cf693,9c3457bb2f57d7e630cf1ade1ef4944e,fast,1h,spot,aster,ETH,1,2022-12-27T00:00:00+00:00,2022-12-27T00:00:00+00:00,1230.93696,1221.7216600000002,10.682596051500823,13154.862149465846,13045.938517556575,10.480304515876584,52.40133841142699,-108.92363190927063,-0.8280104395749481,trend_break,closed,2022-12-26T23:00:00+00:00,1228.48,1224.17,-0.35084006251627775,1
d85ad7e2888f47b79e6eead8595df555,3373070c20f099c3f75399421b5c21d6,1,4,20,0,119d7eb9b07efbefd052f4f0b58e25e7,8ee741459bf9dc9bf0d6f30d0adbba4f,fast,1h,futures,aster,ADA,1,2023-01-02T08:00:00+00:00,2023-01-02T08:00:00+00:00,0.25461822,0.25364169999999997,51462.3734248523,13108.499221578562,13047.782679961752,10.462504719970223,52.31253183383086,-60.71654161680999,-0.46318453844709717,trend_break,closed,2023-01-02T07:00:00+00:00,0.25411,0.25415,0.01574121443468357,1
d85ad7e2888f47b79e6eead8595df555,3373070c20f099c3f75399421b5c21d6,1,4,20,0,decd247f073f82bae16b0063a7ea5fa3,ee6947654009513b43d9e6f82feacf93,fast,1h,futures,aster,BTC,1,2023-01-02T08:00:00+00:00,2023-01-02T08:00:00+00:00,16757.91894,16699.89328,0.7819143871817296,13108.499221578562,13052.663665303471,10.464457895377073,52.322317281760974,-55.83555627509122,-0.42594926643606534,trend_break,closed,2023-01-02T07:00:00+00:00,16724.47,16733.36,0.053155645589963996,1
d85ad7e2888f47b79e6eead8595df555,3373070c20f099c3f75399421b5c21d6,1,4,20,0,6f2a7d08f9d059c92f46fa9136b3c0f5,46a3daa4350a6871ee9d38a32c272175,fast,1h,futures,aster,ETH,1,2023-01-02T08:00:00+00:00,2023-01-02T08:00:00+00:00,1215.69654,1213.4582200000002,10.778395337385101,13108.499221578562,13073.900767591404,10.47295613558833,52.36489363552478,-34.59845398715879,-0.2639390932731989,trend_break,closed,2023-01-02T07:00:00+00:00,1213.27,1215.89,0.21594533780611158,1
d85ad7e2888f47b79e6eead8595df555,f3264b4c3ebe6cc4e6b48806a6a8e133,1,4,20,0,b57b5671028bf41af01766b57efff9d5,8ee741459bf9dc9bf0d6f30d0adbba4f,fast,1h,spot,aster,ADA,1,2023-01-02T08:00:00+00:00,2023-01-02T08:00:00+00:00,0.25461822,0.25364169999999997,51509.50852587263,13120.505477682085,13059.73332494336,10.472087473039736,52.36044560672005,-60.77215273872571,-0.4631845384470807,trend_break,closed,2023-01-02T07:00:00+00:00,0.25411,0.25415,0.01574121443468357,1
d85ad7e2888f47b79e6eead8595df555,f3264b4c3ebe6cc4e6b48806a6a8e133,1,4,20,0,21c17828a61675aef0825b25185b81ae,ee6947654009513b43d9e6f82feacf93,fast,1h,spot,aster,BTC,1,2023-01-02T08:00:00+00:00,2023-01-02T08:00:00+00:00,16757.91894,16699.89328,0.7822801055252152,13114.630351404909,13058.768679627296,10.469352349641774,52.34678956608943,-55.86167177761308,-0.4259492664360829,trend_break,closed,2023-01-02T07:00:00+00:00,16724.47,16733.36,0.053155645589963996,1
d85ad7e2888f47b79e6eead8595df555,f3264b4c3ebe6cc4e6b48806a6a8e133,1,4,20,0,7127a87f03cb78ed14e2349340743fd1,46a3daa4350a6871ee9d38a32c272175,fast,1h,spot,aster,ETH,1,2023-01-02T08:00:00+00:00,2023-01-02T08:00:00+00:00,1215.69654,1213.4582200000002,10.77941329980548,13109.737249984224,13075.135528356117,10.473945250891916,52.369839222710965,-34.60172162810704,-0.263939093273198,trend_break,closed,2023-01-02T07:00:00+00:00,1213.27,1215.89,0.21594533780611158,1
d85ad7e2888f47b79e6eead8595df555,3373070c20f099c3f75399421b5c21d6,1,4,20,0,45b4f17f99ae9fae0917e729b551fec7,2deae08cdf7e6e2a05f7d3a139513b09,fast,1h,futures,aster,ADA,1,2023-01-04T03:00:00+00:00,2023-01-04T03:00:00+00:00,0.26060015999999997,0.26484924,50165.07974529022,13078.257019158604,13280.868771781476,10.54368442124596,52.7194856059204,202.6117526228718,1.5492259582149344,trend_break,closed,2023-01-04T02:00:00+00:00,0.26008,0.26538,2.0378345124577146,1
d85ad7e2888f47b79e6eead8595df555,3373070c20f099c3f75399421b5c21d6,1,4,20,0,b9f47dfee322f71f60940ede28ccac92,a97849be09446864c561086fdab1577a,fast,1h,futures,aster,BNB,1,2023-01-04T03:00:00+00:00,2023-01-04T03:00:00+00:00,251.968932,256.64388360000004,51.88349096957473,13078.257019158604,13310.254384910326,10.555443370077032,52.77839817521435,231.9973657517221,1.773916550285443,trend_break,closed,2023-01-04T02:00:00+00:00,251.466,257.1582,2.2636062131659918,1
d85ad7e2888f47b79e6eead8595df555,f3264b4c3ebe6cc4e6b48806a6a8e133,1,4,20,0,6019c9f94ecdbf6c9af8b95270e78845,2deae08cdf7e6e2a05f7d3a139513b09,fast,1h,spot,aster,ADA,1,2023-01-04T03:00:00+00:00,2023-01-04T03:00:00+00:00,0.26060015999999997,0.26484924,50211.067655152736,13090.246269609508,13293.043762812562,10.553350149103764,52.76781522015311,202.79749320305382,1.5492259582149437,trend_break,closed,2023-01-04T02:00:00+00:00,0.26008,0.26538,2.0378345124577146,1
d85ad7e2888f47b79e6eead8595df555,f3264b4c3ebe6cc4e6b48806a6a8e133,1,4,20,0,b466cac2863348fb84199b90b4122424,a97849be09446864c561086fdab1577a,fast,1h,spot,aster,BNB,0,2023-01-04T03:00:00+00:00,2023-01-04T03:00:00+00:00,251.968932,256.64388360000004,52.117400083461916,13137.218423901668,13370.26171577041,10.603031039280497,53.016341847061504,233.04329186874202,1.7739165502854575,trend_break,closed,2023-01-04T02:00:00+00:00,251.466,257.1582,2.2636062131659918,1
d85ad7e2888f47b79e6eead8595df555,3373070c20f099c3f75399421b5c21d6,1,4,20,0,aa1af4ad5506f0a30c7913aebfe5cd53,1251b804125ff4fbd34f15bd301007ab,fast,1h,futures,aster,BTC,1,2023-01-04T04:00:00+00:00,2023-01-04T04:00:00+00:00,16894.19094,16829.7231,0.7789629984914985,13165.213611562991,13104.487677129735,10.507872480587178,52.53937168817484,-60.72593443325604,-0.4612605326807651,trend_break,closed,2023-01-04T03:00:00+00:00,16860.47,16863.45,0.017674477639118003,1
d85ad7e2888f47b79e6eead8595df555,f3264b4c3ebe6cc4e6b48806a6a8e133,1,4,20,0,a85aef8b8fa663961f50ddd8e3fb8428,1251b804125ff4fbd34f15bd301007ab,fast,1h,spot,aster,BTC,1,2023-01-04T04:00:00+00:00,2023-01-04T04:00:00+00:00,16894.19094,16829.7231,0.7796869627257795,13177.44929388667,13116.666921079948,10.517638443629151,52.58820151201435,-60.78237280672147,-0.46126053268078104,trend_break,closed,2023-01-04T03:00:00+00:00,16860.47,16863.45,0.017674477639118003,1
d85ad7e2888f47b79e6eead8595df555,3373070c20f099c3f75399421b5c21d6,1,4,20,0,03a762bdd74b67a9688494c919c58755,04cb51d3c1ed27ba6a8784188f27b0f8,fast,1h,futures,aster,BTC,1,2023-01-06T20:00:00+00:00,2023-01-06T20:00:00+00:00,16974.95214,16863.59522,0.7745414736010946,13153.063566601586,13056.32927035441,10.483743334693933,52.41858134558339,-96.73429624717573,-0.7354506861261174,trend_break,closed,2023-01-06T19:00:00+00:00,16941.07,16897.39,-0.2578349537543989,1
d85ad7e2888f47b79e6eead8595df555,f3264b4c3ebe6cc4e6b48806a6a8e133,1,4,20,0,8c873ac15fecfddce3b6ffc207f4cd3c,04cb51d3c1ed27ba6a8784188f27b0f8,fast,1h,spot,aster,BTC,1,2023-01-06T20:00:00+00:00,2023-01-06T20:00:00+00:00,16974.95214,16863.59522,0.775261328492714,13165.287956735503,13068.463756127214,10.49348687223089,52.46729890749512,-96.82420060828917,-0.7354506861261084,trend_break,closed,2023-01-06T19:00:00+00:00,16941.07,16897.39,-0.2578349537543989,1
d85ad7e2888f47b79e6eead8595df555,3373070c20f099c3f75399421b5c21d6,1,4,20,0,42ca84bdace8f08ef4f4f5f6db9dcf1e,80f897dcaa0a1f6505d4df31b6d722ff,fast,1h,futures,aster,ADA,1,2023-01-20T17:00:00+00:00,2023-02-09T22:00:00+00:00,0.34529922,0.35836184,28735.98286638509,9926.481474684015,10293.760542328551,8.088156865560949,40.442447566493044,367.27906764453655,3.6999924754932154,trend_break,closed,2023-01-20T16:00:00+00:00,0.34461,0.35908,4.198949537157937,479
d85ad7e2888f47b79e6eead8595df555,f3264b4c3ebe6cc4e6b48806a6a8e133,1,4,20,0,ab0fb72b02d4f2ebb560fa50afe55969,80f897dcaa0a1f6505d4df31b6d722ff,fast,1h,spot,aster,ADA,1,2023-01-20T17:00:00+00:00,2023-02-09T22:00:00+00:00,0.34529922,0.35836184,28762.689942167206,9935.707095893034,10303.327510828123,8.095673957262687,40.48003457080729,367.6204149350888,3.699992475493226,trend_break,closed,2023-01-20T16:00:00+00:00,0.34461,0.35908,4.198949537157937,479
d85ad7e2888f47b79e6eead8595df555,3373070c20f099c3f75399421b5c21d6,1,4,20,0,922c553914cb14af57bf31e5f567cdf5,3e2ee7b02ec849513faccfc67343bc02,fast,1h,futures,aster,BNB,1,2023-01-20T21:00:00+00:00,2023-02-09T22:00:00+00:00,301.889073,303.1836176,43.77120543175912,13219.33425133908,13265.404124549696,10.59390441655993,52.96996061775263,46.0698732106157,0.34850373199353024,trend_break,closed,2023-01-20T20:00:00+00:00,301.2865,303.7912,0.8313349585859386,475
d85ad7e2888f47b79e6eead8595df555,f3264b4c3ebe6cc4e6b48806a6a8e133,1,4,20,0,492e31e383ecd147c505296936069e02,3e2ee7b02ec849513faccfc67343bc02,fast,1h,spot,aster,BNB,0,2023-01-20T21:00:00+00:00,2023-02-09T22:00:00+00:00,301.889073,303.1836176,43.81188616664041,13231.62023310909,13277.732923424683,10.603750337244014,53.0191906287452,46.11269031559277,0.34850373199350415,trend_break,closed,2023-01-20T20:00:00+00:00,301.2865,303.7912,0.8313349585859386,475
d85ad7e2888f47b79e6eead8595df555,3373070c20f099c3f75399421b5c21d6,1,4,20,0,957df7c6d3c28373692c5d458765b8c1,444d1a58f5212bc09e1f2a53a262a09b,fast,1h,futures,aster,BNB,1,2023-01-25T22:00:00+00:00,2023-02-09T22:00:00+00:00,310.572405,303.1836176,37.997565483191785,11805.715694378365,11515.631267441702,9.328493863778736,46.64153286129282,-290.08442693666257,-2.457152403515822,trend_break,closed,2023-01-25T21:00:00+00:00,309.9525,303.7912,-1.9878207144643056,354
d85ad7e2888f47b79e6eead8595df555,3373070c20f099c3f75399421b5c21d6,1,4,20,0,b4bd4d62a3a71aa8e51aa755430a1b09,7f2b00fa8093a5d7ef6568d80288f96f,fast,1h,futures,aster,ETH,1,2023-01-25T22:00:00+00:00,2023-02-09T21:00:00+00:00,1622.27808,1530.8328580610532,7.781942057074104,12629.523808629036,11908.087459456065,9.814930647807076,49.07200304137344,-721.436349172971,-5.712300480244983,stop,closed,2023-01-25T21:00:00+00:00,1619.04,1533.9006593798129,-5.258631078922516,353
d85ad7e2888f47b79e6eead8595df555,3373070c20f099c3f75399421b5c21d6,1,4,20,0,8d29cf25f6c66a89e1672ce2d52b87dc,325a4f439836b0b336beb3fcbceebbb6,fast,1h,futures,aster,SOL,1,2023-01-25T22:00:00+00:00,2023-02-09T03:00:00+00:00,25.004509199999998,22.332428014975786,257.0593955261845,6430.215077989071,5738.46414198324,4.8673617866170495,24.334158735423316,-691.7509360058311,-10.757819569266465,stop,closed,2023-01-25T21:00:00+00:00,24.9546,22.377182379735256,-10.328426904317212,335
d85ad7e2888f47b79e6eead8595df555,f3264b4c3ebe6cc4e6b48806a6a8e133,1,4,20,0,552866ac912054b1d5419f8ecef6665d,444d1a58f5212bc09e1f2a53a262a09b,fast,1h,spot,aster,BNB,0,2023-01-25T22:00:00+00:00,2023-02-09T22:00:00+00:00,310.572405,303.1836176,38.03288022657865,11816.687866277894,11526.333836355685,9.33716371835484,46.684881263834434,-290.3540299222095,-2.4571524035158196,trend_break,closed,2023-01-25T21:00:00+00:00,309.9525,303.7912,-1.9878207144643056,354
d85ad7e2888f47b79e6eead8595df555,f3264b4c3ebe6cc4e6b48806a6a8e133,1,4,20,0,5218d8923b98fd0228eaf31b430bfa23,7f2b00fa8093a5d7ef6568d80288f96f,fast,1h,spot,aster,ETH,1,2023-01-25T22:00:00+00:00,2023-02-09T21:00:00+00:00,1622.27808,1530.8328580610532,7.761565110301715,12596.45351171323,11876.906237269797,9.789230338306155,48.943508433388075,-719.5472744434319,-5.712300480244991,stop,closed,2023-01-25T21:00:00+00:00,1619.04,1533.9006593798129,-5.258631078922516,353
d85ad7e2888f47b79e6eead8595df555,f3264b4c3ebe6cc4e6b48806a6a8e133,1,4,20,0,94e2bf2323e6747c379157b02f6ee950,325a4f439836b0b336beb3fcbceebbb6,fast,1h,spot,aster,SOL,1,2023-01-25T22:00:00+00:00,2023-02-09T03:00:00+00:00,25.004509199999998,22.332428014975786,255.2476465258769,6384.89506268497,5698.019572154318,4.833056727146307,24.162652116604782,-686.8754905306523,-10.75781956926647,stop,closed,2023-01-25T21:00:00+00:00,24.9546,22.377182379735256,-10.328426904317212,335
d85ad7e2888f47b79e6eead8595df555,3373070c20f099c3f75399421b5c21d6,1,4,20,0,1fb08dd2c5a90fd790e2874c26558ca0,99048a05497a7742b8766540135cd27c,fast,1h,futures,aster,ADA,1,2023-01-31T15:00:00+00:00,2023-02-09T22:00:00+00:00,0.38187222,0.3572296736930402,28930.903468236622,11052.327497354827,10330.843214720773,8.553154215849695,42.76309040709642,-721.4842826340537,-6.5278945344926465,stop,closed,2023-01-31T14:00:00+00:00,0.38111,0.3579455648226856,-6.078149399730892,217
d85ad7e2888f47b79e6eead8595df555,f3264b4c3ebe6cc4e6b48806a6a8e133,1,4,20,0,15a086e6687d95885a131f6748d587a1,99048a05497a7742b8766540135cd27c,fast,1h,spot,aster,ADA,1,2023-01-31T15:00:00+00:00,2023-02-09T22:00:00+00:00,0.38187222,0.3572296736930402,28958.98884182909,11063.056811327697,10340.87213039322,8.561457396972601,42.80460371038369,-722.184680934477,-6.527894534492646,stop,closed,2023-01-31T14:00:00+00:00,0.38111,0.3579455648226856,-6.078149399730892,217
d85ad7e2888f47b79e6eead8595df555,3373070c20f099c3f75399421b5c21d6,1,4,20,0,0456b76225f0ed5c189aae79e8b39549,b4891466d08c66abf74153960a8b7e04,fast,1h,futures,aster,BTC,1,2023-02-01T20:00:00+00:00,2023-02-09T03:00:00+00:00,23432.13072,22524.119371012588,0.02469643629133476,578.9215995461068,556.0429728730057,0.4539822410245359,2.2698305858672945,-22.878626673101053,-3.9519386892868797,stop,closed,2023-02-01T19:00:00+00:00,23385.36,22569.25788678616,-3.489799230004764,169
d85ad7e2888f47b79e6eead8595df555,f3264b4c3ebe6cc4e6b48806a6a8e133,1,4,20,0,6522e20d034d1b19bee35929bb0153b7,b4891466d08c66abf74153960a8b7e04,fast,1h,spot,aster,BTC,1,2023-02-01T20:00:00+00:00,2023-02-09T03:00:00+00:00,23432.13072,22524.119371012588,0.028789746873012837,674.8749541689976,648.2043097508858,0.5292275229412502,2.6460436332132033,-26.670644418111806,-3.9519386892868926,stop,closed,2023-02-01T19:00:00+00:00,23385.36,22569.25788678616,-3.489799230004764,169
d85ad7e2888f47b79e6eead8595df555,3373070c20f099c3f75399421b5c21d6,1,4,20,0,6f10bc46c7c434a4dfbd32ca1750ac11,23a39c327f64bcf0d59b0d102388234b,fast,1h,futures,aster,BTC,1,2023-02-15T12:00:00+00:00,2023-03-03T01:00:00+00:00,22495.551300000003,22119.23288,0.565516278299022,12726.68908964051,12503.782742624106,10.092154682635073,50.46012399690202,-222.90634701640374,-1.751487330651056,trend_break,closed,2023-02-15T11:00:00+00:00,22450.65,22163.56,-1.278760303153803,374
d85ad7e2888f47b79e6eead8595df555,3373070c20f099c3f75399421b5c21d6,1,4,20,0,e3b02122027bb437ea2e501d18d2d4fd,16ff96c5821cbabaf2f31cce652297d6,fast,1h,futures,aster,ETH,1,2023-02-15T12:00:00+00:00,2023-02-24T16:00:00+00:00,1575.86544,1589.90382,8.072770762369613,12726.68908964051,12829.79510144653,10.222611809014595,51.11371681443469,103.10601180602134,0.8101558157018965,trend_break,closed,2023-02-15T11:00:00+00:00,1572.72,1593.09,1.2952083015412619,221
d85ad7e2888f47b79e6eead8595df555,f3264b4c3ebe6cc4e6b48806a6a8e133,1,4,20,0,4c70bf197ba66feb1c270d9f853f4b3b,23a39c327f64bcf0d59b0d102388234b,fast,1h,spot,aster,BTC,1,2023-02-15T12:00:00+00:00,2023-03-03T01:00:00+00:00,22495.551300000003,22119.23288,0.5660798943849552,12739.373015756957,12516.244511381594,10.10221292664879,50.51041456973643,-223.12850437536326,-1.7514873306510623,trend_break,closed,2023-02-15T11:00:00+00:00,22450.65,22163.56,-1.278760303153803,374
d85ad7e2888f47b79e6eead8595df555,f3264b4c3ebe6cc4e6b48806a6a8e133,1,4,20,0,b47cbf89192d7f714e941e7f3d284a99,16ff96c5821cbabaf2f31cce652297d6,fast,1h,spot,aster,ETH,1,2023-02-15T12:00:00+00:00,2023-02-24T16:00:00+00:00,1575.86544,1589.90382,8.099746534573685,12769.216280849072,12872.666829167923,10.25677143717796,51.28451715323743,103.45054831885136,0.8101558157018901,trend_break,closed,2023-02-15T11:00:00+00:00,1572.72,1593.09,1.2952083015412619,221
d85ad7e2888f47b79e6eead8595df555,3373070c20f099c3f75399421b5c21d6,1,4,20,0,aff8aaec55960c138f52e3de3d0d717b,131c13db3d9c18c44c6a293f61d39b43,fast,1h,futures,aster,SOL,1,2023-02-15T13:00:00+00:00,2023-02-25T10:00:00+00:00,22.4934972,22.615977400000002,342.7399956485342,7712.504900901296,7748.299435665083,6.184328451244667,30.921933859411624,35.79453476378694,0.464110366524421,trend_break,closed,2023-02-15T12:00:00+00:00,22.4486,22.6613,0.9474978395089373,238
d85ad7e2888f47b79e6eead8595df555,f3264b4c3ebe6cc4e6b48806a6a8e133,1,4,20,0,2208bf3ccb7351e23b1cbe2b04fef1c2,131c13db3d9c18c44c6a293f61d39b43,fast,1h,spot,aster,SOL,1,2023-02-15T13:00:00+00:00,2023-02-25T10:00:00+00:00,22.4934972,22.615977400000002,343.0817259456023,7720.194685065344,7756.024908914599,6.190494560906923,30.95276469846705,35.83022384925516,0.46411036652441484,trend_break,closed,2023-02-15T12:00:00+00:00,22.4486,22.6613,0.9474978395089373,238
d85ad7e2888f47b79e6eead8595df555,3373070c20f099c3f75399421b5c21d6,1,4,20,0,ce4f642e9b7da529542b532a1744a55d,f79902dc49de278062f9c3fe60331eca,fast,1h,futures,aster,ADA,1,2023-02-15T20:00:00+00:00,2023-02-24T15:00:00+00:00,0.39886614,0.3741918564359797,28315.833621040572,11298.744948209598,10591.316127449825,8.75591264259847,43.776943629134394,-707.4288207597729,-6.261127443821733,stop,closed,2023-02-15T19:00:00+00:00,0.39807,0.3749417399158113,-5.8100987475038774,212
d85ad7e2888f47b79e6eead8595df555,f3264b4c3ebe6cc4e6b48806a6a8e133,1,4,20,0,483f8d15dad3b4e72af0c5c0cc2bb10f,f79902dc49de278062f9c3fe60331eca,fast,1h,spot,aster,ADA,1,2023-02-15T20:00:00+00:00,2023-02-24T15:00:00+00:00,0.39886614,0.3741918564359797,28344.784103022062,11310.296934155494,10602.144828833356,8.764864803237057,43.82170175403023,-708.1521053221386,-6.26112744382174,stop,closed,2023-02-15T19:00:00+00:00,0.39807,0.3749417399158113,-5.8100987475038774,212
d85ad7e2888f47b79e6eead8595df555,3373070c20f099c3f75399421b5c21d6,1,4,20,0,585b56479668735af89488d73e8035eb,287de6a6c1692c225280fa076325ec6e,fast,1h,futures,aster,ADA,1,2023-02-17T20:00:00+00:00,2023-02-22T08:00:00+00:00,0.40851540000000003,0.378876347736505,23667.60661750044,9672.449217104597,8963.509516360944,7.454271255717499,37.268699411667185,-708.9397007436528,-7.329474519131883,stop,closed,2023-02-17T19:00:00+00:00,0.4077,0.3796356189744539,-6.88358622162033,109
d85ad7e2888f47b79e6eead8595df555,f3264b4c3ebe6cc4e6b48806a6a8e133,1,4,20,0,7399085c310cd50f48d0739a707d2563,287de6a6c1692c225280fa076325ec6e,fast,1h,spot,aster,ADA,1,2023-02-17T20:00:00+00:00,2023-02-22T08:00:00+00:00,0.40851540000000003,0.378876347736505,23692.099992767635,9682.459140467621,8972.785764941691,7.4619856083413385,37.30726842522073,-709.6733755259302,-7.329474519131883,stop,closed,2023-02-17T19:00:00+00:00,0.4077,0.3796356189744539,-6.88358622162033,109
d85ad7e2888f47b79e6eead8595df555,3373070c20f099c3f75399421b5c21d6,1,4,20,0,edf6db80008c2384d0e90e254a0e0cac,acf2acfe0b102dcb356aa3ddbb51e086,fast,1h,futures,aster,BNB,1,2023-03-12T23:00:00+00:00,2023-03-12T23:00:00+00:00,284.9688,287.1246,43.58907215481387,12426.49419530475,12510.488708859342,9.974808196757117,49.87461635953803,83.99451355459314,0.6759308959910011,trend_break,closed,2023-03-12T22:00:00+00:00,284.4,287.7,1.1603375527426296,1
d85ad7e2888f47b79e6eead8595df555,3373070c20f099c3f75399421b5c21d6,1,4,20,0,77d9300ad7beb700b0e5390ad0a34d64,c0bea4a0f67b11a6977fb59a63f327da,fast,1h,futures,aster,BTC,1,2023-03-12T23:00:00+00:00,2023-03-12T23:00:00+00:00,21744.29178,21951.39922,0.5546751898331514,12065.843578527278,12171.026170845009,9.69476628012629,48.47448480800507,105.18259231773118,0.8717384046393337,trend_break,closed,2023-03-12T22:00:00+00:00,21700.89,21995.39,1.3570871978061838,1
d85ad7e2888f47b79e6eead8595df555,f3264b4c3ebe6cc4e6b48806a6a8e133,1,4,20,0,46a15db1370f2818138edde25ac38518,acf2acfe0b102dcb356aa3ddbb51e086,fast,1h,spot,aster,BNB,0,2023-03-12T23:00:00+00:00,2023-03-12T23:00:00+00:00,284.9688,287.1246,43.632652632233,12438.918239288847,12522.996730795257,9.984781038157248,49.924481141800996,84.0784915064105,0.6759308959909797,trend_break,closed,2023-03-12T22:00:00+00:00,284.4,287.7,1.1603375527426296,1
d85ad7e2888f47b79e6eead8595df555,f3264b4c3ebe6cc4e6b48806a6a8e133,1,4,20,0,3e8bb6449e82730e3b4c3567433922b7,c0bea4a0f67b11a6977fb59a63f327da,fast,1h,spot,aster,BTC,1,2023-03-12T23:00:00+00:00,2023-03-12T23:00:00+00:00,21744.29178,21951.39922,0.5562496246684033,12100.09224296177,12205.573394040453,9.722284687350612,48.61207869881092,105.48115107868398,0.8717384046393443,trend_break,closed,2023-03-12T22:00:00+00:00,21700.89,21995.39,1.3570871978061838,1
d85ad7e2888f47b79e6eead8595df555,3373070c20f099c3f75399421b5c21d6,1,4,20,0,8d3eeb824dd7dd724ab577961617de9d,84adba0a809cdeb9c3579a390024fc12,fast,1h,futures,aster,ADA,1,2023-03-13T00:00:00+00:00,2023-03-13T00:00:00+00:00,0.33045959999999996,0.33922019999999997,24616.57425444104,8138.037194805481,8347.099066209576,6.5940890093596884,32.97143955639832,209.06187140409475,2.5689471109512647,trend_break,closed,2023-03-12T23:00:00+00:00,0.3298,0.3399,3.0624620982413475,1
d85ad7e2888f47b79e6eead8595df555,f3264b4c3ebe6cc4e6b48806a6a8e133,1,4,20,0,63747763e110cb03cd80a3e1e278516e,84adba0a809cdeb9c3579a390024fc12,fast,1h,spot,aster,ADA,1,2023-03-13T00:00:00+00:00,2023-03-13T00:00:00+00:00,0.33045959999999996,0.33922019999999997,24641.262395650978,8146.198891447768,8355.47043252196,6.600702269146828,33.00450685273492,209.271541074193,2.5689471109512847,trend_break,closed,2023-03-12T23:00:00+00:00,0.3298,0.3399,3.0624620982413475,1
d85ad7e2888f47b79e6eead8595df555,3373070c20f099c3f75399421b5c21d6,1,4,20,0,704326f6a79f881416e006c6f2c47d92,b6030a8d2309459f17cbcd5d5680d1e3,fast,1h,futures,aster,ETH,1,2023-03-13T16:00:00+00:00,2023-04-21T17:00:00+00:00,1667.4883200000002,1877.9865,5.752891538791591,9596.716598940671,10799.531104756508,8.158692837190657,40.79847127263298,1202.814505815837,12.533604524162037,trend_break,closed,2023-03-13T15:00:00+00:00,1664.16,1881.75,13.075064897605992,938
d85ad7e2888f47b79e6eead8595df555,f3264b4c3ebe6cc4e6b48806a6a8e133,1,4,20,0,abcc0ab588edeb8ad06953c3fb4e00d5,b6030a8d2309459f17cbcd5d5680d1e3,fast,1h,spot,aster,ETH,1,2023-03-13T16:00:00+00:00,2023-04-21T17:00:00+00:00,1667.4883200000002,1877.9865,5.7586611555224625,9606.341215757679,10810.362032982326,8.166875249526798,40.83938835595731,1204.0208172246475,12.533604524162046,trend_break,closed,2023-03-13T15:00:00+00:00,1664.16,1881.75,13.075064897605992,938
d85ad7e2888f47b79e6eead8595df555,3373070c20f099c3f75399421b5c21d6,1,4,20,0,a455fdb0cf0af7713968edf6289a0b50,fd329446b20b9a91b6833c05b629c7ea,fast,1h,futures,aster,SOL,1,2023-03-14T13:00:00+00:00,2023-03-14T18:00:00+00:00,21.42276,20.99792,276.19791444496207,5919.288402308417,5797.261878997485,4.686601338134846,23.432631061510584,-122.02652331093213,-2.0615066375773137,trend_break,closed,2023-03-14T12:00:00+00:00,21.38,21.04,-1.5902712815715647,6
d85ad7e2888f47b79e6eead8595df555,f3264b4c3ebe6cc4e6b48806a6a8e133,1,4,20,0,83df64fa936989cb0c47fda3e4099069,fd329446b20b9a91b6833c05b629c7ea,fast,1h,spot,aster,SOL,1,2023-03-14T13:00:00+00:00,2023-03-14T18:00:00+00:00,21.42276,20.99792,276.4749153405062,5925.224899662927,5803.075995064991,4.691301564674681,23.456131817488544,-122.14890459793605,-2.061506637577332,trend_break,closed,2023-03-14T12:00:00+00:00,21.38,21.04,-1.5902712815715647,6
d85ad7e2888f47b79e6eead8595df555,3373070c20f099c3f75399421b5c21d6,1,4,20,0,cfdbb501886b72e0d5d6bccd8afa272f,6323c058a94b9d6388c87936f302cd27,fast,1h,futures,aster,ADA,1,2023-03-21T13:00:00+00:00,2023-03-25T19:00:00+00:00,0.3450888,0.34820219999999996,24132.19553472713,8331.08149860372,8399.522422591752,6.692253589786602,33.46170232845264,68.4409239880315,0.8215130772577621,trend_break,closed,2023-03-21T12:00:00+00:00,0.3444,0.3489,1.3066202090592283,103
d85ad7e2888f47b79e6eead8595df555,f3264b4c3ebe6cc4e6b48806a6a8e133,1,4,20,0,cf0a9dd8baef071208664e56a936aa50,6323c058a94b9d6388c87936f302cd27,fast,1h,spot,aster,ADA,1,2023-03-21T13:00:00+00:00,2023-03-25T19:00:00+00:00,0.3450888,0.34820219999999996,24156.397888999058,8339.436800781152,8407.946364669217,6.698965299544818,33.49526131288609,68.5095638880648,0.8215130772577777,trend_break,closed,2023-03-21T12:00:00+00:00,0.3444,0.3489,1.3066202090592283,103
d85ad7e2888f47b79e6eead8595df555,3373070c20f099c3f75399421b5c21d6,1,4,20,0,e1fef393b37b7e72c4820f93d1ef93e3,e43513e51b00fb31fb4281787c47ee53,fast,1h,futures,aster,BNB,1,2023-03-23T16:00:00+00:00,2023-03-27T15:00:00+00:00,331.46160000000003,312.32329902848363,35.858303186213924,11890.404807606521,11194.903795262446,9.234013638427795,46.16750779417532,-695.5010123440752,-5.849262692041821,stop,closed,2023-03-23T15:00:00+00:00,330.8,312.9491974233303,-5.39625229040801,96
d85ad7e2888f47b79e6eead8595df555,f3264b4c3ebe6cc4e6b48806a6a8e133,1,4,20,0,84740b40ec0e0b8d872646d9b0995fe8,e43513e51b00fb31fb4281787c47ee53,fast,1h,spot,aster,BNB,0,2023-03-23T16:00:00+00:00,2023-03-27T15:00:00+00:00,331.46160000000003,312.32329902848363,35.89426573906388,11902.329780996375,11206.131245632772,9.24327449780992,46.21380952324424,-696.1985353636028,-5.849262692041812,stop,closed,2023-03-23T15:00:00+00:00,330.8,312.9491974233303,-5.39625229040801,96
d85ad7e2888f47b79e6eead8595df555,3373070c20f099c3f75399421b5c21d6,1,4,20,0,957afe26225fc357086f72e8447ff57d,0ef0043acd4240cc5e0b57064f94d09d,fast,1h,futures,aster,BTC,1,2023-03-28T19:00:00+00:00,2023-04-20T19:00:00+00:00,27406.83426,28048.291,0.45558197390886324,12491.054074624164,12773.184460238785,10.105742171725625,50.530081923466966,282.13038561462054,2.258659548898874,trend_break,closed,2023-03-28T18:00:00+00:00,27352.13,28104.5,2.7506815739761326,553
d85ad7e2888f47b79e6eead8595df555,3373070c20f099c3f75399421b5c21d6,1,4,20,0,04f946239bf681909080be021d3396e7,6206e7c1e07d0b2b9be8130885a07986,fast,1h,futures,aster,ETH,1,2023-03-28T19:00:00+00:00,2023-04-21T17:00:00+00:00,1781.64618,1877.9865,6.583448925625884,11734.068380218287,12358.682754482608,9.637201934132552,48.18873943192527,624.6143742643217,5.323084492308899,trend_break,closed,2023-03-28T18:00:00+00:00,1778.09,1881.75,5.82985113239487,575
d85ad7e2888f47b79e6eead8595df555,f3264b4c3ebe6cc4e6b48806a6a8e133,1,4,20,0,1886ad15fcebf954039e56d45217c1e4,0ef0043acd4240cc5e0b57064f94d09d,fast,1h,spot,aster,BTC,1,2023-03-28T19:00:00+00:00,2023-04-20T19:00:00+00:00,27406.83426,28048.291,0.4560388803812387,12503.581443528865,12785.994779757475,10.1158772939887,50.58075890983323,282.4133362286102,2.258659548898857,trend_break,closed,2023-03-28T18:00:00+00:00,27352.13,28104.5,2.7506815739761326,553
d85ad7e2888f47b79e6eead8595df555,f3264b4c3ebe6cc4e6b48806a6a8e133,1,4,20,0,4ac61a605a7964c0f6c3a9b4fe6f0137,6206e7c1e07d0b2b9be8130885a07986,fast,1h,spot,aster,ETH,1,2023-03-28T19:00:00+00:00,2023-04-21T17:00:00+00:00,1781.64618,1877.9865,6.590503229429853,11746.641680952558,12371.925342638437,9.647528398426811,48.24037467839311,625.2836616858785,5.323084492308896,trend_break,closed,2023-03-28T18:00:00+00:00,1778.09,1881.75,5.82985113239487,575
d85ad7e2888f47b79e6eead8595df555,3373070c20f099c3f75399421b5c21d6,1,4,20,0,5dc661bf0b5b4f79045226c494138e5a,478e92643392bfb2f2c40b5e81dc6646,fast,1h,futures,aster,BTC,1,2023-03-29T07:00:00+00:00,2023-04-20T19:00:00+00:00,28114.93764,28048.291,0.44809986216071196,12603.339001013468,12563.407956811161,10.06669400483382,50.33355190097592,-39.93104420230702,-0.3168290894904601,trend_break,closed,2023-03-29T06:00:00+00:00,28058.82,28104.5,0.1628008590525143,541
d85ad7e2888f47b79e6eead8595df555,f3264b4c3ebe6cc4e6b48806a6a8e133,1,4,20,0,4cc77a274aee52794e3ff61869e69534,478e92643392bfb2f2c40b5e81dc6646,fast,1h,spot,aster,BTC,1,2023-03-29T07:00:00+00:00,2023-04-20T19:00:00+00:00,28114.93764,28048.291,0.448549337201381,12615.981018537712,12576.009920746388,10.076791592624648,50.384039922058136,-39.9710977913237,-0.3168290894904711,trend_break,closed,2023-03-29T06:00:00+00:00,28058.82,28104.5,0.1628008590525143,541
d85ad7e2888f47b79e6eead8595df555,3373070c20f099c3f75399421b5c21d6,1,4,20,0,665fdddd0e6914c20d5013ef8ac26ca8,8f5a5048a7d13bfe898036c7cfe0ab36,fast,1h,futures,aster,ADA,1,2023-03-31T08:00:00+00:00,2023-04-21T17:00:00+00:00,0.38556959999999996,0.3921142,26107.920968378457,10070.447212867137,10233.191629561274,8.121482875515296,40.60826027421586,162.74441669413682,1.6160594783337547,trend_break,closed,2023-03-31T07:00:00+00:00,0.3848,0.3929,2.1049896049896155,514
d85ad7e2888f47b79e6eead8595df555,f3264b4c3ebe6cc4e6b48806a6a8e133,1,4,20,0,73ca6f6409232b77ec4bb53f864558ed,8f5a5048a7d13bfe898036c7cfe0ab36,fast,1h,spot,aster,ADA,1,2023-03-31T08:00:00+00:00,2023-04-21T17:00:00+00:00,0.38556959999999996,0.3921142,26134.10627585646,10080.54750990072,10243.455153402407,8.12962843128476,40.648988901467135,162.90764350168683,1.6160594783337443,trend_break,closed,2023-03-31T07:00:00+00:00,0.3848,0.3929,2.1049896049896155,514
d85ad7e2888f47b79e6eead8595df555,3373070c20f099c3f75399421b5c21d6,1,4,20,0,b4f86fff41fd2343ab536536a60946d3,0300c1af307d9a945576386db93f44bb,fast,1h,futures,aster,ADA,1,2023-04-03T09:00:00+00:00,2023-04-03T21:00:00+00:00,0.4025034,0.37559759703630413,13071.082190359944,5263.259485308645,4907.503274538681,4.06824883386502,20.339918777152466,-355.7562107699641,-6.759237536416126,stop,closed,2023-04-03T08:00:00+00:00,0.4017,0.37635029763156724,-6.310605518653912,13
d85ad7e2888f47b79e6eead8595df555,f3264b4c3ebe6cc4e6b48806a6a8e133,1,4,20,0,d6d85c580190991a295ee3c774887cdc,0300c1af307d9a945576386db93f44bb,fast,1h,spot,aster,ADA,1,2023-04-03T09:00:00+00:00,2023-04-03T21:00:00+00:00,0.4025034,0.37559759703630413,13076.953731804928,5265.62374602965,4909.707729261572,4.070076294766013,20.34905548629012,-355.9160167680775,-6.759237536416135,stop,closed,2023-04-03T08:00:00+00:00,0.4017,0.37635029763156724,-6.310605518653912,13
d85ad7e2888f47b79e6eead8595df555,3373070c20f099c3f75399421b5c21d6,1,4,20,0,abd319f7b771d95e30f393e7da96e117,b6082ddeeb471bdfa14dffb7eba1e9cd,fast,1h,futures,aster,ETH,1,2023-04-04T12:00:00+00:00,2023-04-21T17:00:00+00:00,1868.64984,1877.9865,2.625103273778335,4907.360972054374,4927.936545857812,3.9341229287163513,19.67079136553415,20.5755738034386,0.4192798108924322,trend_break,closed,2023-04-04T11:00:00+00:00,1864.92,1881.75,0.9024515796924204,414
d85ad7e2888f47b79e6eead8595df555,f3264b4c3ebe6cc4e6b48806a6a8e133,1,4,20,0,eb25bffe81ec6238ab69e5c321164c8a,b6082ddeeb471bdfa14dffb7eba1e9cd,fast,1h,spot,aster,ETH,1,2023-04-04T12:00:00+00:00,2023-04-21T17:00:00+00:00,1868.64984,1877.9865,2.6263586287567966,4909.707729261571,4930.29314254419,3.9360042721491135,19.680198167208452,20.5854132826189,0.4192798108924293,trend_break,closed,2023-04-04T11:00:00+00:00,1864.92,1881.75,0.9024515796924204,414
d85ad7e2888f47b79e6eead8595df555,3373070c20f099c3f75399421b5c21d6,1,4,20,0,b241ac0f2b379ec916d9f1dc382e62a0,469f568e1f4c7d54f343f69821c31322,fast,1h,futures,aster,BNB,1,2023-04-26T13:00:00+00:00,2023-04-26T19:00:00+00:00,345.38939999999997,333.1734772594374,36.85925062679002,12735.886776220003,12275.612490624528,10.004527663576543,50.02103732300028,-460.2742855954748,-3.613994798186199,stop,closed,2023-04-26T12:00:00+00:00,344.7,333.84115957859456,-3.150229307051189,7
d85ad7e2888f47b79e6eead8595df555,3373070c20f099c3f75399421b5c21d6,1,4,20,0,d8156205130f6efd4300c514c14516df,d7c479db76ee81c0349e0f908da8c80e,fast,1h,futures,aster,BTC,1,2023-04-26T13:00:00+00:00,2023-04-26T19:00:00+00:00,30028.99812,28715.866809913074,0.4239500234927128,12735.886776220003,12169.22277171279,9.961954746845155,49.807746157011366,-566.6640045072127,-4.449348635583568,stop,closed,2023-04-26T12:00:00+00:00,29969.06,28773.41363718745,-3.9896024860724744,7
d85ad7e2888f47b79e6eead8595df555,3373070c20f099c3f75399421b5c21d6,1,4,20,0,341b60cd5164a59a112c9f8b3ffaad33,e2151955310863bab8e98ff1be2f8ed7,fast,1h,futures,aster,ETH,1,2023-04-26T13:00:00+00:00,2023-04-26T19:00:00+00:00,1965.11238,1864.224785304633,6.478405300381156,12735.886776220003,12072.37284872737,9.923199275462434,49.61358046872118,-663.5139274926332,-5.209797630515395,stop,closed,2023-04-26T12:00:00+00:00,1961.19,1867.9607067180693,-4.753710414693668,7
d85ad7e2888f47b79e6eead8595df555,f3264b4c3ebe6cc4e6b48806a6a8e133,1,4,20,0,f903872d3f89e9bff54b0e9055253698,469f568e1f4c7d54f343f69821c31322,fast,1h,spot,aster,BNB,0,2023-04-26T13:00:00+00:00,2023-04-26T19:00:00+00:00,345.38939999999997,333.1734772594374,36.896349669139376,12748.705517644012,12287.967963400279,10.014597276744603,50.071383777430256,-460.73755424373303,-3.6139947981862113,stop,closed,2023-04-26T12:00:00+00:00,344.7,333.84115957859456,-3.150229307051189,7
d85ad7e2888f47b79e6eead8595df555,f3264b4c3ebe6cc4e6b48806a6a8e133,1,4,20,0,10f9a299e183be8e055cd296ce828a73,d7c479db76ee81c0349e0f908da8c80e,fast,1h,spot,aster,BTC,1,2023-04-26T13:00:00+00:00,2023-04-26T19:00:00+00:00,30028.99812,28715.866809913074,0.4238047623606555,12731.52298514004,12165.053140911701,9.958541408612245,49.790680160570595,-566.4698442283388,-4.4493486355835845,stop,closed,2023-04-26T12:00:00+00:00,29969.06,28773.41363718745,-3.9896024860724744,7
d85ad7e2888f47b79e6eead8595df555,f3264b4c3ebe6cc4e6b48806a6a8e133,1,4,20,0,5ea3a47f08f509f348a8f04ac3b0af65,e2151955310863bab8e98ff1be2f8ed7,fast,1h,spot,aster,ETH,1,2023-04-26T13:00:00+00:00,2023-04-26T19:00:00+00:00,1965.11238,1864.224785304633,6.46767976503434,12714.801463174932,12052.386037821707,9.906770599013896,49.531441086214805,-662.4154253532251,-5.209797630515401,stop,closed,2023-04-26T12:00:00+00:00,1961.19,1867.9607067180693,-4.753710414693668,7
d85ad7e2888f47b79e6eead8595df555,3373070c20f099c3f75399421b5c21d6,1,4,20,0,ab591f2ea7e979414e4cabe368ed8ab4,b9fffca49801f39578d79744565ce90e,fast,1h,futures,aster,BTC,1,2023-04-27T19:00:00+00:00,2023-05-01T15:00:00+00:00,29834.93076,28119.019259999997,0.3105140124992022,9267.869728548641,8727.85695816576,7.1982054243553675,35.98903981967628,-540.0127703828821,-5.826719474912696,trend_break,closed,2023-04-27T18:00:00+00:00,29775.38,28175.37,-5.373600605601014,93
d85ad7e2888f47b79e6eead8595df555,f3264b4c3ebe6cc4e6b48806a6a8e133,1,4,20,0,d79950b64b01bedb09d83b8126424c40,b9fffca49801f39578d79744565ce90e,fast,1h,spot,aster,BTC,1,2023-04-27T19:00:00+00:00,2023-05-01T15:00:00+00:00,29834.93076,28119.019259999997,0.3108392292545186,9277.57642905325,8736.998076461696,7.205744462588678,36.02673292944259,-540.578352591554,-5.826719474912679,trend_break,closed,2023-04-27T18:00:00+00:00,29775.38,28175.37,-5.373600605601014,93
d85ad7e2888f47b79e6eead8595df555,3373070c20f099c3f75399421b5c21d6,1,4,20,0,575ad6faecdb5d25c031f7c1b08f3e46,8e9c29d07c51cf297aa7b9f3f7991bca,fast,1h,futures,aster,SOL,1,2023-04-28T11:00:00+00:00,2023-05-01T01:00:00+00:00,22.75542,22.1556,348.50763109571005,7933.609693795458,7718.307113235512,6.260733276116823,31.302955425016677,-215.30258055994636,-2.713803537982533,trend_break,closed,2023-04-28T10:00:00+00:00,22.71,22.2,-2.2457067371202233,63
d85ad7e2888f47b79e6eead8595df555,f3264b4c3ebe6cc4e6b48806a6a8e133,1,4,20,0,7b63839b3c27680fc9bf36446b73968b,8e9c29d07c51cf297aa7b9f3f7991bca,fast,1h,spot,aster,SOL,1,2023-04-28T11:00:00+00:00,2023-05-01T01:00:00+00:00,22.75542,22.1556,348.87264045575705,7941.918957463775,7726.390879812418,6.2672904531845255,31.3357405657361,-215.5280776513573,-2.7138035379825314,trend_break,closed,2023-04-28T10:00:00+00:00,22.71,22.2,-2.2457067371202233,63
d85ad7e2888f47b79e6eead8595df555,3373070c20f099c3f75399421b5c21d6,1,4,20,0,5adcd79275cc23729a717b99b62f9702,131da4d59c1a90415a4b5d6ecde13001,fast,1h,futures,aster,ETH,1,2023-04-30T16:00:00+00:00,2023-04-30T23:00:00+00:00,1924.50132,1866.28994,6.468721169640249,12454.042054656478,12067.680239867203,9.808628669299694,49.041833301087195,-386.36181478927574,-3.102300547032582,trend_break,closed,2023-04-30T15:00:00+00:00,1920.66,1870.03,-2.636073016567231,8
d85ad7e2888f47b79e6eead8595df555,f3264b4c3ebe6cc4e6b48806a6a8e133,1,4,20,0,2abcea6287133ea8fe927e5f04c59348,131da4d59c1a90415a4b5d6ecde13001,fast,1h,spot,aster,ETH,1,2023-04-30T16:00:00+00:00,2023-04-30T23:00:00+00:00,1924.50132,1866.28994,6.475496182764149,12467.085791765121,12080.319321048173,9.81890173351428,49.09319725008447,-386.7664707169479,-3.1023005470325598,trend_break,closed,2023-04-30T15:00:00+00:00,1920.66,1870.03,-2.636073016567231,8
d85ad7e2888f47b79e6eead8595df555,3373070c20f099c3f75399421b5c21d6,1,4,20,0,7fc0a7c45df22be62d9cbae461374bd8,086cd842f6745596eae2e5b08a9ead5e,fast,1h,futures,aster,ADA,1,2023-05-03T23:00:00+00:00,2023-05-03T23:00:00+00:00,0.39679200000000003,0.39271300000000003,30656.788901417225,12169.234329203853,12034.503812026327,9.681475248645363,48.4070696753378,-134.73051717752605,-1.1071404620272483,trend_break,closed,2023-05-03T22:00:00+00:00,0.396,0.3935,-0.631313131313127,1
d85ad7e2888f47b79e6eead8595df555,3373070c20f099c3f75399421b5c21d6,1,4,20,0,00e26cc95a25b546352c45727695ace6,f4cc5c880447c357489b32e6c022c67c,fast,1h,futures,aster,ETH,1,2023-05-03T23:00:00+00:00,2023-05-04T18:00:00+00:00,1910.8641,1869.51348,6.365899375979247,12169.234329203853,11896.374241838503,9.626201310995175,48.13014614001621,-272.8600873653504,-2.242212451366295,trend_break,closed,2023-05-03T22:00:00+00:00,1907.05,1873.26,-1.7718465693086216,20
d85ad7e2888f47b79e6eead8595df555,f3264b4c3ebe6cc4e6b48806a6a8e133,1,4,20,0,a1762f93da0eb30959d68bc9d757522f,086cd842f6745596eae2e5b08a9ead5e,fast,1h,spot,aster,ADA,1,2023-05-03T23:00:00+00:00,2023-05-03T23:00:00+00:00,0.39679200000000003,0.39271300000000003,30688.89727982725,12181.979773029,12047.108145885819,9.691615138764007,48.457768804847234,-134.87162714318038,-1.107140462027258,trend_break,closed,2023-05-03T22:00:00+00:00,0.396,0.3935,-0.631313131313127,1
d85ad7e2888f47b79e6eead8595df555,f3264b4c3ebe6cc4e6b48806a6a8e133,1,4,20,0,e2bc0beab428339ae4308d2edf0a2fff,f4cc5c880447c357489b32e6c022c67c,fast,1h,spot,aster,ETH,1,2023-05-03T23:00:00+00:00,2023-05-04T18:00:00+00:00,1910.8641,1869.51348,6.361482844737007,12160.791562450131,11888.120779852174,9.619522848719363,48.09675442557551,-272.67078259795744,-2.242212451366285,trend_break,closed,2023-05-03T22:00:00+00:00,1907.05,1873.26,-1.7718465693086216,20
d85ad7e2888f47b79e6eead8595df555,3373070c20f099c3f75399421b5c21d6,1,4,20,0,d1bfffe5e649289649032334a01eae3c,e539a3e58e2135a9e9642a028d0b30ea,fast,1h,futures,aster,ETH,1,2023-05-05T15:00:00+00:00,2023-05-06T14:00:00+00:00,1950.62346,1871.491773519036,6.194353092042975,12087.68360104691,11588.043781689019,9.47021252595728,47.34929134852446,-499.6398193578916,-4.133462091236554,stop,closed,2023-05-05T14:00:00+00:00,1946.73,1875.2422580351063,-3.6721960397637976,24
d85ad7e2888f47b79e6eead8595df555,3373070c20f099c3f75399421b5c21d6,1,4,20,0,5502f7919459342cecccd235e1dec3a4,1d947b543c7596a5b0a9b4dd5665a763,fast,1h,futures,aster,SOL,1,2023-05-05T15:00:00+00:00,2023-05-06T12:00:00+00:00,22.45482,22.11568,532.1339463929978,11953.751570937273,11763.796673934468,9.486990423083645,47.434419981471834,-189.9548970028045,-1.5890818533039874,trend_break,closed,2023-05-05T14:00:00+00:00,22.41,22.16,-1.1155734047300303,22
d85ad7e2888f47b79e6eead8595df555,f3264b4c3ebe6cc4e6b48806a6a8e133,1,4,20,0,da8930139c0647645e3baf7302e4aef2,e539a3e58e2135a9e9642a028d0b30ea,fast,1h,spot,aster,ETH,1,2023-05-05T15:00:00+00:00,2023-05-06T14:00:00+00:00,1950.62346,1871.491773519036,6.2008894569067605,12100.43868768799,11600.271641659085,9.480205621844366,47.39925495888003,-500.16704602890604,-4.133462091236562,stop,closed,2023-05-05T14:00:00+00:00,1946.73,1875.2422580351063,-3.6721960397637976,24
d85ad7e2888f47b79e6eead8595df555,f3264b4c3ebe6cc4e6b48806a6a8e133,1,4,20,0,085a63893405f657a6c2fe9dffd6d048,1d947b543c7596a5b0a9b4dd5665a763,fast,1h,spot,aster,SOL,1,2023-05-05T15:00:00+00:00,2023-05-06T12:00:00+00:00,22.45482,22.11568,532.8072255428315,11968.87598040139,11778.68074415237,9.49899377842271,47.494436084887994,-190.19523624901922,-1.589081853303996,trend_break,closed,2023-05-05T14:00:00+00:00,22.41,22.16,-1.1155734047300303,22
d85ad7e2888f47b79e6eead8595df555,3373070c20f099c3f75399421b5c21d6,1,4,20,0,945b78e8732f2332a5f2cd917f54d7c6,ebe7c21dbcc43854f79841674306948a,fast,1h,futures,aster,ETH,1,2023-05-07T15:00:00+00:00,2023-05-07T23:00:00+00:00,1932.1566,1866.4596000000001,6.182175667122648,11949.709490197463,11534.165610338358,9.39348505615116,46.965988543130756,-415.5438798591058,-3.477439181261963,trend_break,closed,2023-05-07T14:00:00+00:00,1928.3,1870.2,-3.0130166467873254,9
d85ad7e2888f47b79e6eead8595df555,f3264b4c3ebe6cc4e6b48806a6a8e133,1,4,20,0,d494a7efcc6a0e9eb685823576fac9d4,ebe7c21dbcc43854f79841674306948a,fast,1h,spot,aster,ETH,1,2023-05-07T15:00:00+00:00,2023-05-07T23:00:00+00:00,1932.1566,1866.4596000000001,6.188695052488708,11962.311002249824,11546.328912473176,9.403390913297383,47.01551631375671,-415.9820897766476,-3.4774391812619765,trend_break,closed,2023-05-07T14:00:00+00:00,1928.3,1870.2,-3.0130166467873254,9
d85ad7e2888f47b79e6eead8595df555,3373070c20f099c3f75399421b5c21d6,1,4,20,0,10ae7811145f06e7f183f000ce41d5bc,b746e936c5cdc638382d7b07ed5c675e,fast,1h,futures,aster,ETH,1,2023-05-23T03:00:00+00:00,2023-05-24T03:00:00+00:00,1846.12488,1818.02666,6.42525479729118,11866.567470715252,11676.612004960754,9.417242904154747,47.085680710605175,-189.9554657544977,-1.6007616880220565,trend_break,closed,2023-05-23T02:00:00+00:00,1842.44,1821.67,-1.127309437485069,25
d85ad7e2888f47b79e6eead8595df555,f3264b4c3ebe6cc4e6b48806a6a8e133,1,4,20,0,f8af2e088e68fd60eba8a3df43e28cc8,b746e936c5cdc638382d7b07ed5c675e,fast,1h,spot,aster,ETH,1,2023-05-23T03:00:00+00:00,2023-05-24T03:00:00+00:00,1846.12488,1818.02666,6.432030520653659,11879.081305727314,11688.925523296239,9.427173815032042,47.135334702064554,-190.15578243107484,-1.6007616880220712,trend_break,closed,2023-05-23T02:00:00+00:00,1842.44,1821.67,-1.127309437485069,25
d85ad7e2888f47b79e6eead8595df555,3373070c20f099c3f75399421b5c21d6,1,4,20,0,87430bc46eee00f953b5891df9bf1c9f,3edf6c321a775c68dfc62df22008fdf8,fast,1h,futures,aster,ADA,1,2023-05-23T04:00:00+00:00,2023-05-23T04:00:00+00:00,0.375249,0.3708568,31645.216985734558,11879.585963091378,11731.14956907251,9.444271974126028,47.22099278611311,-148.43639401886867,-1.2495081434659836,trend_break,closed,2023-05-23T03:00:00+00:00,0.3745,0.3716,-0.7743658210947912,1
d85ad7e2888f47b79e6eead8595df555,3373070c20f099c3f75399421b5c21d6,1,4,20,0,3d2533071dfe7f55655ea9bb1776bede,67a08ccb7234c850ecef4d77618ce724,fast,1h,futures,aster,BNB,1,2023-05-23T04:00:00+00:00,2023-05-23T04:00:00+00:00,315.4296,313.77119999999996,37.64654943188562,11879.585963091378,11807.678029905626,9.47489560791279,47.37441780508486,-71.90793318575197,-0.6053067287796253,trend_break,closed,2023-05-23T03:00:00+00:00,314.8,314.4,-0.12706480304957024,1
d85ad7e2888f47b79e6eead8595df555,3373070c20f099c3f75399421b5c21d6,1,4,20,0,0eecfa9c4f23adbe027b2c9c6963cd56,935ee9b5f405e79626686400616685df,fast,1h,futures,aster,BTC,1,2023-05-23T04:00:00+00:00,2023-05-23T04:00:00+00:00,27426.984480000003,27326.57732,0.43296178029849186,11879.585963091378,11826.63102050522,9.4824798378446,47.4124149490318,-52.95494258615872,-0.4457642105598979,trend_break,closed,2023-05-23T03:00:00+00:00,27372.24,27381.34,0.03324536099347242,1
d85ad7e2888f47b79e6eead8595df555,f3264b4c3ebe6cc4e6b48806a6a8e133,1,4,20,0,be84d425b6563875acc55c2163ea0012,3edf6c321a775c68dfc62df22008fdf8,fast,1h,spot,aster,ADA,1,2023-05-23T04:00:00+00:00,2023-05-23T04:00:00+00:00,0.375249,0.3708568,31678.588306064346,11892.113526695644,11743.520599749361,9.454231388386713,47.27078947030922,-148.59292694628311,-1.2495081434659943,trend_break,closed,2023-05-23T03:00:00+00:00,0.3745,0.3716,-0.7743658210947912,1
d85ad7e2888f47b79e6eead8595df555,f3264b4c3ebe6cc4e6b48806a6a8e133,1,4,20,0,6e8ff4af714bebcbe023633e0b836332,67a08ccb7234c850ecef4d77618ce724,fast,1h,spot,aster,BNB,0,2023-05-23T04:00:00+00:00,2023-05-23T04:00:00+00:00,315.4296,313.77119999999996,37.6099407310852,11868.033876254245,11796.195868627432,9.465681918380557,47.32834941599762,-71.83800762681312,-0.605306728779632,trend_break,closed,2023-05-23T03:00:00+00:00,314.8,314.4,-0.12706480304957024,1
d85ad7e2888f47b79e6eead8595df555,f3264b4c3ebe6cc4e6b48806a6a8e133,1,4,20,0,cfcffe3d881c4f986ab5eb502dfc8acd,935ee9b5f405e79626686400616685df,fast,1h,spot,aster,BTC,1,2023-05-23T04:00:00+00:00,2023-05-23T04:00:00+00:00,27426.984480000003,27326.57732,0.43222377827916797,11859.336696693203,11806.472018089546,9.46631654217517,47.33159844382138,-52.86467860365701,-0.4457642105599171,trend_break,closed,2023-05-23T03:00:00+00:00,27372.24,27381.34,0.03324536099347242,1
d85ad7e2888f47b79e6eead8595df555,3373070c20f099c3f75399421b5c21d6,1,4,20,0,6b720806847485f27be2d09830cd7455,88221f6f3c6944b03452a4d30847e879,fast,1h,futures,aster,ETH,1,2023-05-28T01:00:00+00:00,2023-06-05T15:00:00+00:00,1853.7,1817.91688,6.349016450617442,11773.879463227355,11537.367383304345,9.324462388593876,46.62158967885795,-236.51207992300988,-2.008786319425927,trend_break,closed,2023-05-28T00:00:00+00:00,1850,1821.56,-1.537297297297302,207
d85ad7e2888f47b79e6eead8595df555,f3264b4c3ebe6cc4e6b48806a6a8e133,1,4,20,0,bcde8b252cadbe0a2681093a2415688c,88221f6f3c6944b03452a4d30847e879,fast,1h,spot,aster,ETH,1,2023-05-28T01:00:00+00:00,2023-06-05T15:00:00+00:00,1853.7,1817.91688,6.355743266966882,11786.3539504941,11549.591284777456,9.334341705576781,46.670985498529845,-236.76266571664382,-2.008786319425936,trend_break,closed,2023-05-28T00:00:00+00:00,1850,1821.56,-1.537297297297302,207
d85ad7e2888f47b79e6eead8595df555,3373070c20f099c3f75399421b5c21d6,1,4,20,0,c06aeaa6f58f3a3970a29cf4c7c580ab,0bc7b2b031270e4da94ccba8acfd4238,fast,1h,futures,aster,BTC,1,2023-06-20T17:00:00+00:00,2023-07-18T16:00:00+00:00,27388.1169,29645.59998,0.4279910671231635,11726.558126276359,12682.976750158256,9.763968539788634,48.82390272492375,956.4186238818966,8.156004631391333,trend_break,closed,2023-06-20T16:00:00+00:00,27333.45,29705.01,8.676401990967108,672
d85ad7e2888f47b79e6eead8595df555,f3264b4c3ebe6cc4e6b48806a6a8e133,1,4,20,0,da6a11adec52e9dcd0f06581f411159e,0bc7b2b031270e4da94ccba8acfd4238,fast,1h,spot,aster,BTC,1,2023-06-20T17:00:00+00:00,2023-07-18T16:00:00+00:00,27388.1169,29645.59998,0.42844452591164384,11738.982476337513,12696.414430785819,9.774313515852207,48.87563190686052,957.431954448306,8.156004631391344,trend_break,closed,2023-06-20T16:00:00+00:00,27333.45,29705.01,8.676401990967108,672
d85ad7e2888f47b79e6eead8595df555,3373070c20f099c3f75399421b5c21d6,1,4,20,0,204d0d4675ac64f864d8db8430cebcbf,740836f1773a689918680d3ec60d98c1,fast,1h,futures,aster,ETH,1,2023-06-20T18:00:00+00:00,2023-06-20T18:00:00+00:00,1770.55404,1775.9909,6.651873806470882,11782.213042433847,11808.94188130135,9.43646775594314,47.18267217163087,26.728838867504237,0.22685754171342729,trend_break,closed,2023-06-20T17:00:00+00:00,1767.02,1779.55,0.7091034623263992,1
d85ad7e2888f47b79e6eead8595df555,3373070c20f099c3f75399421b5c21d6,1,4,20,0,7809fe257f4939766085431a9b424bc2,f2e880812bebc6345e04bf3d2b750e6a,fast,1h,futures,aster,SOL,1,2023-06-20T18:00:00+00:00,2023-06-20T18:00:00+00:00,16.37268,16.33726,668.4731751160475,10949.075263712912,10916.65165687044,8.746286979862163,43.73151511609183,-32.42360684247251,-0.2961310070625766,trend_break,closed,2023-06-20T17:00:00+00:00,16.34,16.37,0.1835985312117483,1
d85ad7e2888f47b79e6eead8595df555,f3264b4c3ebe6cc4e6b48806a6a8e133,1,4,20,0,f6ed01ddaf0bea561c789e72d759ae9e,740836f1773a689918680d3ec60d98c1,fast,1h,spot,aster,ETH,1,2023-06-20T18:00:00+00:00,2023-06-20T18:00:00+00:00,1770.55404,1775.9909,6.658921501783033,11794.696359171627,11821.453517384609,9.446465743202328,47.232662461157304,26.757158212982176,0.2268575417134469,trend_break,closed,2023-06-20T17:00:00+00:00,1767.02,1779.55,0.7091034623263992,1
d85ad7e2888f47b79e6eead8595df555,f3264b4c3ebe6cc4e6b48806a6a8e133,1,4,20,0,812f707e6f4514001aedbd8bc3dcfb66,f2e880812bebc6345e04bf3d2b750e6a,fast,1h,spot,aster,SOL,1,2023-06-20T18:00:00+00:00,2023-06-20T18:00:00+00:00,16.37268,16.33726,669.8078966011836,10970.936972665277,10938.448626523923,8.76375044374037,43.81883259564944,-32.48834614135376,-0.2961310070625722,trend_break,closed,2023-06-20T17:00:00+00:00,16.34,16.37,0.1835985312117483,1
d85ad7e2888f47b79e6eead8595df555,3373070c20f099c3f75399421b5c21d6,1,4,20,0,8654d1b75a928765f2fe6233c09b9243,1e5e4f043b069b55204e182362b34c18,fast,1h,futures,aster,BNB,1,2023-06-21T03:00:00+00:00,2023-06-21T03:00:00+00:00,251.9028,250.99699999999999,40.80980021280584,10284.214982222806,10239.040169044021,8.209296146024005,41.04649705404012,-45.17481317878446,-0.43926360210160137,trend_break,closed,2023-06-21T02:00:00+00:00,251.4,251.5,0.039777247414485295,1
d85ad7e2888f47b79e6eead8595df555,f3264b4c3ebe6cc4e6b48806a6a8e133,1,4,20,0,282bd7f3ae83d477f500d4689827dca7,1e5e4f043b069b55204e182362b34c18,fast,1h,spot,aster,BNB,0,2023-06-21T03:00:00+00:00,2023-06-21T03:00:00+00:00,251.9028,250.99699999999999,40.8530174563526,10295.10588149838,10249.883228563136,8.217989723278494,41.08996495759945,-45.222652935244696,-0.43926360210161197,trend_break,closed,2023-06-21T02:00:00+00:00,251.4,251.5,0.039777247414485295,1
d85ad7e2888f47b79e6eead8595df555,3373070c20f099c3f75399421b5c21d6,1,4,20,0,233c089f26be1133dac574b9a5cab8c0,7e4e819f41625e046c202949fdc614db,fast,1h,futures,aster,ADA,1,2023-06-22T02:00:00+00:00,2023-06-22T02:00:00+00:00,0.298596,0.29820240000000003,34649.88571979533,10350.455803298562,10328.546009736148,8.27159854310268,41.35810359514771,-21.909793562414052,-0.21167950454347792,trend_break,closed,2023-06-22T01:00:00+00:00,0.298,0.2988,0.26845637583894355,1
d85ad7e2888f47b79e6eead8595df555,f3264b4c3ebe6cc4e6b48806a6a8e133,1,4,20,0,29e9dbbf5c14a0ef75329a342cf9c2b9,7e4e819f41625e046c202949fdc614db,fast,1h,spot,aster,ADA,1,2023-06-22T02:00:00+00:00,2023-06-22T02:00:00+00:00,0.298596,0.29820240000000003,34686.57988583374,10361.416917193446,10339.483921199448,8.280358150935102,41.401901751731145,-21.932995993998702,-0.21167950454347317,trend_break,closed,2023-06-22T01:00:00+00:00,0.298,0.2988,0.26845637583894355,1
d85ad7e2888f47b79e6eead8595df555,3373070c20f099c3f75399421b5c21d6,1,4,20,0,9a0f48684e8e19587a293c41bf43cadd,3a302295d5641ecb104ee790ebe71588,fast,1h,futures,aster,ADA,1,2023-06-23T16:00:00+00:00,2023-06-23T16:00:00+00:00,0.2989968,0.29900079999999996,30577.702404064923,9146.292224235787,9139.100377984943,7.314157060458022,36.57093207526165,-7.19184625084381,-0.0786312756527383,trend_break,closed,2023-06-23T15:00:00+00:00,0.2984,0.2996,0.40214477211795163,1
d85ad7e2888f47b79e6eead8595df555,f3264b4c3ebe6cc4e6b48806a6a8e133,1,4,20,0,971da9e97d4f0aa880bf7da73b6cb2b3,3a302295d5641ecb104ee790ebe71588,fast,1h,spot,aster,ADA,1,2023-06-23T16:00:00+00:00,2023-06-23T16:00:00+00:00,0.2989968,0.29900079999999996,30610.084201627287,9155.97815090672,9148.778688488177,7.321902755348413,36.60966070514624,-7.19946241854268,-0.07863127565272439,trend_break,closed,2023-06-23T15:00:00+00:00,0.2984,0.2996,0.40214477211795163,1
d85ad7e2888f47b79e6eead8595df555,3373070c20f099c3f75399421b5c21d6,1,4,20,0,a001f410b3fae5b101ce778046e48605,d928f965fcffe3c320f1f3edddc4e4da,fast,1h,futures,aster,SOL,1,2023-06-23T21:00:00+00:00,2023-06-23T21:00:00+00:00,17.514960000000002,17.025879999999997,535.2012920767797,9377.778834362183,9108.628065554303,7.394520878966926,36.971705256663945,-269.15076880788,-2.870090813206792,trend_break,closed,2023-06-23T20:00:00+00:00,17.48,17.06,-2.40274599542335,1
d85ad7e2888f47b79e6eead8595df555,f3264b4c3ebe6cc4e6b48806a6a8e133,1,4,20,0,f469b68ad4cc3dd2d677b90b9b4922ba,d928f965fcffe3c320f1f3edddc4e4da,fast,1h,spot,aster,SOL,1,2023-06-23T21:00:00+00:00,2023-06-23T21:00:00+00:00,17.514960000000002,17.025879999999997,535.7680696566782,9387.70989183766,9118.27409266152,7.402351668448071,37.010858251883334,-269.43579917613897,-2.870090813206803,trend_break,closed,2023-06-23T20:00:00+00:00,17.48,17.06,-2.40274599542335,1
d85ad7e2888f47b79e6eead8595df555,3373070c20f099c3f75399421b5c21d6,1,4,20,0,3d7ae15671cbf5036831f3aae30e7dc4,2541476793be4622502289c3d7f816af,fast,1h,futures,aster,ETH,1,2023-06-27T17:00:00+00:00,2023-06-28T19:00:00+00:00,1912.67772,1827.9331479003774,6.241951972375417,11943.618003859263,11405.306969540003,9.339485353911872,46.69549766535416,-538.3110343192602,-4.507101902834797,stop,closed,2023-06-27T16:00:00+00:00,1908.86,1831.5963405815405,-4.047633635701908,27
d85ad7e2888f47b79e6eead8595df555,f3264b4c3ebe6cc4e6b48806a6a8e133,1,4,20,0,bc0fc74ac7c5de2445f7f2b280df143b,2541476793be4622502289c3d7f816af,fast,1h,spot,aster,ETH,1,2023-06-27T17:00:00+00:00,2023-06-28T19:00:00+00:00,1912.67772,1827.9331479003774,6.248562194205751,11956.266285168009,11417.385179921204,9.349375860958984,46.74494815767001,-538.8811052468045,-4.507101902834813,stop,closed,2023-06-27T16:00:00+00:00,1908.86,1831.5963405815405,-4.047633635701908,27
d85ad7e2888f47b79e6eead8595df555,3373070c20f099c3f75399421b5c21d6,1,4,20,0,7a0a732cc7c4fe9ec9ca500d63b27765,c68a9460717d2be3a65ca09eb1f916cb,fast,1h,futures,aster,ADA,1,2023-06-27T22:00:00+00:00,2023-06-27T22:00:00+00:00,0.288576,0.285927,35423.665735400966,10226.508731164373,10124.531039736901,8.140400894394023,40.70179192997571,-101.97769142747165,-0.9971896969755059,trend_break,closed,2023-06-27T21:00:00+00:00,0.288,0.2865,-0.520833333333337,1
d85ad7e2888f47b79e6eead8595df555,f3264b4c3ebe6cc4e6b48806a6a8e133,1,4,20,0,1eff47325cc178e1e71e60320763f38d,c68a9460717d2be3a65ca09eb1f916cb,fast,1h,spot,aster,ADA,1,2023-06-27T22:00:00+00:00,2023-06-27T22:00:00+00:00,0.288576,0.285927,35461.17935315363,10237.338591132868,10135.252905457593,8.149021568769928,40.744895076773524,-102.08568567527436,-0.9971896969755059,trend_break,closed,2023-06-27T21:00:00+00:00,0.288,0.2865,-0.520833333333337,1
d85ad7e2888f47b79e6eead8595df555,3373070c20f099c3f75399421b5c21d6,1,4,20,0,cccca5ccd0b342257aa42c9f2a9d5db9,bcd702b58b481a4632fd65fda48eb057,fast,1h,futures,aster,SOL,1,2023-06-29T10:00:00+00:00,2023-06-29T10:00:00+00:00,17.2845,17.465,518.8870951598523,8972.291477888983,9058.738171720033,7.2124268453029154,36.062653113609734,86.44669383105065,0.9634851257795961,trend_break,closed,2023-06-29T09:00:00+00:00,17.25,17.5,1.449275362318847,1
d85ad7e2888f47b79e6eead8595df555,f3264b4c3ebe6cc4e6b48806a6a8e133,1,4,20,0,779de6a75126d899cb94c13dcddb9645,bcd702b58b481a4632fd65fda48eb057,fast,1h,spot,aster,SOL,1,2023-06-29T10:00:00+00:00,2023-06-29T10:00:00+00:00,17.2845,17.465,519.4365960561114,8981.793125269673,9068.331366059938,7.220064797860738,36.10084342589975,86.53824079026526,0.9634851257795698,trend_break,closed,2023-06-29T09:00:00+00:00,17.25,17.5,1.449275362318847,1
d85ad7e2888f47b79e6eead8595df555,3373070c20f099c3f75399421b5c21d6,1,4,20,0,826b4b7466c4298ff3bcd9007263dc1b,4dbaee11fecd51f2eb52b6ba5ef77c80,fast,1h,futures,aster,ADA,1,2023-06-30T04:00:00+00:00,2023-06-30T04:00:00+00:00,0.2842674,0.2867254,35246.53788044663,10023.449458948984,10102.035241317259,8.050207741864915,40.251546259470054,78.58578236827452,0.7840193407481368,trend_break,closed,2023-06-30T03:00:00+00:00,0.2837,0.2873,1.2689460697920207,1
d85ad7e2888f47b79e6eead8595df555,f3264b4c3ebe6cc4e6b48806a6a8e133,1,4,20,0,e8fc48e54e6a6885616de6090bb9b5d2,4dbaee11fecd51f2eb52b6ba5ef77c80,fast,1h,spot,aster,ADA,1,2023-06-30T04:00:00+00:00,2023-06-30T04:00:00+00:00,0.2842674,0.2867254,35283.863947124424,10034.064287109279,10112.733291783316,8.05873290799505,40.29417262761609,78.66900467403684,0.7840193407481213,trend_break,closed,2023-06-30T03:00:00+00:00,0.2837,0.2873,1.2689460697920207,1
d85ad7e2888f47b79e6eead8595df555,3373070c20f099c3f75399421b5c21d6,1,4,20,0,901f3f3138f725069cb95d754ab66fbd,ba223b294b7e0c8aa09289f7362981ed,fast,1h,futures,aster,ETH,1,2023-06-30T05:00:00+00:00,2023-07-06T23:00:00+00:00,1895.41326,1845.07246,6.248053442931495,11847.380402258977,11523.500091626618,9.348301872432836,46.740438195881936,-323.8803106323594,-2.7337715143391876,trend_break,closed,2023-06-30T04:00:00+00:00,1891.63,1848.77,-2.265770790270827,163
d85ad7e2888f47b79e6eead8595df555,f3264b4c3ebe6cc4e6b48806a6a8e133,1,4,20,0,89b14feca6b52c356ab4ce1ed3e12307,ba223b294b7e0c8aa09289f7362981ed,fast,1h,spot,aster,ETH,1,2023-06-30T05:00:00+00:00,2023-07-06T23:00:00+00:00,1895.41326,1845.07246,6.2546701259131225,11859.926767459036,11535.703467868752,9.358201715715456,46.78993627793089,-324.2232995902832,-2.733771514339185,trend_break,closed,2023-06-30T04:00:00+00:00,1891.63,1848.77,-2.265770790270827,163
d85ad7e2888f47b79e6eead8595df555,3373070c20f099c3f75399421b5c21d6,1,4,20,0,556891150adec5cdee5f26bda8369f6c,45e88a31be5c353fc1311acfb8f43cf9,fast,1h,futures,aster,ADA,1,2023-07-01T14:00:00+00:00,2023-07-01T14:00:00+00:00,0.29258399999999996,0.29061760000000003,26640.052660466794,7797.570948877059,7738.971340791252,6.214608534267397,31.072957423168468,-58.59960808580672,-0.7515110599185474,trend_break,closed,2023-07-01T13:00:00+00:00,0.292,0.2912,-0.2739726027397138,1
d85ad7e2888f47b79e6eead8595df555,3373070c20f099c3f75399421b5c21d6,1,4,20,0,88193280a26ac2139361d67c32c25ce5,37502907251f61567fc4e4c14c5b8a2e,fast,1h,futures,aster,BNB,1,2023-07-01T14:00:00+00:00,2023-07-01T14:00:00+00:00,246.1914,246.70559999999998,37.40691757859323,9212.945112921821,9224.80464695924,7.375102981494347,36.875739348977206,11.859534037417689,0.12872685001437634,trend_break,closed,2023-07-01T13:00:00+00:00,245.7,247.2,0.6105006105006083,1
d85ad7e2888f47b79e6eead8595df555,f3264b4c3ebe6cc4e6b48806a6a8e133,1,4,20,0,0939087ec3c8dedf6ff8bc3b3c32edde,45e88a31be5c353fc1311acfb8f43cf9,fast,1h,spot,aster,ADA,1,2023-07-01T14:00:00+00:00,2023-07-01T14:00:00+00:00,0.29258399999999996,0.29061760000000003,26668.264437587284,7805.82856519992,7747.16690021416,6.221189795689602,31.10586364000181,-58.66166498576058,-0.7515110599185719,trend_break,closed,2023-07-01T13:00:00+00:00,0.292,0.2912,-0.2739726027397138,1
d85ad7e2888f47b79e6eead8595df555,f3264b4c3ebe6cc4e6b48806a6a8e133,1,4,20,0,82e3fd3d66d6b1c7fbd60feea326ca29,37502907251f61567fc4e4c14c5b8a2e,fast,1h,spot,aster,BNB,0,2023-07-01T14:00:00+00:00,2023-07-01T14:00:00+00:00,246.1914,246.70559999999998,37.42128622319658,9216.483964627514,9228.34805411726,7.3779358862219695,36.88990395882719,11.86408948974531,0.12872685001437856,trend_break,closed,2023-07-01T13:00:00+00:00,245.7,247.2,0.6105006105006083,1
d85ad7e2888f47b79e6eead8595df555,3373070c20f099c3f75399421b5c21d6,1,4,20,0,c355ac3d284ba0c581a128d141e3ac81,54f05f6e49e9b4844a21badcea620cf9,fast,1h,futures,aster,ETH,1,2023-07-02T23:00:00+00:00,2023-07-06T14:00:00+00:00,1946.26476,1870.782895079855,6.100961783828573,11878.836556741076,11409.009518742883,9.315064748277866,46.57366798816828,-469.8270379981932,-3.955160387585035,stop,closed,2023-07-02T22:00:00+00:00,1942.38,1874.5319589978508,-3.4930364296455574,88
d85ad7e2888f47b79e6eead8595df555,f3264b4c3ebe6cc4e6b48806a6a8e133,1,4,20,0,c641d1d465a895692ce7f990048d938b,54f05f6e49e9b4844a21badcea620cf9,fast,1h,spot,aster,ETH,1,2023-07-02T23:00:00+00:00,2023-07-06T14:00:00+00:00,1946.26476,1870.782895079855,6.107421871927571,11891.414627771377,11421.090106890273,9.32492813392982,46.622983163210776,-470.32452088110404,-3.955160387585019,stop,closed,2023-07-02T22:00:00+00:00,1942.38,1874.5319589978508,-3.4930364296455574,88
d85ad7e2888f47b79e6eead8595df555,3373070c20f099c3f75399421b5c21d6,1,4,20,0,5b265ec4fb69534224afc3e7de5aaa3d,6979e17ccab234a3101739e59ddc6dce,fast,1h,futures,aster,ADA,1,2023-07-06T07:00:00+00:00,2023-07-06T07:00:00+00:00,0.2912814,0.28762360000000003,37752.27083028423,11000.932914344603,10854.100666763588,8.74199133800228,43.70957916730308,-146.8322475810146,-1.334725415783179,trend_break,closed,2023-07-06T06:00:00+00:00,0.2907,0.2882,-0.8599931200550359,1
d85ad7e2888f47b79e6eead8595df555,3373070c20f099c3f75399421b5c21d6,1,4,20,0,e47d1c5ce40ae3106c31e09115d02af1,0bdd5c06526e512e43f52d3da8ed1a6e,fast,1h,futures,aster,BTC,1,2023-07-06T07:00:00+00:00,2023-07-06T23:00:00+00:00,30775.30776,29869.402261294326,0.37059740002059754,11409.811140305996,11065.095009077751,8.989908743557901,44.94838060642199,-344.7161312282442,-3.021225566219139,stop,closed,2023-07-06T06:00:00+00:00,30713.88,29929.260782860045,-2.5546079399279886,17
d85ad7e2888f47b79e6eead8595df555,f3264b4c3ebe6cc4e6b48806a6a8e133,1,4,20,0,84ee1541a34e3e9fe4beefd99a473ead,6979e17ccab234a3101739e59ddc6dce,fast,1h,spot,aster,ADA,1,2023-07-06T07:00:00+00:00,2023-07-06T07:00:00+00:00,0.2912814,0.28762360000000003,37792.24537324053,11012.581412717607,10865.593689668252,8.751247923118324,43.75586169313789,-146.98772304935483,-1.3347254157831667,trend_break,closed,2023-07-06T06:00:00+00:00,0.2907,0.2882,-0.8599931200550359,1
d85ad7e2888f47b79e6eead8595df555,f3264b4c3ebe6cc4e6b48806a6a8e133,1,4,20,0,6a158ec68ec39831b259737f22f06848,0bdd5c06526e512e43f52d3da8ed1a6e,fast,1h,spot,aster,BTC,1,2023-07-06T07:00:00+00:00,2023-07-06T23:00:00+00:00,30775.30776,29869.402261294326,0.36691566536148595,11296.45930047429,10955.16778401082,8.900597651247034,44.50183669990672,-341.2915164634687,-3.021225566219137,stop,closed,2023-07-06T06:00:00+00:00,30713.88,29929.260782860045,-2.5546079399279886,17
d85ad7e2888f47b79e6eead8595df555,3373070c20f099c3f75399421b5c21d6,1,4,20,0,47949283574ad240b72fc7ac46887310,905fd657ab5b09fc56b3b59fb7458b03,fast,1h,futures,aster,ETH,1,2023-07-06T09:00:00+00:00,2023-07-06T12:00:00+00:00,1952.898,1889.144365655822,5.493789284484201,10733.101630133062,10374.409648454504,8.442948471589714,42.21351021585661,-358.69198167855757,-3.34192290392121,stop,closed,2023-07-06T08:00:00+00:00,1949,1892.9302261080381,-2.876848326934933,4
d85ad7e2888f47b79e6eead8595df555,f3264b4c3ebe6cc4e6b48806a6a8e133,1,4,20,0,3ebefa6f042a6a176e55c5d03e4220f2,905fd657ab5b09fc56b3b59fb7458b03,fast,1h,spot,aster,ETH,1,2023-07-06T09:00:00+00:00,2023-07-06T12:00:00+00:00,1952.898,1889.144365655822,5.5616059773691475,10865.59368966825,10502.473925506207,8.547170314454767,42.73460422031533,-363.1197641620438,-3.3419229039212364,stop,closed,2023-07-06T08:00:00+00:00,1949,1892.9302261080381,-2.876848326934933,4
d85ad7e2888f47b79e6eead8595df555,3373070c20f099c3f75399421b5c21d6,1,4,20,0,9f14184c9742309794075a3a66ef42c8,1ddeac8b212db2dc0ec6704161cbac66,fast,1h,futures,aster,BTC,1,2023-07-10T19:00:00+00:00,2023-07-17T18:00:00+00:00,30596.039940000002,29801.59223255542,0.3762716889377102,11517.02859247865,11209.010044199622,9.090367626162404,45.4508242213863,-308.0185482790275,-2.6744619569685115,stop,closed,2023-07-10T18:00:00+00:00,30534.97,29861.31486227998,-2.2061758623637684,168
d85ad7e2888f47b79e6eead8595df555,3373070c20f099c3f75399421b5c21d6,1,4,20,0,1d08aadc6a221fa2d54fa5e460d9dfac,ea41654d14ad3adf983ef62f4c64937b,fast,1h,futures,aster,ETH,1,2023-07-10T19:00:00+00:00,2023-07-22T18:00:00+00:00,1892.9784,1879.0044599999999,6.081645529092904,11517.02859247865,11422.868097675304,9.175945078533626,45.87956897274512,-94.1604948033455,-0.8175762875576977,trend_break,closed,2023-07-10T18:00:00+00:00,1889.2,1882.77,-0.3403557061189999,288
d85ad7e2888f47b79e6eead8595df555,f3264b4c3ebe6cc4e6b48806a6a8e133,1,4,20,0,859495beac1aa220ad506645a115fba3,1ddeac8b212db2dc0ec6704161cbac66,fast,1h,spot,aster,BTC,1,2023-07-10T19:00:00+00:00,2023-07-17T18:00:00+00:00,30596.039940000002,29801.59223255542,0.376668420487835,11529.171862197469,11220.828546789478,9.09995228465668,45.498746444816675,-308.3433154079903,-2.674461956968519,stop,closed,2023-07-10T18:00:00+00:00,30534.97,29861.31486227998,-2.2061758623637684,168
d85ad7e2888f47b79e6eead8595df555,f3264b4c3ebe6cc4e6b48806a6a8e133,1,4,20,0,9a2a9d7596e0bba826b1b46152fc267d,ea41654d14ad3adf983ef62f4c64937b,fast,1h,spot,aster,ETH,1,2023-07-10T19:00:00+00:00,2023-07-22T18:00:00+00:00,1892.9784,1879.0044599999999,6.096828654712152,11545.781417851911,11451.38584676631,9.19885327437244,45.9941095614292,-94.39557108560075,-0.8175762875577027,trend_break,closed,2023-07-10T18:00:00+00:00,1889.2,1882.77,-0.3403557061189999,288
d85ad7e2888f47b79e6eead8595df555,3373070c20f099c3f75399421b5c21d6,1,4,20,0,67180bc2e9b3a82b7eab019c4e29b7f5,245bda7deda14716dc2cfef45f7ceb7d,fast,1h,futures,aster,ADA,1,2023-07-13T16:00:00+00:00,2023-07-24T09:00:00+00:00,0.3090168,0.30389099999999997,37581.21418966944,11617.871839625845,11416.024524208307,9.21352772412763,46.067052353696795,-201.84731541753717,-1.7373863148419588,trend_break,closed,2023-07-13T15:00:00+00:00,0.3084,0.3045,-1.2645914396887226,258
d85ad7e2888f47b79e6eead8595df555,3373070c20f099c3f75399421b5c21d6,1,4,20,0,cda9036b36dbe700da0561d46180f9bc,2fc82b2225fd3ec7355ef439ed1f50c7,fast,1h,futures,aster,BNB,1,2023-07-13T16:00:00+00:00,2023-07-14T17:00:00+00:00,251.8026,248.003,37.307453580082345,9397.87145636838,9248.659466057074,7.458589688426082,37.292530598650316,-149.2119903113071,-1.587721123916788,trend_break,closed,2023-07-13T15:00:00+00:00,251.3,248.5,-1.1142061281337101,26
d85ad7e2888f47b79e6eead8595df555,f3264b4c3ebe6cc4e6b48806a6a8e133,1,4,20,0,ab94b420108feba7e89e9dedea47bccf,245bda7deda14716dc2cfef45f7ceb7d,fast,1h,spot,aster,ADA,1,2023-07-13T16:00:00+00:00,2023-07-24T09:00:00+00:00,0.3090168,0.30389099999999997,37621.234681979586,11630.24379089574,11428.18152688996,9.223339272886323,46.11610947317058,-202.06226400577907,-1.7373863148419575,trend_break,closed,2023-07-13T15:00:00+00:00,0.3084,0.3045,-1.2645914396887226,258
d85ad7e2888f47b79e6eead8595df555,f3264b4c3ebe6cc4e6b48806a6a8e133,1,4,20,0,17f6049c7ed211610b3f56ee7e3f6ebb,2fc82b2225fd3ec7355ef439ed1f50c7,fast,1h,spot,aster,BNB,0,2023-07-13T16:00:00+00:00,2023-07-14T17:00:00+00:00,251.8026,248.003,38.543510157967276,9709.238213330933,9555.082587246476,7.705704888243572,38.52809275390409,-154.15562608445725,-1.5877211239167992,trend_break,closed,2023-07-13T15:00:00+00:00,251.3,248.5,-1.1142061281337101,26
d85ad7e2888f47b79e6eead8595df555,3373070c20f099c3f75399421b5c21d6,1,4,20,0,0fd38fcfc382c4b3c52dd717c82fc26b,853a3615d305edc795a374db4a1793e5,fast,1h,futures,aster,BTC,1,2023-08-02T00:00:00+00:00,2023-08-02T08:00:00+00:00,29659.2,29426.039979999998,0.3796289929951338,11263.99602593289,11166.50953427177,8.972188061793288,44.860765694814816,-97.48649166111863,-0.8654698691004267,trend_break,closed,2023-08-01T23:00:00+00:00,29600,29485.01,-0.38847972972974043,9
d85ad7e2888f47b79e6eead8595df555,3373070c20f099c3f75399421b5c21d6,1,4,20,0,ecda860cec8d6bcb4903e92f5e8fdcd6,b12cdf69f71f5017ceae5068cc7f49f2,fast,1h,futures,aster,ETH,1,2023-08-02T00:00:00+00:00,2023-08-02T00:00:00+00:00,1877.5976999999998,1866.8089,5.9967543787688244,11263.99602593289,11190.316527621453,8.981714669776355,44.908494191723975,-73.67949831143596,-0.6541150950497943,trend_break,closed,2023-08-01T23:00:00+00:00,1873.85,1870.55,-0.17610801291458866,1
d85ad7e2888f47b79e6eead8595df555,f3264b4c3ebe6cc4e6b48806a6a8e133,1,4,20,0,11daac71462c29b3ed432fcdd21a3d20,853a3615d305edc795a374db4a1793e5,fast,1h,spot,aster,BTC,1,2023-08-02T00:00:00+00:00,2023-08-02T08:00:00+00:00,29659.2,29426.039979999998,0.3799960412855239,11274.886739130689,11177.305991628313,8.980862916322067,44.90413979863119,-97.58074750237574,-0.8654698691004268,trend_break,closed,2023-08-01T23:00:00+00:00,29600,29485.01,-0.38847972972974043,9
d85ad7e2888f47b79e6eead8595df555,f3264b4c3ebe6cc4e6b48806a6a8e133,1,4,20,0,a10a134508c232814be9d2597b246164,b12cdf69f71f5017ceae5068cc7f49f2,fast,1h,spot,aster,ETH,1,2023-08-02T00:00:00+00:00,2023-08-02T00:00:00+00:00,1877.5976999999998,1866.8089,6.005747496132074,11280.888236592546,11207.098243781298,8.995184224980164,44.97584184903387,-73.78999281124743,-0.6541150950497857,trend_break,closed,2023-08-01T23:00:00+00:00,1873.85,1870.55,-0.17610801291458866,1
d85ad7e2888f47b79e6eead8595df555,3373070c20f099c3f75399421b5c21d6,1,4,20,0,6de5a74906b0c08fd5914f483b3cb51b,cacfb4e2cf4b93777d804f397f575798,fast,1h,futures,aster,BTC,1,2023-08-08T13:00:00+00:00,2023-08-08T13:00:00+00:00,29634.16002,29301.28,0.37879457435172353,11229.749134659181,11094.726219206445,8.929769966642972,44.64852405472914,-135.02291545273692,-1.2023680478845782,trend_break,closed,2023-08-08T12:00:00+00:00,29575.01,29360,-0.7269989088761086,1
d85ad7e2888f47b79e6eead8595df555,f3264b4c3ebe6cc4e6b48806a6a8e133,1,4,20,0,8ed576121294c5abbd889fb693d5a724,cacfb4e2cf4b93777d804f397f575798,fast,1h,spot,aster,BTC,1,2023-08-08T13:00:00+00:00,2023-08-08T13:00:00+00:00,29634.16002,29301.28,0.37916055093343876,11240.598881408736,11105.445512067807,8.938397562995133,44.69166172173545,-135.1533693409292,-1.2023680478845715,trend_break,closed,2023-08-08T12:00:00+00:00,29575.01,29360,-0.7269989088761086,1
d85ad7e2888f47b79e6eead8595df555,3373070c20f099c3f75399421b5c21d6,1,4,20,0,2d2d69fda14a019eec5e18da140cf535,3448e9624de22e1fefc6b380c518cc01,fast,1h,futures,aster,SOL,1,2023-08-08T16:00:00+00:00,2023-08-16T04:00:00+00:00,23.7975,23.52286,470.56432179666825,11202.733749735395,11064.591055152929,8.906909244229677,44.534207414836686,-138.142694582466,-1.2331159310621738,trend_break,closed,2023-08-08T15:00:00+00:00,23.75,23.57,-0.7578947368421018,181
d85ad7e2888f47b79e6eead8595df555,f3264b4c3ebe6cc4e6b48806a6a8e133,1,4,20,0,2dfa34a9779709c3b428c3626a2941eb,3448e9624de22e1fefc6b380c518cc01,fast,1h,spot,aster,SOL,1,2023-08-08T16:00:00+00:00,2023-08-16T04:00:00+00:00,23.7975,23.52286,471.0189627383001,11213.557395271002,11075.281232591116,8.91551475344118,44.57723463355272,-138.2761626798856,-1.233115931062159,trend_break,closed,2023-08-08T15:00:00+00:00,23.75,23.57,-0.7578947368421018,181
d85ad7e2888f47b79e6eead8595df555,3373070c20f099c3f75399421b5c21d6,1,4,20,0,361eeae08ab9d592120cc2a831dfa7af,17090bcd60f60fb7dd06f1e7a4637165,fast,1h,futures,aster,ETH,1,2023-08-08T17:00:00+00:00,2023-08-08T17:00:00+00:00,1857.97854,1850.2321200000001,6.048036094535406,11241.616121301313,11185.794536770754,8.970956767128385,44.854775852234276,-55.82158453055854,-0.4965619171498334,trend_break,closed,2023-08-08T16:00:00+00:00,1854.27,1853.94,-0.017796760989496896,1
d85ad7e2888f47b79e6eead8595df555,f3264b4c3ebe6cc4e6b48806a6a8e133,1,4,20,0,9352fa01255ba575ec2115ef0632f25a,17090bcd60f60fb7dd06f1e7a4637165,fast,1h,spot,aster,ETH,1,2023-08-08T17:00:00+00:00,2023-08-08T17:00:00+00:00,1857.97854,1850.2321200000001,6.0538794717267415,11252.477333471708,11196.60181629777,8.97962415656491,44.898112791703646,-55.875517173937624,-0.4965619171498339,trend_break,closed,2023-08-08T16:00:00+00:00,1854.27,1853.94,-0.017796760989496896,1
d85ad7e2888f47b79e6eead8595df555,3373070c20f099c3f75399421b5c21d6,1,4,20,0,53d6220977e80ea3d39b857cc8a1ca81,29c30dc804e9e080b9f302759cd3a688,fast,1h,futures,aster,ADA,1,2023-08-08T18:00:00+00:00,2023-08-08T18:00:00+00:00,0.3015018,0.2995996,37242.83019808461,11233.271853953593,11153.473855401984,8.954686948812375,44.77333046413732,-79.79799855160854,-0.7103718274522426,trend_break,closed,2023-08-08T17:00:00+00:00,0.3009,0.3002,-0.23263542705217466,1
d85ad7e2888f47b79e6eead8595df555,f3264b4c3ebe6cc4e6b48806a6a8e133,1,4,20,0,68a00a56af6662d5db57199d0150f8c3,29c30dc804e9e080b9f302759cd3a688,fast,1h,spot,aster,ADA,1,2023-08-08T18:00:00+00:00,2023-08-08T18:00:00+00:00,0.3015018,0.2995996,37278.81277178599,11244.125004217487,11164.249907944013,8.963338618983375,44.81658871424112,-79.8750962734739,-0.7103718274522389,trend_break,closed,2023-08-08T17:00:00+00:00,0.3009,0.3002,-0.23263542705217466,1
d85ad7e2888f47b79e6eead8595df555,3373070c20f099c3f75399421b5c21d6,1,4,20,0,a72522847b222d85cadee327c4efb9ae,69ccfd05289d9aa1d2b4cf119c13f4fe,fast,1h,futures,aster,XRP,1,2023-08-09T14:00:00+00:00,2023-08-10T06:00:00+00:00,0.66132,0.6292254570083631,16996.481994754053,11244.60951815986,10690.34130302326,8.773893049381714,43.86745873945519,-554.2682151365989,-4.929190420009381,stop,closed,2023-08-09T13:00:00+00:00,0.66,0.6304864298680993,-4.471753050287985,17
d85ad7e2888f47b79e6eead8595df555,f3264b4c3ebe6cc4e6b48806a6a8e133,1,4,20,0,e1da8db279c1e5e265c4a75a1c2552f7,69ccfd05289d9aa1d2b4cf119c13f4fe,fast,1h,spot,aster,XRP,0,2023-08-09T14:00:00+00:00,2023-08-10T06:00:00+00:00,0.66132,0.6292254570083631,17012.9033344532,11255.473622433847,10700.669894910156,8.782370043520405,43.909841771539185,-554.8037275236911,-4.929190420009373,stop,closed,2023-08-09T13:00:00+00:00,0.66,0.6304864298680993,-4.471753050287985,17
d85ad7e2888f47b79e6eead8595df555,3373070c20f099c3f75399421b5c21d6,1,4,20,0,07dcee617015ca17718d76568c0edcd5,9e9f91aec116d4c528c0c6a59d45e50a,fast,1h,futures,aster,ETH,1,2023-08-13T19:00:00+00:00,2023-08-13T19:00:00+00:00,1858.57974,1855.04248,5.995640929238437,11147.83411010109,11117.71975111655,8.906218151184524,44.531184048095476,-30.11435898453965,-0.270136411137056,trend_break,closed,2023-08-13T18:00:00+00:00,1854.87,1858.76,0.20971820127557717,1
d85ad7e2888f47b79e6eead8595df555,f3264b4c3ebe6cc4e6b48806a6a8e133,1,4,20,0,d5bb3749091053a9428e0d2fc9f83891,9e9f91aec116d4c528c0c6a59d45e50a,fast,1h,spot,aster,ETH,1,2023-08-13T19:00:00+00:00,2023-08-13T19:00:00+00:00,1858.57974,1855.04248,6.001433684259358,11158.604713740608,11128.461259433936,8.914822992688807,44.574208345752155,-30.14345430667163,-0.2701364111370774,trend_break,closed,2023-08-13T18:00:00+00:00,1854.87,1858.76,0.20971820127557717,1
d85ad7e2888f47b79e6eead8595df555,3373070c20f099c3f75399421b5c21d6,1,4,20,0,5032dbd41586579fc92f56b7f87c3262,10e670018aa53a00b5ee7ec73ae5413f,fast,1h,futures,aster,BTC,1,2023-08-14T16:00:00+00:00,2023-08-14T18:00:00+00:00,29664.159900000002,29280.75114,0.37697100137640854,11187.0010737179,11033.578880667896,8.888208856316847,44.440643908223095,-153.42219305000435,-1.3714327194483396,trend_break,closed,2023-08-14T15:00:00+00:00,29604.95,29339.43,-0.8968770425216044,3
d85ad7e2888f47b79e6eead8595df555,f3264b4c3ebe6cc4e6b48806a6a8e133,1,4,20,0,12cc1841dbac9066eeadb22c1156c135,10e670018aa53a00b5ee7ec73ae5413f,fast,1h,spot,aster,BTC,1,2023-08-14T16:00:00+00:00,2023-08-14T18:00:00+00:00,29664.159900000002,29280.75114,0.3773352160928563,11197.809518953976,11044.23909534954,8.896796297941037,44.48358072951888,-153.57042360443666,-1.3714327194483495,trend_break,closed,2023-08-14T15:00:00+00:00,29604.95,29339.43,-0.8968770425216044,3
d85ad7e2888f47b79e6eead8595df555,3373070c20f099c3f75399421b5c21d6,1,4,20,0,d4af2be8caf2088b1694bea0ddd0e90a,3aaac5bb6117c58ed024d42d1286c865,fast,1h,futures,aster,ADA,1,2023-08-29T15:00:00+00:00,2023-08-29T15:00:00+00:00,0.2777544,0.273951,39588.719526996014,11000.339415404658,10841.03115541883,8.73652413685166,43.682193126087405,-159.30825998582804,-1.4482122230041001,trend_break,closed,2023-08-29T14:00:00+00:00,0.2772,0.2745,-0.9740259740259716,1
d85ad7e2888f47b79e6eead8595df555,3373070c20f099c3f75399421b5c21d6,1,4,20,0,c73415668285711740a49f6d0ed37bc5,d87a270f4357d3de6062a3f54ce97fdc,fast,1h,futures,aster,BNB,1,2023-08-29T15:00:00+00:00,2023-08-29T15:00:00+00:00,231.06119999999999,227.6438,47.588868399320454,11000.339415404658,10828.977515785176,8.731700751644116,43.65802786953658,-171.36189961948185,-1.557787384082986,trend_break,closed,2023-08-29T14:00:00+00:00,230.6,228.1,-1.0841283607979202,1
d85ad7e2888f47b79e6eead8595df555,3373070c20f099c3f75399421b5c21d6,1,4,20,0,d2f866d162a9da517d44b4e360fb6605,4edf5d2a92a6785b9bc0595e32176003,fast,1h,futures,aster,BTC,1,2023-08-29T15:00:00+00:00,2023-08-29T15:00:00+00:00,27555,27369.92046,0.39905429283211985,11000.339415404658,10917.715420335055,8.767210117210293,43.83593050263366,-82.62399506960355,-0.7511040518795132,trend_break,closed,2023-08-29T14:00:00+00:00,27500,27424.77,-0.27356363636363845,1
d85ad7e2888f47b79e6eead8595df555,3373070c20f099c3f75399421b5c21d6,1,4,20,0,ee68197cea3b07d8fc10adc8a23c1c41,29a442ae3a4b0deb3c3e615b5a30a9c0,fast,1h,futures,aster,ETH,1,2023-08-29T15:00:00+00:00,2023-08-29T15:00:00+00:00,1723.6404,1712.52808,6.3794867183369925,11000.339415404658,10920.680121082694,8.768396472051286,43.84187416416168,-79.6592943219639,-0.7241530584993641,trend_break,closed,2023-08-29T14:00:00+00:00,1720.2,1715.96,-0.24648296709685047,1
d85ad7e2888f47b79e6eead8595df555,3373070c20f099c3f75399421b5c21d6,1,4,20,0,5e3cc7021c2b52844735c568abe08b96,3ba9eb290b25416c153976ddeaa82d88,fast,1h,futures,aster,SOL,1,2023-08-29T15:00:00+00:00,2023-08-29T15:00:00+00:00,21.81354,21.287339999999997,504.0878756492097,11000.339415404658,10726.397722822918,8.690652415124603,43.452374880961884,-273.9416925817404,-2.4903021828409937,trend_break,closed,2023-08-29T14:00:00+00:00,21.77,21.33,-2.021129995406523,1
d85ad7e2888f47b79e6eead8595df555,3373070c20f099c3f75399421b5c21d6,1,4,20,0,009023c498be1584f80ce28074b9d61c,ccfa2f602af06938328fad7fec0181a6,fast,1h,futures,aster,XRP,1,2023-08-29T15:00:00+00:00,2023-08-29T15:00:00+00:00,0.5426831999999999,0.5347284000000001,1132.2815736163882,614.7159757462455,605.2209289636897,0.4879733207522202,2.4398403348285935,-9.495046782555733,-1.5446233963626943,trend_break,closed,2023-08-29T14:00:00+00:00,0.5416,0.5358,-1.0709010339733926,1
d85ad7e2888f47b79e6eead8595df555,f3264b4c3ebe6cc4e6b48806a6a8e133,1,4,20,0,2cec6fa33a116387ecf1c84a7dabfce5,3aaac5bb6117c58ed024d42d1286c865,fast,1h,spot,aster,ADA,1,2023-08-29T15:00:00+00:00,2023-08-29T15:00:00+00:00,0.2777544,0.273951,39626.96860770622,11010.96751540806,10851.505337978908,8.744965026600802,43.72439716174305,-159.46217742915178,-1.4482122230041128,trend_break,closed,2023-08-29T14:00:00+00:00,0.2772,0.2745,-0.9740259740259716,1
d85ad7e2888f47b79e6eead8595df555,f3264b4c3ebe6cc4e6b48806a6a8e133,1,4,20,0,4276982376d4df09380ea989b6565aa6,d87a270f4357d3de6062a3f54ce97fdc,fast,1h,spot,aster,BNB,0,2023-08-29T15:00:00+00:00,2023-08-29T15:00:00+00:00,231.06119999999999,227.6438,47.51941028149138,10984.28391971891,10813.172130585672,8.718956437268602,43.59430699224019,-171.11178913323783,-1.557787384082991,trend_break,closed,2023-08-29T14:00:00+00:00,230.6,228.1,-1.0841283607979202,1
d85ad7e2888f47b79e6eead8595df555,f3264b4c3ebe6cc4e6b48806a6a8e133,1,4,20,0,caf83581194e7b78b1f1da175ab42d65,4edf5d2a92a6785b9bc0595e32176003,fast,1h,spot,aster,BTC,1,2023-08-29T15:00:00+00:00,2023-08-29T15:00:00+00:00,27555,27369.92046,0.397418641844732,10955.251024302004,10872.9656899649,8.731274917057256,43.65625499406856,-82.28533433710436,-0.7511040518795145,trend_break,closed,2023-08-29T14:00:00+00:00,27500,27424.77,-0.27356363636363845,1
d85ad7e2888f47b79e6eead8595df555,f3264b4c3ebe6cc4e6b48806a6a8e133,1,4,20,0,d10dee114a684baf6c7e6cee8adeefed,29a442ae3a4b0deb3c3e615b5a30a9c0,fast,1h,spot,aster,ETH,1,2023-08-29T15:00:00+00:00,2023-08-29T15:00:00+00:00,1723.6404,1712.52808,6.346824685956549,10944.019297808194,10864.767847340358,8.723503573587918,43.61741022579291,-79.25145046783655,-0.7241530584993447,trend_break,closed,2023-08-29T14:00:00+00:00,1720.2,1715.96,-0.24648296709685047,1
d85ad7e2888f47b79e6eead8595df555,f3264b4c3ebe6cc4e6b48806a6a8e133,1,4,20,0,9164785c74260cf326498707ea9d94c9,3ba9eb290b25416c153976ddeaa82d88,fast,1h,spot,aster,SOL,1,2023-08-29T15:00:00+00:00,2023-08-29T15:00:00+00:00,21.81354,21.287339999999997,501.01996459507177,10933.390646108579,10661.116180190005,8.637760548646575,43.18792094809518,-272.2744659185737,-2.490302182840982,trend_break,closed,2023-08-29T14:00:00+00:00,21.77,21.33,-2.021129995406523,1
d85ad7e2888f47b79e6eead8595df555,f3264b4c3ebe6cc4e6b48806a6a8e133,1,4,20,0,7411306c6f09163cb2a136afb7dfcd8a,ccfa2f602af06938328fad7fec0181a6,fast,1h,spot,aster,XRP,0,2023-08-29T15:00:00+00:00,2023-08-29T15:00:00+00:00,0.5426831999999999,0.5347284000000001,377.4395667138469,204.91204391563224,201.7469245433464,0.162663106990589,0.8133067783549973,-3.1651193722858295,-1.544623396362682,trend_break,closed,2023-08-29T14:00:00+00:00,0.5416,0.5358,-1.0709010339733926,1
d85ad7e2888f47b79e6eead8595df555,3373070c20f099c3f75399421b5c21d6,1,4,20,0,833e18c54a24988e6cdc6946a7880c97,1affbf6302a8d739478097f078a952ec,fast,1h,futures,aster,BNB,1,2023-08-31T12:00:00+00:00,2023-08-31T12:00:00+00:00,225.24960000000002,222.85340000000002,48.12733519312277,10844.999266517354,10721.050144614775,8.626401312817558,43.13171780007663,-123.94912190257855,-1.1429149864975716,trend_break,closed,2023-08-31T11:00:00+00:00,224.8,223.3,-0.6672597864768703,1
d85ad7e2888f47b79e6eead8595df555,f3264b4c3ebe6cc4e6b48806a6a8e133,1,4,20,0,0ec8dfef0a8ce4017dda211fe476c9ed,1affbf6302a8d739478097f078a952ec,fast,1h,spot,aster,BNB,0,2023-08-31T12:00:00+00:00,2023-08-31T12:00:00+00:00,225.24960000000002,222.85340000000002,48.182348923685716,10857.396044049487,10733.30523751865,8.636262039900139,43.18102110540714,-124.09080653083583,-1.1429149864975694,trend_break,closed,2023-08-31T11:00:00+00:00,224.8,223.3,-0.6672597864768703,1
d85ad7e2888f47b79e6eead8595df555,3373070c20f099c3f75399421b5c21d6,1,4,20,0,e3db45872cd52226d2eb32186e7b328f,d563716c9de198d36a823521664febf9,fast,1h,futures,aster,BNB,1,2023-09-07T22:00:00+00:00,2023-09-07T22:00:00+00:00,217.6344,216.9652,49.69744294530787,10820.199526207085,10778.302601858064,8.63939553002145,43.1970174080616,-41.89692434902099,-0.38721027507435946,trend_break,closed,2023-09-07T21:00:00+00:00,217.2,217.4,0.09208103130755596,1
d85ad7e2888f47b79e6eead8595df555,3373070c20f099c3f75399421b5c21d6,1,4,20,0,16941e090d8667fead9e4be300062dc9,de0d88ec0490b325cbbab8d08f0930b4,fast,1h,futures,aster,BTC,1,2023-09-07T22:00:00+00:00,2023-09-07T22:00:00+00:00,26218.86306,26277.12044,0.4125225854448744,10820.199526207085,10835.569699690373,8.662311535556587,43.31182705503123,15.370173483288454,0.14205073987832753,trend_break,closed,2023-09-07T21:00:00+00:00,26166.53,26329.78,0.6238886088449691,1
d85ad7e2888f47b79e6eead8595df555,f3264b4c3ebe6cc4e6b48806a6a8e133,1,4,20,0,c0d9d74bd1da8eb779c185e498013758,d563716c9de198d36a823521664febf9,fast,1h,spot,aster,BNB,0,2023-09-07T22:00:00+00:00,2023-09-07T22:00:00+00:00,217.6344,216.9652,49.75425144561004,10832.567955478798,10790.623139300773,8.649271110624618,43.246395356524246,-41.944816178025576,-0.38721027507435213,trend_break,closed,2023-09-07T21:00:00+00:00,217.2,217.4,0.09208103130755596,1
d85ad7e2888f47b79e6eead8595df555,f3264b4c3ebe6cc4e6b48806a6a8e133,1,4,20,0,522e35faf186c7aa5810eacb359523b4,de0d88ec0490b325cbbab8d08f0930b4,fast,1h,spot,aster,BTC,1,2023-09-07T22:00:00+00:00,2023-09-07T22:00:00+00:00,26218.86306,26277.12044,0.4128721332348206,10829.367937742865,10844.751135022574,8.669651477561978,43.34852699331289,15.383197279708838,0.1420507398783157,trend_break,closed,2023-09-07T21:00:00+00:00,26166.53,26329.78,0.6238886088449691,1
d85ad7e2888f47b79e6eead8595df555,3373070c20f099c3f75399421b5c21d6,1,4,20,0,fa0a3033c13fc4903c8e9f639067cbc3,81da813d70b562c7b48967b0945f64aa,fast,1h,futures,aster,SOL,1,2023-09-08T01:00:00+00:00,2023-09-08T01:00:00+00:00,20.27046,19.98994,533.31635427924,10814.89205389387,10656.697538291528,8.588611899929568,42.94263284656441,-158.1945156023412,-1.4627470603868278,trend_break,closed,2023-09-08T00:00:00+00:00,20.23,20.03,-0.9886307464162081,1
d85ad7e2888f47b79e6eead8595df555,f3264b4c3ebe6cc4e6b48806a6a8e133,1,4,20,0,8b70f9dab68ba50d06b48d559518f204,81da813d70b562c7b48967b0945f64aa,fast,1h,spot,aster,SOL,1,2023-09-08T01:00:00+00:00,2023-09-08T01:00:00+00:00,20.27046,19.98994,533.9259364136191,10827.253506769623,10668.878174378719,8.59842870815475,42.991716400024615,-158.37533239090408,-1.4627470603868435,trend_break,closed,2023-09-08T00:00:00+00:00,20.23,20.03,-0.9886307464162081,1
d85ad7e2888f47b79e6eead8595df555,3373070c20f099c3f75399421b5c21d6,1,4,20,0,abcbcf14b5270dd95455aa59f455fcfc,8f1b8cfbf106ff4018d7feca430257f5,fast,1h,futures,aster,BNB,1,2023-09-14T01:00:00+00:00,2023-09-14T01:00:00+00:00,215.0292,211.67579999999998,50.127745085982255,10783.240495212152,10606.586211054053,8.555903786765624,42.77901765637725,-176.65428415809947,-1.6382300314690692,trend_break,closed,2023-09-14T00:00:00+00:00,214.6,212.1,-1.164958061509791,1
d85ad7e2888f47b79e6eead8595df555,3373070c20f099c3f75399421b5c21d6,1,4,20,0,a663e8fde363abb62c0052806ac7b47b,2be030d8f210a48f13fbd86512b285a0,fast,1h,futures,aster,ETH,1,2023-09-14T01:00:00+00:00,2023-09-14T01:00:00+00:00,1636.82712,1617.3687799999998,6.585258022632651,10783.240495212152,10646.530417756961,8.571887863077311,42.85909819902099,-136.7100774551909,-1.267801432379175,trend_break,closed,2023-09-14T00:00:00+00:00,1633.56,1620.61,-0.7927471289698618,1
d85ad7e2888f47b79e6eead8595df555,3373070c20f099c3f75399421b5c21d6,1,4,20,0,60fd77dd639941f321877b9333a4cc0b,51c887a95c6194ab800b0b3efce98919,fast,1h,futures,aster,SOL,1,2023-09-14T01:00:00+00:00,2023-09-14T01:00:00+00:00,19.29852,18.862199999999998,398.3157524303168,7689.979276397355,7510.106140936925,6.080006360033056,30.39945822548178,-179.8731354604297,-2.339058780203861,trend_break,closed,2023-09-14T00:00:00+00:00,19.26,18.9,-1.8691588785046842,1
d85ad7e2888f47b79e6eead8595df555,f3264b4c3ebe6cc4e6b48806a6a8e133,1,4,20,0,12c22fe7109c809f07ec9a05f9146e59,8f1b8cfbf106ff4018d7feca430257f5,fast,1h,spot,aster,BNB,0,2023-09-14T01:00:00+00:00,2023-09-14T01:00:00+00:00,215.0292,211.67579999999998,50.18504124349915,10795.56577026485,10618.709569749375,8.565683209522922,42.827914197202176,-176.85620051547448,-1.6382300314690745,trend_break,closed,2023-09-14T00:00:00+00:00,214.6,212.1,-1.164958061509791,1
d85ad7e2888f47b79e6eead8595df555,f3264b4c3ebe6cc4e6b48806a6a8e133,1,4,20,0,ff226b7ca6582bcb94c5e3283e28db73,2be030d8f210a48f13fbd86512b285a0,fast,1h,spot,aster,ETH,1,2023-09-14T01:00:00+00:00,2023-09-14T01:00:00+00:00,1636.82712,1617.3687799999998,6.574295742395136,10765.289960279313,10628.80745996312,8.557618500115883,42.787751952059956,-136.48250031619318,-1.2678014323791797,trend_break,closed,2023-09-14T00:00:00+00:00,1633.56,1620.61,-0.7927471289698618,1
d85ad7e2888f47b79e6eead8595df555,f3264b4c3ebe6cc4e6b48806a6a8e133,1,4,20,0,c9fa98002b2bdc3590813cdf6cf6dfc0,51c887a95c6194ab800b0b3efce98919,fast,1h,spot,aster,SOL,1,2023-09-14T01:00:00+00:00,2023-09-14T01:00:00+00:00,19.29852,18.862199999999998,396.8329147996579,7661.351258096662,7482.147748811893,6.05737189938144,30.28628805750989,-179.2035092847691,-2.339058780203863,trend_break,closed,2023-09-14T00:00:00+00:00,19.26,18.9,-1.8691588785046842,1
d85ad7e2888f47b79e6eead8595df555,3373070c20f099c3f75399421b5c21d6,1,4,20,0,56726cb83fa8729a77729b2011125fa5,4530cb38ac325111948f663e31acb291,fast,1h,futures,aster,BTC,1,2023-09-18T03:00:00+00:00,2023-09-18T04:00:00+00:00,26723.21976,26571.74002,0.3996629717581589,10684.553536797646,10615.49268494593,8.520008802162543,42.599972247329504,-69.0608518517165,-0.6463616061623039,trend_break,closed,2023-09-18T02:00:00+00:00,26669.88,26624.99,-0.1683172177752601,2
d85ad7e2888f47b79e6eead8595df555,f3264b4c3ebe6cc4e6b48806a6a8e133,1,4,20,0,f894d7effb14524096a3f3ec04cccc46,4530cb38ac325111948f663e31acb291,fast,1h,spot,aster,BTC,1,2023-09-18T03:00:00+00:00,2023-09-18T04:00:00+00:00,26723.21976,26571.74002,0.40012921064768203,10697.017924864753,10627.876507994128,8.529948075308544,42.64966852934166,-69.14141687062511,-0.6463616061623015,trend_break,closed,2023-09-18T02:00:00+00:00,26669.88,26624.99,-0.1683172177752601,2
d85ad7e2888f47b79e6eead8595df555,3373070c20f099c3f75399421b5c21d6,1,4,20,0,3f5020a29f3ac5f71b5365b02a4267a8,50a3f197c47a08dee48241d4cd7a4de8,fast,1h,futures,aster,SOL,1,2023-09-18T11:00:00+00:00,2023-09-18T11:00:00+00:00,19.65924,19.5109,542.5677317056819,10670.735841559153,10581.750362633775,8.5009816041576,42.50475610182312,-88.98547892537863,-0.8339207365513466,trend_break,closed,2023-09-18T10:00:00+00:00,19.62,19.55,-0.35677879714577365,1
d85ad7e2888f47b79e6eead8595df555,f3264b4c3ebe6cc4e6b48806a6a8e133,1,4,20,0,0ed16415ffa28c16d5cd358e6d378af7,50a3f197c47a08dee48241d4cd7a4de8,fast,1h,spot,aster,SOL,1,2023-09-18T11:00:00+00:00,2023-09-18T11:00:00+00:00,19.65924,19.5109,543.2006804514932,10683.184110177277,10594.09482255855,8.510898680552101,42.55434130656998,-89.0892876187263,-0.8339207365513422,trend_break,closed,2023-09-18T10:00:00+00:00,19.62,19.55,-0.35677879714577365,1
d85ad7e2888f47b79e6eead8595df555,3373070c20f099c3f75399421b5c21d6,1,4,20,0,cb502d362a2a237314765e8fa8b5c324,f7cddd3f8bdfcb8271e0b90315465e38,fast,1h,futures,aster,ETH,1,2023-09-18T12:00:00+00:00,2023-09-18T12:00:00+00:00,1659.74286,1661.5801800000002,6.415856585201719,10652.931626935764,10656.19595563778,8.523652919106478,42.61848222138776,3.264328702016428,0.03064253875208047,trend_break,closed,2023-09-18T11:00:00+00:00,1656.43,1664.91,0.5119443622730868,1
d85ad7e2888f47b79e6eead8595df555,f3264b4c3ebe6cc4e6b48806a6a8e133,1,4,20,0,ec710a064bed52c3d24131eb7a9223e1,f7cddd3f8bdfcb8271e0b90315465e38,fast,1h,spot,aster,ETH,1,2023-09-18T12:00:00+00:00,2023-09-18T12:00:00+00:00,1659.74286,1661.5801800000002,6.423341196138941,10665.359125510522,10668.627262313605,8.53359644340697,42.66820009676823,3.268136803082598,0.030642538752075645,trend_break,closed,2023-09-18T11:00:00+00:00,1656.43,1664.91,0.5119443622730868,1
d85ad7e2888f47b79e6eead8595df555,3373070c20f099c3f75399421b5c21d6,1,4,20,0,9e0fbdecd3551e5233cccd231f23eff5,abab41aa5af59dc33b4025eaabbb7c58,fast,1h,futures,aster,XRP,1,2023-09-20T04:00:00+00:00,2023-09-20T06:00:00+00:00,0.5236451999999999,0.5127724,20336.909464295557,10653.584753822464,10424.03459223971,8.431012359360995,42.15434593759183,-229.5501615827543,-2.1546753218478187,trend_break,closed,2023-09-20T03:00:00+00:00,0.5226,0.5138,-1.6838882510524122,3
d85ad7e2888f47b79e6eead8595df555,f3264b4c3ebe6cc4e6b48806a6a8e133,1,4,20,0,1c1ef46afeb36f46438b61ff5ef25346,abab41aa5af59dc33b4025eaabbb7c58,fast,1h,spot,aster,XRP,0,2023-09-20T04:00:00+00:00,2023-09-20T06:00:00+00:00,0.5236451999999999,0.5127724,20360.634099187933,10666.013014322083,10436.19506407741,8.440847811023408,42.203522360796754,-229.81795024467283,-2.1546753218478023,trend_break,closed,2023-09-20T03:00:00+00:00,0.5226,0.5138,-1.6838882510524122,3
d85ad7e2888f47b79e6eead8595df555,3373070c20f099c3f75399421b5c21d6,1,4,20,0,f78a80f9bd233225e9d2647a00da929e,0ed0d09b14091252e13877dd25c130be,fast,1h,futures,aster,ADA,1,2023-09-27T12:00:00+00:00,2023-09-27T12:00:00+00:00,0.2483958,0.24560780000000001,42687.57761401919,10607.656357492986,10480.208264298459,8.435126806641957,42.17532668265096,-127.44809319452725,-1.2014726806690064,trend_break,closed,2023-09-27T11:00:00+00:00,0.2479,0.2461,-0.7260992335619165,1
d85ad7e2888f47b79e6eead8595df555,3373070c20f099c3f75399421b5c21d6,1,4,20,0,236bcac4766a937aa797ec6efb9d2c74,18fb6aa6b559dfae15d0167bed77b7e8,fast,1h,futures,aster,BNB,1,2023-09-27T12:00:00+00:00,2023-09-27T12:00:00+00:00,215.63039999999998,214.17079999999999,49.17402644291523,10607.656357492986,10527.427926267308,8.454022229598678,42.26999313032993,-80.22843122567792,-0.7563257002476946,trend_break,closed,2023-09-27T11:00:00+00:00,215.2,214.6,-0.27881040892192566,1
d85ad7e2888f47b79e6eead8595df555,3373070c20f099c3f75399421b5c21d6,1,4,20,0,60382d28c4f8c6015e76be20a7bb2994,829235940c544116c2de75ebc870421f,fast,1h,futures,aster,BTC,1,2023-09-27T12:00:00+00:00,2023-09-27T13:00:00+00:00,26828.419739999998,26561.77,0.3952306954437261,10607.656357492986,10493.827618584573,8.440576728325075,42.20263089950026,-113.82873890841256,-1.073080943350948,trend_break,closed,2023-09-27T11:00:00+00:00,26774.87,26615,-0.5970897337690073,2
d85ad7e2888f47b79e6eead8595df555,3373070c20f099c3f75399421b5c21d6,1,4,20,0,5acd40e51f27f3cd5f57863a0c6f8ede,225704c5fb8fc0713b73585687992d68,fast,1h,futures,aster,ETH,1,2023-09-27T12:00:00+00:00,2023-09-27T12:00:00+00:00,1632.23796,1618.97556,6.496243348914877,10607.656357492986,10513.052310020257,8.448269682080852,42.241172751984095,-94.60404747272878,-0.8918468348185395,trend_break,closed,2023-09-27T11:00:00+00:00,1628.98,1622.22,-0.41498360937518575,1
d85ad7e2888f47b79e6eead8595df555,f3264b4c3ebe6cc4e6b48806a6a8e133,1,4,20,0,0050fbe820fc50240195c7469767e2ec,0ed0d09b14091252e13877dd25c130be,fast,1h,spot,aster,ADA,1,2023-09-27T12:00:00+00:00,2023-09-27T12:00:00+00:00,0.2483958,0.24560780000000001,42737.37609471316,10620.031038837129,10492.434267226934,8.444967058136896,42.22452758157661,-127.59677161019499,-1.2014726806689877,trend_break,closed,2023-09-27T11:00:00+00:00,0.2479,0.2461,-0.7260992335619165,1
d85ad7e2888f47b79e6eead8595df555,f3264b4c3ebe6cc4e6b48806a6a8e133,1,4,20,0,ce6688429cf03cb1750fee3beabf3aa1,18fb6aa6b559dfae15d0167bed77b7e8,fast,1h,spot,aster,BNB,0,2023-09-27T12:00:00+00:00,2023-09-27T12:00:00+00:00,215.63039999999998,214.17079999999999,49.13644907472002,10599.55029342893,10519.38317044905,8.44756191042142,42.237691624629335,-80.16712297988124,-0.7563257002476788,trend_break,closed,2023-09-27T11:00:00+00:00,215.2,214.6,-0.27881040892192566,1
d85ad7e2888f47b79e6eead8595df555,f3264b4c3ebe6cc4e6b48806a6a8e133,1,4,20,0,28dd82bf03e565b4ffeaba570d1a273b,829235940c544116c2de75ebc870421f,fast,1h,spot,aster,BTC,1,2023-09-27T12:00:00+00:00,2023-09-27T13:00:00+00:00,26828.419739999998,26561.77,0.3945196402448527,10588.57223956437,10474.948288688654,8.42539137953169,42.12670461023891,-113.62395087571531,-1.073080943350961,trend_break,closed,2023-09-27T11:00:00+00:00,26774.87,26615,-0.5970897337690073,2
d85ad7e2888f47b79e6eead8595df555,f3264b4c3ebe6cc4e6b48806a6a8e133,1,4,20,0,dc23a30115d5e4f44a8ef1baeaf4abba,225704c5fb8fc0713b73585687992d68,fast,1h,spot,aster,ETH,1,2023-09-27T12:00:00+00:00,2023-09-27T12:00:00+00:00,1632.23796,1618.97556,6.477249241293688,10576.641052855965,10482.313614395951,8.423568122281512,42.11766546658808,-94.32743846001358,-0.8918468348185339,trend_break,closed,2023-09-27T11:00:00+00:00,1628.98,1622.22,-0.41498360937518575,1
d85ad7e2888f47b79e6eead8595df555,3373070c20f099c3f75399421b5c21d6,1,4,20,0,2d890f42b4e25fc074f69f81919794a6,f07c8bda7210114988208f81f0e5ba8d,fast,1h,futures,aster,ADA,1,2023-09-28T15:00:00+00:00,2023-09-28T15:00:00+00:00,0.2490972,0.2487016,42233.285357427216,10524.401206587852,10499.284247392061,8.409471508393935,42.04745890185454,-25.116959195791424,-0.23865452012670532,trend_break,closed,2023-09-28T14:00:00+00:00,0.2486,0.2492,0.24135156878519748,1
d85ad7e2888f47b79e6eead8595df555,3373070c20f099c3f75399421b5c21d6,1,4,20,0,206220ace689e60e258b9214baf9d788,01c6539db01827d2badd5f6901d1b744,fast,1h,futures,aster,BNB,1,2023-09-28T15:00:00+00:00,2023-09-28T15:00:00+00:00,215.12939999999998,215.069,48.90169883491573,10524.401206587852,10513.0325709398,8.414973038425043,42.075021677561494,-11.368635648052077,-0.10802168622130984,trend_break,closed,2023-09-28T14:00:00+00:00,214.7,215.5,0.37261294829995517,1
d85ad7e2888f47b79e6eead8595df555,3373070c20f099c3f75399421b5c21d6,1,4,20,0,f4dfe1cc8630ddd1ec5a033e23a3602d,32f997a3ede91de74d96e0943999170b,fast,1h,futures,aster,BTC,1,2023-09-28T15:00:00+00:00,2023-10-11T03:00:00+00:00,26858.4096,26968.8043,0.3916908441718052,10524.401206587852,10559.20834908218,8.43345074076293,42.167595336568944,34.80714249432822,0.33072800828364796,trend_break,closed,2023-09-28T14:00:00+00:00,26804.8,27022.85,0.8134737062018615,301
d85ad7e2888f47b79e6eead8595df555,f3264b4c3ebe6cc4e6b48806a6a8e133,1,4,20,0,27b799898adee20fefdac507a2b66199,f07c8bda7210114988208f81f0e5ba8d,fast,1h,spot,aster,ADA,1,2023-09-28T15:00:00+00:00,2023-09-28T15:00:00+00:00,0.2490972,0.2487016,42283.25998109167,10536.854724829253,10511.708044749264,8.419422431470183,42.097213637174875,-25.146680079988073,-0.23865452012669341,trend_break,closed,2023-09-28T14:00:00+00:00,0.2486,0.2492,0.24135156878519748,1
d85ad7e2888f47b79e6eead8595df555,f3264b4c3ebe6cc4e6b48806a6a8e133,1,4,20,0,458fa1eb82fcbd243fbc8b92700e60b0,01c6539db01827d2badd5f6901d1b744,fast,1h,spot,aster,BNB,0,2023-09-28T15:00:00+00:00,2023-09-28T15:00:00+00:00,215.12939999999998,215.069,48.95968845101482,10536.88146801401,10525.499350977118,8.424951854450022,42.12491594325315,-11.382117036891941,-0.10802168622133358,trend_break,closed,2023-09-28T14:00:00+00:00,214.7,215.5,0.37261294829995517,1
d85ad7e2888f47b79e6eead8595df555,f3264b4c3ebe6cc4e6b48806a6a8e133,1,4,20,0,d0ffd426876d6039d79965a337469553,32f997a3ede91de74d96e0943999170b,fast,1h,spot,aster,BTC,1,2023-09-28T15:00:00+00:00,2023-10-11T03:00:00+00:00,26858.4096,26968.8043,0.39225906657145054,10539.6688611614,10574.526498065616,8.445685072222323,42.228767489469476,34.857636904214814,0.3307280082836847,trend_break,closed,2023-09-28T14:00:00+00:00,26804.8,27022.85,0.8134737062018615,301
d85ad7e2888f47b79e6eead8595df555,3373070c20f099c3f75399421b5c21d6,1,4,20,0,c9e44c642806282626b8a3aca5060c39,a6531a302413aa5b8ee5b951fccc8c3c,fast,1h,futures,aster,SOL,1,2023-09-28T16:00:00+00:00,2023-09-28T16:00:00+00:00,19.639200000000002,19.47098,536.0566431821314,10531.93471623323,10433.373158995111,8.386108722019575,41.930350629706325,-98.56155723811935,-0.9358352467396427,trend_break,closed,2023-09-28T15:00:00+00:00,19.6,19.51,-0.4591836734693877,1
d85ad7e2888f47b79e6eead8595df555,f3264b4c3ebe6cc4e6b48806a6a8e133,1,4,20,0,9bfbb0bdcd3ccc1a839e25cb81303ca9,a6531a302413aa5b8ee5b951fccc8c3c,fast,1h,spot,aster,SOL,1,2023-09-28T16:00:00+00:00,2023-09-28T16:00:00+00:00,19.639200000000002,19.47098,536.6911603040917,10544.401109458297,10445.72288731838,8.396035153560753,41.97998255898605,-98.67822213991712,-0.9358352467396471,trend_break,closed,2023-09-28T15:00:00+00:00,19.6,19.51,-0.4591836734693877,1
d85ad7e2888f47b79e6eead8595df555,3373070c20f099c3f75399421b5c21d6,1,4,20,0,69800d3dc32d55bb25187e6183be2444,ec214a698f08382b42bf305c83740467,fast,1h,futures,aster,ETH,1,2023-09-29T08:00:00+00:00,2023-10-03T14:00:00+00:00,1688.09946,1641.78984,6.222042725903548,10507.628336480984,10211.200416821775,8.287485398851622,41.436440178281785,-296.4279196592088,-2.8210735112323437,trend_break,closed,2023-09-29T07:00:00+00:00,1684.73,1645.08,-2.353492844550764,103
d85ad7e2888f47b79e6eead8595df555,f3264b4c3ebe6cc4e6b48806a6a8e133,1,4,20,0,43806d6191c9b5a5a24014e8d053bf60,ec214a698f08382b42bf305c83740467,fast,1h,spot,aster,ETH,1,2023-09-29T08:00:00+00:00,2023-10-03T14:00:00+00:00,1688.09946,1641.78984,6.229406880386647,10520.064734257343,10223.285974674714,8.29729412653835,41.485482648760524,-296.7787595826285,-2.8210735112323375,trend_break,closed,2023-09-29T07:00:00+00:00,1684.73,1645.08,-2.353492844550764,103
d85ad7e2888f47b79e6eead8595df555,3373070c20f099c3f75399421b5c21d6,1,4,20,0,f348b924bc315c24a0aff7a5c12aad67,6ee4622fd94291f66c2400d83a14b842,fast,1h,futures,aster,BNB,1,2023-10-01T23:00:00+00:00,2023-10-02T18:00:00+00:00,219.438,213.8542854252627,48.47172546730691,10640.793108492131,10361.739858655172,8.400969882494127,42.003934819090105,-279.05324983695937,-2.6224854387428556,stop,closed,2023-10-01T22:00:00+00:00,219,214.28285112751774,-2.1539492568412144,20
d85ad7e2888f47b79e6eead8595df555,3373070c20f099c3f75399421b5c21d6,1,4,20,0,9726d589dee5132a3c0792a7003e29eb,f1a548348c77684f33d265974a23cd9e,fast,1h,futures,aster,ETH,1,2023-10-01T23:00:00+00:00,2023-10-02T15:00:00+00:00,1738.45998,1691.3886225216172,6.118368334883897,10640.793108492131,10344.399174583148,8.394030833245619,41.96917004329597,-296.39393390898294,-2.785449645406966,stop,closed,2023-10-01T22:00:00+00:00,1734.99,1694.778178879376,-2.317697572932642,17
d85ad7e2888f47b79e6eead8595df555,f3264b4c3ebe6cc4e6b48806a6a8e133,1,4,20,0,1fcd52b83c874f2d449f9fec6e1a06a6,6ee4622fd94291f66c2400d83a14b842,fast,1h,spot,aster,BNB,0,2023-10-01T23:00:00+00:00,2023-10-02T18:00:00+00:00,219.438,213.8542854252627,48.5291895082981,10653.407946636848,10374.02387450642,8.410929372754467,42.05373118612604,-279.38407213042774,-2.622485438742876,stop,closed,2023-10-01T22:00:00+00:00,219,214.28285112751774,-2.1539492568412144,20
d85ad7e2888f47b79e6eead8595df555,f3264b4c3ebe6cc4e6b48806a6a8e133,1,4,20,0,7fb4bb43fb6d76c339f0642a5227042f,f1a548348c77684f33d265974a23cd9e,fast,1h,spot,aster,ETH,1,2023-10-01T23:00:00+00:00,2023-10-02T15:00:00+00:00,1738.45998,1691.3886225216172,6.117103346006473,10638.59309630057,10342.260442623376,8.392295345112245,41.96049280609912,-296.3326536771947,-2.7854496454069704,stop,closed,2023-10-01T22:00:00+00:00,1734.99,1694.778178879376,-2.317697572932642,17
d85ad7e2888f47b79e6eead8595df555,3373070c20f099c3f75399421b5c21d6,1,4,20,0,c08c09637a28f2c8ae2bd8251067b02d,f460ad047568fecc0c6b335946cb3298,fast,1h,futures,aster,XRP,1,2023-10-03T23:00:00+00:00,2023-10-09T00:00:00+00:00,0.5287554,0.5146686,19596.8892731106,10366.105810769848,10081.869205120232,8.179145837162462,40.8947885351272,-284.23660564961574,-2.7419805550731366,trend_break,closed,2023-10-03T22:00:00+00:00,0.5277,0.5157,-2.2740193291642785,122
d85ad7e2888f47b79e6eead8595df555,f3264b4c3ebe6cc4e6b48806a6a8e133,1,4,20,0,7f9693cc6b02d951a89450162572654c,f460ad047568fecc0c6b335946cb3298,fast,1h,spot,aster,XRP,0,2023-10-03T23:00:00+00:00,2023-10-09T00:00:00+00:00,0.5287554,0.5146686,19620.255634416466,10378.465842524563,10093.890327207633,8.188898246034148,40.94354945790028,-284.57551531693025,-2.7419805550731304,trend_break,closed,2023-10-03T22:00:00+00:00,0.5277,0.5157,-2.2740193291642785,122
d85ad7e2888f47b79e6eead8595df555,3373070c20f099c3f75399421b5c21d6,1,4,20,0,f7cd7486a0edb727a429373ac56726b3,1d94781ee6b0d81483ab03ffa0491188,fast,1h,futures,aster,BNB,1,2023-10-06T18:00:00+00:00,2023-10-06T18:00:00+00:00,214.0272,212.8734,48.4807072913455,10380.340511600496,10316.124894315304,8.27857721243991,41.39282788535079,-64.21561728519191,-0.618627271556536,trend_break,closed,2023-10-06T17:00:00+00:00,213.6,213.3,-0.1404494382022392,1
d85ad7e2888f47b79e6eead8595df555,f3264b4c3ebe6cc4e6b48806a6a8e133,1,4,20,0,c82915f17cef101059ce915c86038d6a,1d94781ee6b0d81483ab03ffa0491188,fast,1h,spot,aster,BNB,0,2023-10-06T18:00:00+00:00,2023-10-06T18:00:00+00:00,214.0272,212.8734,48.538555853521146,10392.72662985329,10328.434388662696,8.288455446800675,41.442218987736354,-64.29224119059472,-0.6186272715565724,trend_break,closed,2023-10-06T17:00:00+00:00,213.6,213.3,-0.1404494382022392,1
d85ad7e2888f47b79e6eead8595df555,3373070c20f099c3f75399421b5c21d6,1,4,20,0,b8bdaa8ad4ceb16d2eca88e4ebe4cdaf,51f697ddc933a7781c29d01abc42d7d3,fast,1h,futures,aster,ADA,1,2023-10-16T06:00:00+00:00,2023-10-16T06:00:00+00:00,0.252504,0.25229440000000003,40617.493830397136,10260.182094015458,10243.46720894957,8.201458359037739,41.00742177116895,-16.714885065886847,-0.16291021848078385,trend_break,closed,2023-10-16T05:00:00+00:00,0.252,0.2528,0.31746031746031633,1
d85ad7e2888f47b79e6eead8595df555,3373070c20f099c3f75399421b5c21d6,1,4,20,0,c1963aeb40277cd5b8ef967b60161e56,cc5d2715026885da345fb484ec47baab,fast,1h,futures,aster,BTC,1,2023-10-16T06:00:00+00:00,2024-01-12T22:00:00+00:00,27905.7,42441.18752,0.36752633555691483,10260.182094015458,15592.014824259102,10.341733515224025,51.73024319494794,5331.832730243645,51.96625831186357,trend_break,closed,2023-10-16T05:00:00+00:00,27850,42526.24,52.69745062836624,2129
d85ad7e2888f47b79e6eead8595df555,3373070c20f099c3f75399421b5c21d6,1,4,20,0,c1e934706f79bf9c7f6d422bcd17a313,f166e6cae342fe034554cdc4c821160a,fast,1h,futures,aster,SOL,1,2023-10-16T06:00:00+00:00,2024-01-07T22:00:00+00:00,22.6953,89.19126,451.90324261633896,10260.182094015458,40289.69727919415,20.224759707675027,101.24440247576459,30029.515185178694,292.6801387150259,trend_break,closed,2023-10-16T05:00:00+00:00,22.65,89.37,294.5695364238411,2009
d85ad7e2888f47b79e6eead8595df555,3373070c20f099c3f75399421b5c21d6,1,4,20,0,f675a61e63e6f95a5a90ff3041aa7769,2c36268cce0be31fa992af275519c653,fast,1h,futures,aster,XRP,1,2023-10-16T06:00:00+00:00,2023-10-16T06:00:00+00:00,0.4945872,0.4914152,20736.645958792702,10260.182094015458,10186.22689996084,8.178553073327963,40.892665830739205,-73.9551940546171,-0.7207980655407038,trend_break,closed,2023-10-16T05:00:00+00:00,0.4936,0.4924,-0.24311183144245518,1
d85ad7e2888f47b79e6eead8595df555,f3264b4c3ebe6cc4e6b48806a6a8e133,1,4,20,0,55f10752191388b15e2fce345e66dcda,51f697ddc933a7781c29d01abc42d7d3,fast,1h,spot,aster,ADA,1,2023-10-16T06:00:00+00:00,2023-10-16T06:00:00+00:00,0.252504,0.25229440000000003,40665.887048569195,10272.406462969242,10255.671663157184,8.211229886679382,41.05627956423546,-16.734799812058554,-0.16291021848079554,trend_break,closed,2023-10-16T05:00:00+00:00,0.252,0.2528,0.31746031746031633,1
d85ad7e2888f47b79e6eead8595df555,f3264b4c3ebe6cc4e6b48806a6a8e133,1,4,20,0,d25b50d6af071103442b49a3b2b54f48,cc5d2715026885da345fb484ec47baab,fast,1h,spot,aster,BTC,1,2023-10-16T06:00:00+00:00,2024-01-12T22:00:00+00:00,27905.7,42441.18752,0.3680210530427019,10273.993053933684,15613.002823283781,10.355654249354762,51.79987590797184,5339.0097693500975,51.966258311863555,trend_break,closed,2023-10-16T05:00:00+00:00,27850,42526.24,52.69745062836624,2129
d85ad7e2888f47b79e6eead8595df555,f3264b4c3ebe6cc4e6b48806a6a8e133,1,4,20,0,434de8daadb06082dac34882ddbd2825,f166e6cae342fe034554cdc4c821160a,fast,1h,spot,aster,SOL,1,2023-10-16T06:00:00+00:00,2024-01-07T22:00:00+00:00,22.6953,89.19126,452.14878415881526,10265.756962040008,40311.58867868614,20.235748827084933,101.29941360294097,30045.831716646127,292.6801387150259,trend_break,closed,2023-10-16T05:00:00+00:00,22.65,89.37,294.5695364238411,2009
d85ad7e2888f47b79e6eead8595df555,f3264b4c3ebe6cc4e6b48806a6a8e133,1,4,20,0,25518a1d24a7d26351286665f119f2f7,2c36268cce0be31fa992af275519c653,fast,1h,spot,aster,XRP,0,2023-10-16T06:00:00+00:00,2023-10-16T06:00:00+00:00,0.4945872,0.4914152,20728.828835662152,10256.314298474648,10182.386983415467,8.175469992460837,40.87725046392576,-73.92731505918164,-0.720798065540721,trend_break,closed,2023-10-16T05:00:00+00:00,0.4936,0.4924,-0.24311183144245518,1
d85ad7e2888f47b79e6eead8595df555,3373070c20f099c3f75399421b5c21d6,1,4,20,0,dd7b5c7c482f93e38889fcb801cc01fc,bd025403fd95dd36d6f63cacafba66b5,fast,1h,futures,aster,XRP,1,2023-10-19T21:00:00+00:00,2023-11-17T14:00:00+00:00,0.5036052000000001,0.594808,20819.136159735142,10488.81907964247,12378.43538540338,9.147205588180157,45.74380597017006,1889.61630576091,18.01552959787844,trend_break,closed,2023-10-19T20:00:00+00:00,0.5026,0.596,18.58336649422998,690
d85ad7e2888f47b79e6eead8595df555,f3264b4c3ebe6cc4e6b48806a6a8e133,1,4,20,0,894fbe1cf36a8f63cb0081f255a1fbd9,bd025403fd95dd36d6f63cacafba66b5,fast,1h,spot,aster,XRP,0,2023-10-19T21:00:00+00:00,2023-11-17T14:00:00+00:00,0.5036052000000001,0.594808,20843.750690142228,10501.22004355324,12393.070448637916,9.158020358224533,45.79788901638051,1891.8504050846768,18.015529597878437,trend_break,closed,2023-10-19T20:00:00+00:00,0.5026,0.596,18.58336649422998,690
d85ad7e2888f47b79e6eead8595df555,3373070c20f099c3f75399421b5c21d6,1,4,20,0,c5b35109c44f77946cb505d8341f5597,e11956ec54e5093004d8bac2968f880d,fast,1h,futures,aster,ETH,1,2023-10-20T03:00:00+00:00,2023-10-20T03:00:00+00:00,1590.0637800000002,1583.09746,6.697712561581633,10654.050069083183,10598.890491352357,8.501168758828783,42.50582718381675,-55.15957773082664,-0.517733419433548,trend_break,closed,2023-10-20T02:00:00+00:00,1586.89,1586.27,-0.03907013088494393,1
d85ad7e2888f47b79e6eead8595df555,f3264b4c3ebe6cc4e6b48806a6a8e133,1,4,20,0,a00480061df114fadfbbfd4afb1a73fa,e11956ec54e5093004d8bac2968f880d,fast,1h,spot,aster,ETH,1,2023-10-20T03:00:00+00:00,2023-10-20T03:00:00+00:00,1590.0637800000002,1583.09746,6.7056132374532025,10666.617672655504,10611.393028240958,8.511196806206968,42.555967401114,-55.224644414545764,-0.5177334194335789,trend_break,closed,2023-10-20T02:00:00+00:00,1586.89,1586.27,-0.03907013088494393,1
d85ad7e2888f47b79e6eead8595df555,3373070c20f099c3f75399421b5c21d6,1,4,20,0,65bc1542a4f2698ff58cbecf30c4b07d,d361015414351c020e5303b2fe5d50b8,fast,1h,futures,aster,BNB,1,2023-10-20T04:00:00+00:00,2023-10-21T01:00:00+00:00,212.925,211.37640000000002,50.05928702675988,10663.137239648917,10577.119337531896,8.496090227382423,42.48031097090844,-86.01790211702064,-0.8066847512491809,trend_break,closed,2023-10-20T03:00:00+00:00,212.5,211.8,-0.3294117647058781,22
d85ad7e2888f47b79e6eead8595df555,f3264b4c3ebe6cc4e6b48806a6a8e133,1,4,20,0,657ee1bcb58c90e566736e4455eb3da8,d361015414351c020e5303b2fe5d50b8,fast,1h,spot,aster,BNB,0,2023-10-20T04:00:00+00:00,2023-10-21T01:00:00+00:00,212.925,211.37640000000002,50.11823738505551,10675.69426549103,10589.575067761329,8.506095315204558,42.53033624495811,-86.11919772970214,-0.8066847512492067,trend_break,closed,2023-10-20T03:00:00+00:00,212.5,211.8,-0.3294117647058781,22
d85ad7e2888f47b79e6eead8595df555,3373070c20f099c3f75399421b5c21d6,1,4,20,0,4d5832c5d9be6d873a0bfdf8d6b6bc06,0af46e03294722bfc6d36a30194f84f7,fast,1h,futures,aster,ADA,1,2023-10-21T09:00:00+00:00,2024-01-03T14:00:00+00:00,0.25380660000000005,0.550397,42951.47926607255,10905.729465059369,23630.90918747509,13.81669370044036,69.13470102667038,12725.17972241572,116.6834347320429,trend_break,closed,2023-10-21T08:00:00+00:00,0.2533,0.5515,117.72601658112909,1782
d85ad7e2888f47b79e6eead8595df555,f3264b4c3ebe6cc4e6b48806a6a8e133,1,4,20,0,3ac682c9d614f58e2f0cb9140fd50104,0af46e03294722bfc6d36a30194f84f7,fast,1h,spot,aster,ADA,1,2023-10-21T09:00:00+00:00,2024-01-03T14:00:00+00:00,0.25380660000000005,0.550397,43001.548659303626,10918.442490696396,23658.456208083764,13.832800094954862,69.2152927220151,12740.013717387368,116.6834347320429,trend_break,closed,2023-10-21T08:00:00+00:00,0.2533,0.5515,117.72601658112909,1782
d85ad7e2888f47b79e6eead8595df555,3373070c20f099c3f75399421b5c21d6,1,4,20,0,7f431c26a3817c5a4f83c720d919e0aa,e40d83a3b0f3eb89870ebef3fdc957ca,fast,1h,futures,aster,ADA,1,2023-11-01T19:00:00+00:00,2024-01-03T14:00:00+00:00,0.2981952,0.550397,30629.72851022383,9137.291474259519,16851.76727856853,10.396859480757428,52.015404956062106,7714.475804309013,84.42847452159438,trend_break,closed,2023-11-01T18:00:00+00:00,0.2976,0.5515,85.31586021505377,1508
d85ad7e2888f47b79e6eead8595df555,f3264b4c3ebe6cc4e6b48806a6a8e133,1,4,20,0,52a97bd6adce6d3580ef2295d285809f,e40d83a3b0f3eb89870ebef3fdc957ca,fast,1h,spot,aster,ADA,1,2023-11-01T19:00:00+00:00,2024-01-03T14:00:00+00:00,0.2981952,0.550397,30672.58843155091,9150.077209320754,16875.347814698343,10.411407718729734,52.08818967445975,7725.270605377589,84.4284745215944,trend_break,closed,2023-11-01T18:00:00+00:00,0.2976,0.5515,85.31586021505377,1508
d85ad7e2888f47b79e6eead8595df555,3373070c20f099c3f75399421b5c21d6,1,4,20,0,6a7b11a5526be4de2d55e899f24bc833,78b6daacf517f5d4a3ff24b2e7f1f5f6,fast,1h,futures,aster,BNB,1,2023-11-20T18:00:00+00:00,2023-11-20T19:00:00+00:00,261.8226,252.20231537071007,47.263994514590216,12379.731842967829,11915.320814708093,9.717948312177576,48.58811714103666,-464.41102825973576,-3.751381969743871,stop,closed,2023-11-20T17:00:00+00:00,261.3,252.7077308323748,-3.2882775230100303,2
d85ad7e2888f47b79e6eead8595df555,f3264b4c3ebe6cc4e6b48806a6a8e133,1,4,20,0,be37056262831009d22ddd3fbce1dee2,78b6daacf517f5d4a3ff24b2e7f1f5f6,fast,1h,spot,aster,BNB,0,2023-11-20T18:00:00+00:00,2023-11-20T19:00:00+00:00,261.8226,252.20231537071007,47.31491934827969,12393.070448637916,11928.159038330059,9.728418965508578,48.640468657452146,-464.9114103078573,-3.7513819697438597,stop,closed,2023-11-20T17:00:00+00:00,261.3,252.7077308323748,-3.2882775230100303,2
d85ad7e2888f47b79e6eead8595df555,3373070c20f099c3f75399421b5c21d6,1,4,20,0,6a7d9cf7dfb1042b9ff0c6befdc0ab61,31a5672c49d33f9cc3374fc2753a6bf0,fast,1h,futures,aster,BNB,1,2023-11-21T02:00:00+00:00,2023-11-21T15:00:00+00:00,266.2314,250.4364219267857,44.73691270802772,11915.135050296785,11199.27084571075,9.245649299434168,46.225604925369396,-715.8642045860361,-6.008024261279398,stop,closed,2023-11-21T01:00:00+00:00,265.7,250.93829852383337,-5.555777747898616,14
d85ad7e2888f47b79e6eead8595df555,f3264b4c3ebe6cc4e6b48806a6a8e133,1,4,20,0,d1c980b9c17b0bd055cae2854c582899,31a5672c49d33f9cc3374fc2753a6bf0,fast,1h,spot,aster,BNB,0,2023-11-21T02:00:00+00:00,2023-11-21T15:00:00+00:00,266.2314,250.4364219267857,44.7858129524056,11928.159038330059,11211.512349383198,9.255755372535932,46.276132403474975,-716.6466889468611,-6.008024261279397,stop,closed,2023-11-21T01:00:00+00:00,265.7,250.93829852383337,-5.555777747898616,14
d85ad7e2888f47b79e6eead8595df555,3373070c20f099c3f75399421b5c21d6,1,4,20,0,73612b6c53d0e393af0926bc363086a7,fc96a6caf3854fdb784638fb115a583a,fast,1h,futures,aster,BTC,1,2023-11-22T19:00:00+00:00,2024-01-12T22:00:00+00:00,37289.409960000005,42441.18752,0.3002060560721722,11198.984500028919,12736.005079790535,9.57424328709947,47.87759432516685,1537.0205797616163,13.724642441978979,trend_break,closed,2023-11-22T18:00:00+00:00,37214.98,42526.24,14.271833546598689,1228
d85ad7e2888f47b79e6eead8595df555,f3264b4c3ebe6cc4e6b48806a6a8e133,1,4,20,0,e43c7c307e589a43ba61a9bf46cb622b,fc96a6caf3854fdb784638fb115a583a,fast,1h,spot,aster,BTC,1,2023-11-22T19:00:00+00:00,2024-01-12T22:00:00+00:00,37289.409960000005,42441.18752,0.30054188440068763,11211.512349383198,12750.25233167436,9.584953604412767,47.93115304641961,1538.739982291163,13.724642441978997,trend_break,closed,2023-11-22T18:00:00+00:00,37214.98,42526.24,14.271833546598689,1228
d85ad7e2888f47b79e6eead8595df555,3373070c20f099c3f75399421b5c21d6,1,4,20,0,6c3bcffe6c483acbfc8417e38adcadc1,f0a7c798f639de3bbcc5b141706c22b0,fast,1h,futures,aster,BTC,1,2024-01-04T16:00:00+00:00,2024-01-12T22:00:00+00:00,44205.41436,41776.71106907224,0.512681839695298,22672.378483841178,21409.59382287595,17.63258969835545,88.15832051677424,-1262.784660965226,-5.569705277570348,stop,closed,2024-01-04T15:00:00+00:00,44117.18,41860.43193293812,-5.115349773176536,199
d85ad7e2888f47b79e6eead8595df555,f3264b4c3ebe6cc4e6b48806a6a8e133,1,4,20,0,2ee3e2ec12109aa9ae7c4bdfc2d4271c,f0a7c798f639de3bbcc5b141706c22b0,fast,1h,spot,aster,BTC,1,2024-01-04T16:00:00+00:00,2024-01-12T22:00:00+00:00,44205.41436,41776.71106907224,0.5131999348191357,22695.290254512172,21431.229475446697,17.65040846632425,88.24740967977758,-1264.0607790654758,-5.569705277570359,stop,closed,2024-01-04T15:00:00+00:00,44117.18,41860.43193293812,-5.115349773176536,199
d85ad7e2888f47b79e6eead8595df555,3373070c20f099c3f75399421b5c21d6,1,4,20,0,d7cd1f2b21ad2e14e619762d69e10bb7,f259f688d743cbef67f3731d79f6f559,fast,1h,futures,aster,BTC,1,2024-01-08T19:00:00+00:00,2024-01-10T12:00:00+00:00,46879.642139999996,44881.56847421769,0.4844228975674853,22718.65591121854,21732.962783874973,17.78049261201585,88.89894700532834,-985.6931273435657,-4.338694732626447,stop,closed,2024-01-08T18:00:00+00:00,46786.07,44971.511497212116,-3.878416167008436,42
d85ad7e2888f47b79e6eead8595df555,3373070c20f099c3f75399421b5c21d6,1,4,20,0,49578e02913e8a670cc8dda0ac3c9016,28e40a45949e816c4904cb40e4cba8f9,fast,1h,futures,aster,ETH,1,2024-01-08T19:00:00+00:00,2024-01-22T10:00:00+00:00,2340.66198,2379.2819,9.702200606678623,22718.65591121854,23075.03658552201,18.317536950410023,91.58954990309473,356.3806743034729,1.568669712223121,trend_break,closed,2024-01-08T18:00:00+00:00,2335.99,2384.05,2.057371820941034,328
d85ad7e2888f47b79e6eead8595df555,f3264b4c3ebe6cc4e6b48806a6a8e133,1,4,20,0,eec1425685eb0d7dcdcb9fda25d5eb78,f259f688d743cbef67f3731d79f6f559,fast,1h,spot,aster,BTC,1,2024-01-08T19:00:00+00:00,2024-01-10T12:00:00+00:00,46879.642139999996,44881.56847421769,0.4849260589193149,22742.253370540635,21755.53642147243,17.798960889927116,88.99128474282185,-986.7169490682063,-4.338694732626443,stop,closed,2024-01-08T18:00:00+00:00,46786.07,44971.511497212116,-3.878416167008436,42
d85ad7e2888f47b79e6eead8595df555,f3264b4c3ebe6cc4e6b48806a6a8e133,1,4,20,0,602e635cecb963763ad0084c107bf24d,28e40a45949e816c4904cb40e4cba8f9,fast,1h,spot,aster,ETH,1,2024-01-08T19:00:00+00:00,2024-01-22T10:00:00+00:00,2340.66198,2379.2819,9.715535972462233,22749.881980331098,23106.752488523056,18.342713821657185,91.71543682292128,356.8705081919579,1.5686697122231141,trend_break,closed,2024-01-08T18:00:00+00:00,2335.99,2384.05,2.057371820941034,328
d85ad7e2888f47b79e6eead8595df555,3373070c20f099c3f75399421b5c21d6,1,4,20,0,79c8a850d5f53fe080b84e174182666b,71615b003b77b6a1fce1a48a71367add,fast,1h,futures,aster,ETH,1,2024-01-10T20:00:00+00:00,2024-01-22T10:00:00+00:00,2480.2005,2379.2819,7.800585005070091,19354.753635799287,18552.366795689883,15.162722216736807,75.81076543027419,-802.3868401094041,-4.145683562849795,trend_break,closed,2024-01-10T19:00:00+00:00,2475.25,2384.05,-3.684476315523677,279
d85ad7e2888f47b79e6eead8595df555,f3264b4c3ebe6cc4e6b48806a6a8e133,1,4,20,0,be50a187beb026afbe583bfe859d87cd,71615b003b77b6a1fce1a48a71367add,fast,1h,spot,aster,ETH,1,2024-01-10T20:00:00+00:00,2024-01-22T10:00:00+00:00,2480.2005,2379.2819,7.80871145893294,19374.916932827127,18571.694186227112,15.178518360545178,75.88974318478567,-803.222746600015,-4.145683562849791,trend_break,closed,2024-01-10T19:00:00+00:00,2475.25,2384.05,-3.684476315523677,279
d85ad7e2888f47b79e6eead8595df555,3373070c20f099c3f75399421b5c21d6,1,4,20,0,d585200f456d97763ab124db1af865ce,6ea3052c62911c39d46a5a3ea6f62cb9,fast,1h,futures,aster,ADA,1,2024-01-10T22:00:00+00:00,2024-01-12T22:00:00+00:00,0.5544066,0.5427124,23023.566434333476,12769.522953607637,12490.176926138107,10.103836873147802,50.51830947021451,-279.3460274695299,-2.1875995562591415,trend_break,closed,2024-01-10T21:00:00+00:00,0.5533,0.5438,-1.7169709018615698,49
d85ad7e2888f47b79e6eead8595df555,3373070c20f099c3f75399421b5c21d6,1,4,20,0,0b655051d0e7e4fe5f1fce1b96a59680,103d1bd40b7294f5954301c46ffce5d7,fast,1h,futures,aster,XRP,1,2024-01-10T22:00:00+00:00,2024-01-10T23:00:00+00:00,0.5998974,0.5994986,3311.661843135275,1987.4519923078099,1984.5425039775637,1.5887975872036306,7.944014429312897,-2.9094883302461767,-0.14639288604237968,trend_break,closed,2024-01-10T21:00:00+00:00,0.5987,0.6007,0.3340571237681722,2
d85ad7e2888f47b79e6eead8595df555,f3264b4c3ebe6cc4e6b48806a6a8e133,1,4,20,0,8f3605c024d485ca2cc12f73a214ef10,6ea3052c62911c39d46a5a3ea6f62cb9,fast,1h,spot,aster,ADA,1,2024-01-10T22:00:00+00:00,2024-01-12T22:00:00+00:00,0.5544066,0.5427124,23047.61255427027,12782.859613736027,12503.221833548709,10.114389455171377,50.57107146657982,-279.63778018731864,-2.1875995562591437,trend_break,closed,2024-01-10T21:00:00+00:00,0.5533,0.5438,-1.7169709018615698,49
d85ad7e2888f47b79e6eead8595df555,f3264b4c3ebe6cc4e6b48806a6a8e133,1,4,20,0,347265a9526b31abe53a9331d504219d,103d1bd40b7294f5954301c46ffce5d7,fast,1h,spot,aster,XRP,0,2024-01-10T22:00:00+00:00,2024-01-10T23:00:00+00:00,0.5998974,0.5994986,3758.6844700063966,2255.7269709936063,2252.4247471795325,1.8032604474351168,9.016332306651345,-3.302223814073841,-0.14639288604237738,trend_break,closed,2024-01-10T21:00:00+00:00,0.5987,0.6007,0.3340571237681722,2
d85ad7e2888f47b79e6eead8595df555,3373070c20f099c3f75399421b5c21d6,1,4,20,0,86feaa989c5fa08ec2ccf63b4184a046,1456c85ac8b8fb06cdc3b6897deec0ae,fast,1h,futures,aster,BTC,1,2024-01-11T15:00:00+00:00,2024-01-12T09:00:00+00:00,48409.43562,45527.37169562013,0.04676737733920281,2264.8879353553525,2128.3440930426677,1.7572712455078374,8.785852224663817,-136.54384231268477,-6.028723990322353,stop,closed,2024-01-11T14:00:00+00:00,48312.81,45618.608913447024,-5.57657707459569,19
d85ad7e2888f47b79e6eead8595df555,f3264b4c3ebe6cc4e6b48806a6a8e133,1,4,20,0,15b075166278b15acfd6a756d758ce50,1456c85ac8b8fb06cdc3b6897deec0ae,fast,1h,spot,aster,BTC,1,2024-01-11T15:00:00+00:00,2024-01-12T09:00:00+00:00,48409.43562,45527.37169562013,0.0465100265823864,2252.4247471795325,2116.6322760823628,1.7476013621256006,8.737505581171387,-135.7924710971697,-6.028723990322336,stop,closed,2024-01-11T14:00:00+00:00,48312.81,45618.608913447024,-5.57657707459569,19
d85ad7e2888f47b79e6eead8595df555,3373070c20f099c3f75399421b5c21d6,1,4,20,0,f9cdbb8e47027660ff42e2b3931f78fa,6c28f6d2fbed6796c597f2f7facf4612,fast,1h,futures,aster,ADA,1,2024-01-29T17:00:00+00:00,2024-01-29T17:00:00+00:00,0.5078136,0.5057864000000001,40747.99495884376,20700.662967237433,20601.537764780758,16.520867076113618,82.60433538056807,-99.12520245667474,-0.47885037601722424,trend_break,closed,2024-01-29T16:00:00+00:00,0.5068,0.5068,0,1
d85ad7e2888f47b79e6eead8595df555,f3264b4c3ebe6cc4e6b48806a6a8e133,1,4,20,0,89e433131295af1ad0e757bd2593d0f3,6c28f6d2fbed6796c597f2f7facf4612,fast,1h,spot,aster,ADA,1,2024-01-29T17:00:00+00:00,2024-01-29T17:00:00+00:00,0.5078136,0.5057864000000001,40790.346322535166,20722.17816833786,20622.949940259812,16.53803801300866,82.6901900650433,-99.22822807804914,-0.4788503760172443,trend_break,closed,2024-01-29T16:00:00+00:00,0.5068,0.5068,0,1
d85ad7e2888f47b79e6eead8595df555,3373070c20f099c3f75399421b5c21d6,1,4,20,0,e71f04a19a9a81bf67a2b4f02e556f2f,c653e7bf6745407d077bb1e447af8c72,fast,1h,futures,aster,ETH,1,2024-01-30T16:00:00+00:00,2024-01-31T01:00:00+00:00,2343.75816,2330.6493600000003,9.035361168144126,21185.17214697148,21049.8354204144,16.893984076115558,84.4697844887458,-135.33672655707778,-0.6388275989365741,trend_break,closed,2024-01-30T15:00:00+00:00,2339.08,2335.32,-0.160746960343372,10
d85ad7e2888f47b79e6eead8595df555,f3264b4c3ebe6cc4e6b48806a6a8e133,1,4,20,0,05b620f1236265acadcd1ffbfc163f22,c653e7bf6745407d077bb1e447af8c72,fast,1h,spot,aster,ETH,1,2024-01-30T16:00:00+00:00,2024-01-31T01:00:00+00:00,2343.75816,2330.6493600000003,9.044752056390328,21207.19092191655,21071.71353334817,16.91154281157057,84.5575780247819,-135.47738856837896,-0.6388275989365946,trend_break,closed,2024-01-30T15:00:00+00:00,2339.08,2335.32,-0.160746960343372,10
d85ad7e2888f47b79e6eead8595df555,3373070c20f099c3f75399421b5c21d6,1,4,20,0,4c0415c501f54db8d00bb8bf18f8334b,7a1eac2e329f02e4916e31382612293e,fast,1h,futures,aster,ETH,1,2024-02-06T20:00:00+00:00,2024-03-19T01:00:00+00:00,2383.4574,3386.47348,8.873510439529362,21158.093974721938,30037.887814858143,20.479816759617137,102.4350946330918,8879.793840136204,41.968779658248515,trend_break,closed,2024-02-06T19:00:00+00:00,2378.7,3393.26,42.651868667759715,990
d85ad7e2888f47b79e6eead8595df555,f3264b4c3ebe6cc4e6b48806a6a8e133,1,4,20,0,4024a961d15f292a1241d0282b1b53df,7a1eac2e329f02e4916e31382612293e,fast,1h,spot,aster,ETH,1,2024-02-06T20:00:00+00:00,2024-03-19T01:00:00+00:00,2383.4574,3386.47348,8.882733108478437,21180.084606011784,30069.107645739477,20.50110242456325,102.54156038562641,8889.023039727694,41.968779658248486,trend_break,closed,2024-02-06T19:00:00+00:00,2378.7,3393.26,42.651868667759715,990
d85ad7e2888f47b79e6eead8595df555,3373070c20f099c3f75399421b5c21d6,1,4,20,0,1c91eb7b24fac261aa0a887687f0c34c,63ac4d483abda8eb7d44f1d7e72879bc,fast,1h,futures,aster,BNB,1,2024-02-07T18:00:00+00:00,2024-02-12T14:00:00+00:00,305.8104,296.79625260257365,69.3525475624113,21217.21380320446,20575.342794475444,16.716922614418184,83.58244678553359,-641.8710087290165,-3.025237030095224,stop,closed,2024-02-07T17:00:00+00:00,305.2,297.39103467191745,-2.5586387051384496,117
d85ad7e2888f47b79e6eead8595df555,3373070c20f099c3f75399421b5c21d6,1,4,20,0,ec9fc1b9fb47011f5fc6f62b31ef4abc,39ef1112feaffa2a0ad48b753143c364,fast,1h,futures,aster,BTC,1,2024-02-07T18:00:00+00:00,2024-03-19T23:00:00+00:00,43608.61314,61933.32512,0.48634269205012437,21217.21380320446,30108.771738449803,20.531820151022572,102.69515989477401,8891.557935245342,41.90728348084252,trend_break,closed,2024-02-07T17:00:00+00:00,43521.57,62057.44,42.590076598799186,990
d85ad7e2888f47b79e6eead8595df555,f3264b4c3ebe6cc4e6b48806a6a8e133,1,4,20,0,7342db267a45c23c5020a54e1ff5bf9b,63ac4d483abda8eb7d44f1d7e72879bc,fast,1h,spot,aster,BNB,0,2024-02-07T18:00:00+00:00,2024-02-12T14:00:00+00:00,305.8104,296.79625260257365,69.424629022314,21239.26588059392,20596.72774425381,16.734297321324853,83.66931806854043,-642.5381363401102,-3.0252370300952354,stop,closed,2024-02-07T17:00:00+00:00,305.2,297.39103467191745,-2.5586387051384496,117
d85ad7e2888f47b79e6eead8595df555,f3264b4c3ebe6cc4e6b48806a6a8e133,1,4,20,0,d1356a94b71373510ea7aad2b6c33324,39ef1112feaffa2a0ad48b753143c364,fast,1h,spot,aster,BTC,1,2024-02-07T18:00:00+00:00,2024-03-19T23:00:00+00:00,43608.61314,61933.32512,0.48706063131396704,21248.534662153637,30153.218318547446,20.562129231606136,102.84675852820729,8904.683656393809,41.90728348084252,trend_break,closed,2024-02-07T17:00:00+00:00,43521.57,62057.44,42.590076598799186,990
d85ad7e2888f47b79e6eead8595df555,3373070c20f099c3f75399421b5c21d6,1,4,20,0,863ef762862e67fa6b81bdb3d0be78b5,8c17bfcfcd3e8bf39db8f484d510d46a,fast,1h,futures,aster,SOL,1,2024-02-07T22:00:00+00:00,2024-02-21T09:00:00+00:00,100.83126,102.794,205.00603036718192,20679.284756061024,21064.960529609874,16.697762494034126,83.49075592733851,385.67577354885,1.865034396007385,trend_break,closed,2024-02-07T21:00:00+00:00,100.63,103,2.3551624763986867,324
d85ad7e2888f47b79e6eead8595df555,f3264b4c3ebe6cc4e6b48806a6a8e133,1,4,20,0,924229dabdca22d3f344c72766472374,8c17bfcfcd3e8bf39db8f484d510d46a,fast,1h,spot,aster,SOL,1,2024-02-07T22:00:00+00:00,2024-02-21T09:00:00+00:00,100.83126,102.794,205.21930577581895,20700.798186172182,21086.875192592364,16.715133798248253,83.57761447026003,386.07700642018244,1.865034396007377,trend_break,closed,2024-02-07T21:00:00+00:00,100.63,103,2.3551624763986867,324
d85ad7e2888f47b79e6eead8595df555,3373070c20f099c3f75399421b5c21d6,1,4,20,0,9a71686fdc2f9aaafd21affd84d02a41,2c57a4c014a859c2665d9e098eb5fb95,fast,1h,futures,aster,ADA,1,2024-02-10T22:00:00+00:00,2024-03-16T19:00:00+00:00,0.5560098,0.66866,38625.87362340672,21484.954813882916,25817.245626364325,18.921576370081112,94.62566520262178,4332.290812481409,20.164300320901845,trend_break,closed,2024-02-10T21:00:00+00:00,0.5549,0.67,20.74247612182376,838
d85ad7e2888f47b79e6eead8595df555,f3264b4c3ebe6cc4e6b48806a6a8e133,1,4,20,0,968d016a2783433f074d1e8c053d1f23,2c57a4c014a859c2665d9e098eb5fb95,fast,1h,spot,aster,ADA,1,2024-02-10T22:00:00+00:00,2024-03-16T19:00:00+00:00,0.5560098,0.66866,38633.858866429146,21489.396463208115,25822.58290319866,18.925488084471205,94.64522745097813,4333.186439990546,20.164300320901855,trend_break,closed,2024-02-10T21:00:00+00:00,0.5549,0.67,20.74247612182376,838
d85ad7e2888f47b79e6eead8595df555,3373070c20f099c3f75399421b5c21d6,1,4,20,0,4f121f4f1b1cbd4846e89cbeca5522c2,ba11590dfb8aed9a4fdde822d24307c9,fast,1h,futures,aster,ADA,1,2024-02-12T16:00:00+00:00,2024-03-16T19:00:00+00:00,0.5557092,0.66866,37009.91858469892,20574.97894966768,24737.153339980443,18.12552176384518,90.6446925976446,4162.174390312764,20.229300843974816,trend_break,closed,2024-02-12T15:00:00+00:00,0.5546,0.67,20.807789397764175,796
d85ad7e2888f47b79e6eead8595df555,f3264b4c3ebe6cc4e6b48806a6a8e133,1,4,20,0,34e9d985aa12537f23bf9438fd86a963,ba11590dfb8aed9a4fdde822d24307c9,fast,1h,spot,aster,ADA,1,2024-02-12T16:00:00+00:00,2024-03-16T19:00:00+00:00,0.5557092,0.66866,37049.03994268025,20596.72774425381,24763.301763653348,18.144681358154983,90.74050862761246,4166.574019399537,20.229300843974844,trend_break,closed,2024-02-12T15:00:00+00:00,0.5546,0.67,20.807789397764175,796
d85ad7e2888f47b79e6eead8595df555,3373070c20f099c3f75399421b5c21d6,1,4,20,0,c108a82c67beeff51ccf95561b53831c,6dca4b7b5667d8de0c516a23d1d8c0e7,fast,1h,futures,aster,BNB,1,2024-02-21T09:00:00+00:00,2024-04-13T19:00:00+00:00,363.9264,551.395,57.85986899744118,21065.15652224186,31890.881008857745,21.184150517821784,105.96456408191378,10825.724486615884,51.3916166499187,trend_break,closed,2024-02-21T08:00:00+00:00,363.2,552.5,52.120044052863435,1259
d85ad7e2888f47b79e6eead8595df555,f3264b4c3ebe6cc4e6b48806a6a8e133,1,4,20,0,fcf0e26b840e52adcc1f0bfb5a016c6d,6dca4b7b5667d8de0c516a23d1d8c0e7,fast,1h,spot,aster,BNB,0,2024-02-21T09:00:00+00:00,2024-04-13T19:00:00+00:00,363.9264,551.395,57.919523879186386,21086.875192592364,31923.76125501623,21.205991873772128,106.07381603234195,10836.886062423866,51.39161664991867,trend_break,closed,2024-02-21T08:00:00+00:00,363.2,552.5,52.120044052863435,1259
d85ad7e2888f47b79e6eead8595df555,3373070c20f099c3f75399421b5c21d6,1,4,20,0,84053a616ec4c46645de30632ec8b667,9876bd700f799c3491d245afa14ac492,fast,1h,futures,aster,BTC,1,2024-03-20T21:00:00+00:00,2024-04-02T12:00:00+00:00,67165.60308,65323.211760000006,0.24743592736413114,16625.830958384973,16156.844156447023,13.112997106124025,65.56342428909795,-468.9868019379501,-2.820832252606442,trend_break,closed,2024-03-20T20:00:00+00:00,67031.54,65454.12,-2.3532504250983854,304
d85ad7e2888f47b79e6eead8595df555,f3264b4c3ebe6cc4e6b48806a6a8e133,1,4,20,0,34b64edcb2081c17888f3b5b49e3dd27,9876bd700f799c3491d245afa14ac492,fast,1h,spot,aster,BTC,1,2024-03-20T21:00:00+00:00,2024-04-02T12:00:00+00:00,67165.60308,65323.211760000006,0.24769354850930994,16643.1411592789,16173.666065611143,13.126649874205011,65.6316865039959,-469.4750936677574,-2.8208322526064444,trend_break,closed,2024-03-20T20:00:00+00:00,67031.54,65454.12,-2.3532504250983854,304
d85ad7e2888f47b79e6eead8595df555,3373070c20f099c3f75399421b5c21d6,1,4,20,0,fef941bff60ebb901fdbbdc73ed8595b,025d5e5fa0d280dd7a78214636b0ebc3,fast,1h,futures,aster,BNB,1,2024-03-29T05:00:00+00:00,2024-04-01T05:00:00+00:00,611.22,576.0060810986896,44.61660292210028,27281.468262061353,25689.154827254886,21.187997855656583,105.93412851304916,-1592.3134348064668,-5.836611942989881,stop,closed,2024-03-29T04:00:00+00:00,610,577.1604019024946,-5.383540671722187,73
d85ad7e2888f47b79e6eead8595df555,f3264b4c3ebe6cc4e6b48806a6a8e133,1,4,20,0,d81049339db9db263d0cf1ef453f8619,025d5e5fa0d280dd7a78214636b0ebc3,fast,1h,spot,aster,BNB,0,2024-03-29T05:00:00+00:00,2024-04-01T05:00:00+00:00,611.22,576.0060810986896,44.6630460783426,27309.866602814167,25715.89566705971,21.210053266208355,106.04439946510969,-1593.9709357544561,-5.8366119429898795,stop,closed,2024-03-29T04:00:00+00:00,610,577.1604019024946,-5.383540671722187,73
d85ad7e2888f47b79e6eead8595df555,3373070c20f099c3f75399421b5c21d6,1,4,20,0,fb2404a09eeb955a16b2599147ae76a9,3e6df132276d0e0d9fcf31ef3493f357,fast,1h,futures,aster,SOL,1,2024-03-29T23:00:00+00:00,2024-04-02T13:00:00+00:00,192.25374,177.90125023081572,107.54980003843622,20685.12203415896,19125.59059135647,15.924038073021418,79.61433439282574,-1559.5314428024903,-7.539387199297708,stop,closed,2024-03-29T22:00:00+00:00,191.87,178.2577657623404,-7.094508905852715,87
d85ad7e2888f47b79e6eead8595df555,f3264b4c3ebe6cc4e6b48806a6a8e133,1,4,20,0,04e50040ee410b43734937e79aa73578,3e6df132276d0e0d9fcf31ef3493f357,fast,1h,spot,aster,SOL,1,2024-03-29T23:00:00+00:00,2024-04-02T13:00:00+00:00,192.25374,177.90125023081572,107.66175287475443,20706.65399498534,19145.499174284545,15.940614033434887,79.69720809918017,-1561.1548207007945,-7.539387199297718,stop,closed,2024-03-29T22:00:00+00:00,191.87,178.2577657623404,-7.094508905852715,87
d85ad7e2888f47b79e6eead8595df555,3373070c20f099c3f75399421b5c21d6,1,4,20,0,fce8f334bd9026e7e40f8755558ad4dc,fb2e661fd00e15c100cdc590aefd8a5c,fast,1h,futures,aster,BTC,1,2024-04-08T08:00:00+00:00,2024-04-10T12:00:00+00:00,70849.54626,67896.34270182365,0.3991232122506374,28289.009569187252,27088.166796662288,22.150681955605325,110.74913800621638,-1200.842772524964,-4.244909209663307,stop,closed,2024-04-08T07:00:00+00:00,70708.13,68032.40751685738,-3.7841793908884758,53
d85ad7e2888f47b79e6eead8595df555,f3264b4c3ebe6cc4e6b48806a6a8e133,1,4,20,0,e6fb61d1b397918659293a51dd10bd84,fb2e661fd00e15c100cdc590aefd8a5c,fast,1h,spot,aster,BTC,1,2024-04-08T08:00:00+00:00,2024-04-10T12:00:00+00:00,70849.54626,67896.34270182365,0.3995387038171312,28318.458733103776,27116.365870307556,22.173741054305054,110.86442905275453,-1202.0928627962203,-4.24490920966329,stop,closed,2024-04-08T07:00:00+00:00,70708.13,68032.40751685738,-3.7841793908884758,53
d85ad7e2888f47b79e6eead8595df555,3373070c20f099c3f75399421b5c21d6,1,4,20,0,f0e6214d27c353561210520bca7b041c,55c020577e7242d54148b1e2c3fb68ac,fast,1h,futures,aster,XRP,1,2024-04-08T10:00:00+00:00,2024-04-10T02:00:00+00:00,0.6095166,0.601295,46685.62320931012,28467.04459235076,28060.603074919076,22.61099765402477,113.05390516366538,-406.4415174316855,-1.4277615511267312,trend_break,closed,2024-04-08T09:00:00+00:00,0.6083,0.6025,-0.9534769028439749,41
d85ad7e2888f47b79e6eead8595df555,f3264b4c3ebe6cc4e6b48806a6a8e133,1,4,20,0,6f800d2cc6c0967ffc8923f613835186,55c020577e7242d54148b1e2c3fb68ac,fast,1h,spot,aster,XRP,0,2024-04-08T10:00:00+00:00,2024-04-10T02:00:00+00:00,0.6095166,0.601295,46734.22240346199,28496.67845673918,28089.813838385642,22.634535441236665,113.17159297222355,-406.8646183535384,-1.4277615511267383,trend_break,closed,2024-04-08T09:00:00+00:00,0.6083,0.6025,-0.9534769028439749,41
d85ad7e2888f47b79e6eead8595df555,3373070c20f099c3f75399421b5c21d6,1,4,20,0,79d745e874c74d4f1a9ddfc8826ffcfe,36ad89a248ba0b834496a8d719996c7d,fast,1h,futures,aster,BNB,1,2024-04-10T17:00:00+00:00,2024-04-12T18:00:00+00:00,607.1118,577.9693231653146,46.27665829818143,28106.343359520826,26735.790279402478,21.93663767693853,109.6782326318534,-1370.5530801183486,-4.876312306396426,stop,closed,2024-04-10T16:00:00+00:00,605.9,579.1275783219585,-4.418620511312343,50
d85ad7e2888f47b79e6eead8595df555,f3264b4c3ebe6cc4e6b48806a6a8e133,1,4,20,0,8fc046c7d71d2e7e1a3bb0cb1f3a2b98,36ad89a248ba0b834496a8d719996c7d,fast,1h,spot,aster,BNB,0,2024-04-10T17:00:00+00:00,2024-04-12T18:00:00+00:00,607.1118,577.9693231653146,46.3248305169367,28135.600980328305,26763.621207245964,21.959472871781674,109.79240344732132,-1371.9797730823411,-4.876312306396421,stop,closed,2024-04-10T16:00:00+00:00,605.9,579.1275783219585,-4.418620511312343,50
d85ad7e2888f47b79e6eead8595df555,3373070c20f099c3f75399421b5c21d6,1,4,20,0,9b7870a0f3240d31e3efb96639f2b68f,9c77e8038063e8eb6444043962c7106f,fast,1h,futures,aster,BNB,1,2024-04-22T04:00:00+00:00,2024-04-30T11:00:00+00:00,593.3844,567.6623999999999,42.68231219879908,25337.149021982954,24219.452122807434,19.822464798006656,99.10832892561146,-1117.6968991755202,-4.411297017694402,trend_break,closed,2024-04-22T03:00:00+00:00,592.2,568.8,-3.951367781155035,200
d85ad7e2888f47b79e6eead8595df555,3373070c20f099c3f75399421b5c21d6,1,4,20,0,6f355852fe88573a1d0097a704966037,c8af326a0ad3cb5efbd1bfcfa29a5721,fast,1h,futures,aster,BTC,1,2024-04-22T04:00:00+00:00,2024-04-22T04:00:00+00:00,65824.07538000001,65608.4202,0.3982388575677387,26224.190061615835,26117.37117834924,20.93661075482243,104.68312897753799,-106.81888326659464,-0.40732958011521087,trend_break,closed,2024-04-22T03:00:00+00:00,65692.69,65739.9,0.07186492134816369,1
d85ad7e2888f47b79e6eead8595df555,3373070c20f099c3f75399421b5c21d6,1,4,20,0,503df73b47bcd210243649534511d389,3eaee0434711ef7fe1ca3fb98118e963,fast,1h,futures,aster,ETH,1,2024-04-22T04:00:00+00:00,2024-04-22T04:00:00+00:00,3192.51228,3185.59604,7.479368423122196,23887.52672767683,23816.71593182695,19.081688787144387,95.40861865376829,-70.81079584988038,-0.29643418783844533,trend_break,closed,2024-04-22T03:00:00+00:00,3186.14,3191.98,0.18329389166829024,1
d85ad7e2888f47b79e6eead8595df555,f3264b4c3ebe6cc4e6b48806a6a8e133,1,4,20,0,7d4d9545f78e84d5b20882044ae12363,9c77e8038063e8eb6444043962c7106f,fast,1h,spot,aster,BNB,0,2024-04-22T04:00:00+00:00,2024-04-30T11:00:00+00:00,593.3844,567.6623999999999,42.7267525743378,25363.529795648003,24244.66916219055,19.84310374033067,99.21151947761237,-1118.8606334574542,-4.411297017694413,trend_break,closed,2024-04-22T03:00:00+00:00,592.2,568.8,-3.951367781155035,200
d85ad7e2888f47b79e6eead8595df555,f3264b4c3ebe6cc4e6b48806a6a8e133,1,4,20,0,ac6aab88c50b865de86df78ead29d5cb,c8af326a0ad3cb5efbd1bfcfa29a5721,fast,1h,spot,aster,BTC,1,2024-04-22T04:00:00+00:00,2024-04-22T04:00:00+00:00,65824.07538000001,65608.4202,0.39930144103958143,26294.16161359377,26187.057715498304,20.992473953808968,104.96244517312896,-107.10389809546541,-0.4073295801152069,trend_break,closed,2024-04-22T03:00:00+00:00,65692.69,65739.9,0.07186492134816369,1
d85ad7e2888f47b79e6eead8595df555,f3264b4c3ebe6cc4e6b48806a6a8e133,1,4,20,0,e8f7a95550fb7076c65451269a54b28a,3eaee0434711ef7fe1ca3fb98118e963,fast,1h,spot,aster,ETH,1,2024-04-22T04:00:00+00:00,2024-04-22T04:00:00+00:00,3192.51228,3185.59604,7.496897991861831,23943.512476486605,23872.535719736938,19.126410982434095,95.63223003970757,-70.9767567496674,-0.29643418783843495,trend_break,closed,2024-04-22T03:00:00+00:00,3186.14,3191.98,0.18329389166829024,1
d85ad7e2888f47b79e6eead8595df555,3373070c20f099c3f75399421b5c21d6,1,4,20,0,6e066f23b544e1b1dbe965ef185403f8,20686d884e5a7d587181a03f74b1efb0,fast,1h,futures,aster,XRP,1,2024-04-22T17:00:00+00:00,2024-04-22T17:00:00+00:00,0.5484948,0.5427124,44138.561791924694,24219.45553099831,23944.962984722693,19.265726569997252,96.32799725469644,-274.4925462756182,-1.1333555617065676,trend_break,closed,2024-04-22T16:00:00+00:00,0.5474,0.5438,-0.6576543660942735,1
d85ad7e2888f47b79e6eead8595df555,f3264b4c3ebe6cc4e6b48806a6a8e133,1,4,20,0,cd70c7b8ffc417c4606667fb9fc183a3,20686d884e5a7d587181a03f74b1efb0,fast,1h,spot,aster,XRP,0,2024-04-22T17:00:00+00:00,2024-04-22T17:00:00+00:00,0.5484948,0.5427124,44184.43206149463,24244.625199173755,23969.847391064002,19.28574815736551,96.42810453100587,-274.7778081097531,-1.1333555617065898,trend_break,closed,2024-04-22T16:00:00+00:00,0.5474,0.5438,-0.6576543660942735,1
d85ad7e2888f47b79e6eead8595df555,3373070c20f099c3f75399421b5c21d6,1,4,20,0,aa316afa5ee8434bcebe7b96ac68cdae,c8a436925afcd4df9b9de6a22be46e79,fast,1h,futures,aster,BNB,1,2024-04-30T01:00:00+00:00,2024-04-30T11:00:00+00:00,601.3002,574.668116431816,45.06538156714079,27108.662078577832,25887.27888629329,21.19818435634718,105.98654498788414,-1221.383192284542,-4.505508935646514,stop,closed,2024-04-30T00:00:00+00:00,600.1,575.8197559437034,-4.046033003882121,11
d85ad7e2888f47b79e6eead8595df555,3373070c20f099c3f75399421b5c21d6,1,4,20,0,9c64ee16d3681bc70bac07f87d1ea62a,5676bba4f46739daae3a7e8f96658a26,fast,1h,futures,aster,BTC,1,2024-04-30T01:00:00+00:00,2024-04-30T01:00:00+00:00,64735.08174,63518.408599999995,0.41859563966000596,27108.662078577832,26577.89346655138,21.47454073100028,107.37109596310006,-530.7686120264516,-1.9579299431596908,trend_break,closed,2024-04-30T00:00:00+00:00,64605.87,63645.7,-1.486196223346281,1
d85ad7e2888f47b79e6eead8595df555,f3264b4c3ebe6cc4e6b48806a6a8e133,1,4,20,0,7e951dfa4a81cc53d7f4360c22aa93fe,c8a436925afcd4df9b9de6a22be46e79,fast,1h,spot,aster,BNB,0,2024-04-30T01:00:00+00:00,2024-04-30T11:00:00+00:00,601.3002,574.668116431816,45.11221486330779,27136.83421327785,25914.181722947033,21.220214145325762,106.09668938428162,-1222.6524903308164,-4.505508935646523,stop,closed,2024-04-30T00:00:00+00:00,600.1,575.8197559437034,-4.046033003882121,11
d85ad7e2888f47b79e6eead8595df555,f3264b4c3ebe6cc4e6b48806a6a8e133,1,4,20,0,2e003495293e098cfe1cec034ec2f721,5676bba4f46739daae3a7e8f96658a26,fast,1h,spot,aster,BTC,1,2024-04-30T01:00:00+00:00,2024-04-30T01:00:00+00:00,64735.08174,63518.408599999995,0.41778454519170305,27056.1348093667,26526.394644472457,21.43293045237815,107.16304768514374,-529.7401648942432,-1.9579299431596926,trend_break,closed,2024-04-30T00:00:00+00:00,64605.87,63645.7,-1.486196223346281,1
d85ad7e2888f47b79e6eead8595df555,3373070c20f099c3f75399421b5c21d6,1,4,20,0,cdd0e628fd9d5fc3f005e65d355ee2f7,5b35a9635aff6240d4677e0d2139405b,fast,1h,futures,aster,BNB,1,2024-05-03T14:00:00+00:00,2024-05-03T18:00:00+00:00,583.7652,547.9346621803992,39.44260923499462,23034.43275765592,21603.327977583594,17.8548781741115,89.2690949473297,-1431.1047800723245,-6.212893519579597,stop,closed,2024-05-03T13:00:00+00:00,582.6,549.0327276356705,-5.761632743619893,5
d85ad7e2888f47b79e6eead8595df555,3373070c20f099c3f75399421b5c21d6,1,4,20,0,67781b279b5258224c803de4413fe802,95824575943df2bfe8c6f9d25091a7e4,fast,1h,futures,aster,BTC,1,2024-05-03T14:00:00+00:00,2024-05-03T14:00:00+00:00,61823.4,61485.592379999995,0.3764318639092638,23281.606614286065,23135.87808871136,18.566973535350645,92.83473036946654,-145.7285255747047,-0.62593844140156,trend_break,closed,2024-05-03T13:00:00+00:00,61700,61608.81,-0.1477957860615886,1
d85ad7e2888f47b79e6eead8595df555,f3264b4c3ebe6cc4e6b48806a6a8e133,1,4,20,0,a5947c9824600e489d232e09076f2dde,5b35a9635aff6240d4677e0d2139405b,fast,1h,spot,aster,BNB,0,2024-05-03T14:00:00+00:00,2024-05-03T18:00:00+00:00,583.7652,547.9346621803992,39.48406832005036,23058.644809683734,21626.035760600014,17.873645870448986,89.36292786234353,-1432.6090490837196,-6.212893519579605,stop,closed,2024-05-03T13:00:00+00:00,582.6,549.0327276356705,-5.761632743619893,5
d85ad7e2888f47b79e6eead8595df555,f3264b4c3ebe6cc4e6b48806a6a8e133,1,4,20,0,76d156841490278ab674e716a38dacd4,95824575943df2bfe8c6f9d25091a7e4,fast,1h,spot,aster,BTC,1,2024-05-03T14:00:00+00:00,2024-05-03T14:00:00+00:00,61823.4,61485.592379999995,0.3759425985729563,23251.346468474752,23105.80735278511,18.542841209100025,92.71406891667787,-145.53911568964395,-0.6259384414015445,trend_break,closed,2024-05-03T13:00:00+00:00,61700,61608.81,-0.1477957860615886,1
d85ad7e2888f47b79e6eead8595df555,3373070c20f099c3f75399421b5c21d6,1,4,20,0,e0cc4fb28b02b6365fa6d4a050285f85,fdd473cf7ba65155ccbd0cf7703aa515,fast,1h,futures,aster,ADA,1,2024-05-06T09:00:00+00:00,2024-05-06T09:00:00+00:00,0.471441,0.47065680000000004,50378.343293537015,23759.916707264645,23701.42547990006,18.984530553794393,94.92287443368245,-58.49122736458594,-0.24617606233738235,trend_break,closed,2024-05-06T08:00:00+00:00,0.4705,0.4716,0.23379383634432038,1
d85ad7e2888f47b79e6eead8595df555,3373070c20f099c3f75399421b5c21d6,1,4,20,0,ee88ba3d470dd270f4eb59278b9f7b42,0bc3f8bb2dd04f585a50912392a1a236,fast,1h,futures,aster,BNB,1,2024-05-06T09:00:00+00:00,2024-05-14T13:00:00+00:00,598.7952,574.6483999999999,43.783264645685676,26227.69559365035,25149.91898222967,20.55087667423445,102.75056547049515,-1077.7766114206825,-4.109307306744894,trend_break,closed,2024-05-06T08:00:00+00:00,597.6,575.8,-3.647925033467214,197
d85ad7e2888f47b79e6eead8595df555,3373070c20f099c3f75399421b5c21d6,1,4,20,0,284c80b77e3b9d912aef782fb0d46999,6289e99007dc26302ad9145ea2c68b0d,fast,1h,futures,aster,SOL,1,2024-05-06T09:00:00+00:00,2024-05-07T23:00:00+00:00,154.29798,147.88364,135.70035322675,20946.665704329276,20059.83503958375,16.402461029052617,82.0091514690541,-886.8306647455247,-4.233755755037585,trend_break,closed,2024-05-06T08:00:00+00:00,153.99,148.18,-3.772972270926689,39
d85ad7e2888f47b79e6eead8595df555,3373070c20f099c3f75399421b5c21d6,1,4,20,0,89f4ed747b50d3cd2d0ce61eb1317e7e,f83324a16d1d544fccdb3a88cd15da2e,fast,1h,futures,aster,XRP,1,2024-05-06T09:00:00+00:00,2024-05-06T10:00:00+00:00,0.5457894,0.5330318000000001,48035.39370710806,26227.695593650347,25594.150614459923,20.728640432629906,103.64116546245634,-633.5449791904248,-2.4155571614297835,trend_break,closed,2024-05-06T08:00:00+00:00,0.5447,0.5341,-1.9460253350468082,2
d85ad7e2888f47b79e6eead8595df555,f3264b4c3ebe6cc4e6b48806a6a8e133,1,4,20,0,d287d45c2e09f8b7364f8477cb81df22,fdd473cf7ba65155ccbd0cf7703aa515,fast,1h,spot,aster,ADA,1,2024-05-06T09:00:00+00:00,2024-05-06T09:00:00+00:00,0.471441,0.47065680000000004,50431.428856405044,23784.953428793047,23726.400567013265,19.004535270590285,95.02289825123839,-58.55286177978269,-0.24617606233738135,trend_break,closed,2024-05-06T08:00:00+00:00,0.4705,0.4716,0.23379383634432038,1
d85ad7e2888f47b79e6eead8595df555,f3264b4c3ebe6cc4e6b48806a6a8e133,1,4,20,0,38800077d266614991cca1696f678f59,0bc3f8bb2dd04f585a50912392a1a236,fast,1h,spot,aster,BNB,0,2024-05-06T09:00:00+00:00,2024-05-14T13:00:00+00:00,598.7952,574.6483999999999,43.82890253137528,26255.034271638186,25176.134229925385,20.57229806818645,102.85766846063149,-1078.9000417128009,-4.109307306744882,trend_break,closed,2024-05-06T08:00:00+00:00,597.6,575.8,-3.647925033467214,197
d85ad7e2888f47b79e6eead8595df555,f3264b4c3ebe6cc4e6b48806a6a8e133,1,4,20,0,d71148a7a5ef6cb46524635f32f71772,6289e99007dc26302ad9145ea2c68b0d,fast,1h,spot,aster,SOL,1,2024-05-06T09:00:00+00:00,2024-05-07T23:00:00+00:00,154.29798,147.88364,135.7721689500215,20957.75115777072,20070.451162002148,16.411141585692476,82.05255258325599,-887.2999957685715,-4.233755755037573,trend_break,closed,2024-05-06T08:00:00+00:00,153.99,148.18,-3.772972270926689,39
d85ad7e2888f47b79e6eead8595df555,f3264b4c3ebe6cc4e6b48806a6a8e133,1,4,20,0,80081b3be869661d1fd26ba26bcdac24,f83324a16d1d544fccdb3a88cd15da2e,fast,1h,spot,aster,XRP,0,2024-05-06T09:00:00+00:00,2024-05-06T10:00:00+00:00,0.5457894,0.5330318000000001,48150.38475338658,26290.481592161734,25655.41998128789,20.778262344044087,103.88927014390688,-635.0616108738432,-2.4155571614297893,trend_break,closed,2024-05-06T08:00:00+00:00,0.5447,0.5341,-1.9460253350468082,2
d85ad7e2888f47b79e6eead8595df555,3373070c20f099c3f75399421b5c21d6,1,4,20,0,14fdfc55cec3a5cdd81a8438a4303244,0c14628198841eaa8247ea8215685c7f,fast,1h,futures,aster,XRP,1,2024-05-06T16:00:00+00:00,2024-05-06T23:00:00+00:00,0.5603184,0.5395188,46209.05768374028,25902.1419809678,24920.683088522066,20.328976247009358,101.64144328115512,-981.4588924457348,-3.7891032068578903,trend_break,closed,2024-05-06T15:00:00+00:00,0.5592,0.5406,-3.3261802575107358,8
d85ad7e2888f47b79e6eead8595df555,f3264b4c3ebe6cc4e6b48806a6a8e133,1,4,20,0,2bbfd65113a9bfb8dd630c54e8fee09d,0c14628198841eaa8247ea8215685c7f,fast,1h,spot,aster,XRP,0,2024-05-06T16:00:00+00:00,2024-05-06T23:00:00+00:00,0.5603184,0.5395188,46257.51899696019,25929.30660795928,24946.81841976108,20.350296069025404,101.74803878571365,-982.4881881982001,-3.789103206857891,trend_break,closed,2024-05-06T15:00:00+00:00,0.5592,0.5406,-3.3261802575107358,8
d85ad7e2888f47b79e6eead8595df555,3373070c20f099c3f75399421b5c21d6,1,4,20,0,4111031784318747d16b41127a46b2e4,276c1b20b5757e88eae10e137bb6eea1,fast,1h,futures,aster,BTC,1,2024-05-13T09:00:00+00:00,2024-05-13T09:00:00+00:00,62931.79236,62951.05558,0.40801028051105176,25687.08898116841,25674.403974524343,20.54459843981179,102.72343453116426,-12.685006644067471,-0.049382811159984066,trend_break,closed,2024-05-13T08:00:00+00:00,62806.18,63077.21,0.4315339668803375,1
d85ad7e2888f47b79e6eead8595df555,f3264b4c3ebe6cc4e6b48806a6a8e133,1,4,20,0,a45a88efb91d906e7c8982dde7c84fa3,276c1b20b5757e88eae10e137bb6eea1,fast,1h,spot,aster,BTC,1,2024-05-13T09:00:00+00:00,2024-05-13T09:00:00+00:00,62931.79236,62951.05558,0.4084390170555888,25714.080932830042,25701.382596801457,20.566186670708703,102.8313761504507,-12.69833602858489,-0.049382811159983914,trend_break,closed,2024-05-13T08:00:00+00:00,62806.18,63077.21,0.4315339668803375,1
d85ad7e2888f47b79e6eead8595df555,3373070c20f099c3f75399421b5c21d6,1,4,20,0,88435e7415e9ae8da12ff9d0b632e4a1,2addba04108794e690e9bcfa0c0eadea,fast,1h,futures,aster,BTC,1,2024-05-15T15:00:00+00:00,2024-06-11T06:00:00+00:00,64577.7477,67489.23104,0.39467234676882484,25497.246054297604,26625.478742901745,20.849273771993722,104.25138219334687,1128.232688604141,4.424919798010795,trend_break,closed,2024-05-15T14:00:00+00:00,64448.85,67624.48,4.927364879280227,640
d85ad7e2888f47b79e6eead8595df555,3373070c20f099c3f75399421b5c21d6,1,4,20,0,65ddf117eb640ff4c0ac433cb99f17a4,5629615b23955e9921bcab9f2c597a9b,fast,1h,futures,aster,ETH,1,2024-05-15T15:00:00+00:00,2024-05-15T15:00:00+00:00,2980.23858,2970.75658,8.552017078379034,25497.246054297604,25395.798623463746,20.357204896668392,101.78610726686728,-101.44743083385765,-0.3978760318577955,trend_break,closed,2024-05-15T14:00:00+00:00,2974.29,2976.71,0.08136395576758826,1
d85ad7e2888f47b79e6eead8595df555,3373070c20f099c3f75399421b5c21d6,1,4,20,0,a0416983ad154f8c46b6bb493109145f,02bdde52020f0738bb07ba2c2b95f25c,fast,1h,futures,aster,SOL,1,2024-05-15T15:00:00+00:00,2024-06-07T18:00:00+00:00,152.44428,161.39656,134.10624114190014,20451.906866133097,21635.62828043522,16.8352061476866,84.18116968959356,1183.7214143021229,5.787829086305304,trend_break,closed,2024-05-15T14:00:00+00:00,152.14,161.72,6.2968318653871425,556
d85ad7e2888f47b79e6eead8595df555,3373070c20f099c3f75399421b5c21d6,1,4,20,0,23d5aaf25e95583009ae00843ad89a89,28d5c031b1178aabe81b431893902b37,fast,1h,futures,aster,XRP,1,2024-05-15T15:00:00+00:00,2024-05-15T15:00:00+00:00,0.5121222,0.510477,49767.518833989394,25497.246054297604,25395.011642333677,20.356889978248994,101.78452951927511,-102.23441196392741,-0.40096256570695654,trend_break,closed,2024-05-15T14:00:00+00:00,0.5111,0.5115,0.07826257092544697,1
d85ad7e2888f47b79e6eead8595df555,f3264b4c3ebe6cc4e6b48806a6a8e133,1,4,20,0,845fd831c01770419364ec332d9fd3a4,2addba04108794e690e9bcfa0c0eadea,fast,1h,spot,aster,BTC,1,2024-05-15T15:00:00+00:00,2024-06-11T06:00:00+00:00,64577.7477,67489.23104,0.3950870923020051,25524.040100031983,26653.45840367051,20.871183447798934,104.36093584068637,1129.4183036385257,4.42491979801078,trend_break,closed,2024-05-15T14:00:00+00:00,64448.85,67624.48,4.927364879280227,640
d85ad7e2888f47b79e6eead8595df555,f3264b4c3ebe6cc4e6b48806a6a8e133,1,4,20,0,3f410107e3aa38a2a12bbdff6ba8c44a,5629615b23955e9921bcab9f2c597a9b,fast,1h,spot,aster,ETH,1,2024-05-15T15:00:00+00:00,2024-05-15T15:00:00+00:00,2980.23858,2970.75658,8.563370707009259,25531.096110973223,25429.51399887708,20.384231052279155,101.92123815482421,-101.58211209614456,-0.3978760318578125,trend_break,closed,2024-05-15T14:00:00+00:00,2974.29,2976.71,0.08136395576758826,1
d85ad7e2888f47b79e6eead8595df555,f3264b4c3ebe6cc4e6b48806a6a8e133,1,4,20,0,994e556ab9b9be2a66bec96516f68335,02bdde52020f0738bb07ba2c2b95f25c,fast,1h,spot,aster,SOL,1,2024-05-15T15:00:00+00:00,2024-06-07T18:00:00+00:00,152.44428,161.39656,134.2417390716985,20472.571012836437,21657.488432631893,16.85221606132907,84.26622445008658,1184.9174197954562,5.787829086305306,trend_break,closed,2024-05-15T14:00:00+00:00,152.14,161.72,6.2968318653871425,556
d85ad7e2888f47b79e6eead8595df555,f3264b4c3ebe6cc4e6b48806a6a8e133,1,4,20,0,1b1bbf84701eb76838f07c70e3939a0c,28d5c031b1178aabe81b431893902b37,fast,1h,spot,aster,XRP,0,2024-05-15T15:00:00+00:00,2024-05-15T15:00:00+00:00,0.5121222,0.510477,49771.39258983781,25499.2306841995,25396.988314612598,20.35847449810163,101.79245212473629,-102.2423695869038,-0.4009625657069642,trend_break,closed,2024-05-15T14:00:00+00:00,0.5111,0.5115,0.07826257092544697,1
d85ad7e2888f47b79e6eead8595df555,3373070c20f099c3f75399421b5c21d6,1,4,20,0,bc756c026defcab49821282bda40b8fe,dbb140b63e819f755bb531f1c32546f0,fast,1h,futures,aster,ADA,1,2024-05-17T08:00:00+00:00,2024-05-18T13:00:00+00:00,0.4818618,0.47564680000000004,53913.359321801305,25989.179882196695,25633.459351929498,20.649002082205968,103.2440831012495,-355.7205302671973,-1.3687254922225371,trend_break,closed,2024-05-17T07:00:00+00:00,0.4809,0.4766,-0.8941567893532842,30
d85ad7e2888f47b79e6eead8595df555,3373070c20f099c3f75399421b5c21d6,1,4,20,0,ce8325e41535684bb30659d7b1849600,c554c8cf2b5ec0445b5b91abca391032,fast,1h,futures,aster,ETH,1,2024-05-17T08:00:00+00:00,2024-05-17T08:00:00+00:00,3032.62314,3021.88412,8.566441383432151,25989.179882196695,25876.438464231847,20.74623261934176,103.7312100408076,-112.74141796484764,-0.43380136839977246,trend_break,closed,2024-05-17T07:00:00+00:00,3026.57,3027.94,0.04526576289329842,1
d85ad7e2888f47b79e6eead8595df555,f3264b4c3ebe6cc4e6b48806a6a8e133,1,4,20,0,98e6abf4311685810cb26733d09f47a8,dbb140b63e819f755bb531f1c32546f0,fast,1h,spot,aster,ADA,1,2024-05-17T08:00:00+00:00,2024-05-18T13:00:00+00:00,0.4818618,0.47564680000000004,53970.00952378032,26016.488369519982,25660.39406102525,20.670699304440625,103.35256823803931,-356.0943084947321,-1.3687254922225394,trend_break,closed,2024-05-17T07:00:00+00:00,0.4809,0.4766,-0.8941567893532842,30
d85ad7e2888f47b79e6eead8595df555,f3264b4c3ebe6cc4e6b48806a6a8e133,1,4,20,0,8d8c20b327a662c9877b21698a08d371,c554c8cf2b5ec0445b5b91abca391032,fast,1h,spot,aster,ETH,1,2024-05-17T08:00:00+00:00,2024-05-17T08:00:00+00:00,3032.62314,3021.88412,8.569197746112387,25997.542235046712,25884.764541080767,20.752907986485233,103.76458689162982,-112.77769396594522,-0.43380136839978706,trend_break,closed,2024-05-17T07:00:00+00:00,3026.57,3027.94,0.04526576289329842,1
d85ad7e2888f47b79e6eead8595df555,3373070c20f099c3f75399421b5c21d6,1,4,20,0,a1f14a4ffb344c06452cdb27cdbc803d,c37e7d06b95ce975ba8bf0162aa318ae,fast,1h,futures,aster,XRP,1,2024-05-20T18:00:00+00:00,2024-05-20T18:00:00+00:00,0.5238456,0.5228522,50435.87782221769,26431.18092437804,26359.961474406417,21.116448943033618,105.58246663303052,-71.21944997162427,-0.2694523947885244,trend_break,closed,2024-05-20T17:00:00+00:00,0.5228,0.5239,0.21040550879878328,1
d85ad7e2888f47b79e6eead8595df555,f3264b4c3ebe6cc4e6b48806a6a8e133,1,4,20,0,8483222d6a2458b47437aef86e542e51,c37e7d06b95ce975ba8bf0162aa318ae,fast,1h,spot,aster,XRP,0,2024-05-20T18:00:00+00:00,2024-05-20T18:00:00+00:00,0.5238456,0.5228522,50488.88016154396,26458.957072640715,26387.662779172413,21.138639915820683,105.69342173017614,-71.29429346830148,-0.26945239478853733,trend_break,closed,2024-05-20T17:00:00+00:00,0.5228,0.5239,0.21040550879878328,1
d85ad7e2888f47b79e6eead8595df555,3373070c20f099c3f75399421b5c21d6,1,4,20,0,fefa24d64040dd549ed49bab59a4c495,17ee94f574ad3c60987ff69ccfa74717,fast,1h,futures,aster,ADA,1,2024-05-20T20:00:00+00:00,2024-05-22T12:00:00+00:00,0.4913808,0.474549,54038.069101281886,26563.890933293354,25633.45416928264,20.87879251175496,104.39074188985634,-930.4367640107157,-3.5026373446089187,trend_break,closed,2024-05-20T19:00:00+00:00,0.4904,0.4755,-3.038336052202284,41
d85ad7e2888f47b79e6eead8595df555,3373070c20f099c3f75399421b5c21d6,1,4,20,0,0f3a98e35c687a572c9eb0633f651ab5,4b49c210583a8f735172bdf5ae000d31,fast,1h,futures,aster,BNB,1,2024-05-20T20:00:00+00:00,2024-05-23T14:00:00+00:00,589.5767999999999,569.5243652694329,45.03784685123834,26563.890933293354,25639.891080597023,20.88136830659865,104.40364667364238,-923.9998526963318,-3.4784055356071875,stop,closed,2024-05-20T19:00:00+00:00,588.4,570.6656966627585,-3.0139876507888297,67
d85ad7e2888f47b79e6eead8595df555,f3264b4c3ebe6cc4e6b48806a6a8e133,1,4,20,0,8733ab49ee4bbf489da14c3d11327bdf,17ee94f574ad3c60987ff69ccfa74717,fast,1h,spot,aster,ADA,1,2024-05-20T20:00:00+00:00,2024-05-22T12:00:00+00:00,0.4913808,0.474549,54094.849278576316,26591.802782512008,25660.388367646992,20.90073077787415,104.50042983635373,-931.4144148650157,-3.5026373446089063,trend_break,closed,2024-05-20T19:00:00+00:00,0.4904,0.4755,-3.038336052202284,41
d85ad7e2888f47b79e6eead8595df555,f3264b4c3ebe6cc4e6b48806a6a8e133,1,4,20,0,8378f5242af5996cacfab8db43f6516a,4b49c210583a8f735172bdf5ae000d31,fast,1h,spot,aster,BNB,0,2024-05-20T20:00:00+00:00,2024-05-23T14:00:00+00:00,589.5767999999999,569.5243652694329,45.06540025338886,26580.142277901035,25655.57713753426,20.894143178814566,104.46751908016043,-924.5651403667762,-3.4784055356071883,stop,closed,2024-05-20T19:00:00+00:00,588.4,570.6656966627585,-3.0139876507888297,67
d85ad7e2888f47b79e6eead8595df555,3373070c20f099c3f75399421b5c21d6,1,4,20,0,87be0b8318448eafa5d98ce2b6b3acf1,768a775c4554bdc1520606981572d689,fast,1h,futures,aster,BTC,1,2024-05-27T15:00:00+00:00,2024-05-28T18:00:00+00:00,69630.16235999999,67270.2958373508,0.37232598502021075,25935.488835319316,25036.46056857852,20.38863917921873,101.94008909793979,-899.0282667407955,-3.4664018575060984,stop,closed,2024-05-27T14:00:00+00:00,69491.18,67405.1060494497,-3.001926216464146,28
d85ad7e2888f47b79e6eead8595df555,f3264b4c3ebe6cc4e6b48806a6a8e133,1,4,20,0,f69a6ee0e2da35ab924249c039c565b5,768a775c4554bdc1520606981572d689,fast,1h,spot,aster,BTC,1,2024-05-27T15:00:00+00:00,2024-05-28T18:00:00+00:00,69630.16235999999,67270.2958373508,0.3727185636662131,25962.835084305476,25062.858886681865,20.410136857825215,102.04757421517988,-899.9761976236114,-3.4664018575061037,stop,closed,2024-05-27T14:00:00+00:00,69491.18,67405.1060494497,-3.001926216464146,28
d85ad7e2888f47b79e6eead8595df555,3373070c20f099c3f75399421b5c21d6,1,4,20,0,11658ed0c95901e0959e5b9bcecc92a7,5765e2eda51ce7a635ed1e7c9b215daf,fast,1h,futures,aster,XRP,1,2024-05-27T16:00:00+00:00,2024-05-28T03:00:00+00:00,0.539577,0.5256466,48116.70853189125,25973.05430720809,25282.267289282434,20.502021392996763,102.50783585634112,-690.787017925657,-2.659629513553007,trend_break,closed,2024-05-27T15:00:00+00:00,0.5385,0.5267,-2.191272051996296,12
d85ad7e2888f47b79e6eead8595df555,f3264b4c3ebe6cc4e6b48806a6a8e133,1,4,20,0,9cbe93a672782dd7a61bb9447c1a07da,5765e2eda51ce7a635ed1e7c9b215daf,fast,1h,spot,aster,XRP,0,2024-05-27T16:00:00+00:00,2024-05-28T03:00:00+00:00,0.539577,0.5256466,48167.441012045594,26000.439336284104,25308.92397804285,20.523637967055542,102.61591633206193,-691.5153582412531,-2.6596295135529897,trend_break,closed,2024-05-27T15:00:00+00:00,0.5385,0.5267,-2.191272051996296,12
d85ad7e2888f47b79e6eead8595df555,3373070c20f099c3f75399421b5c21d6,1,4,20,0,7b58dfbc378467deeeeabbcdcc330428,8d10979e7db36080fd7426e6c6758969,fast,1h,futures,aster,ADA,1,2024-05-27T17:00:00+00:00,2024-05-27T17:00:00+00:00,0.4748478,0.4698584,54643.13699994685,25957.552258879172,25664.267107007116,20.648684124519676,103.24274304769958,-293.2851518720563,-1.1298644377061158,trend_break,closed,2024-05-27T16:00:00+00:00,0.4739,0.4708,-0.654146444397552,1
d85ad7e2888f47b79e6eead8595df555,f3264b4c3ebe6cc4e6b48806a6a8e133,1,4,20,0,1b89589fe8738a41206cf70046d82ff8,8d10979e7db36080fd7426e6c6758969,fast,1h,spot,aster,ADA,1,2024-05-27T17:00:00+00:00,2024-05-27T17:00:00+00:00,0.4748478,0.4698584,54700.75169968317,25984.92141558199,25691.32702934145,20.67045571014049,103.35160026138138,-293.5943862405402,-1.1298644377061107,trend_break,closed,2024-05-27T16:00:00+00:00,0.4739,0.4708,-0.654146444397552,1
d85ad7e2888f47b79e6eead8595df555,3373070c20f099c3f75399421b5c21d6,1,4,20,0,ff5901ba9aa55e226ae395b65103ab8a,8cc1629ad8f2218b1fca4e9ca1e6a803,fast,1h,futures,aster,BTC,1,2024-05-30T18:00:00+00:00,2024-05-31T16:00:00+00:00,69479.44152,66735.49552745535,0.3663511440470741,25464.05443775922,24438.845684977652,19.96099920945418,99.80137426175364,-1025.2087527815675,-4.026101794933893,stop,closed,2024-05-30T17:00:00+00:00,69340.76,66869.23399544624,-3.5643191746870917,23
d85ad7e2888f47b79e6eead8595df555,f3264b4c3ebe6cc4e6b48806a6a8e133,1,4,20,0,3aefa78eadf6a68cd0234ef405538701,8cc1629ad8f2218b1fca4e9ca1e6a803,fast,1h,spot,aster,BTC,1,2024-05-30T18:00:00+00:00,2024-05-31T16:00:00+00:00,69479.44152,66735.49552745535,0.36673743227169386,25490.9042635076,24464.61450940964,19.98204649993368,99.90660689526558,-1026.2897540979611,-4.026101794933899,stop,closed,2024-05-30T17:00:00+00:00,69340.76,66869.23399544624,-3.5643191746870917,23
d85ad7e2888f47b79e6eead8595df555,3373070c20f099c3f75399421b5c21d6,1,4,20,0,890c1f9c77294db69663ea360ea279d2,35cdd6a652e4db2c3e0815dd82f85255,fast,1h,futures,aster,BNB,1,2024-06-03T05:00:00+00:00,2024-06-10T20:00:00+00:00,613.0236,619.8578,40.845222337201044,25049.100874047377,25308.102366584917,20.14292595935988,100.71614923907033,259.0014925375399,1.033975206694479,trend_break,closed,2024-06-03T04:00:00+00:00,611.8,621.1,1.5201046093494819,184
d85ad7e2888f47b79e6eead8595df555,f3264b4c3ebe6cc4e6b48806a6a8e133,1,4,20,0,4647890d78a2501f0d2e30ef90d432a1,35cdd6a652e4db2c3e0815dd82f85255,fast,1h,spot,aster,BNB,0,2024-06-03T05:00:00+00:00,2024-06-10T20:00:00+00:00,613.0236,619.8578,40.888301911229554,25075.520233123025,25334.794895283176,20.164170761575747,100.82237485270983,259.2746621601509,1.0339752066944838,trend_break,closed,2024-06-03T04:00:00+00:00,611.8,621.1,1.5201046093494819,184
d85ad7e2888f47b79e6eead8595df555,3373070c20f099c3f75399421b5c21d6,1,4,20,0,bb723804b8711e1d312e0f0fa8a1d27e,f8086cbfe75fc31efbf7e1b91e74f56e,fast,1h,futures,aster,ADA,1,2024-06-03T20:00:00+00:00,2024-06-03T20:00:00+00:00,0.4630242,0.4602776,54433.12692476483,25213.936589856832,25044.327281817565,20.103281627705535,100.51621217927075,-169.6093080392675,-0.6726807907794081,trend_break,closed,2024-06-03T19:00:00+00:00,0.4621,0.4612,-0.1947630383034027,1
d85ad7e2888f47b79e6eead8595df555,f3264b4c3ebe6cc4e6b48806a6a8e133,1,4,20,0,847d066a883ae01f06c56aebcd2ac189,f8086cbfe75fc31efbf7e1b91e74f56e,fast,1h,spot,aster,ADA,1,2024-06-03T20:00:00+00:00,2024-06-03T20:00:00+00:00,0.4630242,0.4602776,54490.53554165595,25240.528801397508,25070.740612659367,20.124483819429965,100.62222293122187,-169.7881887381409,-0.6726807907793918,trend_break,closed,2024-06-03T19:00:00+00:00,0.4621,0.4612,-0.1947630383034027,1
d85ad7e2888f47b79e6eead8595df555,3373070c20f099c3f75399421b5c21d6,1,4,20,0,123fe202b336495c4d4b6fd933ca762b,5651326c99596cf1ea5b771e37ab6eca,fast,1h,futures,aster,BTC,1,2024-06-04T14:00:00+00:00,2024-06-11T06:00:00+00:00,69780.24192,67492.77388303512,0.3646793742019888,25457.593921031006,24603.37725380445,20.024254999148226,100.11833869944702,-854.2166672265557,-3.3554493400920773,stop,closed,2024-06-04T13:00:00+00:00,69640.96,67628.02994292096,-2.890439846146653,161
d85ad7e2888f47b79e6eead8595df555,3373070c20f099c3f75399421b5c21d6,1,4,20,0,0bd3d9b69088276ca9a367d43fb9ba95,3c05951fde0a440b49a8c9f52e69b34a,fast,1h,futures,aster,XRP,1,2024-06-04T14:00:00+00:00,2024-06-04T18:00:00+00:00,0.5291562,0.524948,47961.12861375815,25389.080136393517,25167.027704117696,20.222410843401057,101.11165134352494,-222.05243227582105,-0.8745981779683464,trend_break,closed,2024-06-04T13:00:00+00:00,0.5281,0.526,-0.39765195985608237,5
d85ad7e2888f47b79e6eead8595df555,f3264b4c3ebe6cc4e6b48806a6a8e133,1,4,20,0,bcb81aba3ca42978b55314893caca818,5651326c99596cf1ea5b771e37ab6eca,fast,1h,spot,aster,BTC,1,2024-06-04T14:00:00+00:00,2024-06-11T06:00:00+00:00,69780.24192,67492.77388303512,0.3650639833371974,25484.442774777905,24629.325207865477,20.045373581506418,100.22392851447283,-855.1175669124277,-3.355449340092075,stop,closed,2024-06-04T13:00:00+00:00,69640.96,67628.02994292096,-2.890439846146653,161
d85ad7e2888f47b79e6eead8595df555,f3264b4c3ebe6cc4e6b48806a6a8e133,1,4,20,0,8b1a2cfa6b43f62ff31c1348956b12f1,3c05951fde0a440b49a8c9f52e69b34a,fast,1h,spot,aster,XRP,0,2024-06-04T14:00:00+00:00,2024-06-04T18:00:00+00:00,0.5291562,0.524948,47852.290038536055,25331.464492472827,25109.915965568965,20.176519963695608,100.88219785924173,-221.54852690386178,-0.8745981779683298,trend_break,closed,2024-06-04T13:00:00+00:00,0.5281,0.526,-0.39765195985608237,5
d85ad7e2888f47b79e6eead8595df555,3373070c20f099c3f75399421b5c21d6,1,4,20,0,ce967b98988a2166d28b27be8edc6060,13f7a96615bfe72453e5e6c13c83b96a,fast,1h,futures,aster,ADA,1,2024-06-07T10:00:00+00:00,2024-06-07T18:00:00+00:00,0.4687356,0.4516760560807426,53509.137488527966,25091.670321234116,24159.128666626482,19.70017354050727,98.4976103270534,-932.541654607634,-3.7165387663270066,stop,closed,2024-06-07T09:00:00+00:00,0.4678,0.45258121851777816,-3.253266669991839,9
d85ad7e2888f47b79e6eead8595df555,f3264b4c3ebe6cc4e6b48806a6a8e133,1,4,20,0,63ac7bc2b0c6f2e9dbadb76b5de96220,13f7a96615bfe72453e5e6c13c83b96a,fast,1h,spot,aster,ADA,1,2024-06-07T10:00:00+00:00,2024-06-07T18:00:00+00:00,0.4687356,0.4516760560807426,53548.04716168967,25109.91596556897,24176.69620451647,19.7144987071922,98.56923379184678,-933.2197610525,-3.716538766326986,stop,closed,2024-06-07T09:00:00+00:00,0.4678,0.45258121851777816,-3.253266669991839,9
d85ad7e2888f47b79e6eead8595df555,3373070c20f099c3f75399421b5c21d6,1,4,20,0,f029595f47d3353c4708ef2a17881002,8a8b6da352c47375e043d1d38e330c42,fast,1h,futures,aster,ADA,1,2024-06-30T23:00:00+00:00,2024-06-30T23:00:00+00:00,0.3939864,0.39171500000000004,62094.368057012296,24474.122265669692,24313.56606529919,19.515052765803937,97.57508996478913,-160.55620037050176,-0.6560243453376751,trend_break,closed,2024-06-30T22:00:00+00:00,0.3932,0.3925,-0.1780264496439421,1
d85ad7e2888f47b79e6eead8595df555,f3264b4c3ebe6cc4e6b48806a6a8e133,1,4,20,0,c906662a6d26a2711cac8f639a9da173,8a8b6da352c47375e043d1d38e330c42,fast,1h,spot,aster,ADA,1,2024-06-30T23:00:00+00:00,2024-06-30T23:00:00+00:00,0.3939864,0.39171500000000004,62160.40104123773,24500.148769845022,24339.421829270894,19.535805649064777,97.67885419620097,-160.7269405741281,-0.6560243453376581,trend_break,closed,2024-06-30T22:00:00+00:00,0.3932,0.3925,-0.1780264496439421,1
d85ad7e2888f47b79e6eead8595df555,3373070c20f099c3f75399421b5c21d6,1,4,20,0,d82684e50dfbf07fef8adfad56bffcf7,4ab9b2e7dffbf26bf5c833d4985cf2cd,fast,1h,futures,aster,ETH,1,2024-07-01T02:00:00+00:00,2024-07-01T04:00:00+00:00,3524.16426,3481.04396,6.932771428475689,24441.998181099563,24123.62879431301,19.42620295925562,97.13020754437295,-318.36938678655497,-1.3025505706515548,trend_break,closed,2024-07-01T01:00:00+00:00,3517.13,3488.02,-0.8276634642449987,3
d85ad7e2888f47b79e6eead8595df555,f3264b4c3ebe6cc4e6b48806a6a8e133,1,4,20,0,1f8fab1704b4c2b24699b0c37cf431c2,4ab9b2e7dffbf26bf5c833d4985cf2cd,fast,1h,spot,aster,ETH,1,2024-07-01T02:00:00+00:00,2024-07-01T04:00:00+00:00,3524.16426,3481.04396,6.940143942291351,24467.99052357495,24149.282573383156,19.44686135700903,97.23349867468451,-318.7079501917942,-1.3025505706515563,trend_break,closed,2024-07-01T01:00:00+00:00,3517.13,3488.02,-0.8276634642449987,3
d85ad7e2888f47b79e6eead8595df555,3373070c20f099c3f75399421b5c21d6,1,4,20,0,8a30a480aa9eb76b2bb063d9f17d7e2d,cc00e6388ae9a7f2570d332038984608,fast,1h,futures,aster,XRP,1,2024-07-02T11:00:00+00:00,2024-07-02T11:00:00+00:00,0.4862706,0.4859262,50113.14978455588,24378.298834191308,24341.551927862118,19.487937543386366,97.44000844109044,-36.7469063291901,-0.15073613864168176,trend_break,closed,2024-07-02T10:00:00+00:00,0.4853,0.4869,0.3296929734184939,1
d85ad7e2888f47b79e6eead8595df555,f3264b4c3ebe6cc4e6b48806a6a8e133,1,4,20,0,28881ecf57d2a1c62b2c4bee4a4ce381,cc00e6388ae9a7f2570d332038984608,fast,1h,spot,aster,XRP,0,2024-07-02T11:00:00+00:00,2024-07-02T11:00:00+00:00,0.4862706,0.4859262,50166.441587544716,24404.22343690058,24367.437452826307,19.508661591519157,97.54362902282195,-36.785984074271255,-0.15073613864167767,trend_break,closed,2024-07-02T10:00:00+00:00,0.4853,0.4869,0.3296929734184939,1
d85ad7e2888f47b79e6eead8595df555,3373070c20f099c3f75399421b5c21d6,1,4,20,0,77be1509240ea21441a001b1bbbd71c7,beeff1ea0781dfbd3a8c40888430f07b,fast,1h,futures,aster,SOL,1,2024-07-02T13:00:00+00:00,2024-07-03T07:00:00+00:00,150.8511,146.31678000000002,145.5541373415909,21965.784528221073,21288.49388642274,17.30160576761176,86.50573490485431,-677.2906417983322,-3.083389263552898,trend_break,closed,2024-07-02T12:00:00+00:00,150.55,146.61,-2.617070740617733,19
d85ad7e2888f47b79e6eead8595df555,f3264b4c3ebe6cc4e6b48806a6a8e133,1,4,20,0,d2b0cbf659eecc8e75bb7628627ef27c,beeff1ea0781dfbd3a8c40888430f07b,fast,1h,spot,aster,SOL,1,2024-07-02T13:00:00+00:00,2024-07-03T07:00:00+00:00,150.8511,146.31678000000002,145.7089239084853,21989.143591991873,21311.132699329166,17.32000480598636,86.59772765729099,-678.0108926627072,-3.0833892635528968,trend_break,closed,2024-07-02T12:00:00+00:00,150.55,146.61,-2.617070740617733,19
d85ad7e2888f47b79e6eead8595df555,3373070c20f099c3f75399421b5c21d6,1,4,20,0,f3eeaca1afd759ec117683c3264fb0d7,5d9b512f291df6bb252ddb33a109881c,fast,1h,futures,aster,BTC,1,2024-07-10T05:00:00+00:00,2024-07-10T05:00:00+00:00,59403.81048,58865.822420000004,0.3923656121410848,23317.335667483185,23087.68567823249,18.561974764203953,92.80940070656465,-229.6499892506945,-0.9848894939182489,trend_break,closed,2024-07-10T04:00:00+00:00,59285.24,58983.79,-0.5084739473096511,1
d85ad7e2888f47b79e6eead8595df555,3373070c20f099c3f75399421b5c21d6,1,4,20,0,76f87c8b243451a9b8cd60bf0f717ef8,18f023da66753aa6f0e50b779574cfca,fast,1h,futures,aster,ETH,1,2024-07-10T05:00:00+00:00,2024-07-10T05:00:00+00:00,3123.57468,3096.7840199999996,6.387236919459397,19958.991921391287,19771.98126684623,15.892361896368184,79.46144285444174,-187.01065454505806,-0.9369744488178643,trend_break,closed,2024-07-10T04:00:00+00:00,3117.34,3102.99,-0.46032835686836693,1
d85ad7e2888f47b79e6eead8595df555,3373070c20f099c3f75399421b5c21d6,1,4,20,0,f31a6b3e923110770ff3bb0fabad6ed7,d4fb46e4504567815264446d90bcf938,fast,1h,futures,aster,SOL,1,2024-07-10T05:00:00+00:00,2024-07-10T08:00:00+00:00,145.41024000000002,143.47248,101.54539576468429,14771.646665185342,14563.142175035573,11.73388405279139,58.66886785700399,-208.50449014976948,-1.4115182611372958,trend_break,closed,2024-07-10T04:00:00+00:00,145.12,143.76,-0.9371554575523744,4
d85ad7e2888f47b79e6eead8595df555,f3264b4c3ebe6cc4e6b48806a6a8e133,1,4,20,0,a3bbfbccc8627f0d25f0d1334b6e11ab,5d9b512f291df6bb252ddb33a109881c,fast,1h,spot,aster,BTC,1,2024-07-10T05:00:00+00:00,2024-07-10T05:00:00+00:00,59403.81048,58865.822420000004,0.3927828653169819,23342.13201063779,23112.23780480849,18.58171411617984,92.90809696332019,-229.8942058292996,-0.9848894939182469,trend_break,closed,2024-07-10T04:00:00+00:00,59285.24,58983.79,-0.5084739473096511,1
d85ad7e2888f47b79e6eead8595df555,f3264b4c3ebe6cc4e6b48806a6a8e133,1,4,20,0,5fdb89c17aa395741a66b79ef6e038cd,18f023da66753aa6f0e50b779574cfca,fast,1h,spot,aster,ETH,1,2024-07-10T05:00:00+00:00,2024-07-10T05:00:00+00:00,3123.57468,3096.7840199999996,6.384837759180095,19951.49496750708,19764.554557504354,15.886392441361764,79.43159571712144,-186.9404100027241,-0.936974448817868,trend_break,closed,2024-07-10T04:00:00+00:00,3117.34,3102.99,-0.46032835686836693,1
d85ad7e2888f47b79e6eead8595df555,f3264b4c3ebe6cc4e6b48806a6a8e133,1,4,20,0,eb6c7c44cbcf3f29a5e9c82e7ff42933,d4fb46e4504567815264446d90bcf938,fast,1h,spot,aster,SOL,1,2024-07-10T05:00:00+00:00,2024-07-10T08:00:00+00:00,145.41024000000002,143.47248,101.39038473161733,14749.09745758782,14540.911253621032,11.715972049246435,58.579308682539235,-208.18620396678853,-1.4115182611372945,trend_break,closed,2024-07-10T04:00:00+00:00,145.12,143.76,-0.9371554575523744,4
d85ad7e2888f47b79e6eead8595df555,3373070c20f099c3f75399421b5c21d6,1,4,20,0,3684adfaeb20ac95fc9c0f2b752ce835,62fe34e31c9eb0c0ead9249972dacbb8,fast,1h,futures,aster,ETH,1,2024-07-11T13:00:00+00:00,2024-07-11T13:00:00+00:00,3194.6164799999997,3172.5721399999998,7.176166619195782,22934.270184966692,22757.7995255433,18.276802573186902,91.38374562548961,-176.47065942339032,-0.7694627210726157,trend_break,closed,2024-07-11T12:00:00+00:00,3188.24,3178.93,-0.2920106390986832,1
d85ad7e2888f47b79e6eead8595df555,f3264b4c3ebe6cc4e6b48806a6a8e133,1,4,20,0,98b0fe987dbc9f289b330c5fa36acc42,62fe34e31c9eb0c0ead9249972dacbb8,fast,1h,spot,aster,ETH,1,2024-07-11T13:00:00+00:00,2024-07-11T13:00:00+00:00,3194.6164799999997,3172.5721399999998,7.18384615173391,22958.813159436173,22782.153650973596,18.296361386060376,91.4815394038712,-176.65950846257692,-0.7694627210726226,trend_break,closed,2024-07-11T12:00:00+00:00,3188.24,3178.93,-0.2920106390986832,1
d85ad7e2888f47b79e6eead8595df555,3373070c20f099c3f75399421b5c21d6,1,4,20,0,c806ffec25731c6d5608c66775af4119,8eff7e2ee2fcf598f34301a895001cf5,fast,1h,futures,aster,XRP,1,2024-07-13T06:00:00+00:00,2024-08-03T00:00:00+00:00,0.50601,0.5537901999999999,40997.68116824752,20753.534742604104,22695.032408078543,17.379740280657984,86.9068845404511,1941.4976654744387,9.355021636332705,trend_break,closed,2024-07-13T05:00:00+00:00,0.505,0.5549,9.881188118811867,499
d85ad7e2888f47b79e6eead8595df555,f3264b4c3ebe6cc4e6b48806a6a8e133,1,4,20,0,096449e017c7f68e7d7ee0a239df1ce4,8eff7e2ee2fcf598f34301a895001cf5,fast,1h,spot,aster,XRP,0,2024-07-13T06:00:00+00:00,2024-08-03T00:00:00+00:00,0.50601,0.5537901999999999,41041.55459583449,20775.744015854623,22719.31936364692,17.398339107590523,86.99988743224993,1943.5753477922954,9.355021636332696,trend_break,closed,2024-07-13T05:00:00+00:00,0.505,0.5549,9.881188118811867,499
d85ad7e2888f47b79e6eead8595df555,3373070c20f099c3f75399421b5c21d6,1,4,20,0,f25cca5d882ad83c0f11fade7c504b19,f980f6504ca27d11ffb5c58edb23d359,fast,1h,futures,aster,BTC,1,2024-07-14T22:00:00+00:00,2024-07-14T22:00:00+00:00,61493.41134,60760.70506,0.39413466934785285,24246.380019700628,23938.321238006247,19.273834297491167,96.36840182127352,-308.05878169438074,-1.270535153883084,trend_break,closed,2024-07-14T21:00:00+00:00,61370.67,60882.47,-0.7954940038946923,1
d85ad7e2888f47b79e6eead8595df555,3373070c20f099c3f75399421b5c21d6,1,4,20,0,79ef69cb9cc3ff169d8ef32563941e47,01c78ec36ae9fd3a11e13f8fee88ca98,fast,1h,futures,aster,ETH,1,2024-07-14T22:00:00+00:00,2024-07-14T22:00:00+00:00,3261.04908,3239.7674800000004,7.432174355855572,24246.380019700628,24068.885377077317,19.326080851741295,96.63015810509182,-177.49464262331094,-0.7320459486285924,trend_break,closed,2024-07-14T21:00:00+00:00,3254.54,3246.26,-0.2544138342131186,1
d85ad7e2888f47b79e6eead8595df555,f3264b4c3ebe6cc4e6b48806a6a8e133,1,4,20,0,589eaf4fdbdba16d196577bcccbd2b07,f980f6504ca27d11ffb5c58edb23d359,fast,1h,spot,aster,BTC,1,2024-07-14T22:00:00+00:00,2024-07-14T22:00:00+00:00,61493.41134,60760.70506,0.3945564502481965,24272.327140799378,23963.938691810014,19.29446007800553,96.4715299001916,-308.3884489893644,-1.2705351538830985,trend_break,closed,2024-07-14T21:00:00+00:00,61370.67,60882.47,-0.7954940038946923,1
d85ad7e2888f47b79e6eead8595df555,f3264b4c3ebe6cc4e6b48806a6a8e133,1,4,20,0,1116cb4d895567fd656600ea1e5dd6f4,01c78ec36ae9fd3a11e13f8fee88ca98,fast,1h,spot,aster,ETH,1,2024-07-14T22:00:00+00:00,2024-07-14T22:00:00+00:00,3261.04908,3239.7674800000004,7.424749005283656,24222.155901276343,24044.838590330546,19.306772514956606,96.53361666709597,-177.31731094579663,-0.7320459486285992,trend_break,closed,2024-07-14T21:00:00+00:00,3254.54,3246.26,-0.2544138342131186,1
d85ad7e2888f47b79e6eead8595df555,3373070c20f099c3f75399421b5c21d6,1,4,20,0,9e84f365ec596de42030765251b76137,16c6d2da7a3d0aaa803a4c970d11f6a9,fast,1h,futures,aster,BNB,1,2024-07-19T14:00:00+00:00,2024-07-25T01:00:00+00:00,578.3544,558.88,37.48012997268457,21685.46880150691,20938.5162811183,17.049477248563182,85.24480760987382,-746.9525203886114,-3.4444840792960223,trend_break,closed,2024-07-19T13:00:00+00:00,577.2,560,-2.979902979902993,132
d85ad7e2888f47b79e6eead8595df555,f3264b4c3ebe6cc4e6b48806a6a8e133,1,4,20,0,6ff8492609c9b35fccc1c2a956de9cbf,16c6d2da7a3d0aaa803a4c970d11f6a9,fast,1h,spot,aster,BNB,0,2024-07-19T14:00:00+00:00,2024-07-25T01:00:00+00:00,578.3544,558.88,37.52035167604456,21708.740505580306,20960.986395049902,17.067773850438215,85.33628785199576,-747.7541105304044,-3.4444840792960405,trend_break,closed,2024-07-19T13:00:00+00:00,577.2,560,-2.979902979902993,132
d85ad7e2888f47b79e6eead8595df555,3373070c20f099c3f75399421b5c21d6,1,4,20,0,8a311908a5be5cb747229d9925a41c44,8f0f872ff45d6e5a1a7feeaff19a624b,fast,1h,futures,aster,ADA,1,2024-07-21T23:00:00+00:00,2024-07-23T05:00:00+00:00,0.44418660000000004,0.41765836589721056,50057.57524534197,22243.798114133606,20898.602291715088,17.256747692087522,86.27877181922598,-1345.1958224185182,-6.047509582294703,stop,closed,2024-07-21T22:00:00+00:00,0.4433,0.4184953566104314,-5.595453054267674,31
d85ad7e2888f47b79e6eead8595df555,f3264b4c3ebe6cc4e6b48806a6a8e133,1,4,20,0,5f0cbbf8c4148a5a5eb8760e9a41a38e,8f0f872ff45d6e5a1a7feeaff19a624b,fast,1h,spot,aster,ADA,1,2024-07-21T23:00:00+00:00,2024-07-23T05:00:00+00:00,0.44418660000000004,0.41765836589721056,50111.29282086065,22267.668285614385,20921.028912288257,17.275266180903913,86.37135893352672,-1346.6393733261284,-6.047509582294702,stop,closed,2024-07-21T22:00:00+00:00,0.4433,0.4184953566104314,-5.595453054267674,31
d85ad7e2888f47b79e6eead8595df555,3373070c20f099c3f75399421b5c21d6,1,4,20,0,4dfc93ffb3130081f894f4254aa574cd,4bf20b9ea04dfa4aa5825977860d2b19,fast,1h,futures,aster,BTC,1,2024-07-25T22:00:00+00:00,2024-08-01T01:00:00+00:00,65946.01878,64057.08908,0.36859559200888853,24317.134797576517,23601.716207539986,19.16742900186084,95.83474334363342,-715.4185900365301,-2.9420348901788786,trend_break,closed,2024-07-25T21:00:00+00:00,65814.39,64185.46,-2.4750362344769905,148
d85ad7e2888f47b79e6eead8595df555,f3264b4c3ebe6cc4e6b48806a6a8e133,1,4,20,0,5220a5d6f6ae4109a988b1d316fd1d42,4bf20b9ea04dfa4aa5825977860d2b19,fast,1h,spot,aster,BTC,1,2024-07-25T22:00:00+00:00,2024-08-01T01:00:00+00:00,65946.01878,64057.08908,0.36899113735891675,24343.229872514254,23627.043556268432,19.18799785178213,95.93758501597715,-716.1863162458212,-2.9420348901788973,trend_break,closed,2024-07-25T21:00:00+00:00,65814.39,64185.46,-2.4750362344769905,148
d85ad7e2888f47b79e6eead8595df555,3373070c20f099c3f75399421b5c21d6,1,4,20,0,f282836db8a48b8a20681413f11a9dd6,3eeaef08c250c3803b14301c17ed4c42,fast,1h,futures,aster,SOL,1,2024-07-29T01:00:00+00:00,2024-07-30T20:00:00+00:00,187.93512,175.49287651980717,104.47293054433769,19641.98639169721,18326.921397639973,15.187355135312647,75.93187989352711,-1315.0649940572366,-6.69517312471575,stop,closed,2024-07-29T00:00:00+00:00,187.56,175.84456565110938,-6.24623285822703,44
d85ad7e2888f47b79e6eead8595df555,f3264b4c3ebe6cc4e6b48806a6a8e133,1,4,20,0,c6f5ec5af512014b5b94a326f593ddbe,3eeaef08c250c3803b14301c17ed4c42,fast,1h,spot,aster,SOL,1,2024-07-29T01:00:00+00:00,2024-07-30T20:00:00+00:00,187.93512,175.49287651980717,104.58504161927836,19663.064427862842,18346.588222793027,15.203652856653996,76.0133632465141,-1316.4762050698155,-6.695173124715749,stop,closed,2024-07-29T00:00:00+00:00,187.56,175.84456565110938,-6.24623285822703,44
d85ad7e2888f47b79e6eead8595df555,3373070c20f099c3f75399421b5c21d6,1,4,20,0,6b589e99f75007b71f063fc7a4148396,82f66923f1b805114af57e21f0f3f482,fast,1h,futures,aster,ADA,1,2024-07-29T03:00:00+00:00,2024-07-29T14:00:00+00:00,0.4245474,0.410178,58215.29187372746,24725.036865554215,23869.080537385707,19.437513118165562,97.18460825400062,-855.9563281685078,-3.4619011199978704,trend_break,closed,2024-07-29T02:00:00+00:00,0.4237,0.411,-2.9974038234600098,12
d85ad7e2888f47b79e6eead8595df555,3373070c20f099c3f75399421b5c21d6,1,4,20,0,b54257223ed0e22a84b675a3dda2de65,5e1a0527207ec78975826b13c431791b,fast,1h,futures,aster,BNB,1,2024-07-29T03:00:00+00:00,2024-07-29T16:00:00+00:00,595.188,572.6259251763114,41.524948092421425,24725.036865554215,23768.750514593397,19.3973650498213,96.98346562702537,-956.2863509608178,-3.867684226967006,stop,closed,2024-07-29T02:00:00+00:00,594,573.7734721205525,-3.4051393736443614,14
d85ad7e2888f47b79e6eead8595df555,f3264b4c3ebe6cc4e6b48806a6a8e133,1,4,20,0,c3a1eef3e75d94afd41851ccf2609bd3,82f66923f1b805114af57e21f0f3f482,fast,1h,spot,aster,ADA,1,2024-07-29T03:00:00+00:00,2024-07-29T14:00:00+00:00,0.4245474,0.410178,58277.76308829734,24751.56946607139,23894.69460550841,19.458371641993693,97.28889769960358,-856.8748605629771,-3.461901119997873,trend_break,closed,2024-07-29T02:00:00+00:00,0.4237,0.411,-2.9974038234600098,12
d85ad7e2888f47b79e6eead8595df555,f3264b4c3ebe6cc4e6b48806a6a8e133,1,4,20,0,e7e8243168839b5a0d90b541c3113154,5e1a0527207ec78975826b13c431791b,fast,1h,spot,aster,BNB,0,2024-07-29T03:00:00+00:00,2024-07-29T16:00:00+00:00,595.188,572.6259251763114,41.52608904194886,24725.716216653334,23769.40359053721,19.397898016519726,96.98613036820768,-956.3126261161233,-3.8676842269670026,stop,closed,2024-07-29T02:00:00+00:00,594,573.7734721205525,-3.4051393736443614,14
d85ad7e2888f47b79e6eead8595df555,3373070c20f099c3f75399421b5c21d6,1,4,20,0,10fa3c116c976f14692d3d02a5a04c23,d1b9da2402b72419a10f8ab65d2a5f03,fast,1h,futures,aster,BNB,1,2024-08-12T15:00:00+00:00,2024-08-12T15:00:00+00:00,521.04,516.8642,38.22859551045972,19926.594855731837,19751.088838663098,15.871047936162913,79.35491856061228,-175.5060170687393,-0.8807627110371817,trend_break,closed,2024-08-12T14:00:00+00:00,520,517.9,-0.40384615384615463,1
d85ad7e2888f47b79e6eead8595df555,3373070c20f099c3f75399421b5c21d6,1,4,20,0,1c1077ef8a9e0b4c2b262208f2180c88,3b95026ebf15a44c26dcd57af6667fdc,fast,1h,futures,aster,BTC,1,2024-08-12T15:00:00+00:00,2024-08-12T15:00:00+00:00,60453.9165,59966.0775,0.35768556721911254,21632.142811284935,21440.420844314966,17.22899754336485,86.14463432348386,-191.7219669699698,-0.8862828275613701,trend_break,closed,2024-08-12T14:00:00+00:00,60333.25,60086.25,-0.40939283065307697,1
d85ad7e2888f47b79e6eead8595df555,f3264b4c3ebe6cc4e6b48806a6a8e133,1,4,20,0,5e55ab3a8b523f62de66e515e29dc008,d1b9da2402b72419a10f8ab65d2a5f03,fast,1h,spot,aster,BNB,0,2024-08-12T15:00:00+00:00,2024-08-12T15:00:00+00:00,521.04,516.8642,38.269950957638486,19948.151317066742,19772.455438724744,15.888217133090803,79.44076419786597,-175.69587834199774,-0.8807627110371888,trend_break,closed,2024-08-12T14:00:00+00:00,520,517.9,-0.40384615384615463,1
d85ad7e2888f47b79e6eead8595df555,f3264b4c3ebe6cc4e6b48806a6a8e133,1,4,20,0,f3d207000692c9fccb7a166a246a8088,3b95026ebf15a44c26dcd57af6667fdc,fast,1h,spot,aster,BTC,1,2024-08-12T15:00:00+00:00,2024-08-12T15:00:00+00:00,60453.9165,59966.0775,0.3576768605669991,21631.616249524588,21439.898949381073,17.228578161366748,86.1425374220955,-191.71730014351488,-0.8862828275613864,trend_break,closed,2024-08-12T14:00:00+00:00,60333.25,60086.25,-0.40939283065307697,1
d85ad7e2888f47b79e6eead8595df555,3373070c20f099c3f75399421b5c21d6,1,4,20,0,a60cfe515889e6da6ce04c9fff69ad7b,c4e4068efb47dd836a0a263d07b7cce9,fast,1h,futures,aster,BTC,1,2024-08-13T17:00:00+00:00,2024-08-13T17:00:00+00:00,60996.28908,61067.14096,0.3360855995189301,20508.174373635324,20515.57716577643,16.409504425732152,82.04794556962929,7.4027921411070565,0.03609678758448562,trend_break,closed,2024-08-13T16:00:00+00:00,60874.54,61189.52,0.5174248544629556,1
d85ad7e2888f47b79e6eead8595df555,f3264b4c3ebe6cc4e6b48806a6a8e133,1,4,20,0,f9c26e354f2c397f228b41b26b76bfdd,c4e4068efb47dd836a0a263d07b7cce9,fast,1h,spot,aster,BTC,1,2024-08-13T17:00:00+00:00,2024-08-13T17:00:00+00:00,60996.28908,61067.14096,0.3364497919362868,20530.397645359546,20537.808459387845,16.427286255995,82.13685517979687,7.410814028298773,0.036096787584500724,trend_break,closed,2024-08-13T16:00:00+00:00,60874.54,61189.52,0.5174248544629556,1
d85ad7e2888f47b79e6eead8595df555,3373070c20f099c3f75399421b5c21d6,1,4,20,0,d741aba3851d3930d63d1cb64377b971,b9e10f0371f1ae05a35c7621cf781a14,fast,1h,futures,aster,XRP,1,2024-08-18T13:00:00+00:00,2024-08-19T00:00:00+00:00,0.5742462,0.5601774,40222.58333441711,23106.904700225943,22522.769440695687,18.251779115011786,91.25699706912556,-584.135259530256,-2.5279684453995444,trend_break,closed,2024-08-18T12:00:00+00:00,0.5731,0.5613,-2.0589774908392977,12
d85ad7e2888f47b79e6eead8595df555,f3264b4c3ebe6cc4e6b48806a6a8e133,1,4,20,0,dad99e8b750accea23ae00e211062795,b9e10f0371f1ae05a35c7621cf781a14,fast,1h,spot,aster,XRP,0,2024-08-18T13:00:00+00:00,2024-08-19T00:00:00+00:00,0.5742462,0.5601774,40266.16972990047,23131.944033932752,22547.17578794745,18.271557289281894,91.3558858831982,-584.7682459853022,-2.527968445399543,trend_break,closed,2024-08-18T12:00:00+00:00,0.5731,0.5613,-2.0589774908392977,12
d85ad7e2888f47b79e6eead8595df555,3373070c20f099c3f75399421b5c21d6,1,4,20,0,e061eab2153e42e0b4327758f210edb2,c3b42cd694264ca5e6a209716660a958,fast,1h,futures,aster,ADA,1,2024-08-20T01:00:00+00:00,2024-08-20T01:00:00+00:00,0.3415818,0.3401184,67277.70209673439,22990.030917499134,22873.23143906082,18.345289189953704,91.72641903868765,-116.79947843831542,-0.5080440250709367,trend_break,closed,2024-08-20T00:00:00+00:00,0.3409,0.3408,-0.029334115576407083,1
d85ad7e2888f47b79e6eead8595df555,3373070c20f099c3f75399421b5c21d6,1,4,20,0,51cb3b4ac73ab1286d878809d70b75e4,10e643fc53bde321c41dbaaa1f59766b,fast,1h,futures,aster,BTC,1,2024-08-20T01:00:00+00:00,2024-08-20T01:00:00+00:00,60500.6598,60373.3613,0.3798444291026774,22990.030917499134,22923.311962025775,18.365329415229795,91.82682096892862,-66.71895547335953,-0.2902082024716879,trend_break,closed,2024-08-20T00:00:00+00:00,60379.9,60494.35,0.18954983363668187,1
d85ad7e2888f47b79e6eead8595df555,3373070c20f099c3f75399421b5c21d6,1,4,20,0,7c8db816a4c014e4db85ad7349bd65f7,cc2fc6ab370b1ce174a9c7215cd022fa,fast,1h,futures,aster,SOL,1,2024-08-20T01:00:00+00:00,2024-08-20T01:00:00+00:00,146.93328,145.29882,130.54053175974195,19188.42080380482,18959.798272772285,15.259253492506435,76.29571919229878,-228.62253103253533,-1.191460899102246,trend_break,closed,2024-08-20T00:00:00+00:00,146.64,145.59,-0.7160392798690518,1
d85ad7e2888f47b79e6eead8595df555,f3264b4c3ebe6cc4e6b48806a6a8e133,1,4,20,0,06f4f2e886d916d91fccce0686036444,c3b42cd694264ca5e6a209716660a958,fast,1h,spot,aster,ADA,1,2024-08-20T01:00:00+00:00,2024-08-20T01:00:00+00:00,0.3415818,0.3401184,67350.60622888373,23014.943603276017,22898.017557426127,18.365168694540515,91.82581653246007,-116.92604584989022,-0.5080440250709396,trend_break,closed,2024-08-20T00:00:00+00:00,0.3409,0.3408,-0.029334115576407083,1
d85ad7e2888f47b79e6eead8595df555,f3264b4c3ebe6cc4e6b48806a6a8e133,1,4,20,0,7dddb3339872a5a5f98cb240373c2604,10e643fc53bde321c41dbaaa1f59766b,fast,1h,spot,aster,BTC,1,2024-08-20T01:00:00+00:00,2024-08-20T01:00:00+00:00,60500.6598,60373.3613,0.38005155617590186,23002.567254621492,22935.811917669515,18.37534392811752,91.87689362819,-66.75533695197737,-0.29020820247168466,trend_break,closed,2024-08-20T00:00:00+00:00,60379.9,60494.35,0.18954983363668187,1
d85ad7e2888f47b79e6eead8595df555,f3264b4c3ebe6cc4e6b48806a6a8e133,1,4,20,0,f5f57b588631e7a688bef6c51b5088dd,cc2fc6ab370b1ce174a9c7215cd022fa,fast,1h,spot,aster,SOL,1,2024-08-20T01:00:00+00:00,2024-08-20T01:00:00+00:00,146.93328,145.29882,130.59854147535938,19196.94777101547,18968.22364450274,15.26603441291255,76.32962355068855,-228.72412651273044,-1.1914608991022508,trend_break,closed,2024-08-20T00:00:00+00:00,146.64,145.59,-0.7160392798690518,1
d85ad7e2888f47b79e6eead8595df555,3373070c20f099c3f75399421b5c21d6,1,4,20,0,9845cbb8a2701f159b1200cdc3639b17,11976f825408e779a1bb4b2400d7370b,fast,1h,futures,aster,BTC,1,2024-08-21T14:00:00+00:00,2024-08-21T14:00:00+00:00,60005.06058,59286.0403,0.3816079871888276,22907.569753233096,22614.976896675806,18.208974758542475,91.0441404337469,-292.59285655729036,-1.277275851210689,trend_break,closed,2024-08-21T13:00:00+00:00,59885.29,59404.85,-0.8022671343830834,1
d85ad7e2888f47b79e6eead8595df555,f3264b4c3ebe6cc4e6b48806a6a8e133,1,4,20,0,e4f8207c0773b82971742919f4ebe497,11976f825408e779a1bb4b2400d7370b,fast,1h,spot,aster,BTC,1,2024-08-21T14:00:00+00:00,2024-08-21T14:00:00+00:00,60005.06058,59286.0403,0.3820221158568555,22932.42950897235,22639.51912475833,18.228735504428478,91.14294336732104,-292.91038421401754,-1.2772758512106879,trend_break,closed,2024-08-21T13:00:00+00:00,59885.29,59404.85,-0.8022671343830834,1
d85ad7e2888f47b79e6eead8595df555,3373070c20f099c3f75399421b5c21d6,1,4,20,0,06a3c7bc3438413b46e67e5abaf0c380,461425fbd414dcd1ee4a80db0a9dc01a,fast,1h,futures,aster,BTC,1,2024-08-21T19:00:00+00:00,2024-08-22T02:00:00+00:00,60923.36352,60014.94956,0.3748954505814193,22849.02777449311,22490.331824294586,18.135689349873346,90.6774472181122,-358.6959501985257,-1.5698521343605967,trend_break,closed,2024-08-21T18:00:00+00:00,60801.76,60135.22,-1.0962511611505965,8
d85ad7e2888f47b79e6eead8595df555,3373070c20f099c3f75399421b5c21d6,1,4,20,0,9f5a475188b9e0fe6074c65413a33d3b,b4c80252b99dee54617c53e32be05aac,fast,1h,futures,aster,ETH,1,2024-08-21T19:00:00+00:00,2024-08-21T19:00:00+00:00,2644.278,2641.73594,8.470632769463126,22407.667361521766,22368.224151623825,17.910353160001158,89.55203787673034,-39.443209897941415,-0.17602550618755133,trend_break,closed,2024-08-21T18:00:00+00:00,2639,2647.03,0.30428192497158335,1
d85ad7e2888f47b79e6eead8595df555,f3264b4c3ebe6cc4e6b48806a6a8e133,1,4,20,0,4693f12bbe5b6ec5357e6fd29ab30687,461425fbd414dcd1ee4a80db0a9dc01a,fast,1h,spot,aster,BTC,1,2024-08-21T19:00:00+00:00,2024-08-22T02:00:00+00:00,60923.36352,60014.94956,0.3753022946696228,22873.823999298806,22514.73878503593,18.155370564958904,90.77585220882855,-359.0852142628755,-1.5698521343605827,trend_break,closed,2024-08-21T18:00:00+00:00,60801.76,60135.22,-1.0962511611505965,8
d85ad7e2888f47b79e6eead8595df555,f3264b4c3ebe6cc4e6b48806a6a8e133,1,4,20,0,dfc4b985fa823359f89fd00fd239da2e,b4c80252b99dee54617c53e32be05aac,fast,1h,spot,aster,ETH,1,2024-08-21T19:00:00+00:00,2024-08-21T19:00:00+00:00,2644.278,2641.73594,8.495286237930411,22472.884062063218,22433.326054138026,17.962480591196126,89.8126758245746,-39.558007925192214,-0.17602550618756863,trend_break,closed,2024-08-21T18:00:00+00:00,2639,2647.03,0.30428192497158335,1
d85ad7e2888f47b79e6eead8595df555,3373070c20f099c3f75399421b5c21d6,1,4,20,0,5381341136307b2dd53622ea646c515c,7f7cb741dc2f0fa7f724aebbb809b60f,fast,1h,futures,aster,SOL,1,2024-08-23T18:00:00+00:00,2024-08-23T18:00:00+00:00,148.3461,147.96348,152.18150955515628,22584.56364799402,22508.298823136003,18.03713567202174,90.1858061925767,-76.26482485801534,-0.33768562477756464,trend_break,closed,2024-08-23T17:00:00+00:00,148.05,148.26,0.14184397163119478,1
d85ad7e2888f47b79e6eead8595df555,3373070c20f099c3f75399421b5c21d6,1,4,20,0,a072e661e6607a86a9190fe20a5735d8,0131261bbbb792a0cfcd160b243b4abd,fast,1h,futures,aster,XRP,1,2024-08-23T18:00:00+00:00,2024-08-26T17:00:00+00:00,0.6071118,0.580597992398727,37489.41131723468,22769.368091341013,21757.570436217768,17.81061637309731,89.04946211518003,-1011.7976551232459,-4.443679117770614,stop,closed,2024-08-23T17:00:00+00:00,0.6059,0.5817615154295862,-3.9839056891258884,72
d85ad7e2888f47b79e6eead8595df555,f3264b4c3ebe6cc4e6b48806a6a8e133,1,4,20,0,ca0c8c10e86964d9e53853a053ae6538,7f7cb741dc2f0fa7f724aebbb809b60f,fast,1h,spot,aster,SOL,1,2024-08-23T18:00:00+00:00,2024-08-23T18:00:00+00:00,148.3461,147.96348,152.34656371846935,22609.058583466845,22532.711042732935,18.05669852394516,90.28362059083932,-76.34754073391014,-0.33768562477758457,trend_break,closed,2024-08-23T17:00:00+00:00,148.05,148.26,0.14184397163119478,1
d85ad7e2888f47b79e6eead8595df555,f3264b4c3ebe6cc4e6b48806a6a8e133,1,4,20,0,b43a30722f90ba401913b13f545839a1,0131261bbbb792a0cfcd160b243b4abd,fast,1h,spot,aster,XRP,0,2024-08-23T18:00:00+00:00,2024-08-26T17:00:00+00:00,0.6071118,0.580597992398727,37522.772699026216,22789.63028152638,21776.932239689068,17.82646582903402,89.12870617369076,-1012.6980418373132,-4.443679117770602,stop,closed,2024-08-23T17:00:00+00:00,0.6059,0.5817615154295862,-3.9839056891258884,72
d85ad7e2888f47b79e6eead8595df555,3373070c20f099c3f75399421b5c21d6,1,4,20,0,ae569e209d01d8600e743c250fdecf10,17db8b22d4e7be2df487fbb6a1776995,fast,1h,futures,aster,BNB,1,2024-08-23T22:00:00+00:00,2024-08-26T05:00:00+00:00,595.5888,565.0085014048691,38.21864383368275,22771.701257017918,21585.221134724252,17.742581958690415,88.70858967764946,-1186.4801222936658,-5.210327102495293,stop,closed,2024-08-23T21:00:00+00:00,594.4,566.1407829708107,-4.754242434251221,56
d85ad7e2888f47b79e6eead8595df555,f3264b4c3ebe6cc4e6b48806a6a8e133,1,4,20,0,150443d9dcbe1f9f42a6ecb8a1af6bc4,17db8b22d4e7be2df487fbb6a1776995,fast,1h,spot,aster,BNB,0,2024-08-23T22:00:00+00:00,2024-08-26T05:00:00+00:00,595.5888,565.0085014048691,38.26008954848911,22796.395734406004,21608.628949064165,17.761822672594043,88.80478856227377,-1187.7667853418388,-5.2103271024953015,stop,closed,2024-08-23T21:00:00+00:00,594.4,566.1407829708107,-4.754242434251221,56
d85ad7e2888f47b79e6eead8595df555,3373070c20f099c3f75399421b5c21d6,1,4,20,0,5b18390cb422dcfb7a1f7946a727c09d,4aa8d85736ded7a7f61e23753d013038,fast,1h,futures,aster,BNB,1,2024-09-09T17:00:00+00:00,2024-09-09T17:00:00+00:00,515.3285999999999,513.3711999999999,43.28375228017955,22314.27760747785,22211.743595839078,17.810394925548096,89.0519919412414,-102.53401163877061,-0.45949957889028825,trend_break,closed,2024-09-09T16:00:00+00:00,514.3,514.4,0.019443904335991746,1
d85ad7e2888f47b79e6eead8595df555,3373070c20f099c3f75399421b5c21d6,1,4,20,0,a15da8968291e0697868cfb67f791c32,11715a0104b5d2d6cc272567a203a6b6,fast,1h,futures,aster,BTC,1,2024-09-09T17:00:00+00:00,2024-09-09T17:00:00+00:00,56536.02636,56420.82222,0.39453348424701223,22314.27760747785,22250.999613108033,17.826103615931835,89.13069279486731,-63.27799436981513,-0.2835762621713092,trend_break,closed,2024-09-09T16:00:00+00:00,56423.18,56533.89,0.19621368380866588,1
d85ad7e2888f47b79e6eead8595df555,3373070c20f099c3f75399421b5c21d6,1,4,20,0,51b94d576f29aa7844f240444bcfb2bb,a215efcdb7f623daca3fc300801b43ae,fast,1h,futures,aster,SOL,1,2024-09-09T17:00:00+00:00,2024-09-09T17:00:00+00:00,133.0155,132.66414,138.5756187955382,18440.07830398667,18376.66168636092,14.726688205750328,73.63354080319718,-63.416617625749495,-0.3439064443237157,trend_break,closed,2024-09-09T16:00:00+00:00,132.75,132.93,0.1355932203389809,1
d85ad7e2888f47b79e6eead8595df555,f3264b4c3ebe6cc4e6b48806a6a8e133,1,4,20,0,3616580909db3fd78edb7ca3b2739e8c,4aa8d85736ded7a7f61e23753d013038,fast,1h,spot,aster,BNB,0,2024-09-09T17:00:00+00:00,2024-09-09T17:00:00+00:00,515.3285999999999,513.3711999999999,43.330773820873446,22338.51884483137,22235.873444809044,17.829743345351098,89.14873405906502,-102.64540002232752,-0.45949957889028686,trend_break,closed,2024-09-09T16:00:00+00:00,514.3,514.4,0.019443904335991746,1
d85ad7e2888f47b79e6eead8595df555,f3264b4c3ebe6cc4e6b48806a6a8e133,1,4,20,0,6b06b94620d5631636d70299a0c281be,11715a0104b5d2d6cc272567a203a6b6,fast,1h,spot,aster,BTC,1,2024-09-09T17:00:00+00:00,2024-09-09T17:00:00+00:00,56536.02636,56420.82222,0.394788149942283,22328.681153053247,22265.36231364727,17.837610109683524,89.1882253764019,-63.31883940597618,-0.2835762621713011,trend_break,closed,2024-09-09T16:00:00+00:00,56423.18,56533.89,0.19621368380866588,1
d85ad7e2888f47b79e6eead8595df555,f3264b4c3ebe6cc4e6b48806a6a8e133,1,4,20,0,eea519e059e17c83b44a10ef9ba83557,a215efcdb7f623daca3fc300801b43ae,fast,1h,spot,aster,SOL,1,2024-09-09T17:00:00+00:00,2024-09-09T17:00:00+00:00,133.0155,132.66414,138.65292619732082,18450.365499921565,18386.913503966054,14.734903806820306,73.6746188642084,-63.45199595551094,-0.3439064443237218,trend_break,closed,2024-09-09T16:00:00+00:00,132.75,132.93,0.1355932203389809,1
d85ad7e2888f47b79e6eead8595df555,3373070c20f099c3f75399421b5c21d6,1,4,20,0,e21c118c1d9a875d53cf48f5f02ffed4,89268b7fc698cb75671fc45eee62874d,fast,1h,futures,aster,BNB,1,2024-09-11T19:00:00+00:00,2024-09-16T16:00:00+00:00,533.1642,531.1356000000001,41.749820675440816,22268.413544461087,22165.94612792093,17.773730317963015,88.86866828974334,-102.46741654015568,-0.46014690869454783,trend_break,closed,2024-09-11T18:00:00+00:00,532.1,532.2,0.018793459875965368,118
d85ad7e2888f47b79e6eead8595df555,f3264b4c3ebe6cc4e6b48806a6a8e133,1,4,20,0,669222e802562bd8f19cc2b7b1590574,89268b7fc698cb75671fc45eee62874d,fast,1h,spot,aster,BNB,0,2024-09-11T19:00:00+00:00,2024-09-16T16:00:00+00:00,533.1642,531.1356000000001,41.7951988579702,22292.617244455778,22190.0384553383,17.793048714199166,88.96526028907536,-102.57878911747684,-0.46014690869457425,trend_break,closed,2024-09-11T18:00:00+00:00,532.1,532.2,0.018793459875965368,118
d85ad7e2888f47b79e6eead8595df555,3373070c20f099c3f75399421b5c21d6,1,4,20,0,8b7efa805dcf1d71d2055f36f9c7f25f,d1bf450fbb63e21ec4b0bc6a52b85cac,fast,1h,futures,aster,ADA,1,2024-09-11T23:00:00+00:00,2024-09-15T11:00:00+00:00,0.3565116,0.3480026,62350.85487829526,22237.69455524246,21689.580306025488,17.57082505755931,87.85235452351802,-548.1142492169711,-2.4647979935840745,trend_break,closed,2024-09-11T22:00:00+00:00,0.3558,0.3487,-1.9955030916245065,85
d85ad7e2888f47b79e6eead8595df555,f3264b4c3ebe6cc4e6b48806a6a8e133,1,4,20,0,371611ebe06b57ab5b4cf925a0bfa8e8,d1bf450fbb63e21ec4b0bc6a52b85cac,fast,1h,spot,aster,ADA,1,2024-09-11T23:00:00+00:00,2024-09-15T11:00:00+00:00,0.3565116,0.3480026,62418.62447413438,22261.86486654524,21713.15486798023,17.589922914598084,87.94784188405535,-548.7099985650093,-2.4647979935840936,trend_break,closed,2024-09-11T22:00:00+00:00,0.3558,0.3487,-1.9955030916245065,85
d85ad7e2888f47b79e6eead8595df555,3373070c20f099c3f75399421b5c21d6,1,4,20,0,8fd2b49e319ece12279173908a9178a2,e9f1b210352579cb4ea388bbb7e10b3a,fast,1h,futures,aster,XRP,1,2024-09-12T13:00:00+00:00,2024-09-12T15:00:00+00:00,0.5775528,0.558108585002746,38677.526547092064,22347.24907984909,21577.625108758653,17.56982934678042,87.84648990329474,-769.6239710904374,-3.443931592387454,stop,closed,2024-09-12T12:00:00+00:00,0.5764,0.5592270390809078,-2.9793478346794355,3
d85ad7e2888f47b79e6eead8595df555,f3264b4c3ebe6cc4e6b48806a6a8e133,1,4,20,0,51fe3168ebf33aff4f5492a64ab9075d,e9f1b210352579cb4ea388bbb7e10b3a,fast,1h,spot,aster,XRP,0,2024-09-12T13:00:00+00:00,2024-09-12T15:00:00+00:00,0.5775528,0.558108585002746,38719.56543087754,22371.538466758284,21601.07798579848,17.588926121573934,87.94197088953388,-770.4604809598022,-3.4439315923874623,stop,closed,2024-09-12T12:00:00+00:00,0.5764,0.5592270390809078,-2.9793478346794355,3
d85ad7e2888f47b79e6eead8595df555,3373070c20f099c3f75399421b5c21d6,1,4,20,0,467c11772926f74bce32a989bb82886b,8d15cc7c699c410631ee248e6fa196fa,fast,1h,futures,aster,BTC,1,2024-09-13T16:00:00+00:00,2024-09-16T00:00:00+00:00,59699.16,58520.494459999994,0.37369083937955616,22317.952822338688,21859.825266585798,17.671040762527397,88.35379540175862,-458.12755575288975,-2.0527310878367686,trend_break,closed,2024-09-13T15:00:00+00:00,59580,58637.77,-1.5814535078885639,57
d85ad7e2888f47b79e6eead8595df555,f3264b4c3ebe6cc4e6b48806a6a8e133,1,4,20,0,86790203f7bf660bc73e9475514bf7c9,8d15cc7c699c410631ee248e6fa196fa,fast,1h,spot,aster,BTC,1,2024-09-13T16:00:00+00:00,2024-09-16T00:00:00+00:00,59699.16,58520.494459999994,0.3740970066599082,22342.21036693337,21883.58486902144,17.690247544741865,88.44982778201899,-458.6254979119294,-2.0527310878367633,trend_break,closed,2024-09-13T15:00:00+00:00,59580,58637.77,-1.5814535078885639,57
d85ad7e2888f47b79e6eead8595df555,3373070c20f099c3f75399421b5c21d6,1,4,20,0,6ee59a751a0d7c91fc15acaf8b60cc1f,802d08289dcf3f679363ddcbb83ab6c9,fast,1h,futures,aster,BTC,1,2024-09-17T15:00:00+00:00,2024-10-01T20:00:00+00:00,60353.816699999996,60564.757739999994,0.36259253015965065,21892.59663928559,21951.544615953902,17.537668739799066,87.68900039757855,58.94797666831073,0.26925986734040674,trend_break,closed,2024-09-17T14:00:00+00:00,60233.35,60686.13,0.7517098086027074,342
d85ad7e2888f47b79e6eead8595df555,f3264b4c3ebe6cc4e6b48806a6a8e133,1,4,20,0,31ea41fcda5afe3e6a2f4ca31192d6c2,802d08289dcf3f679363ddcbb83ab6c9,fast,1h,spot,aster,BTC,1,2024-09-17T15:00:00+00:00,2024-10-01T20:00:00+00:00,60353.816699999996,60564.757739999994,0.3629866346073149,21916.391861163615,21975.403908814784,17.556730558995874,87.78431020733304,59.01204765116927,0.26925986734039037,trend_break,closed,2024-09-17T14:00:00+00:00,60233.35,60686.13,0.7517098086027074,342
d85ad7e2888f47b79e6eead8595df555,3373070c20f099c3f75399421b5c21d6,1,4,20,0,428b28b2bf045c614a6e23171ddd3ee2,bb285a1e2aaa0517ccbb13b72c3d2e40,fast,1h,futures,aster,ETH,1,2024-09-17T16:00:00+00:00,2024-09-17T16:00:00+00:00,2394.7299,2364.0823600000003,9.150112744814917,21920.813397810703,21622.967483975317,17.41746748416299,87.08656405328577,-297.84591383538645,-1.3587356838917901,trend_break,closed,2024-09-17T15:00:00+00:00,2389.95,2368.82,-0.8841189146216344,1
d85ad7e2888f47b79e6eead8595df555,3373070c20f099c3f75399421b5c21d6,1,4,20,0,dc406ee50663a103676ac1251e6b00fe,cb257ff4d7bfc83cdb76b8a948ceb1d2,fast,1h,futures,aster,SOL,1,2024-09-17T16:00:00+00:00,2024-09-17T16:00:00+00:00,134.9193,131.9855,162.40855517616347,21920.813397810703,21427.000129459844,17.339049175033153,86.69368675303608,-493.8132683508593,-2.252714164339257,trend_break,closed,2024-09-17T15:00:00+00:00,134.65,132.25,-1.7823988117341316,1
d85ad7e2888f47b79e6eead8595df555,f3264b4c3ebe6cc4e6b48806a6a8e133,1,4,20,0,f4dfe0ef44e9030b95734b61e6cda36c,bb285a1e2aaa0517ccbb13b72c3d2e40,fast,1h,spot,aster,ETH,1,2024-09-17T16:00:00+00:00,2024-09-17T16:00:00+00:00,2394.7299,2364.0823600000003,9.160058068641012,21944.639288687966,21646.469643971228,17.43639865574431,87.18121907061358,-298.1696447167378,-1.3587356838917761,trend_break,closed,2024-09-17T15:00:00+00:00,2389.95,2368.82,-0.8841189146216344,1
d85ad7e2888f47b79e6eead8595df555,f3264b4c3ebe6cc4e6b48806a6a8e133,1,4,20,0,bd440a93b2a21e136e512a3ee8b04a13,cb257ff4d7bfc83cdb76b8a948ceb1d2,fast,1h,spot,aster,SOL,1,2024-09-17T16:00:00+00:00,2024-09-17T16:00:00+00:00,134.9193,131.9855,162.22025192692914,21895.397492939253,21402.156772277423,17.318945558602657,86.59317047859477,-493.24072066183,-2.252714164339279,trend_break,closed,2024-09-17T15:00:00+00:00,134.65,132.25,-1.7823988117341316,1
d85ad7e2888f47b79e6eead8595df555,3373070c20f099c3f75399421b5c21d6,1,4,20,0,fd72e7b38a85e82a4a70e50c89f4e041,495a3f86629fac2e9d03e287405df79b,fast,1h,futures,aster,ADA,1,2024-09-19T00:00:00+00:00,2024-09-19T06:00:00+00:00,0.3442872,0.3457072,63476.64662970282,21862.93861230323,21935.5560382353,17.519412282109528,87.59777234898989,72.61742593206873,0.3321485149814386,trend_break,closed,2024-09-18T23:00:00+00:00,0.3436,0.3464,0.814901047729899,7
d85ad7e2888f47b79e6eead8595df555,3373070c20f099c3f75399421b5c21d6,1,4,20,0,67445870f246bb11c9878ef457d12199,9a1e2e7a2381d137813d715ef33cf7f7,fast,1h,futures,aster,BNB,1,2024-09-19T00:00:00+00:00,2024-10-01T14:00:00+00:00,560.4186,560.876,38.99620200601804,21862.93861230323,21863.28498280884,17.49049229194288,87.45288261869605,0.34637050560922944,0.0015842815632035468,trend_break,closed,2024-09-18T23:00:00+00:00,559.3,562,0.48274629000537583,303
d85ad7e2888f47b79e6eead8595df555,f3264b4c3ebe6cc4e6b48806a6a8e133,1,4,20,0,039132aeb8f0e7d3faccc2d19eb8293e,495a3f86629fac2e9d03e287405df79b,fast,1h,spot,aster,ADA,1,2024-09-19T00:00:00+00:00,2024-09-19T06:00:00+00:00,0.3442872,0.3457072,63546.284247195385,21886.923542780558,21959.620634303024,17.538632108549216,87.69387226112963,72.69709152246651,0.33214851498142955,trend_break,closed,2024-09-18T23:00:00+00:00,0.3436,0.3464,0.814901047729899,7
d85ad7e2888f47b79e6eead8595df555,f3264b4c3ebe6cc4e6b48806a6a8e133,1,4,20,0,c18292a75619af9bfcf2d7bd71a4c58b,9a1e2e7a2381d137813d715ef33cf7f7,fast,1h,spot,aster,BNB,0,2024-09-19T00:00:00+00:00,2024-10-01T14:00:00+00:00,560.4186,560.876,39.147273229580584,21947.63560116188,21947.983313506273,17.558250430821307,87.79167494465742,0.34771234439176624,0.0015842815632193144,trend_break,closed,2024-09-18T23:00:00+00:00,559.3,562,0.48274629000537583,303
d85ad7e2888f47b79e6eead8595df555,3373070c20f099c3f75399421b5c21d6,1,4,20,0,938388cb28a2001243d21d25714161f7,1bd492f08bd41ec1954ea2d8e3ad29d7,fast,1h,futures,aster,ETH,1,2024-09-19T01:00:00+00:00,2024-09-19T01:00:00+00:00,2402.37516,2381.0683200000003,8.596698092292591,20660.754952525087,20461.137753968662,16.448727775642176,82.24323517726846,-199.61719855642514,-0.9661660428920029,trend_break,closed,2024-09-19T00:00:00+00:00,2397.58,2385.84,-0.4896604075776301,1
d85ad7e2888f47b79e6eead8595df555,3373070c20f099c3f75399421b5c21d6,1,4,20,0,33662afefefac2225f245bb3d264bf70,f0a5f9d2b9ce31296c281f4ef86457c8,fast,1h,futures,aster,SOL,1,2024-09-19T01:00:00+00:00,2024-09-19T01:00:00+00:00,135.56058,134.71004,138.4108564036289,18770.561194761598,18637.873869766077,14.963355189975902,74.81660432041757,-132.6873249955206,-0.706890559204753,trend_break,closed,2024-09-19T00:00:00+00:00,135.29,134.98,-0.22913740852982256,1
d85ad7e2888f47b79e6eead8595df555,f3264b4c3ebe6cc4e6b48806a6a8e133,1,4,20,0,24bc88cbc207ecbfd35f72bed2bcfe98,1bd492f08bd41ec1954ea2d8e3ad29d7,fast,1h,spot,aster,ETH,1,2024-09-19T01:00:00+00:00,2024-09-19T01:00:00+00:00,2402.37516,2381.0683200000003,8.606082895975431,20683.30979010192,20483.4746743638,16.46668444683728,82.33301809253359,-199.8351157381221,-0.9661660428920036,trend_break,closed,2024-09-19T00:00:00+00:00,2397.58,2385.84,-0.4896604075776301,1
d85ad7e2888f47b79e6eead8595df555,f3264b4c3ebe6cc4e6b48806a6a8e133,1,4,20,0,e64dbf17ffc0a2a26c284ac1d58a319d,f0a5f9d2b9ce31296c281f4ef86457c8,fast,1h,spot,aster,SOL,1,2024-09-19T01:00:00+00:00,2024-09-19T01:00:00+00:00,135.56058,134.71004,138.37124369887223,18765.18912556092,18632.539775215413,14.959072729866115,74.7951920689884,-132.6493503455058,-0.7068905592047463,trend_break,closed,2024-09-19T00:00:00+00:00,135.29,134.98,-0.22913740852982256,1
d85ad7e2888f47b79e6eead8595df555,3373070c20f099c3f75399421b5c21d6,1,4,20,0,dafa8734101296e15d4391142ee8adcb,2b48bff6e600cdaaee79a809197eeb73,fast,1h,futures,aster,ADA,1,2024-09-23T20:00:00+00:00,2024-10-01T16:00:00+00:00,0.36192240000000003,0.36197460000000004,61535.102902662555,22279.84049962931,22265.234601446457,17.81803055437149,89.09052198247485,-14.605898182853707,-0.06555656528643784,trend_break,closed,2024-09-23T19:00:00+00:00,0.3612,0.3627,0.41528239202657247,189
d85ad7e2888f47b79e6eead8595df555,f3264b4c3ebe6cc4e6b48806a6a8e133,1,4,20,0,d5050b0ce4f83a2b00f504b2fd0299b3,2b48bff6e600cdaaee79a809197eeb73,fast,1h,spot,aster,ADA,1,2024-09-23T20:00:00+00:00,2024-10-01T16:00:00+00:00,0.36192240000000003,0.36197460000000004,61605.66982546401,22305.390465590255,22290.767817727286,17.838463827857574,89.1926887733068,-14.622647862968734,-0.06555656528643415,trend_break,closed,2024-09-23T19:00:00+00:00,0.3612,0.3627,0.41528239202657247,189
d85ad7e2888f47b79e6eead8595df555,3373070c20f099c3f75399421b5c21d6,1,4,20,0,b412e3a388e1c77277ead00f131e275e,d19289edaff8b11fc0cc12dc001c195b,fast,1h,futures,aster,XRP,1,2024-09-28T08:00:00+00:00,2024-10-01T17:00:00+00:00,0.609216,0.5882715286430082,37382.28215363742,22782.993958272178,21982.135893777857,17.90592666847796,89.52685964127707,-800.8580644943213,-3.515157252646952,stop,closed,2024-09-28T07:00:00+00:00,0.608,0.5894504295020123,-3.050916200326914,82
d85ad7e2888f47b79e6eead8595df555,f3264b4c3ebe6cc4e6b48806a6a8e133,1,4,20,0,9e390d4ea2925b5af1bea2308d0cb067,d19289edaff8b11fc0cc12dc001c195b,fast,1h,spot,aster,XRP,0,2024-09-28T08:00:00+00:00,2024-10-01T17:00:00+00:00,0.609216,0.5882715286430082,37424.73988806187,22808.87023577976,22007.102579439917,17.926263711465047,89.62854170592156,-801.7676563398418,-3.5151572526469415,stop,closed,2024-09-28T07:00:00+00:00,0.608,0.5894504295020123,-3.050916200326914,82
d85ad7e2888f47b79e6eead8595df555,3373070c20f099c3f75399421b5c21d6,1,4,20,0,6e2929be09c61f4e8f531f18c4a5faeb,5c7220234fc24aad4da77429a8184b4a,fast,1h,futures,aster,BNB,1,2024-10-07T01:00:00+00:00,2024-10-10T14:00:00+00:00,574.146,561.375,37.485830995918974,21530.948858952088,21035.19093198388,17.026379319326765,85.13032219173199,-495.75792696820645,-2.30253636389128,trend_break,closed,2024-10-07T00:00:00+00:00,573,562.5,-1.832460732984298,86
d85ad7e2888f47b79e6eead8595df555,3373070c20f099c3f75399421b5c21d6,1,4,20,0,4543f632735ae299a11c5627664db01a,919d1b60a86c7c08d1e73b03d68110c0,fast,1h,futures,aster,ETH,1,2024-10-07T01:00:00+00:00,2024-10-07T01:00:00+00:00,2490.39084,2488.22358,8.642153503497022,21530.948858952088,21495.008685329147,17.21038002094552,86.05216939423076,-35.940173622941074,-0.16692331517009737,trend_break,closed,2024-10-07T00:00:00+00:00,2485.42,2493.21,0.3134279115803329,1
d85ad7e2888f47b79e6eead8595df555,f3264b4c3ebe6cc4e6b48806a6a8e133,1,4,20,0,a00df4e98b0c3ceb5faf9570bf7295b5,5c7220234fc24aad4da77429a8184b4a,fast,1h,spot,aster,BNB,0,2024-10-07T01:00:00+00:00,2024-10-10T14:00:00+00:00,574.146,561.375,37.52701081747563,21554.601546071484,21058.299007381316,17.045083540188298,85.22384156648715,-496.30253869016815,-2.302536363891281,trend_break,closed,2024-10-07T00:00:00+00:00,573,562.5,-1.832460732984298,86
d85ad7e2888f47b79e6eead8595df555,f3264b4c3ebe6cc4e6b48806a6a8e133,1,4,20,0,1c23563beca5ea7fe30763a573224485,919d1b60a86c7c08d1e73b03d68110c0,fast,1h,spot,aster,ETH,1,2024-10-07T01:00:00+00:00,2024-10-07T01:00:00+00:00,2490.39084,2488.22358,8.648706901019667,21547.275908321822,21511.30848104681,17.223430756708012,86.1174232772471,-35.9674272750126,-0.16692331517007,trend_break,closed,2024-10-07T00:00:00+00:00,2485.42,2493.21,0.3134279115803329,1
d85ad7e2888f47b79e6eead8595df555,3373070c20f099c3f75399421b5c21d6,1,4,20,0,dd75633f6c33edfb3ec0659363511204,da2da9c9cf0ce1e66891be48ec7512e1,fast,1h,futures,aster,ADA,1,2024-10-13T07:00:00+00:00,2024-10-13T08:00:00+00:00,0.35931719999999995,0.3545894,59601.93473305666,21424.56670298581,21125.760590123387,17.020085831479356,85.0996424118583,-298.8061128624213,-1.3946891762379425,trend_break,closed,2024-10-13T06:00:00+00:00,0.3586,0.3553,-0.9202453987730008,2
d85ad7e2888f47b79e6eead8595df555,f3264b4c3ebe6cc4e6b48806a6a8e133,1,4,20,0,010ee2ed97b88806e85040526b73b7cf,da2da9c9cf0ce1e66891be48ec7512e1,fast,1h,spot,aster,ADA,1,2024-10-13T07:00:00+00:00,2024-10-13T08:00:00+00:00,0.35931719999999995,0.3545894,59667.41686626002,21448.10497128117,21148.97057273856,17.038785082309737,85.19313780164606,-299.13439854261014,-1.3946891762379408,trend_break,closed,2024-10-13T06:00:00+00:00,0.3586,0.3553,-0.9202453987730008,2
d85ad7e2888f47b79e6eead8595df555,3373070c20f099c3f75399421b5c21d6,1,4,20,0,3f7d610b6939bd118e261132fb2c9b91,0adfc8a442cc1c984afc33340d897c01,fast,1h,futures,aster,BNB,1,2024-10-14T04:00:00+00:00,2024-10-23T16:00:00+00:00,580.3584000000001,574.349,36.798363012049414,21364.7815759243,21126.648956408528,16.9965368311599,84.98213954002692,-238.13261951577078,-1.114603576308589,trend_break,closed,2024-10-14T03:00:00+00:00,579.2,575.5,-0.6388121546961445,229
d85ad7e2888f47b79e6eead8595df555,3373070c20f099c3f75399421b5c21d6,1,4,20,0,8a2ca1c29a8b5e422aea1b1cea70c9da,3a74379318ae76ad2d350287f344cf0c,fast,1h,futures,aster,BTC,1,2024-10-14T04:00:00+00:00,2024-12-20T08:00:00+00:00,64248.570660000005,95112.49380000001,0.332400220906209,21364.7815759243,31602.767784480417,21.18866121214105,105.9847666992511,10237.986208556118,47.91991985583029,trend_break,closed,2024-10-14T03:00:00+00:00,64120.33,95303.1,48.63164303739546,1613
d85ad7e2888f47b79e6eead8595df555,3373070c20f099c3f75399421b5c21d6,1,4,20,0,7e8bae25d4e70f3bcbe1e56c32b7a7e6,8bf356c2dddfbe7748214504759c3ddc,fast,1h,futures,aster,ETH,1,2024-10-14T04:00:00+00:00,2024-10-23T15:00:00+00:00,2516.29254,2534.21142,8.487184514838717,21364.7815759243,21499.716593182977,17.14582360057745,85.73006924652765,134.93501725867827,0.6315768629749757,trend_break,closed,2024-10-14T03:00:00+00:00,2511.27,2539.29,1.1157701083515548,228
d85ad7e2888f47b79e6eead8595df555,3373070c20f099c3f75399421b5c21d6,1,4,20,0,4db73745465b19933ef63cc5dfed0ef3,1847aa77f82e1e6fd8f2a1ee60e17573,fast,1h,futures,aster,SOL,1,2024-10-14T04:00:00+00:00,2024-11-03T14:00:00+00:00,151.71282,158.86164,140.76753091987996,21364.7815759243,22353.615796354563,17.48751996039001,87.44197485681104,988.8342204302644,4.628337607460351,trend_break,closed,2024-10-14T03:00:00+00:00,151.41,159.18,5.131761442441052,491
d85ad7e2888f47b79e6eead8595df555,f3264b4c3ebe6cc4e6b48806a6a8e133,1,4,20,0,4848824f2b537e9002a371f23688bf1f,0adfc8a442cc1c984afc33340d897c01,fast,1h,spot,aster,BNB,0,2024-10-14T04:00:00+00:00,2024-10-23T16:00:00+00:00,580.3584000000001,574.349,36.83879182227533,21388.254160820765,21149.85991503428,17.015210209696328,85.07550583436266,-238.39424578648322,-1.1146035763086095,trend_break,closed,2024-10-14T03:00:00+00:00,579.2,575.5,-0.6388121546961445,229
d85ad7e2888f47b79e6eead8595df555,f3264b4c3ebe6cc4e6b48806a6a8e133,1,4,20,0,070249d31dbc55749502522460d37ebc,3a74379318ae76ad2d350287f344cf0c,fast,1h,spot,aster,BTC,1,2024-10-14T04:00:00+00:00,2024-12-20T08:00:00+00:00,64248.570660000005,95112.49380000001,0.332777967048142,21389.060933475695,31638.68179071196,21.21274042305069,106.10520987048355,10249.620857236263,47.91991985583031,trend_break,closed,2024-10-14T03:00:00+00:00,64120.33,95303.1,48.63164303739546,1613
d85ad7e2888f47b79e6eead8595df555,f3264b4c3ebe6cc4e6b48806a6a8e133,1,4,20,0,9b12d630e55a3d2a6bca4d9d3c661d93,8bf356c2dddfbe7748214504759c3ddc,fast,1h,spot,aster,ETH,1,2024-10-14T04:00:00+00:00,2024-10-23T15:00:00+00:00,2516.29254,2534.21142,8.494276310447358,21382.63374632248,21517.681513758933,17.16015045729943,85.80170432498602,135.04776743645198,0.6315768629749754,trend_break,closed,2024-10-14T03:00:00+00:00,2511.27,2539.29,1.1157701083515548,228
d85ad7e2888f47b79e6eead8595df555,f3264b4c3ebe6cc4e6b48806a6a8e133,1,4,20,0,67efc988c881aedb70cd0e17d9e1b032,1847aa77f82e1e6fd8f2a1ee60e17573,fast,1h,spot,aster,SOL,1,2024-10-14T04:00:00+00:00,2024-11-03T14:00:00+00:00,151.71282,158.86164,141.13140565104575,21420.00811930084,22411.398410607504,17.532724039645792,87.6680065623166,991.3902913066631,4.628337607460359,trend_break,closed,2024-10-14T03:00:00+00:00,151.41,159.18,5.131761442441052,491
d85ad7e2888f47b79e6eead8595df555,3373070c20f099c3f75399421b5c21d6,1,4,20,0,9bd7cfdb636919432dbb5d68ccf30b72,9505f90801936bf35e3f90ac3cfa34ed,fast,1h,futures,aster,ADA,1,2024-10-15T14:00:00+00:00,2024-10-15T14:00:00+00:00,0.3705396,0.3527474715931712,57543.293882121405,21330.597925402817,20290.132123491498,16.648128208729936,83.23687872046975,-1040.4658019113194,-4.877808890074379,stop,closed,2024-10-15T13:00:00+00:00,0.3698,0.353454380353879,-4.420124295868311,1
d85ad7e2888f47b79e6eead8595df555,3373070c20f099c3f75399421b5c21d6,1,4,20,0,b5603696b1d7cb6f0e0a0e4091d75cff,97917a8a83f8e6e8cc685638b8e36dce,fast,1h,futures,aster,BNB,1,2024-10-15T14:00:00+00:00,2024-10-23T16:00:00+00:00,598.0938,574.349,1.533567288548149,917.5839739983243,880.4505174748967,0.71920797030952,3.5959085781877,-37.133456523427526,-4.0468728286110345,trend_break,closed,2024-10-15T13:00:00+00:00,596.9,575.5,-3.585190149103701,195
d85ad7e2888f47b79e6eead8595df555,f3264b4c3ebe6cc4e6b48806a6a8e133,1,4,20,0,145091e806c7dab7d19504c24d8e0abe,9505f90801936bf35e3f90ac3cfa34ed,fast,1h,spot,aster,ADA,1,2024-10-15T14:00:00+00:00,2024-10-15T14:00:00+00:00,0.3705396,0.3527474715931712,57510.804317415015,21318.55443962422,20278.67609593288,16.638728495884408,83.18988228049038,-1039.87834369134,-4.877808890074396,stop,closed,2024-10-15T13:00:00+00:00,0.3698,0.353454380353879,-4.420124295868311,1
d85ad7e2888f47b79e6eead8595df555,3373070c20f099c3f75399421b5c21d6,1,4,20,0,52474edb0ab48004264f495e79ed6d7f,3ef5602ad651553a4bde46d79f092639,fast,1h,futures,aster,BNB,1,2024-10-16T12:00:00+00:00,2024-10-23T16:00:00+00:00,599.0957999999999,574.349,32.32207490330273,19371.764929582812,18556.725738077563,15.171268288196437,75.85344538307083,-815.0391915052496,-4.207356399728944,trend_break,closed,2024-10-16T11:00:00+00:00,597.9,575.5,-3.7464458939622025,173
d85ad7e2888f47b79e6eead8595df555,f3264b4c3ebe6cc4e6b48806a6a8e133,1,4,20,0,88627ca8cf484935fd7a3ead99448656,3ef5602ad651553a4bde46d79f092639,fast,1h,spot,aster,BNB,0,2024-10-16T12:00:00+00:00,2024-10-23T16:00:00+00:00,599.0957999999999,574.349,33.83526953249441,20278.676095932875,19425.47991943034,15.881528435801597,79.40461053885787,-853.1961765025335,-4.207356399728935,trend_break,closed,2024-10-16T11:00:00+00:00,597.9,575.5,-3.7464458939622025,173
d85ad7e2888f47b79e6eead8595df555,3373070c20f099c3f75399421b5c21d6,1,4,20,0,d7132b1e0abb708806b2ba5b6ebda655,8716cf6f9e39c225b0ac6cb8b0f92bda,fast,1h,futures,aster,BTC,1,2024-10-24T20:00:00+00:00,2024-10-25T18:00:00+00:00,68414.4558,66151.17346133656,0.32050129250948656,21935.69227883723,21193.05598073946,17.2513832422443,86.25435968900084,-742.6362980977683,-3.385515663958494,stop,closed,2024-10-24T19:00:00+00:00,68277.9,66283.740943223,-2.9206508354489347,23
d85ad7e2888f47b79e6eead8595df555,f3264b4c3ebe6cc4e6b48806a6a8e133,1,4,20,0,b9c2d4464895b52380c1929990c576ad,8716cf6f9e39c225b0ac6cb8b0f92bda,fast,1h,spot,aster,BTC,1,2024-10-24T20:00:00+00:00,2024-10-25T18:00:00+00:00,68414.4558,66151.17346133656,0.32087377576167364,21961.18571112582,21217.686328884643,17.27143261953225,86.35460360427716,-743.499382241178,-3.385515663958488,stop,closed,2024-10-24T19:00:00+00:00,68277.9,66283.740943223,-2.9206508354489347,23
d85ad7e2888f47b79e6eead8595df555,3373070c20f099c3f75399421b5c21d6,1,4,20,0,f798a78cf2d2ac577e51d2c7ec48d23c,5d12a13f2f6ecb57b6444419cd34ea56,fast,1h,futures,aster,BTC,1,2024-10-28T08:00:00+00:00,2024-12-20T08:00:00+00:00,68591.91,95112.49380000001,0.3175389750733225,21789.317041641472,30189.843028400577,20.79301143905653,103.99915846790933,8400.525986759105,38.55341574361828,trend_break,closed,2024-10-28T07:00:00+00:00,68455,95303.1,39.220071579869995,1273
d85ad7e2888f47b79e6eead8595df555,f3264b4c3ebe6cc4e6b48806a6a8e133,1,4,20,0,01fccd7a372a5897eb9a6555aa7549fa,5d12a13f2f6ecb57b6444419cd34ea56,fast,1h,spot,aster,BTC,1,2024-10-28T08:00:00+00:00,2024-12-20T08:00:00+00:00,68591.91,95112.49380000001,0.3179076996135629,21814.618678728624,30224.899310823883,20.817156171467126,104.1199217281756,8410.280632095259,38.553415743618295,trend_break,closed,2024-10-28T07:00:00+00:00,68455,95303.1,39.220071579869995,1273
d85ad7e2888f47b79e6eead8595df555,3373070c20f099c3f75399421b5c21d6,1,4,20,0,c1d5cef4296263d8d75ca9dd7a9b82df,2add39a6025d8180bcf37cbb7bf1b5ac,fast,1h,futures,aster,ETH,1,2024-10-29T03:00:00+00:00,2024-10-31T17:00:00+00:00,2618.24604,2538.2533200000003,8.498059843147196,22258.911536615968,21561.600518982883,17.52809605697209,87.63811170562096,-697.3110176330847,-3.132727386449271,trend_break,closed,2024-10-29T02:00:00+00:00,2613.02,2543.34,-2.6666462560562043,63
d85ad7e2888f47b79e6eead8595df555,f3264b4c3ebe6cc4e6b48806a6a8e133,1,4,20,0,8b66519dcc785944c8ff162e82822c56,2add39a6025d8180bcf37cbb7bf1b5ac,fast,1h,spot,aster,ETH,1,2024-10-29T03:00:00+00:00,2024-10-31T17:00:00+00:00,2618.24604,2538.2533200000003,8.508004014503769,22284.958238406307,21586.831248612965,17.54860690226645,87.74066316045332,-698.1269897933416,-3.1327273864492895,trend_break,closed,2024-10-29T02:00:00+00:00,2613.02,2543.34,-2.6666462560562043,63
d85ad7e2888f47b79e6eead8595df555,3373070c20f099c3f75399421b5c21d6,1,4,20,0,46f7d44dbe1d37c5add3270976dfd5a8,6170e936105ae2993366a748ae66a49e,fast,1h,futures,aster,ADA,1,2024-10-29T17:00:00+00:00,2024-10-29T20:00:00+00:00,0.3530046,0.3499986,48908.51654924617,17271.837293588447,17111.065155384866,13.753137456549204,68.76537426824012,-160.77213820358156,-0.9308340246075759,trend_break,closed,2024-10-29T16:00:00+00:00,0.3523,0.3507,-0.4541583877377242,4
d85ad7e2888f47b79e6eead8595df555,f3264b4c3ebe6cc4e6b48806a6a8e133,1,4,20,0,286b042515c8278c53cf594edb8986c0,6170e936105ae2993366a748ae66a49e,fast,1h,spot,aster,ADA,1,2024-10-29T17:00:00+00:00,2024-10-29T20:00:00+00:00,0.3530046,0.3499986,48846.52446374794,17249.945048847443,17089.376691106656,13.735705202757234,68.6782133960296,-160.56835774078718,-0.9308340246076064,trend_break,closed,2024-10-29T16:00:00+00:00,0.3523,0.3507,-0.4541583877377242,4
d85ad7e2888f47b79e6eead8595df555,3373070c20f099c3f75399421b5c21d6,1,4,20,0,16b67238e910630b931fa7bf5385cb47,4eac1f418bf73312f1214fdac28596e8,fast,1h,futures,aster,SOL,1,2024-11-01T14:00:00+00:00,2024-11-02T15:00:00+00:00,172.61454,162.19774378160838,111.70760514864665,19290.06981998617,18111.474029749923,14.960431358237017,74.79780144095534,-1178.595790236246,-6.109857565238668,stop,closed,2024-11-01T13:00:00+00:00,172.27,162.52278936032903,-5.658101027265905,26
d85ad7e2888f47b79e6eead8595df555,f3264b4c3ebe6cc4e6b48806a6a8e133,1,4,20,0,7dcb3f1ce03197662ac8ea2ef19d84ca,4eac1f418bf73312f1214fdac28596e8,fast,1h,spot,aster,SOL,1,2024-11-01T14:00:00+00:00,2024-11-02T15:00:00+00:00,172.61454,162.19774378160838,111.83660082658245,19312.34525620689,18132.388468545523,14.977707093248075,74.88417508661843,-1179.9567876613655,-6.109857565238657,stop,closed,2024-11-01T13:00:00+00:00,172.27,162.52278936032903,-5.658101027265905,26
d85ad7e2888f47b79e6eead8595df555,3373070c20f099c3f75399421b5c21d6,1,4,20,0,f3c0918e67d41871636799752b586284,0c0aaeb8d93ca2ce8eab257d010087d4,fast,1h,futures,aster,BTC,1,2024-11-06T01:00:00+00:00,2024-12-20T08:00:00+00:00,71226.07782,95112.49380000001,0.29792017445049807,21228.173403770976,28324.59637301979,19.82224650995083,99.14009409099353,7096.422969248815,33.42926795570742,trend_break,closed,2024-11-06T00:00:00+00:00,71083.91,95303.1,34.07126873015285,1064
d85ad7e2888f47b79e6eead8595df555,3373070c20f099c3f75399421b5c21d6,1,4,20,0,41f19e9bc3f31b4d3c8155d2928a6a34,582f8ca1ab24edb868fd4bf4e0993c1f,fast,1h,futures,aster,XRP,1,2024-11-06T01:00:00+00:00,2024-11-06T01:00:00+00:00,0.5218416,0.5192594,40663.07770319413,21228.173403770976,21106.23945618184,16.933748343949247,84.66866039359081,-121.93394758913564,-0.5743967946270652,trend_break,closed,2024-11-06T00:00:00+00:00,0.5208,0.5203,-0.09600614439325694,1
d85ad7e2888f47b79e6eead8595df555,f3264b4c3ebe6cc4e6b48806a6a8e133,1,4,20,0,e00019597a620caddfc96aabf0efc92f,0c0aaeb8d93ca2ce8eab257d010087d4,fast,1h,spot,aster,BTC,1,2024-11-06T01:00:00+00:00,2024-12-20T08:00:00+00:00,71226.07782,95112.49380000001,0.2982571237008839,21252.182577129763,28356.631637274633,19.844665572757876,99.25222204758043,7104.449060144871,33.429267955707395,trend_break,closed,2024-11-06T00:00:00+00:00,71083.91,95303.1,34.07126873015285,1064
d85ad7e2888f47b79e6eead8595df555,f3264b4c3ebe6cc4e6b48806a6a8e133,1,4,20,0,0a0836bd802b336ac7229f0f18b20460,582f8ca1ab24edb868fd4bf4e0993c1f,fast,1h,spot,aster,XRP,0,2024-11-06T01:00:00+00:00,2024-11-06T01:00:00+00:00,0.5218416,0.5192594,40699.66038574754,21247.271405513176,21125.227759614198,16.948982850904862,84.74483285520354,-122.04364589897887,-0.5743967946270567,trend_break,closed,2024-11-06T00:00:00+00:00,0.5208,0.5203,-0.09600614439325694,1
d85ad7e2888f47b79e6eead8595df555,3373070c20f099c3f75399421b5c21d6,1,4,20,0,e13b8b243f82eaa537da26502a673237,faaae440db7d07deee0e8db83ac3e6cf,fast,1h,futures,aster,ADA,1,2024-11-06T03:00:00+00:00,2024-12-10T17:00:00+00:00,0.3509004,0.914667,60547.54250047792,21254.655345187675,55358.68672066212,30.65079837548773,153.39114417071076,34104.03137547444,160.45440785374123,trend_break,closed,2024-11-06T02:00:00+00:00,0.3502,0.9165,161.70759565962305,831
d85ad7e2888f47b79e6eead8595df555,3373070c20f099c3f75399421b5c21d6,1,4,20,0,5cf9dfb039ac29e10f0b0732d0da4e10,08482527495849698c1d8369d14e1c46,fast,1h,futures,aster,BNB,1,2024-11-06T03:00:00+00:00,2024-11-06T05:00:00+00:00,581.14998,573.84002,29.131365490500986,16936.46434916621,16710.056658354115,13.458574331149494,67.29228902843766,-226.4076908120951,-1.336806113391909,trend_break,closed,2024-11-06T02:00:00+00:00,579.99,574.99,-0.8620838290315347,3
d85ad7e2888f47b79e6eead8595df555,f3264b4c3ebe6cc4e6b48806a6a8e133,1,4,20,0,5618224fc59ae966dabe1fdb75eb7576,faaae440db7d07deee0e8db83ac3e6cf,fast,1h,spot,aster,ADA,1,2024-11-06T03:00:00+00:00,2024-12-10T17:00:00+00:00,0.3509004,0.914667,60616.05426494635,21278.705767066578,55421.32710455315,30.685480877738833,153.5647118748151,34142.62133748658,160.4544078537413,trend_break,closed,2024-11-06T02:00:00+00:00,0.3502,0.9165,161.70759565962305,831
d85ad7e2888f47b79e6eead8595df555,f3264b4c3ebe6cc4e6b48806a6a8e133,1,4,20,0,63953c464c82c820bbc168ff84965cd0,08482527495849698c1d8369d14e1c46,fast,1h,spot,aster,BNB,0,2024-11-06T03:00:00+00:00,2024-11-06T05:00:00+00:00,581.14998,573.84002,29.678773188966403,17254.71757257044,17024.05545321181,13.711474498209723,68.55677891558483,-230.66211935862884,-1.3368061133919042,trend_break,closed,2024-11-06T02:00:00+00:00,579.99,574.99,-0.8620838290315347,3
d85ad7e2888f47b79e6eead8595df555,3373070c20f099c3f75399421b5c21d6,1,4,20,0,60784b9e09d84e24ef15c36c75cbd771,8cb61785f48fe81fc2436bd85a202d76,fast,1h,futures,aster,BNB,1,2024-11-14T08:00:00+00:00,2024-11-15T20:00:00+00:00,658.99536,598.000623522073,23.56460302251127,15535.175637697734,14086.010641591663,11.848244541035509,59.23571038101281,-1449.1649961060702,-9.328282022055285,stop,closed,2024-11-14T07:00:00+00:00,657.68,599.1990215652035,-8.892011074503792,37
d85ad7e2888f47b79e6eead8595df555,f3264b4c3ebe6cc4e6b48806a6a8e133,1,4,20,0,bd49106aabbbcc5cdf132ad9868e7baf,8cb61785f48fe81fc2436bd85a202d76,fast,1h,spot,aster,BNB,0,2024-11-14T08:00:00+00:00,2024-11-15T20:00:00+00:00,658.99536,598.000623522073,23.590616381851703,15552.325177874332,14101.560424295103,11.861324016319045,59.30110167228366,-1450.7647535792294,-9.328282022055287,stop,closed,2024-11-14T07:00:00+00:00,657.68,599.1990215652035,-8.892011074503792,37
d85ad7e2888f47b79e6eead8595df555,3373070c20f099c3f75399421b5c21d6,1,4,20,0,7e765d03f2acd2ca22943c877e557057,ec738ab47449c0e2b6ac1806ac3d4a2d,fast,1h,futures,aster,ETH,1,2024-11-21T13:00:00+00:00,2024-12-19T15:00:00+00:00,3292.56198,3606.59236,4.725938165784108,15566.66850222149,17037.71466955636,13.04199072281643,65.2161508313177,1471.046167334871,9.449974264724277,trend_break,closed,2024-11-21T12:00:00+00:00,3285.99,3613.82,9.976597615939188,675
d85ad7e2888f47b79e6eead8595df555,f3264b4c3ebe6cc4e6b48806a6a8e133,1,4,20,0,98d56834a2b1ab5ecd4cb10c0f0dd4cb,ec738ab47449c0e2b6ac1806ac3d4a2d,fast,1h,spot,aster,ETH,1,2024-11-21T13:00:00+00:00,2024-12-19T15:00:00+00:00,3292.56198,3606.59236,4.727948621359878,15573.290699632582,17044.96266291856,13.047538900140808,65.2438943542902,1471.6719632859767,9.449974264724267,trend_break,closed,2024-11-21T12:00:00+00:00,3285.99,3613.82,9.976597615939188,675
d85ad7e2888f47b79e6eead8595df555,3373070c20f099c3f75399421b5c21d6,1,4,20,0,7e12c76eb2261bba39bacf413e917540,10b8ef4ed3688a50a8cee66e71e4c013,fast,1h,futures,aster,ETH,1,2024-12-16T00:00:00+00:00,2024-12-18T19:00:00+00:00,3966.49716,3775.7407454646436,8.776441457182544,34825.65480686675,33124.312583025196,27.179719089956016,135.89244236953056,-1701.3422238415515,-4.885312948964535,stop,closed,2024-12-15T23:00:00+00:00,3958.58,3783.3073601850137,-4.427664460866931,68
d85ad7e2888f47b79e6eead8595df555,f3264b4c3ebe6cc4e6b48806a6a8e133,1,4,20,0,0c4b0fe32b9514cd7fb48254e6e26976,10b8ef4ed3688a50a8cee66e71e4c013,fast,1h,spot,aster,ETH,1,2024-12-16T00:00:00+00:00,2024-12-18T19:00:00+00:00,3966.49716,3775.7407454646436,8.786071229513047,34863.866550052975,33160.657562973516,27.2095414852993,136.0415475949045,-1703.208987079459,-4.885312948964551,stop,closed,2024-12-15T23:00:00+00:00,3958.58,3783.3073601850137,-4.427664460866931,68
d85ad7e2888f47b79e6eead8595df555,3373070c20f099c3f75399421b5c21d6,1,4,20,0,9e9615437e64a04ed7c5b8103769ecb0,a03e74e92362fa1763cd7c7b5938da80,fast,1h,futures,aster,SOL,1,2024-12-16T01:00:00+00:00,2024-12-16T02:00:00+00:00,227.06322,221.60590000000002,90.40128883958202,20535.018459159986,20025.445590865747,16.224106684208436,81.11888450153376,-509.572868294239,-2.481482397046181,trend_break,closed,2024-12-16T00:00:00+00:00,226.61,222.05,-2.01226777282556,2
d85ad7e2888f47b79e6eead8595df555,f3264b4c3ebe6cc4e6b48806a6a8e133,1,4,20,0,a77730de8f50527c586f48bfd396d8af,a03e74e92362fa1763cd7c7b5938da80,fast,1h,spot,aster,SOL,1,2024-12-16T01:00:00+00:00,2024-12-16T02:00:00+00:00,227.06322,221.60590000000002,90.50008565084612,20557.460554500176,20047.33078956055,16.241837515555904,81.20753685621725,-510.1297649396256,-2.4814823970461397,trend_break,closed,2024-12-16T00:00:00+00:00,226.61,222.05,-2.01226777282556,2
d85ad7e2888f47b79e6eead8595df555,3373070c20f099c3f75399421b5c21d6,1,4,20,0,6ca1aa3c87a6be64f6dc03f3b0db0efe,19da0d59e1f9d6de4419c47c9d3d8b24,fast,1h,futures,aster,XRP,1,2024-12-16T17:00:00+00:00,2024-12-18T20:00:00+00:00,2.52504,2.313482315203567,7927.492185379768,20025.24176171844,18332.77692960065,15.34293913702476,76.70829403072801,-1692.4648321177883,-8.451657424447252,stop,closed,2024-12-16T16:00:00+00:00,2.52,2.3181185523081833,-8.011168559199078,52
d85ad7e2888f47b79e6eead8595df555,f3264b4c3ebe6cc4e6b48806a6a8e133,1,4,20,0,0c820b4c2c2786d6924c2207b55414a1,19da0d59e1f9d6de4419c47c9d3d8b24,fast,1h,spot,aster,XRP,0,2024-12-16T17:00:00+00:00,2024-12-18T20:00:00+00:00,2.52504,2.313482315203567,7936.236678838805,20047.33078956055,18352.99906848116,15.359863307719444,76.79290782279742,-1694.3317210793903,-8.451657424447232,stop,closed,2024-12-16T16:00:00+00:00,2.52,2.3181185523081833,-8.011168559199078,52
d85ad7e2888f47b79e6eead8595df555,3373070c20f099c3f75399421b5c21d6,1,4,20,0,100cb800bd19d5730d3a95c4184e351d,a2c848e3c23ebe0211c71516bfb20889,fast,1h,futures,aster,ETH,1,2025-01-02T01:00:00+00:00,2025-01-02T01:00:00+00:00,3396.63972,3375.56534,9.338877099048695,31733.4892151851,31511.380254128497,25.297916297958277,126.48930020281315,-222.10896105660504,-0.6999197584308552,trend_break,closed,2025-01-02T00:00:00+00:00,3389.86,3382.33,-0.22213306744232053,1
d85ad7e2888f47b79e6eead8595df555,f3264b4c3ebe6cc4e6b48806a6a8e133,1,4,20,0,9708cf74dd83e90f7786cb64d670c283,a2c848e3c23ebe0211c71516bfb20889,fast,1h,spot,aster,ETH,1,2025-01-02T01:00:00+00:00,2025-01-02T01:00:00+00:00,3396.63972,3375.56534,9.349171246998413,31768.468713199396,31546.11492372479,25.325801930291668,126.62872805442036,-222.35378947460777,-0.6999197584308575,trend_break,closed,2025-01-02T00:00:00+00:00,3389.86,3382.33,-0.22213306744232053,1
d85ad7e2888f47b79e6eead8595df555,3373070c20f099c3f75399421b5c21d6,1,4,20,0,b217f19265d84e8eea75427cf426dc6f,34efa3908f08d4649839cede0a7e8f8d,fast,1h,futures,aster,XRP,1,2025-01-03T03:00:00+00:00,2025-01-07T20:00:00+00:00,2.4557016000000003,2.262226945636694,8588.685324236963,21099.68479194228,19421.78354593605,16.208321464283408,81.03528469085762,-1677.9012460062295,-7.952257403612968,stop,closed,2025-01-03T02:00:00+00:00,2.4508,2.2667604665698335,-7.509365653262878,114
d85ad7e2888f47b79e6eead8595df555,f3264b4c3ebe6cc4e6b48806a6a8e133,1,4,20,0,a859a55dec132380b20dfff37e6b7a31,34efa3908f08d4649839cede0a7e8f8d,fast,1h,spot,aster,XRP,0,2025-01-03T03:00:00+00:00,2025-01-07T20:00:00+00:00,2.4557016000000003,2.262226945636694,8598.1525435272,21122.942756967088,19443.191977715243,16.22618772993829,81.12460904976156,-1679.7507792518445,-7.952257403612968,stop,closed,2025-01-03T02:00:00+00:00,2.4508,2.2667604665698335,-7.509365653262878,114
d85ad7e2888f47b79e6eead8595df555,3373070c20f099c3f75399421b5c21d6,1,4,20,0,b04207239ca68bd0aac81de22b6c4d01,0dc8349019ea36139b69675cb35aa552,fast,1h,futures,aster,ADA,1,2025-01-03T04:00:00+00:00,2025-01-08T06:00:00+00:00,1.0248456,0.9649662,21399.730549920074,21940.192263149274,20641.756663112374,17.03257454602058,85.15808775035194,-1298.4356000369007,-5.9180684675118,trend_break,closed,2025-01-03T03:00:00+00:00,1.0228,0.9669,-5.465389127884235,123
d85ad7e2888f47b79e6eead8595df555,f3264b4c3ebe6cc4e6b48806a6a8e133,1,4,20,0,c1e1b9461acb570b75b980bfcc94b3c0,0dc8349019ea36139b69675cb35aa552,fast,1h,spot,aster,ADA,1,2025-01-03T04:00:00+00:00,2025-01-08T06:00:00+00:00,1.0248456,0.9649662,21423.319252290657,21964.37671089461,20664.50985868165,17.05134937735005,85.25195663256544,-1299.8668522129592,-5.9180684675118,trend_break,closed,2025-01-03T03:00:00+00:00,1.0228,0.9669,-5.465389127884235,123
d85ad7e2888f47b79e6eead8595df555,3373070c20f099c3f75399421b5c21d6,1,4,20,0,24df640556d7b1efaaa82376ba604e8e,6d5239f3226b08dbd868180dcc2582ac,fast,1h,futures,aster,ETH,1,2025-01-03T15:00:00+00:00,2025-01-07T15:00:00+00:00,3530.95782,3467.86038,9.036540989284214,31920.408129892377,31324.927483997137,25.298043016339346,126.48844030504644,-595.4806458952407,-1.865517018053392,trend_break,closed,2025-01-03T14:00:00+00:00,3523.91,3474.81,-1.3933386493979683,97
d85ad7e2888f47b79e6eead8595df555,f3264b4c3ebe6cc4e6b48806a6a8e133,1,4,20,0,1e9b304cd2cb940f07530d8ad2f583bc,6d5239f3226b08dbd868180dcc2582ac,fast,1h,spot,aster,ETH,1,2025-01-03T15:00:00+00:00,2025-01-07T15:00:00+00:00,3530.95782,3467.86038,9.046501875256988,31955.593666699362,31359.45662862709,25.325928788353096,126.62786720879717,-596.1370380722728,-1.8655170180534055,trend_break,closed,2025-01-03T14:00:00+00:00,3523.91,3474.81,-1.3933386493979683,97
d85ad7e2888f47b79e6eead8595df555,3373070c20f099c3f75399421b5c21d6,1,4,20,0,c164161fac74195f7831c74577196fd5,9c5f6e9ed9192bac43818348bd68e221,fast,1h,futures,aster,BTC,1,2025-01-03T18:00:00+00:00,2025-01-07T21:00:00+00:00,98261.96166,96310.11376,0.32591428152618285,32037.786626426536,31376.285993183414,25.365527266227026,126.8255990931076,-661.5006332431221,-2.064751354257038,trend_break,closed,2025-01-03T17:00:00+00:00,98065.83,96503.12,-1.5935316103478758,100
d85ad7e2888f47b79e6eead8595df555,f3264b4c3ebe6cc4e6b48806a6a8e133,1,4,20,0,082bb76f9b695b4b7a66f7940f897ea2,9c5f6e9ed9192bac43818348bd68e221,fast,1h,spot,aster,BTC,1,2025-01-03T18:00:00+00:00,2025-01-07T21:00:00+00:00,98261.96166,96310.11376,0.32627353347878624,32073.101548340168,31410.871749768583,25.39348742543372,126.96539764351458,-662.229798571585,-2.0647513542570266,trend_break,closed,2025-01-03T17:00:00+00:00,98065.83,96503.12,-1.5935316103478758,100
d85ad7e2888f47b79e6eead8595df555,3373070c20f099c3f75399421b5c21d6,1,4,20,0,14ee69f2cb47e8bdfbaa93b9acfb085a,ac3f9587cf8898d68ca45a4b69c9c1aa,fast,1h,futures,aster,BNB,1,2025-01-06T17:00:00+00:00,2025-01-07T15:00:00+00:00,732.00108,705.3131417611713,44.229410042691185,32388.9263093804,31183.10592179144,25.42862402978657,127.13890713750715,-1205.8203875889594,-3.722940291601246,stop,closed,2025-01-06T16:00:00+00:00,730.54,706.7265949510735,-3.2596989964856826,23
d85ad7e2888f47b79e6eead8595df555,f3264b4c3ebe6cc4e6b48806a6a8e133,1,4,20,0,fdfff2e0d42b92cd8e070d6020c92b36,ac3f9587cf8898d68ca45a4b69c9c1aa,fast,1h,spot,aster,BNB,0,2025-01-06T17:00:00+00:00,2025-01-07T15:00:00+00:00,732.00108,705.3131417611713,44.278163665410396,32424.62828894657,31217.47873797544,25.45665373990525,127.27905104414148,-1207.1495509711276,-3.722940291601246,stop,closed,2025-01-06T16:00:00+00:00,730.54,706.7265949510735,-3.2596989964856826,23
d85ad7e2888f47b79e6eead8595df555,3373070c20f099c3f75399421b5c21d6,1,4,20,0,1998e653b4aa7bd41113c87818ec74c2,1bc60ffb05ea9f58d025f7a7efd39358,fast,1h,futures,aster,XRP,1,2025-01-14T18:00:00+00:00,2025-02-02T11:00:00+00:00,2.6747388,2.7771346,7314.2121730302015,19571.43253347245,20304.426676784376,15.950463515239823,79.75563237715593,732.9941433119275,3.7452247915849237,trend_break,closed,2025-01-14T17:00:00+00:00,2.6694,2.7827,4.2443994905222215,450
d85ad7e2888f47b79e6eead8595df555,f3264b4c3ebe6cc4e6b48806a6a8e133,1,4,20,0,0b8de6b237079c261085f6607bf1b79e,1bc60ffb05ea9f58d025f7a7efd39358,fast,1h,spot,aster,XRP,0,2025-01-14T18:00:00+00:00,2025-02-02T11:00:00+00:00,2.6747388,2.7771346,7322.274553704689,19593.005921787837,20326.808036987335,15.968045546735787,79.84354618850668,733.8021151994981,3.7452247915849126,trend_break,closed,2025-01-14T17:00:00+00:00,2.6694,2.7827,4.2443994905222215,450
d85ad7e2888f47b79e6eead8595df555,3373070c20f099c3f75399421b5c21d6,1,4,20,0,ab1d211d9d2c4246540dc30d9694dd97,f8993d082ac99b408665678f1e2380e2,fast,1h,futures,aster,BTC,1,2025-01-15T14:00:00+00:00,2025-01-27T06:00:00+00:00,99062.1789,98768.99613999999,0.3115263709233775,30872.825280914767,30756.83926846838,24.65185120628746,123.25938373232728,-115.98601244638849,-0.37568966037614226,trend_break,closed,2025-01-15T13:00:00+00:00,98864.45,98966.93,0.10365707794863788,281
d85ad7e2888f47b79e6eead8595df555,3373070c20f099c3f75399421b5c21d6,1,4,20,0,7a81b1a55f5c983a51bbb8a7b9b0d90f,2e1e5a435385bf772a84aa5da8309a8f,fast,1h,futures,aster,ETH,1,2025-01-15T14:00:00+00:00,2025-01-15T14:00:00+00:00,3303.0829799999997,3320.02664,8.492890410776718,28063.94285554852,28185.343765413498,22.499737672488415,112.49971396388808,121.40090986497671,0.4325867911357101,trend_break,closed,2025-01-15T13:00:00+00:00,3296.49,3326.68,0.9158225870547154,1
d85ad7e2888f47b79e6eead8595df555,3373070c20f099c3f75399421b5c21d6,1,4,20,0,9b4bb3e18a7e68e9180837689141d93b,4bff9f5a20d44b931aa6b2c7ccdea280,fast,1h,futures,aster,SOL,1,2025-01-15T14:00:00+00:00,2025-01-15T14:00:00+00:00,195.86094,195.45829999999998,133.05537181120425,26070.774335069964,25996.374069373865,20.82685079003115,104.13445619432089,-74.40026569609836,-0.2853780433978763,trend_break,closed,2025-01-15T13:00:00+00:00,195.47,195.85,0.19440323323272057,1
d85ad7e2888f47b79e6eead8595df555,f3264b4c3ebe6cc4e6b48806a6a8e133,1,4,20,0,39c5b811062dad5ee2e7d72887d4bcaa,f8993d082ac99b408665678f1e2380e2,fast,1h,spot,aster,BTC,1,2025-01-15T14:00:00+00:00,2025-01-27T06:00:00+00:00,99062.1789,98768.99613999999,0.3118697632304515,30906.856077947086,30790.7422153149,24.679024687730724,123.39525128030697,-116.1138626321881,-0.3756896603761604,trend_break,closed,2025-01-15T13:00:00+00:00,98864.45,98966.93,0.10365707794863788,281
d85ad7e2888f47b79e6eead8595df555,f3264b4c3ebe6cc4e6b48806a6a8e133,1,4,20,0,2ccff0966e6f45b34ba79a679f6a942a,2e1e5a435385bf772a84aa5da8309a8f,fast,1h,spot,aster,ETH,1,2025-01-15T14:00:00+00:00,2025-01-15T14:00:00+00:00,3303.0829799999997,3320.02664,8.505929505219706,28107.029294162137,28228.61659026933,22.53428141322499,112.67243424217199,121.58729610719092,0.43258679113571336,trend_break,closed,2025-01-15T13:00:00+00:00,3296.49,3326.68,0.9158225870547154,1
d85ad7e2888f47b79e6eead8595df555,f3264b4c3ebe6cc4e6b48806a6a8e133,1,4,20,0,eff200c1e4ff65d28deeb93cae5a21fd,4bff9f5a20d44b931aa6b2c7ccdea280,fast,1h,spot,aster,SOL,1,2025-01-15T14:00:00+00:00,2025-01-15T14:00:00+00:00,195.86094,195.45829999999998,133.42303698375588,26142.814385869708,26068.208533686175,20.8844005723901,104.4222056649667,-74.60585218353299,-0.2853780433978743,trend_break,closed,2025-01-15T13:00:00+00:00,195.47,195.85,0.19440323323272057,1
d85ad7e2888f47b79e6eead8595df555,3373070c20f099c3f75399421b5c21d6,1,4,20,0,214d1607a394c3252cdb4c5bcdc891c7,e80825ac40c4183e4c101c940578eeca,fast,1h,futures,aster,ADA,1,2025-01-16T13:00:00+00:00,2025-01-19T22:00:00+00:00,1.1111178,0.9975931134880438,14387.306444038428,15992.386680939411,14346.936759082804,12.135468045696276,60.67104965486476,-1645.449921856607,-10.288957831527066,stop,closed,2025-01-16T12:00:00+00:00,1.1089,0.9995922980842122,-9.857309217764254,82
d85ad7e2888f47b79e6eead8595df555,f3264b4c3ebe6cc4e6b48806a6a8e133,1,4,20,0,e4313cacd4364659fdedc3df50861a6d,e80825ac40c4183e4c101c940578eeca,fast,1h,spot,aster,ADA,1,2025-01-16T13:00:00+00:00,2025-01-19T22:00:00+00:00,1.1111178,0.9975931134880438,14403.158940366951,16010.007717380806,14362.744774515268,12.148839378501872,60.73789938769296,-1647.2629428655382,-10.288957831527053,stop,closed,2025-01-16T12:00:00+00:00,1.1089,0.9995922980842122,-9.857309217764254,82
d85ad7e2888f47b79e6eead8595df555,3373070c20f099c3f75399421b5c21d6,1,4,20,0,9556d23a43d610cf1358d3e3e7f23a35,8ee718628299ad7414a495958eb35771,fast,1h,futures,aster,ETH,1,2025-01-17T21:00:00+00:00,2025-01-18T03:00:00+00:00,3525.39672,3378.6591399999998,8.08682398512148,28520.666457465544,27311.69272219355,22.332753809306602,111.65946912048365,-1208.973735271993,-4.238939286622221,trend_break,closed,2025-01-17T20:00:00+00:00,3518.36,3385.43,-3.778180743300863,7
d85ad7e2888f47b79e6eead8595df555,f3264b4c3ebe6cc4e6b48806a6a8e133,1,4,20,0,6b6858c95d8640bdd58883fea10cc9aa,8ee718628299ad7414a495958eb35771,fast,1h,spot,aster,ETH,1,2025-01-17T21:00:00+00:00,2025-01-18T03:00:00+00:00,3525.39672,3378.6591399999998,8.09573439974212,28552.09176904158,27341.785933891246,22.357361009417268,111.78250038319132,-1210.305835150335,-4.2389392866222275,trend_break,closed,2025-01-17T20:00:00+00:00,3518.36,3385.43,-3.778180743300863,7
d85ad7e2888f47b79e6eead8595df555,3373070c20f099c3f75399421b5c21d6,1,4,20,0,6a11dd4172c02e126daaeeb06e07f6c4,d462bc187d2f8a23d77847744c3e4128,fast,1h,futures,aster,ADA,1,2025-01-19T02:00:00+00:00,2025-01-19T09:00:00+00:00,1.1405766000000002,1.0245579647937795,14112.208365935503,16102.493058364878,14452.991971955767,12.22193204746356,61.103355534122485,-1649.501086409111,-10.24376213317001,stop,closed,2025-01-19T01:00:00+00:00,1.1383,1.0266111871681156,-9.811896058322455,8
d85ad7e2888f47b79e6eead8595df555,f3264b4c3ebe6cc4e6b48806a6a8e133,1,4,20,0,0869ec0e448833287ae48323b0cbccf5,d462bc187d2f8a23d77847744c3e4128,fast,1h,spot,aster,ADA,1,2025-01-19T02:00:00+00:00,2025-01-19T09:00:00+00:00,1.1405766000000002,1.0245579647937795,14127.757806943693,16120.235481053323,14468.916903067347,12.235398700339584,61.17068185170817,-1651.318577985976,-10.243762133170005,stop,closed,2025-01-19T01:00:00+00:00,1.1383,1.0266111871681156,-9.811896058322455,8
d85ad7e2888f47b79e6eead8595df555,3373070c20f099c3f75399421b5c21d6,1,4,20,0,2ed2da61a28126bd231a6f72df94b7d2,fa529465559381b454833a8406d27238,fast,1h,futures,aster,XRP,1,2025-01-21T18:00:00+00:00,2025-01-27T07:00:00+00:00,3.2173218,2.798546028049709,3797.734310635551,12223.420801571016,10623.883016908974,9.13866706353318,45.68715646982139,-1599.5377846620413,-13.085844058125371,stop,closed,2025-01-21T17:00:00+00:00,3.2109,2.8041543367231556,-12.667652785102135,134
d85ad7e2888f47b79e6eead8595df555,f3264b4c3ebe6cc4e6b48806a6a8e133,1,4,20,0,a8cf320ad2b7626fd69f6c88329a0a71,fa529465559381b454833a8406d27238,fast,1h,spot,aster,XRP,0,2025-01-21T18:00:00+00:00,2025-01-27T07:00:00+00:00,3.2173218,2.798546028049709,3801.9188212240856,12236.889103876696,10635.588878177656,9.148736448583461,45.73749658694665,-1601.3002256990403,-13.085844058125376,stop,closed,2025-01-21T17:00:00+00:00,3.2109,2.8041543367231556,-12.667652785102135,134
d85ad7e2888f47b79e6eead8595df555,3373070c20f099c3f75399421b5c21d6,1,4,20,0,6f3cf130692ca33b417b85b2cb3b002f,16c524f2d0b9b4fff6fb48145ba9c0a3,fast,1h,futures,aster,ETH,1,2025-01-23T23:00:00+00:00,2025-01-23T23:00:00+00:00,3327.06084,3325.34598,6.756872279909815,22489.517373434814,22459.95049814219,17.9797852946964,89.8992397220809,-29.5668752926249,-0.13146958559257496,trend_break,closed,2025-01-23T22:00:00+00:00,3320.42,3332.01,0.3490522283325692,1
d85ad7e2888f47b79e6eead8595df555,f3264b4c3ebe6cc4e6b48806a6a8e133,1,4,20,0,fb95decf1076054661e51aa26ef9b416,16c524f2d0b9b4fff6fb48145ba9c0a3,fast,1h,spot,aster,ETH,1,2025-01-23T23:00:00+00:00,2025-01-23T23:00:00+00:00,3327.06084,3325.34598,6.76431726901914,22514.297213127364,22484.697759882187,17.999596133226685,89.99829425988202,-29.599453245176846,-0.1314695855925645,trend_break,closed,2025-01-23T22:00:00+00:00,3320.42,3332.01,0.3490522283325692,1
d85ad7e2888f47b79e6eead8595df555,3373070c20f099c3f75399421b5c21d6,1,4,20,0,34383d1cd0eef4638bd66b7811203e45,b2ea18d59b65412aa6781118428cea64,fast,1h,futures,aster,ADA,1,2025-02-11T05:00:00+00:00,2025-02-11T05:00:00+00:00,0.7902773999999999,0.8110746,20719.29346055526,16380.538961590948,16798.170698740152,13.271552808658834,66.35975309546637,417.6317371492041,2.549560415127159,trend_break,closed,2025-02-11T04:00:00+00:00,0.7887,0.8127,3.0429821224800424,1
d85ad7e2888f47b79e6eead8595df555,3373070c20f099c3f75399421b5c21d6,1,4,20,0,baf7387907da0d237be0c53910002836,d18d06a74aa55bd3998c142a5eafcf46,fast,1h,futures,aster,BNB,1,2025-02-11T05:00:00+00:00,2025-02-11T05:00:00+00:00,636.7008599999999,635.3767,36.08238814118347,22982.877035369453,22916.738341782184,18.359838506243843,91.79936861327334,-66.13869358726879,-0.2877737782153417,trend_break,closed,2025-02-11T04:00:00+00:00,635.43,636.65,0.1919959712320729,1
d85ad7e2888f47b79e6eead8595df555,f3264b4c3ebe6cc4e6b48806a6a8e133,1,4,20,0,0fa7b43a35edb51d7ba0d3ac6c25f095,b2ea18d59b65412aa6781118428cea64,fast,1h,spot,aster,ADA,1,2025-02-11T05:00:00+00:00,2025-02-11T05:00:00+00:00,0.7902773999999999,0.8110746,20742.122533267797,16398.587478338715,16816.67937332644,13.28617576115738,66.4328700495501,418.0918949877232,2.549560415127161,trend_break,closed,2025-02-11T04:00:00+00:00,0.7887,0.8127,3.0429821224800424,1
d85ad7e2888f47b79e6eead8595df555,f3264b4c3ebe6cc4e6b48806a6a8e133,1,4,20,0,f76bb1d52294549c11c1c9ef0e1deded,d18d06a74aa55bd3998c142a5eafcf46,fast,1h,spot,aster,BNB,0,2025-02-11T05:00:00+00:00,2025-02-11T05:00:00+00:00,636.7008599999999,635.3767,36.234334531139865,23079.660130287448,23013.24292033126,18.43715354343846,92.1859445407448,-66.41720995618743,-0.28777377821533906,trend_break,closed,2025-02-11T04:00:00+00:00,635.43,636.65,0.1919959712320729,1
d85ad7e2888f47b79e6eead8595df555,3373070c20f099c3f75399421b5c21d6,1,4,20,0,f702f8a5c15be98239fa4c9113721d29,01e8d22323b62026658f34ed7af96fc1,fast,1h,futures,aster,ETH,1,2025-02-12T23:00:00+00:00,2025-02-12T23:00:00+00:00,2752.10322,2732.6737000000003,7.938079059222615,21855.15150467693,21683.50300170892,17.415437125263807,87.07691700172367,-171.6485029680116,-0.785391503377496,trend_break,closed,2025-02-12T22:00:00+00:00,2746.61,2738.15,-0.308016063438199,1
d85ad7e2888f47b79e6eead8595df555,f3264b4c3ebe6cc4e6b48806a6a8e133,1,4,20,0,23401e664a879f3e7b0b37c370cc7a25,01e8d22323b62026658f34ed7af96fc1,fast,1h,spot,aster,ETH,1,2025-02-12T23:00:00+00:00,2025-02-12T23:00:00+00:00,2752.10322,2732.6737000000003,7.946814404593127,21879.201693027775,21707.364301923913,17.434601693534372,87.1727395474724,-171.8373911038616,-0.7853915033774787,trend_break,closed,2025-02-12T22:00:00+00:00,2746.61,2738.15,-0.308016063438199,1
d85ad7e2888f47b79e6eead8595df555,3373070c20f099c3f75399421b5c21d6,1,4,20,0,095ae4a9f2b9f464db1a5a6f1de98d7f,d56a12a96f9745cc4c904fc9092835b6,fast,1h,futures,aster,BTC,1,2025-02-14T18:00:00+00:00,2025-02-14T18:00:00+00:00,98724.78546,98043.23058,0.29912160401152565,29542.52846896194,29315.11765420404,23.543025830420163,117.71478454008327,-227.41081475789906,-0.7697743779677562,trend_break,closed,2025-02-14T17:00:00+00:00,98527.73,98239.71,-0.2923237955446578,1
d85ad7e2888f47b79e6eead8595df555,f3264b4c3ebe6cc4e6b48806a6a8e133,1,4,20,0,263f745b502eb04e06037ab3d7846c77,d56a12a96f9745cc4c904fc9092835b6,fast,1h,spot,aster,BTC,1,2025-02-14T18:00:00+00:00,2025-02-14T18:00:00+00:00,98724.78546,98043.23058,0.29945076809509413,29575.03812115479,29347.37705542394,23.56893341589032,117.8443220882107,-227.66106573084835,-0.7697743779677639,trend_break,closed,2025-02-14T17:00:00+00:00,98527.73,98239.71,-0.2923237955446578,1
d85ad7e2888f47b79e6eead8595df555,3373070c20f099c3f75399421b5c21d6,1,4,20,0,5dd4c095a0b8c0a92135fb8e267cb549,31e04bba2bda775e774c8763216b002c,fast,1h,futures,aster,BTC,1,2025-02-20T18:00:00+00:00,2025-02-20T21:00:00+00:00,98155.40898000001,97784.50906,0.30039336931034777,29497.028113145185,29362.068615634467,23.5436208649716,117.71812953386956,-134.95949751071748,-0.45753591512011865,trend_break,closed,2025-02-20T17:00:00+00:00,97959.49,97980.47,0.0214170163605365,4
d85ad7e2888f47b79e6eead8595df555,f3264b4c3ebe6cc4e6b48806a6a8e133,1,4,20,0,a2037983f8d4c8a87344eb475fc581f0,31e04bba2bda775e774c8763216b002c,fast,1h,spot,aster,BTC,1,2025-02-20T18:00:00+00:00,2025-02-20T21:00:00+00:00,98155.40898000001,97784.50906,0.30072393288981847,29529.487695123356,29394.379683367195,23.569529105239,117.84767076294744,-135.10801175616143,-0.45753591512010494,trend_break,closed,2025-02-20T17:00:00+00:00,97959.49,97980.47,0.0214170163605365,4
d85ad7e2888f47b79e6eead8595df555,3373070c20f099c3f75399421b5c21d6,1,4,20,0,0140c451a35088fa56f1e9aa0cf0a174,f9e93989bea28726032651ebf3e596c9,fast,1h,futures,aster,ADA,1,2025-02-21T14:00:00+00:00,2025-02-21T14:00:00+00:00,0.8165298,0.8050866,25572.757576675715,20889.270996983316,20580.049136250076,16.58768123182464,82.93756737267468,-309.22186073323974,-1.4802903403277952,trend_break,closed,2025-02-21T13:00:00+00:00,0.8149,0.8067,-1.0062584366179905,1
d85ad7e2888f47b79e6eead8595df555,f3264b4c3ebe6cc4e6b48806a6a8e133,1,4,20,0,3f4a9cbf0086ec37633b456cf333a765,f9e93989bea28726032651ebf3e596c9,fast,1h,spot,aster,ADA,1,2025-02-21T14:00:00+00:00,2025-02-21T14:00:00+00:00,0.8165298,0.8050866,25600.898751365712,20912.258295967804,20602.696156468195,16.605934907981663,83.02883483042928,-309.56213949960875,-1.480290340327792,trend_break,closed,2025-02-21T13:00:00+00:00,0.8149,0.8067,-1.0062584366179905,1
d85ad7e2888f47b79e6eead8595df555,3373070c20f099c3f75399421b5c21d6,1,4,20,0,73a4410d843afa7e5b41ac19bd3f05c0,474bacccdbbf96b99a6f5304e93e1031,fast,1h,futures,aster,BNB,1,2025-03-02T17:00:00+00:00,2025-03-02T17:00:00+00:00,631.12974,627.01346,46.57742439437029,29408.15630698773,29192.99015859156,23.44042791011644,117.20184145506607,-215.16614839616886,-0.7316546680114143,trend_break,closed,2025-03-02T16:00:00+00:00,629.87,628.27,-0.254020670932098,1
d85ad7e2888f47b79e6eead8595df555,f3264b4c3ebe6cc4e6b48806a6a8e133,1,4,20,0,eed95a54d071f73e9be741953a8b9ed2,474bacccdbbf96b99a6f5304e93e1031,fast,1h,spot,aster,BNB,0,2025-03-02T17:00:00+00:00,2025-03-02T17:00:00+00:00,631.12974,627.01346,46.628679853722396,29440.5180912601,29225.115166358646,23.466222593175132,117.33081454232459,-215.40292490145293,-0.7316546680114262,trend_break,closed,2025-03-02T16:00:00+00:00,629.87,628.27,-0.254020670932098,1
d85ad7e2888f47b79e6eead8595df555,3373070c20f099c3f75399421b5c21d6,1,4,20,0,adbd05b465cd50383e5ed12e4672ca86,0b32ef2e7c770e346f443c2198401497,fast,1h,futures,aster,SOL,1,2025-03-07T19:00:00+00:00,2025-03-07T19:00:00+00:00,149.92926,145.8078,79.83116964139077,11973.81580054389,11635.35121395124,9.443614162442465,47.21694359609698,-338.46458659265045,-2.826706141389583,trend_break,closed,2025-03-07T18:00:00+00:00,149.63,146.1,-2.359152576355006,1
d85ad7e2888f47b79e6eead8595df555,f3264b4c3ebe6cc4e6b48806a6a8e133,1,4,20,0,31411e34892b1767918c5bf804bcf712,0b32ef2e7c770e346f443c2198401497,fast,1h,spot,aster,SOL,1,2025-03-07T19:00:00+00:00,2025-03-07T19:00:00+00:00,149.92926,145.8078,79.91901870826788,11986.992214590702,11648.155169492977,9.454006252347256,47.26890280519212,-338.8370450977254,-2.8267061413895735,trend_break,closed,2025-03-07T18:00:00+00:00,149.63,146.1,-2.359152576355006,1
d85ad7e2888f47b79e6eead8595df555,3373070c20f099c3f75399421b5c21d6,1,4,20,0,36a0928b1406773c2d4f0c74c1d62cb2,d73825a5795edc9e48b3c351ea9b98cd,fast,1h,futures,aster,BTC,1,2025-03-17T19:00:00+00:00,2025-03-17T19:00:00+00:00,84659.2305,84198.68516,0.3459241411471465,29297.38586953117,29114.70730655211,23.36481178023312,116.82388894171656,-182.67856297905746,-0.623531955351144,trend_break,closed,2025-03-17T18:00:00+00:00,84490.25,84367.42,-0.14537772109799452,1
d85ad7e2888f47b79e6eead8595df555,f3264b4c3ebe6cc4e6b48806a6a8e133,1,4,20,0,12437a71380ffeba3e37ad9c1f613839,d73825a5795edc9e48b3c351ea9b98cd,fast,1h,spot,aster,BTC,1,2025-03-17T19:00:00+00:00,2025-03-17T19:00:00+00:00,84659.2305,84198.68516,0.3463048084121579,29329.625758062662,29146.746169076243,23.390523252605046,116.95244611654675,-182.87958898641955,-0.6235319553511394,trend_break,closed,2025-03-17T18:00:00+00:00,84490.25,84367.42,-0.14537772109799452,1
d85ad7e2888f47b79e6eead8595df555,3373070c20f099c3f75399421b5c21d6,1,4,20,0,d6d012ef54fca5f1fbb88ec705b6a60b,120db0e39c50b9ebdb9aa1e2d8b12195,fast,1h,futures,aster,ETH,1,2025-03-19T12:00:00+00:00,2025-03-19T12:00:00+00:00,2029.3706399999999,1995.79042,13.652757165110911,27717.58714774408,27237.142739932027,21.981818601056172,109.90769878571916,-480.4444078120541,-1.7333558121459975,trend_break,closed,2025-03-19T11:00:00+00:00,2025.32,1999.79,-1.260541544052296,1
d85ad7e2888f47b79e6eead8595df555,f3264b4c3ebe6cc4e6b48806a6a8e133,1,4,20,0,86276fbe65869f29fd36b2298e1bd16f,120db0e39c50b9ebdb9aa1e2d8b12195,fast,1h,spot,aster,ETH,1,2025-03-19T12:00:00+00:00,2025-03-19T12:00:00+00:00,2029.3706399999999,1995.79042,13.667781146127881,27748.088569406227,27267.115463429003,22.006008178398446,110.02864513818159,-480.9731059772239,-1.7333558121460042,trend_break,closed,2025-03-19T11:00:00+00:00,2025.32,1999.79,-1.260541544052296,1
d85ad7e2888f47b79e6eead8595df555,3373070c20f099c3f75399421b5c21d6,1,4,20,0,2e287684f3a62780fead28f85b1362be,93dfd731ec3919581bf8de9eaa06e89e,fast,1h,futures,aster,SOL,1,2025-03-19T14:00:00+00:00,2025-03-19T14:00:00+00:00,130.88124,131.32682,177.120214578195,23190.985998385462,23251.330284456682,18.576939140532893,92.88538292909703,60.34428607122027,0.26020578027782604,trend_break,closed,2025-03-19T13:00:00+00:00,130.62,131.59,0.7426121574031441,1
d85ad7e2888f47b79e6eead8595df555,3373070c20f099c3f75399421b5c21d6,1,4,20,0,31291ea60d94ea1744d74a98c7e0abe0,b47067590bb5ea111082dcd57b257995,fast,1h,futures,aster,XRP,1,2025-03-19T14:00:00+00:00,2025-03-20T16:00:00+00:00,2.53005,2.394701,9638.09950204323,24394.62759460253,23071.134369036165,18.986096064314758,94.92564199562378,-1323.4932255663662,-5.42534711970433,trend_break,closed,2025-03-19T13:00:00+00:00,2.525,2.3995,-4.970297029702964,27
d85ad7e2888f47b79e6eead8595df555,f3264b4c3ebe6cc4e6b48806a6a8e133,1,4,20,0,e63fdd52fe252442dabbf403c785963c,93dfd731ec3919581bf8de9eaa06e89e,fast,1h,spot,aster,SOL,1,2025-03-19T14:00:00+00:00,2025-03-19T14:00:00+00:00,130.88124,131.32682,177.3151239806961,23216.506186666178,23276.916877742442,18.59738186705512,92.98759731795664,60.4106910762639,0.26020578027782354,trend_break,closed,2025-03-19T13:00:00+00:00,130.62,131.59,0.7426121574031441,1
d85ad7e2888f47b79e6eead8595df555,f3264b4c3ebe6cc4e6b48806a6a8e133,1,4,20,0,e9f188416d54a47fcddc578835dc62bd,b47067590bb5ea111082dcd57b257995,fast,1h,spot,aster,XRP,0,2025-03-19T14:00:00+00:00,2025-03-20T16:00:00+00:00,2.53005,2.394701,9656.401463590108,24440.950994365336,23114.94456356419,19.02214910568674,95.10589801489897,-1326.006430801146,-5.425347119704329,trend_break,closed,2025-03-19T13:00:00+00:00,2.525,2.3995,-4.970297029702964,27
d85ad7e2888f47b79e6eead8595df555,3373070c20f099c3f75399421b5c21d6,1,4,20,0,e26f3c3babb9d215f08b82eb31fa3c98,b688ebe64ab314d616d22c508bba6383,fast,1h,futures,aster,BTC,1,2025-03-19T19:00:00+00:00,2025-03-19T19:00:00+00:00,85809.62670000001,85271.27568,0.3388716079734707,29090.07755790404,28884.455897909258,23.18978419322519,115.94865503324289,-205.6216599947802,-0.7068446606424084,trend_break,closed,2025-03-19T18:00:00+00:00,85638.35,85442.16,-0.22909128912456111,1
d85ad7e2888f47b79e6eead8595df555,f3264b4c3ebe6cc4e6b48806a6a8e133,1,4,20,0,220f14e8aa567a59b28215ff51be5301,b688ebe64ab314d616d22c508bba6383,fast,1h,spot,aster,BTC,1,2025-03-19T19:00:00+00:00,2025-03-19T19:00:00+00:00,85809.62670000001,85271.27568,0.3392437078938946,29122.020085072818,28916.17264103027,23.215247869289847,116.07597312155703,-205.8474440425489,-0.7068446606424149,trend_break,closed,2025-03-19T18:00:00+00:00,85638.35,85442.16,-0.22909128912456111,1
d85ad7e2888f47b79e6eead8595df555,3373070c20f099c3f75399421b5c21d6,1,4,20,0,5eed7f350d304338123361be7e0ac44f,5f0ac8e34d29d8936a1f40693044125b,fast,1h,futures,aster,ADA,1,2025-03-20T15:00:00+00:00,2025-03-20T15:00:00+00:00,0.7510992000000001,0.7238494,29660.29351215757,22286.73385783824,21460.997828334108,17.498963356538354,87.4919338021624,-825.7360295041326,-3.705056266976156,trend_break,closed,2025-03-20T14:00:00+00:00,0.7496,0.7253,-3.241728922091791,1
d85ad7e2888f47b79e6eead8595df555,f3264b4c3ebe6cc4e6b48806a6a8e133,1,4,20,0,3b8ee849d4f9978576bcd552f69506d0,5f0ac8e34d29d8936a1f40693044125b,fast,1h,spot,aster,ADA,1,2025-03-20T15:00:00+00:00,2025-03-20T15:00:00+00:00,0.7510992000000001,0.7238494,29692.789251002407,22311.15114429739,21484.510440591075,17.518135174344422,87.5877897326069,-826.6407037063145,-3.7050562669761637,trend_break,closed,2025-03-20T14:00:00+00:00,0.7496,0.7253,-3.241728922091791,1
d85ad7e2888f47b79e6eead8595df555,3373070c20f099c3f75399421b5c21d6,1,4,20,0,3688ac5083180c734f43808a7163891c,9003ce1bb9d23317b7f9069ed1854d6b,fast,1h,futures,aster,XRP,1,2025-03-24T00:00:00+00:00,2025-03-26T15:00:00+00:00,2.4382667999999996,2.398693,11768.255090433002,28705.62333920616,28217.139735192955,22.769030715427917,113.84374609383077,-488.48360401320315,-1.7017000405841456,trend_break,closed,2025-03-23T23:00:00+00:00,2.4334,2.4035,-1.2287334593572563,64
d85ad7e2888f47b79e6eead8595df555,f3264b4c3ebe6cc4e6b48806a6a8e133,1,4,20,0,bfdf07a1428aee84982b2ce14b649e4e,9003ce1bb9d23317b7f9069ed1854d6b,fast,1h,spot,aster,XRP,0,2025-03-24T00:00:00+00:00,2025-03-26T15:00:00+00:00,2.4382667999999996,2.398693,11781.118982605078,28737.001486648587,28247.983920687628,22.793919567151065,113.968188813925,-489.0175659609595,-1.7017000405841243,trend_break,closed,2025-03-23T23:00:00+00:00,2.4334,2.4035,-1.2287334593572563,64
d85ad7e2888f47b79e6eead8595df555,3373070c20f099c3f75399421b5c21d6,1,4,20,0,b73369ac4a4010cc1b97a8c42961a78d,6623de9e2055da401ffeab22329c0387,fast,1h,futures,aster,ETH,1,2025-03-24T06:00:00+00:00,2025-03-24T06:00:00+00:00,2049.40062,2062.0276799999997,14.022665734553943,28749.555074387783,28903.558842080944,23.061273896994145,115.307538975293,154.00376769316063,0.5356735688419697,trend_break,closed,2025-03-24T05:00:00+00:00,2045.31,2066.16,1.0194053713129092,1
d85ad7e2888f47b79e6eead8595df555,f3264b4c3ebe6cc4e6b48806a6a8e133,1,4,20,0,6a52d1c7bda17e4a1b4af5bd2bf55dbc,6623de9e2055da401ffeab22329c0387,fast,1h,spot,aster,ETH,1,2025-03-24T06:00:00+00:00,2025-03-24T06:00:00+00:00,2049.40062,2062.0276799999997,14.037993925401965,28780.98124365673,28935.15335303236,23.08648220005029,115.43358176894483,154.1721093756314,0.535673568841961,trend_break,closed,2025-03-24T05:00:00+00:00,2045.31,2066.16,1.0194053713129092,1
d85ad7e2888f47b79e6eead8595df555,3373070c20f099c3f75399421b5c21d6,1,4,20,0,ccb7dc7071075dc6573dc43e09a95e6d,7686d14eaa38a984e132f35f0ddce745,fast,1h,futures,aster,BNB,1,2025-03-24T12:00:00+00:00,2025-03-26T22:00:00+00:00,628.1537999999999,591.8927900372238,42.44332569732299,26671.600695939647,25111.849706060922,20.713133914743274,103.55992766200316,-1559.7509898787248,-5.847984182352331,stop,closed,2025-03-24T11:00:00+00:00,626.9,593.0789479330899,-5.394967629113101,59
d85ad7e2888f47b79e6eead8595df555,f3264b4c3ebe6cc4e6b48806a6a8e133,1,4,20,0,646192592fcd1541ca994baec27e30cf,7686d14eaa38a984e132f35f0ddce745,fast,1h,spot,aster,BNB,0,2025-03-24T12:00:00+00:00,2025-03-26T22:00:00+00:00,628.1537999999999,591.8927900372238,42.4897205418432,26700.75545106458,25139.299495717747,20.735775463484153,103.67312912921773,-1561.4559553468316,-5.84798418235232,stop,closed,2025-03-24T11:00:00+00:00,626.9,593.0789479330899,-5.394967629113101,59
d85ad7e2888f47b79e6eead8595df555,3373070c20f099c3f75399421b5c21d6,1,4,20,0,42cfb09def0237d9b06659be340108f8,103a175cb2a70934e2431b24080e3269,fast,1h,futures,aster,ADA,1,2025-03-25T10:00:00+00:00,2025-03-25T12:00:00+00:00,0.7547064,0.7484999999999999,34910.679731511416,26357.852347090637,26120.19152152468,20.9911828803033,104.95546754481592,-237.66082556595575,-0.9016699177017303,trend_break,closed,2025-03-25T09:00:00+00:00,0.7532,0.75,-0.4248539564524645,3
d85ad7e2888f47b79e6eead8595df555,f3264b4c3ebe6cc4e6b48806a6a8e133,1,4,20,0,47821119356f0abce0a2832d156393b8,103a175cb2a70934e2431b24080e3269,fast,1h,spot,aster,ADA,1,2025-03-25T10:00:00+00:00,2025-03-25T12:00:00+00:00,0.7547064,0.7484999999999999,34948.84063270442,26386.66414356131,26148.743530693828,21.014128364664536,105.07019447816258,-237.9206128674814,-0.9016699177017309,trend_break,closed,2025-03-25T09:00:00+00:00,0.7532,0.75,-0.4248539564524645,3
d85ad7e2888f47b79e6eead8595df555,3373070c20f099c3f75399421b5c21d6,1,4,20,0,c53a212173311ab8cd0ec32613cdd472,a7973b8141d920e93ec015a0571afbf8,fast,1h,futures,aster,BNB,1,2025-03-27T09:00:00+00:00,2025-03-28T21:00:00+00:00,640.98942,615.9157,40.3765549190006,25891.296896935994,24858.606664890085,20.299799442261214,101.49535363099018,-1032.6902320459085,-3.9885612379969975,trend_break,closed,2025-03-27T08:00:00+00:00,639.71,617.15,-3.5265979897140975,37
d85ad7e2888f47b79e6eead8595df555,f3264b4c3ebe6cc4e6b48806a6a8e133,1,4,20,0,9f7a89f93f2602f3818f1a54fedfd926,a7973b8141d920e93ec015a0571afbf8,fast,1h,spot,aster,BNB,0,2025-03-27T09:00:00+00:00,2025-03-28T21:00:00+00:00,640.98942,615.9157,40.42069057418198,25919.598701147235,24885.779634308907,20.321989174650028,101.60629831013273,-1033.8190668383286,-3.9885612379969846,trend_break,closed,2025-03-27T08:00:00+00:00,639.71,617.15,-3.5265979897140975,37
d85ad7e2888f47b79e6eead8595df555,3373070c20f099c3f75399421b5c21d6,1,4,20,0,a061571491a484d0213aa1d700181dda,fa7626ef7299ace8e01acff27aa904c5,fast,1h,futures,aster,ETH,1,2025-04-01T16:00:00+00:00,2025-04-01T16:00:00+00:00,1927.2969,1910.34166,14.559889192044905,28072.45379589332,27803.237143391703,22.35023687708751,111.75064392235075,-269.2166525016182,-0.9590064853575484,trend_break,closed,2025-04-01T15:00:00+00:00,1923.45,1914.17,-0.48246640151810016,1
d85ad7e2888f47b79e6eead8595df555,f3264b4c3ebe6cc4e6b48806a6a8e133,1,4,20,0,7a392c11b71cf89213ea30a4fe699e6a,fa7626ef7299ace8e01acff27aa904c5,fast,1h,spot,aster,ETH,1,2025-04-01T16:00:00+00:00,2025-04-01T16:00:00+00:00,1927.2969,1910.34166,14.575804622426434,28103.13982503366,27833.62889152249,22.374667944819972,111.87279867023227,-269.51093351117015,-0.959006485357539,trend_break,closed,2025-04-01T15:00:00+00:00,1923.45,1914.17,-0.48246640151810016,1
d85ad7e2888f47b79e6eead8595df555,3373070c20f099c3f75399421b5c21d6,1,4,20,0,d3dc0779c169d80eabce8e38eb8ecea6,e724d966b0805765af0b31e091294c93,fast,1h,futures,aster,BTC,1,2025-04-02T16:00:00+00:00,2025-04-02T20:00:00+00:00,86953.85058,85506.54419999999,0.322094832912589,28018.5889280608,27530.19958060509,22.219440816281292,111.09578378491506,-488.38934745570805,-1.7430904486648968,trend_break,closed,2025-04-02T15:00:00+00:00,86780.29,85677.9,-1.2703230192017134,5
d85ad7e2888f47b79e6eead8595df555,3373070c20f099c3f75399421b5c21d6,1,4,20,0,8caf6de8eb740e844d445b956e05e5bb,ef914ce20977bbb6d1215f17a21e15b0,fast,1h,futures,aster,SOL,1,2025-04-02T16:00:00+00:00,2025-04-02T16:00:00+00:00,130.4604,130.81784000000002,171.37565875534457,22366.68008628235,22410.025909548487,17.910692199374807,89.55406423919285,43.345823266135994,0.19379641099583797,trend_break,closed,2025-04-02T15:00:00+00:00,130.2,131.08,0.6758832565284312,1
d85ad7e2888f47b79e6eead8595df555,f3264b4c3ebe6cc4e6b48806a6a8e133,1,4,20,0,a9647b05796840962103253ae6044d1c,e724d966b0805765af0b31e091294c93,fast,1h,spot,aster,BTC,1,2025-04-02T16:00:00+00:00,2025-04-02T20:00:00+00:00,86953.85058,85506.54419999999,0.322446915117464,28049.21607745675,27560.29287108522,22.243728910700398,111.21722270448295,-488.92320637152807,-1.7430904486649,trend_break,closed,2025-04-02T15:00:00+00:00,86780.29,85677.9,-1.2703230192017134,5
d85ad7e2888f47b79e6eead8595df555,f3264b4c3ebe6cc4e6b48806a6a8e133,1,4,20,0,088217dcd0090e999daf5ceb1223fd80,ef914ce20977bbb6d1215f17a21e15b0,fast,1h,spot,aster,SOL,1,2025-04-02T16:00:00+00:00,2025-04-02T16:00:00+00:00,130.4604,130.81784000000002,171.56748340748618,22391.71561733894,22435.109958565743,17.93074004237488,89.65430412941598,43.39434122680177,0.19379641099585743,trend_break,closed,2025-04-02T15:00:00+00:00,130.2,131.08,0.6758832565284312,1
d85ad7e2888f47b79e6eead8595df555,3373070c20f099c3f75399421b5c21d6,1,4,20,0,ddda0cd252df3abcd4785d29fe592113,62a67534a6f66860d16833e278774bb4,fast,1h,futures,aster,BNB,1,2025-04-09T18:00:00+00:00,2025-04-09T18:00:00+00:00,584.74716,578.91984,37.18912559248854,21754.934067320228,21520.91082868827,17.310303284333745,86.55099577391044,-234.02323863195852,-1.0757248811133056,trend_break,closed,2025-04-09T17:00:00+00:00,583.58,580.08,-0.5997463929538371,1
d85ad7e2888f47b79e6eead8595df555,3373070c20f099c3f75399421b5c21d6,1,4,20,0,87f149487a160b352e3fa4aaf8ad120d,5d7aea7a4d2fccd2f8657ffe5940531e,fast,1h,futures,aster,BTC,1,2025-04-09T18:00:00+00:00,2025-04-09T18:00:00+00:00,82307.95734,81784.37346,0.24832214652495013,20447.064198209926,20300.747621317452,16.299103925015274,81.49532553648665,-146.31657689247368,-0.7155872132747704,trend_break,closed,2025-04-09T17:00:00+00:00,82143.67,81948.27,-0.23787590693232774,1
d85ad7e2888f47b79e6eead8595df555,f3264b4c3ebe6cc4e6b48806a6a8e133,1,4,20,0,8bba1a8d7de1eb614321e4bf932bcefd,62a67534a6f66860d16833e278774bb4,fast,1h,spot,aster,BNB,0,2025-04-09T18:00:00+00:00,2025-04-09T18:00:00+00:00,584.74716,578.91984,37.229777368082615,21778.714586051952,21544.435534463144,17.32922533623384,86.64560546428604,-234.27905158880822,-1.0757248811132814,trend_break,closed,2025-04-09T17:00:00+00:00,583.58,580.08,-0.5997463929538371,1
d85ad7e2888f47b79e6eead8595df555,f3264b4c3ebe6cc4e6b48806a6a8e133,1,4,20,0,6bc59558361173f4dcba03e719dc5b36,5d7aea7a4d2fccd2f8657ffe5940531e,fast,1h,spot,aster,BTC,1,2025-04-09T18:00:00+00:00,2025-04-09T18:00:00+00:00,82307.95734,81784.37346,0.24826899937632693,20442.688015195006,20296.402753708615,16.295615509218095,81.47788349904056,-146.2852614863914,-0.71558721327478,trend_break,closed,2025-04-09T17:00:00+00:00,82143.67,81948.27,-0.23787590693232774,1
d85ad7e2888f47b79e6eead8595df555,3373070c20f099c3f75399421b5c21d6,1,4,20,0,1bc33db70c1ec686d7a2233bbf272c1a,3f09baad4da4c54876e2763bc122e71a,fast,1h,futures,aster,BTC,1,2025-04-16T15:00:00+00:00,2025-04-16T17:00:00+00:00,84784.97148000001,83215.54538,0.3283873169939825,27853.446229450816,27315.998907657384,22.06769559410309,110.33685779944184,-537.4473217934319,-1.9295541290153262,trend_break,closed,2025-04-16T14:00:00+00:00,84615.74,83382.31,-1.4576838777277223,3
d85ad7e2888f47b79e6eead8595df555,f3264b4c3ebe6cc4e6b48806a6a8e133,1,4,20,0,cd1ca10bab1a1480570c19bbdf62042a,3f09baad4da4c54876e2763bc122e71a,fast,1h,spot,aster,BTC,1,2025-04-16T15:00:00+00:00,2025-04-16T17:00:00+00:00,84784.97148000001,83215.54538,0.32874673134774673,27883.931354358516,27345.89580557869,22.09184831298281,110.45761962059065,-538.0355487798261,-1.9295541290153337,trend_break,closed,2025-04-16T14:00:00+00:00,84615.74,83382.31,-1.4576838777277223,3
d85ad7e2888f47b79e6eead8595df555,3373070c20f099c3f75399421b5c21d6,1,4,20,0,4cc845eaf7804c1cf511b9bcdab3922e,645f30d7ee39202300934b5e6212b530,fast,1h,futures,aster,SOL,1,2025-04-16T20:00:00+00:00,2025-05-30T00:00:00+00:00,132.9153,161.13708,134.38167803594934,17868.525603071877,21645.209655731323,15.806100901945852,79.04599065430612,3776.684052659446,21.135957921509625,trend_break,closed,2025-04-16T19:00:00+00:00,132.65,161.46,21.718808895589902,1037
d85ad7e2888f47b79e6eead8595df555,f3264b4c3ebe6cc4e6b48806a6a8e133,1,4,20,0,e4ae7b32c8e32fb3e6270cf404c3deb6,645f30d7ee39202300934b5e6212b530,fast,1h,spot,aster,SOL,1,2025-04-16T20:00:00+00:00,2025-05-30T00:00:00+00:00,132.9153,161.13708,134.52875650539562,17888.082401553427,21668.89997091073,15.823400411540828,79.13250515160382,3780.817569357303,21.135957921509636,trend_break,closed,2025-04-16T19:00:00+00:00,132.65,161.46,21.718808895589902,1037
d85ad7e2888f47b79e6eead8595df555,3373070c20f099c3f75399421b5c21d6,1,4,20,0,f3357ca7634cd8e9d13620045f422ed6,2fe24acfbb32f0a35bc4aeb04639fcf1,fast,1h,futures,aster,BNB,1,2025-04-17T17:00:00+00:00,2025-04-17T17:00:00+00:00,593.50464,590.3269799999999,46.84431897418282,27813.441597085068,27642.403964045963,22.18231440760143,110.9114202624137,-171.03763303910455,-0.6149459513742083,trend_break,closed,2025-04-17T16:00:00+00:00,592.32,591.51,-0.13675040518639214,1
d85ad7e2888f47b79e6eead8595df555,f3264b4c3ebe6cc4e6b48806a6a8e133,1,4,20,0,76a9c37321117a7268d85d222b8d6ca0,2fe24acfbb32f0a35bc4aeb04639fcf1,fast,1h,spot,aster,BNB,0,2025-04-17T17:00:00+00:00,2025-04-17T17:00:00+00:00,593.50464,590.3269799999999,46.89558928749989,27843.88293760054,27672.658106770396,22.206592574830253,111.032810932442,-171.22483083014595,-0.6149459513741992,trend_break,closed,2025-04-17T16:00:00+00:00,592.32,591.51,-0.13675040518639214,1
d85ad7e2888f47b79e6eead8595df555,3373070c20f099c3f75399421b5c21d6,1,4,20,0,90be6537d65cc0fde3abb296be094208,b9c16eb955f65c2c203060bc5dea8a12,fast,1h,futures,aster,ADA,1,2025-04-21T01:00:00+00:00,2025-04-21T01:00:00+00:00,0.6357689999999999,0.6382209999999999,43946.97081816783,27951.297738771776,28036.66051067687,22.39520054105505,111.97688164469163,85.36277190509281,0.3053982419810315,trend_break,closed,2025-04-21T00:00:00+00:00,0.6345,0.6395,0.7880220646178104,1
d85ad7e2888f47b79e6eead8595df555,3373070c20f099c3f75399421b5c21d6,1,4,20,0,0782e831f4f6fa13f132e1fcf7e74e45,56667cf8b8fac78c9809b1934d9e2238,fast,1h,futures,aster,BTC,1,2025-04-21T01:00:00+00:00,2025-06-05T17:00:00+00:00,86754.05178,103016.42426,0.32206128839894677,27951.29773877178,33164.331282498744,24.447089605409545,122.25688697712896,5213.033543726964,18.65041685165074,trend_break,closed,2025-04-21T00:00:00+00:00,86580.89,103222.87,19.221308535867433,1097
d85ad7e2888f47b79e6eead8595df555,3373070c20f099c3f75399421b5c21d6,1,4,20,0,d4f490d53c4715398213447f1eae8df5,bb772a2502d7eacaf92ea4a488a1e008,fast,1h,futures,aster,XRP,1,2025-04-21T01:00:00+00:00,2025-04-21T01:00:00+00:00,2.1075066,2.1139636,13257.430221141773,27951.29773877178,28014.514627066845,22.38633864285176,111.93248335709998,63.216888295064564,0.2261679900728731,trend_break,closed,2025-04-21T00:00:00+00:00,2.1033,2.1182,0.7084105928778506,1
d85ad7e2888f47b79e6eead8595df555,f3264b4c3ebe6cc4e6b48806a6a8e133,1,4,20,0,ce1d441ae34c840d1db59a9012a7c67e,b9c16eb955f65c2c203060bc5dea8a12,fast,1h,spot,aster,ADA,1,2025-04-21T01:00:00+00:00,2025-04-21T01:00:00+00:00,0.6357689999999999,0.6382209999999999,43995.070033025135,27981.889960498283,28067.34616051071,22.419711708549475,112.09943844414803,85.45620001242787,0.3053982419810292,trend_break,closed,2025-04-21T00:00:00+00:00,0.6345,0.6395,0.7880220646178104,1
d85ad7e2888f47b79e6eead8595df555,f3264b4c3ebe6cc4e6b48806a6a8e133,1,4,20,0,2b85d8eef203f53949bbfbba6de501fc,56667cf8b8fac78c9809b1934d9e2238,fast,1h,spot,aster,BTC,1,2025-04-21T01:00:00+00:00,2025-06-05T17:00:00+00:00,86754.05178,103016.42426,0.32276640191929273,28012.49366220859,33236.940500752746,24.500613496776865,122.52455337190597,5224.446838544154,18.650416851650768,trend_break,closed,2025-04-21T00:00:00+00:00,86580.89,103222.87,19.221308535867433,1097
d85ad7e2888f47b79e6eead8595df555,f3264b4c3ebe6cc4e6b48806a6a8e133,1,4,20,0,2370b3335c0f3fee3eec825fdbc7fc53,bb772a2502d7eacaf92ea4a488a1e008,fast,1h,spot,aster,XRP,0,2025-04-21T01:00:00+00:00,2025-04-21T01:00:00+00:00,2.1075066,2.1139636,13303.134366297178,28047.65805504918,28111.092879534794,22.46351411756777,112.31836345464707,63.4348244856119,0.22616799007285482,trend_break,closed,2025-04-21T00:00:00+00:00,2.1033,2.1182,0.7084105928778506,1
d85ad7e2888f47b79e6eead8595df555,3373070c20f099c3f75399421b5c21d6,1,4,20,0,0a23641e233f5a3d26965c3c132e2884,7d464347e5faaa4f842ddea948a169cc,fast,1h,futures,aster,ETH,1,2025-04-21T02:00:00+00:00,2025-04-21T02:00:00+00:00,1633.1497800000002,1629.94358,17.1203518717247,27971.282932386915,27894.045537610396,22.34612260539538,111.73084038524975,-77.23739477651907,-0.2761310411224962,trend_break,closed,2025-04-21T01:00:00+00:00,1629.89,1633.21,0.20369472786505582,1
d85ad7e2888f47b79e6eead8595df555,f3264b4c3ebe6cc4e6b48806a6a8e133,1,4,20,0,60ecda7fee04bef691030fa4d23543e0,7d464347e5faaa4f842ddea948a169cc,fast,1h,spot,aster,ETH,1,2025-04-21T02:00:00+00:00,2025-04-21T02:00:00+00:00,1633.1497800000002,1629.94358,17.13912978247566,28001.962340055034,27924.640229910707,22.37063223574983,111.85338878639266,-77.32211014432687,-0.2761310411225091,trend_break,closed,2025-04-21T01:00:00+00:00,1629.89,1633.21,0.20369472786505582,1
d85ad7e2888f47b79e6eead8595df555,3373070c20f099c3f75399421b5c21d6,1,4,20,0,10c9e00d708fb5f739c87a30f3783918,aa8cdaafe2076abf5a8f3408283c5f80,fast,1h,futures,aster,ADA,1,2025-04-22T15:00:00+00:00,2025-04-22T15:00:00+00:00,0.6599172,0.6533905999999999,41922.52194908217,27676.459458897476,27380.82505711604,22.022870028560327,110.11369615145921,-295.6344017814372,-1.0681799896424113,trend_break,closed,2025-04-22T14:00:00+00:00,0.6586,0.6547,-0.5921651989067689,1
d85ad7e2888f47b79e6eead8595df555,3373070c20f099c3f75399421b5c21d6,1,4,20,0,9049fc4588827672b811b8edf9a324dd,77530705674c6d05ed92a740c77609b1,fast,1h,futures,aster,XRP,1,2025-04-22T15:00:00+00:00,2025-04-24T08:00:00+00:00,2.1536988,2.1297319999999997,13141.333950289332,28313.796149201047,27976.32442884295,22.515997838302,112.57917968533866,-337.47172035809854,-1.1918985309485646,trend_break,closed,2025-04-22T14:00:00+00:00,2.1494,2.134,-0.7164790174002067,42
d85ad7e2888f47b79e6eead8595df555,f3264b4c3ebe6cc4e6b48806a6a8e133,1,4,20,0,9cb40c3dbbf8f41a52c7468f8a91b308,aa8cdaafe2076abf5a8f3408283c5f80,fast,1h,spot,aster,ADA,1,2025-04-22T15:00:00+00:00,2025-04-22T15:00:00+00:00,0.6599172,0.6533905999999999,41968.86838907327,27707.05650573154,27411.095272418395,22.047216885017345,110.23542971073985,-295.9612333131445,-1.0681799896424267,trend_break,closed,2025-04-22T14:00:00+00:00,0.6586,0.6547,-0.5921651989067689,1
d85ad7e2888f47b79e6eead8595df555,f3264b4c3ebe6cc4e6b48806a6a8e133,1,4,20,0,dbdac1e9e131af8a28a4d1629f107010,77530705674c6d05ed92a740c77609b1,fast,1h,spot,aster,XRP,0,2025-04-22T15:00:00+00:00,2025-04-24T08:00:00+00:00,2.1536988,2.1297319999999997,13134.499869876492,28299.071710996497,27961.775491001048,22.504288514089982,112.52063348525793,-337.29621999544906,-1.191898530948568,trend_break,closed,2025-04-22T14:00:00+00:00,2.1494,2.134,-0.7164790174002067,42
d85ad7e2888f47b79e6eead8595df555,3373070c20f099c3f75399421b5c21d6,1,4,20,0,45894c7f78ebfc10da2018555dd8a351,9a6df25c69b66a41e20740c7db6080f1,fast,1h,futures,aster,ETH,1,2025-04-22T16:00:00+00:00,2025-04-22T16:00:00+00:00,1706.3559,1687.85752,16.20217666978768,27657.738425235893,27336.026946176706,21.997458194321702,109.98653206165329,-321.7114790591877,-1.1631879444114157,trend_break,closed,2025-04-22T15:00:00+00:00,1702.95,1691.24,-0.687630288616814,1
d85ad7e2888f47b79e6eead8595df555,f3264b4c3ebe6cc4e6b48806a6a8e133,1,4,20,0,9e361d9be41a3304971806d7fc1c439a,9a6df25c69b66a41e20740c7db6080f1,fast,1h,spot,aster,ETH,1,2025-04-22T16:00:00+00:00,2025-04-22T16:00:00+00:00,1706.3559,1687.85752,16.22011175079981,27688.354297990438,27366.286698790293,22.02180839138576,110.10828220689442,-322.0675992001452,-1.163187944411417,trend_break,closed,2025-04-22T15:00:00+00:00,1702.95,1691.24,-0.687630288616814,1
d85ad7e2888f47b79e6eead8595df555,3373070c20f099c3f75399421b5c21d6,1,4,20,0,275866785d892501561ea665ff345818,1d69a642a65fe7d576a507f2695d33f9,fast,1h,futures,aster,BNB,1,2025-04-27T22:00:00+00:00,2025-04-30T13:00:00+00:00,607.45248,591.10542,46.75914565780978,28415.320576114795,27628.528599127665,22.417417370167446,112.08447769050952,-786.7919769871296,-2.768900582626146,trend_break,closed,2025-04-27T21:00:00+00:00,606.24,592.29,-2.3010688836104576,64
d85ad7e2888f47b79e6eead8595df555,f3264b4c3ebe6cc4e6b48806a6a8e133,1,4,20,0,70efd7c4d88625ec78433acff60e96d9,1d69a642a65fe7d576a507f2695d33f9,fast,1h,spot,aster,BNB,0,2025-04-27T22:00:00+00:00,2025-04-30T13:00:00+00:00,607.45248,591.10542,46.81138297072333,28447.064954066773,27659.394006813585,22.44246114779437,112.20969366380206,-787.6709472531875,-2.7689005826261264,trend_break,closed,2025-04-27T21:00:00+00:00,606.24,592.29,-2.3010688836104576,64
d85ad7e2888f47b79e6eead8595df555,3373070c20f099c3f75399421b5c21d6,1,4,20,0,b38d8ea212eff8682f6ecf0b4604ca45,b466145c0e1a5dec24b52a68a4015232,fast,1h,futures,aster,BTC,1,2025-05-06T23:00:00+00:00,2025-06-05T17:00:00+00:00,96411.87888,103016.42426,0.29445685354795115,28400.494155050827,30321.75859449988,23.489212260404557,117.45431013387014,1921.2644394490526,6.764897923817884,trend_break,closed,2025-05-06T22:00:00+00:00,96219.44,103222.87,7.278601912461746,715
d85ad7e2888f47b79e6eead8595df555,f3264b4c3ebe6cc4e6b48806a6a8e133,1,4,20,0,1226b3f60ad9ea97a1f97306fc75d59b,b466145c0e1a5dec24b52a68a4015232,fast,1h,spot,aster,BTC,1,2025-05-06T23:00:00+00:00,2025-06-05T17:00:00+00:00,96411.87888,103016.42426,0.2947878358868234,28432.417548469264,30355.84157289689,23.515615158888796,117.5863338983379,1923.4240244276261,6.764897923817874,trend_break,closed,2025-05-06T22:00:00+00:00,96219.44,103222.87,7.278601912461746,715
d85ad7e2888f47b79e6eead8595df555,3373070c20f099c3f75399421b5c21d6,1,4,20,0,a5cb48e3e854c19d6d5497130877287a,85b61dc3749560b22050067a84db0038,fast,1h,futures,aster,ETH,1,2025-05-07T01:00:00+00:00,2025-06-05T20:00:00+00:00,1847.89842,2405.40954,15.417408548161038,28501.200818599933,37070.34753118259,26.229994600186156,131.18487924727648,8569.146712582657,30.065914650832593,trend_break,closed,2025-05-07T00:00:00+00:00,1844.21,2410.23,30.691732503348312,716
d85ad7e2888f47b79e6eead8595df555,3373070c20f099c3f75399421b5c21d6,1,4,20,0,8c07fd9bdff05082fdcb0447ab3e5c59,92ca3a149be880e3b0f9c7fa625788aa,fast,1h,futures,aster,SOL,1,2025-05-07T01:00:00+00:00,2025-05-10T17:00:00+00:00,149.33808,141.62991395075312,190.77387962026347,28501.200818599933,27008.480439407384,22.20363722052421,111.0127480866455,-1492.7203791925494,-5.237394693273406,stop,closed,2025-05-07T00:00:00+00:00,149.04,141.91374143362037,-4.781440261929426,89
d85ad7e2888f47b79e6eead8595df555,f3264b4c3ebe6cc4e6b48806a6a8e133,1,4,20,0,259d852b49f7028cc3cbb7e3cad6d9e7,85b61dc3749560b22050067a84db0038,fast,1h,spot,aster,ETH,1,2025-05-07T01:00:00+00:00,2025-06-05T20:00:00+00:00,1847.89842,2405.40954,15.43475137914259,28533.261427685055,37112.04745563178,26.259500360611263,131.3324473149588,8578.786027946724,30.065914650832585,trend_break,closed,2025-05-07T00:00:00+00:00,1844.21,2410.23,30.691732503348312,716
d85ad7e2888f47b79e6eead8595df555,f3264b4c3ebe6cc4e6b48806a6a8e133,1,4,20,0,a824856ee79dd325273a6b1c93670b1d,92ca3a149be880e3b0f9c7fa625788aa,fast,1h,spot,aster,SOL,1,2025-05-07T01:00:00+00:00,2025-05-10T17:00:00+00:00,149.33808,141.62991395075312,190.64911264060666,28482.560904426107,26990.81677110933,22.189115941411394,110.94014524756847,-1491.7441333167772,-5.237394693273401,stop,closed,2025-05-07T00:00:00+00:00,149.04,141.91374143362037,-4.781440261929426,89
d85ad7e2888f47b79e6eead8595df555,3373070c20f099c3f75399421b5c21d6,1,4,20,0,0466c2e51b7d0b1b0e4ca372a6aebc10,37ab944a7b02b3a80fe00c422213e43a,fast,1h,futures,aster,SOL,1,2025-05-08T03:00:00+00:00,2025-05-10T17:00:00+00:00,150.52044,142.99789244188497,37.27118474376975,5612.319157004292,5327.568986824343,4.375910397649889,21.878518005282334,-284.75017017994924,-5.07366317228369,stop,closed,2025-05-08T02:00:00+00:00,150.22,143.2844613646142,-4.6169209395458655,63
d85ad7e2888f47b79e6eead8595df555,f3264b4c3ebe6cc4e6b48806a6a8e133,1,4,20,0,a1a0e70cac6dc6e6e319bdea1250cf55,37ab944a7b02b3a80fe00c422213e43a,fast,1h,spot,aster,SOL,1,2025-05-08T03:00:00+00:00,2025-05-10T17:00:00+00:00,150.52044,142.99789244188497,37.41787451574431,5634.40779794901,5348.536924528191,4.393132852552389,21.964626210304516,-285.8708734208194,-5.07366317228369,stop,closed,2025-05-08T02:00:00+00:00,150.22,143.2844613646142,-4.6169209395458655,63
d85ad7e2888f47b79e6eead8595df555,3373070c20f099c3f75399421b5c21d6,1,4,20,0,f60b5ed2636d237c79de521b7568724b,f762839aca352dddd5495f68bfe42480,fast,1h,futures,aster,SOL,1,2025-05-10T22:00:00+00:00,2025-05-30T00:00:00+00:00,174.31794,161.13708,87.26807845034918,15218.47661988855,14056.498489364712,11.709806000769381,58.54466310920125,-1161.9781305238375,-7.635311730250876,trend_break,closed,2025-05-10T21:00:00+00:00,173.97,161.46,-7.190894981893425,459
d85ad7e2888f47b79e6eead8595df555,f3264b4c3ebe6cc4e6b48806a6a8e133,1,4,20,0,4cf8f0740ab0bdb205df0c43ed949e3f,f762839aca352dddd5495f68bfe42480,fast,1h,spot,aster,SOL,1,2025-05-10T22:00:00+00:00,2025-05-30T00:00:00+00:00,174.31794,161.13708,87.36843983695697,15235.978407973631,14072.663961371129,11.72327269315008,58.611991549020956,-1163.3144466025024,-7.635311730250882,trend_break,closed,2025-05-10T21:00:00+00:00,173.97,161.46,-7.190894981893425,459
d85ad7e2888f47b79e6eead8595df555,3373070c20f099c3f75399421b5c21d6,1,4,20,0,84ce795d48bdbf6c957b510cb1ac1a45,efdb893163685149e91c2eebaa0aeb1a,fast,1h,futures,aster,BNB,1,2025-05-12T08:00:00+00:00,2025-05-12T19:00:00+00:00,660.84906,629.5930017609431,25.898998443445446,17122.174907802902,16299.305841341768,13.36846277956128,66.83934325276468,-822.8690664611349,-4.805867659289812,stop,closed,2025-05-12T07:00:00+00:00,659.53,630.8547111833097,-4.347836916696767,12
d85ad7e2888f47b79e6eead8595df555,f3264b4c3ebe6cc4e6b48806a6a8e133,1,4,20,0,d7fce4cc8f4ac8f1b8a5a555651ffb00,efdb893163685149e91c2eebaa0aeb1a,fast,1h,spot,aster,BNB,0,2025-05-12T08:00:00+00:00,2025-05-12T19:00:00+00:00,660.84906,629.5930017609431,25.87056214167074,17103.375287663894,16281.409706067087,13.353784619604877,66.76595571465933,-821.9655815968072,-4.8058676592898255,stop,closed,2025-05-12T07:00:00+00:00,659.53,630.8547111833097,-4.347836916696767,12
d85ad7e2888f47b79e6eead8595df555,3373070c20f099c3f75399421b5c21d6,1,4,20,0,c940fd30e4ef7909dd581d8f3427b0c4,7a396472b72c3176d6c7da6d06abebbd,fast,1h,futures,aster,BNB,1,2025-05-21T05:00:00+00:00,2025-05-31T01:00:00+00:00,663.13362,645.6261599999999,24.568894139059413,16298.976693715184,15855.975850136054,12.861912195311476,64.30809765322245,-443.00084357912965,-2.7179672190705624,trend_break,closed,2025-05-21T04:00:00+00:00,661.81,646.92,-2.2498904519423935,237
d85ad7e2888f47b79e6eead8595df555,f3264b4c3ebe6cc4e6b48806a6a8e133,1,4,20,0,bb839ed535a36a8207a0a3bcf938c01e,7a396472b72c3176d6c7da6d06abebbd,fast,1h,spot,aster,BNB,0,2025-05-21T05:00:00+00:00,2025-05-31T01:00:00+00:00,663.13362,645.6261599999999,24.54241385947016,16281.409706067083,15838.886327453607,12.848049665355646,64.23878658060876,-442.52337861347587,-2.717967219070561,trend_break,closed,2025-05-21T04:00:00+00:00,661.81,646.92,-2.2498904519423935,237
d85ad7e2888f47b79e6eead8595df555,3373070c20f099c3f75399421b5c21d6,1,4,20,0,bc8440e450c3f450c7f2c7fb7611d748,e33cfe30126293c2b9afdd7e9c9c99f3,fast,1h,futures,aster,XRP,1,2025-06-03T16:00:00+00:00,2025-06-03T16:00:00+00:00,2.2640190000000002,2.2521866,13873.45800260063,31422.336422595316,31233.117962636257,25.062155489083914,125.31062206268993,-189.21845995905824,-0.6021782002912877,trend_break,closed,2025-06-03T15:00:00+00:00,2.2595,2.2567,-0.12392122150919338,1
d85ad7e2888f47b79e6eead8595df555,f3264b4c3ebe6cc4e6b48806a6a8e133,1,4,20,0,8389c4dd477335ff64ac6481dfff9a13,e33cfe30126293c2b9afdd7e9c9c99f3,fast,1h,spot,aster,XRP,0,2025-06-03T16:00:00+00:00,2025-06-03T16:00:00+00:00,2.2640190000000002,2.2521866,13889.733868106034,31459.200030888493,31269.75958631645,25.091557551060056,125.45763219028095,-189.4404445720429,-0.6021782002912952,trend_break,closed,2025-06-03T15:00:00+00:00,2.2595,2.2567,-0.12392122150919338,1
d85ad7e2888f47b79e6eead8595df555,3373070c20f099c3f75399421b5c21d6,1,4,20,0,18fe99a0d200b8a7ec9494164ac419ca,4966b3707788718a0098e813296660c2,fast,1h,futures,aster,BTC,1,2025-06-09T11:00:00+00:00,2025-06-13T00:00:00+00:00,107287.65702,104651.68388549796,0.28319825444832014,30395.830662790824,29625.319331769835,24.00834055734579,120.03919693155481,-770.511331020989,-2.5349244097619397,stop,closed,2025-06-09T10:00:00+00:00,107073.51,104861.40669889575,-2.06596692412927,86
d85ad7e2888f47b79e6eead8595df555,f3264b4c3ebe6cc4e6b48806a6a8e133,1,4,20,0,b47dd71c79241fe2aecc6209a4110880,4966b3707788718a0098e813296660c2,fast,1h,spot,aster,BTC,1,2025-06-09T11:00:00+00:00,2025-06-13T00:00:00+00:00,107287.65702,104651.68388549796,0.2835290537029659,30431.33553603652,29659.92418331697,24.036384307746452,120.17941275650963,-771.4113527195514,-2.5349244097619468,stop,closed,2025-06-09T10:00:00+00:00,107073.51,104861.40669889575,-2.06596692412927,86
d85ad7e2888f47b79e6eead8595df555,3373070c20f099c3f75399421b5c21d6,1,4,20,0,ab4ce769745074e850550282736e6b06,06b2dc6747733c83ee4beac259ff3ca0,fast,1h,futures,aster,ETH,1,2025-06-09T22:00:00+00:00,2025-06-13T00:00:00+00:00,2650.05954,2531.369168653933,11.522334572610747,30547.086606281824,29155.615575026924,23.88086205809643,119.39931752707545,-1391.4710312548996,-4.5551677290519486,stop,closed,2025-06-09T21:00:00+00:00,2644.77,2536.4420527594516,-4.095930732749853,75
d85ad7e2888f47b79e6eead8595df555,f3264b4c3ebe6cc4e6b48806a6a8e133,1,4,20,0,8230e0fadb142038a37b6364160c3ab6,06b2dc6747733c83ee4beac259ff3ca0,fast,1h,spot,aster,ETH,1,2025-06-09T22:00:00+00:00,2025-06-13T00:00:00+00:00,2650.05954,2531.369168653933,11.535793623394179,30582.76815912417,29189.671773288977,23.90875690294463,119.53878591935108,-1393.0963858351934,-4.55516772905193,stop,closed,2025-06-09T21:00:00+00:00,2644.77,2536.4420527594516,-4.095930732749853,75
d85ad7e2888f47b79e6eead8595df555,3373070c20f099c3f75399421b5c21d6,1,4,20,0,852e3363272b48f83772794c7201a6cd,ad04d6915fdc73835172bcb01cdc1e01,fast,1h,futures,aster,SOL,1,2025-06-10T19:00:00+00:00,2025-06-12T05:00:00+00:00,164.45826,159.32072,170.3053428017911,28019.323594024445,27122.316567094167,22.05651607236571,110.27952167787181,-897.0070269302778,-3.2013871566891727,trend_break,closed,2025-06-10T18:00:00+00:00,164.13,159.64,-2.735636385791751,35
d85ad7e2888f47b79e6eead8595df555,f3264b4c3ebe6cc4e6b48806a6a8e133,1,4,20,0,3a013b2a6879fcd73a3b9115fea7b1ec,ad04d6915fdc73835172bcb01cdc1e01,fast,1h,spot,aster,SOL,1,2025-06-10T19:00:00+00:00,2025-06-12T05:00:00+00:00,164.45826,159.32072,170.5042736905806,28052.052508186145,27153.997702001372,22.082279928470808,110.40833738559854,-898.054806184773,-3.2013871566891687,trend_break,closed,2025-06-10T18:00:00+00:00,164.13,159.64,-2.735636385791751,35
d85ad7e2888f47b79e6eead8595df555,3373070c20f099c3f75399421b5c21d6,1,4,20,0,e643612434000bfd4d3184e67cde5567,02b7de171777a8e334244646913a9308,fast,1h,futures,aster,XRP,1,2025-06-11T09:00:00+00:00,2025-06-11T22:00:00+00:00,2.3292492,2.2538831999999998,13206.052569275687,30772.4914570962,29752.99406419762,24.21003496254026,121.04667784998097,-1019.4973928985783,-3.3130154388700954,trend_break,closed,2025-06-11T08:00:00+00:00,2.3246,2.2584,-2.8478017723479465,14
d85ad7e2888f47b79e6eead8595df555,f3264b4c3ebe6cc4e6b48806a6a8e133,1,4,20,0,cbe6e813651fe091815176873e85dc87,02b7de171777a8e334244646913a9308,fast,1h,spot,aster,XRP,0,2025-06-11T09:00:00+00:00,2025-06-11T22:00:00+00:00,2.3292492,2.2538831999999998,13221.47834354552,30808.436301662536,29787.748050514,24.238314308880717,121.18807049693822,-1020.6882511485346,-3.3130154388700817,trend_break,closed,2025-06-11T08:00:00+00:00,2.3246,2.2584,-2.8478017723479465,14
d85ad7e2888f47b79e6eead8595df555,3373070c20f099c3f75399421b5c21d6,1,4,20,0,2475176567e66204497c551cf4db0591,c953f44ea3aea032b4afeb9982e4d33c,fast,1h,futures,aster,XRP,1,2025-06-16T08:00:00+00:00,2025-06-16T08:00:00+00:00,2.2080072,2.2004902,13391.251548225526,29579.807027427305,29455.530870486054,23.614119053239282,118.07066490070446,-124.27615694125052,-0.4201384979490159,trend_break,closed,2025-06-16T07:00:00+00:00,2.2036,2.2049,0.05899437284444531,1
d85ad7e2888f47b79e6eead8595df555,f3264b4c3ebe6cc4e6b48806a6a8e133,1,4,20,0,22d6a360ec351cd4b0674907f8d8e114,c953f44ea3aea032b4afeb9982e4d33c,fast,1h,spot,aster,XRP,0,2025-06-16T08:00:00+00:00,2025-06-16T08:00:00+00:00,2.2080072,2.2004902,13406.893650397227,29614.358716795243,29489.937394905268,23.641702319941075,118.20858131555235,-124.42132188997493,-0.420138497949009,trend_break,closed,2025-06-16T07:00:00+00:00,2.2036,2.2049,0.05899437284444531,1
d85ad7e2888f47b79e6eead8595df555,3373070c20f099c3f75399421b5c21d6,1,4,20,0,020375321d5a6c390a78b624cbe2fc62,8d8da4466e992b6ad6113c203ca0bae3,fast,1h,futures,aster,BNB,1,2025-06-23T23:00:00+00:00,2025-06-23T23:00:00+00:00,641.55054,637.48248,46.04956704440598,29554.941853946504,29344.04988551324,23.559566722599627,117.79755547361316,-210.891968433265,-0.7135590706807781,trend_break,closed,2025-06-23T22:00:00+00:00,640.27,638.76,-0.23583800584128234,1
d85ad7e2888f47b79e6eead8595df555,3373070c20f099c3f75399421b5c21d6,1,4,20,0,ce9d4fd045762aab0ba4aacce11b7002,847d80921ee60f81cae9536b2df3db05,fast,1h,futures,aster,BTC,1,2025-06-23T23:00:00+00:00,2025-08-01T08:00:00+00:00,105521.45166,114420.27086,0.27997268933804637,29554.9418539465,32021.737127082914,24.631070220626704,123.16580947174484,2466.795273136413,8.346473105332871,trend_break,closed,2025-06-23T22:00:00+00:00,105310.83,114649.57,8.867786912324217,922
d85ad7e2888f47b79e6eead8595df555,3373070c20f099c3f75399421b5c21d6,1,4,20,0,7ca58ad184c66f7a73df71f0023d7b88,99546b08670c035a0c18b60cb95c3003,fast,1h,futures,aster,SOL,1,2025-06-23T23:00:00+00:00,2025-06-23T23:00:00+00:00,145.08960000000002,144.211,131.20123042282142,19043.548415171615,18913.0923762493,15.182637872824198,75.91303192264448,-130.4560389223152,-0.6850406031387695,trend_break,closed,2025-06-23T22:00:00+00:00,144.8,144.5,-0.2071823204420009,1
d85ad7e2888f47b79e6eead8595df555,3373070c20f099c3f75399421b5c21d6,1,4,20,0,8b7c7a895c1c0ac2b725b2f96b8c03de,4f96b1f7c2c9943b786b5133ad76ca6e,fast,1h,futures,aster,XRP,1,2025-06-23T23:00:00+00:00,2025-06-23T23:00:00+00:00,2.1620154,2.16067,10620.562093813569,22971.003531002574,22938.35088728047,18.36373948108854,91.81900752585584,-32.652643722103676,-0.1421472234682058,trend_break,closed,2025-06-23T22:00:00+00:00,2.1577,2.165,0.3383232145339976,1
d85ad7e2888f47b79e6eead8595df555,f3264b4c3ebe6cc4e6b48806a6a8e133,1,4,20,0,2bfc4a7468da767f73da7b833517989d,8d8da4466e992b6ad6113c203ca0bae3,fast,1h,spot,aster,BNB,0,2025-06-23T23:00:00+00:00,2025-06-23T23:00:00+00:00,641.55054,637.48248,46.103356791396926,29589.464498711495,29378.32619081507,23.58708626761517,117.93515287380083,-211.13830789642452,-0.7135590706807782,trend_break,closed,2025-06-23T22:00:00+00:00,640.27,638.76,-0.23583800584128234,1
d85ad7e2888f47b79e6eead8595df555,f3264b4c3ebe6cc4e6b48806a6a8e133,1,4,20,0,a7bba74cc2d83c36e8e761cb2f14bc51,847d80921ee60f81cae9536b2df3db05,fast,1h,spot,aster,BTC,1,2025-06-23T23:00:00+00:00,2025-08-01T08:00:00+00:00,105521.45166,114420.27086,0.280033454028068,29561.356397038577,32028.687058288997,24.636416096863407,123.1925411227909,2467.3306612504202,8.346473105332862,trend_break,closed,2025-06-23T22:00:00+00:00,105310.83,114649.57,8.867786912324217,922
d85ad7e2888f47b79e6eead8595df555,f3264b4c3ebe6cc4e6b48806a6a8e133,1,4,20,0,36422d3230786c159393a6573648b551,99546b08670c035a0c18b60cb95c3003,fast,1h,spot,aster,SOL,1,2025-06-23T23:00:00+00:00,2025-06-23T23:00:00+00:00,145.08960000000002,144.211,131.2118350333558,19045.087649319685,18914.621066018477,15.183865040900344,75.91916775029968,-130.46658330120772,-0.6850406031387739,trend_break,closed,2025-06-23T22:00:00+00:00,144.8,144.5,-0.2071823204420009,1
d85ad7e2888f47b79e6eead8595df555,f3264b4c3ebe6cc4e6b48806a6a8e133,1,4,20,0,b8bfa51c5fad39f5dfdb5547bd705dd7,4f96b1f7c2c9943b786b5133ad76ca6e,fast,1h,spot,aster,XRP,0,2025-06-23T23:00:00+00:00,2025-06-23T23:00:00+00:00,2.1620154,2.16067,10615.310751367379,22959.645506369943,22927.00900776449,18.35465952055952,91.77360756987154,-32.63649860545411,-0.14214722346823436,trend_break,closed,2025-06-23T22:00:00+00:00,2.1577,2.165,0.3383232145339976,1
d85ad7e2888f47b79e6eead8595df555,3373070c20f099c3f75399421b5c21d6,1,4,20,0,153d0ee8e863efcbb6f3da7ed35323b5,ff18b78208c2a97f1027e7f291ac5f51,fast,1h,futures,aster,ETH,1,2025-06-24T17:00:00+00:00,2025-06-24T17:00:00+00:00,2480.5712399999998,2453.54308,7.904999856315312,19616.758861898204,19387.499591785483,15.60166919625733,78.00780338209651,-229.25927011272142,-1.1686908715486821,trend_break,closed,2025-06-24T16:00:00+00:00,2475.62,2458.46,-0.6931596933293371,1
d85ad7e2888f47b79e6eead8595df555,f3264b4c3ebe6cc4e6b48806a6a8e133,1,4,20,0,1a9806fe55a90a1f2d52dacd2202c98f,ff18b78208c2a97f1027e7f291ac5f51,fast,1h,spot,aster,ETH,1,2025-06-24T17:00:00+00:00,2025-06-24T17:00:00+00:00,2480.5712399999998,2453.54308,7.91423704467474,19639.68153108258,19410.154365827584,15.619900133601647,78.09895743477747,-229.52716525499636,-1.1686908715486912,trend_break,closed,2025-06-24T16:00:00+00:00,2475.62,2458.46,-0.6931596933293371,1
d85ad7e2888f47b79e6eead8595df555,3373070c20f099c3f75399421b5c21d6,1,4,20,0,837ea5de02792790f0d92d8bc4362bb6,c7828050c8a1e3848f5efd7c6a7a50da,fast,1h,futures,aster,XRP,1,2025-06-27T22:00:00+00:00,2025-06-27T22:00:00+00:00,2.1456828,2.1406102,13707.627662573235,29423.985792749347,29330.9505172695,23.501963398677606,117.51000890017532,-93.03527547984777,-0.31618855492641484,trend_break,closed,2025-06-27T21:00:00+00:00,2.1414,2.1449,0.16344447557672392,1
d85ad7e2888f47b79e6eead8595df555,f3264b4c3ebe6cc4e6b48806a6a8e133,1,4,20,0,a49b7260ffd587cb7f49260ccf65ec53,c7828050c8a1e3848f5efd7c6a7a50da,fast,1h,spot,aster,XRP,0,2025-06-27T22:00:00+00:00,2025-06-27T22:00:00+00:00,2.1456828,2.1406102,13723.62026568134,29458.314572187002,29365.170753035527,23.52938299177923,117.64710708957986,-93.14381915147533,-0.316188554926414,trend_break,closed,2025-06-27T21:00:00+00:00,2.1414,2.1449,0.16344447557672392,1
d85ad7e2888f47b79e6eead8595df555,3373070c20f099c3f75399421b5c21d6,1,4,20,0,ff3e65b1f737eec69f966643251ef10e,004b80550f668aa0d3c8302ba8253daa,fast,1h,futures,aster,ETH,1,2025-06-29T23:00:00+00:00,2025-06-30T09:00:00+00:00,2509.23846,2448.05408,11.779236024453494,29568.734826801003,28824.672326222775,23.357247548369024,116.78382205612124,-744.0625005782276,-2.516382607969455,trend_break,closed,2025-06-29T22:00:00+00:00,2504.23,2452.96,-2.0473359076442654,11
d85ad7e2888f47b79e6eead8595df555,f3264b4c3ebe6cc4e6b48806a6a8e133,1,4,20,0,eefbdefa6194137c37d23cd6aacdbdad,004b80550f668aa0d3c8302ba8253daa,fast,1h,spot,aster,ETH,1,2025-06-29T23:00:00+00:00,2025-06-30T09:00:00+00:00,2509.23846,2448.05408,11.792952784802365,29603.167216864033,28858.238265610755,23.384446745869194,116.91981523058888,-744.9289512532778,-2.516382607969441,trend_break,closed,2025-06-29T22:00:00+00:00,2504.23,2452.96,-2.0473359076442654,11
d85ad7e2888f47b79e6eead8595df555,3373070c20f099c3f75399421b5c21d6,1,4,20,0,debc5c18b4a103ae5bb1990e796caa04,2bb2708d13d8ac2b6d1426f6b61811a1,fast,1h,futures,aster,BNB,1,2025-06-30T17:00:00+00:00,2025-07-01T14:00:00+00:00,659.63664,646.14512,44.51267152218459,29373.93395594966,28750.14082402966,23.24953382501603,116.2457319336155,-623.7931319199997,-2.123628155682059,trend_break,closed,2025-06-30T16:00:00+00:00,658.32,647.44,-1.6526917000850627,22
d85ad7e2888f47b79e6eead8595df555,f3264b4c3ebe6cc4e6b48806a6a8e133,1,4,20,0,2d3c5aab1798422018af0551cc6efa0a,2bb2708d13d8ac2b6d1426f6b61811a1,fast,1h,spot,aster,BNB,0,2025-06-30T17:00:00+00:00,2025-07-01T14:00:00+00:00,659.63664,646.14512,44.56457186562758,29408.1830182605,28783.66256361021,23.27664203373827,116.38127071852375,-624.52045465029,-2.1236281556820593,trend_break,closed,2025-06-30T16:00:00+00:00,658.32,647.44,-1.6526917000850627,22
d85ad7e2888f47b79e6eead8595df555,3373070c20f099c3f75399421b5c21d6,1,4,20,0,b2ca0ad216cb9daa1efa30eea20fff5f,486a681ae726b1c7976584734f1b0627,fast,1h,futures,aster,ADA,1,2025-06-30T20:00:00+00:00,2025-06-30T20:00:00+00:00,0.5911799999999999,0.5824328,46167.2001622353,27304.042642067023,26878.535941987695,21.672966820224566,108.3636522207987,-425.50670007932786,-1.5584018295655406,trend_break,closed,2025-06-30T19:00:00+00:00,0.59,0.5836,-1.0847457627118584,1
d85ad7e2888f47b79e6eead8595df555,f3264b4c3ebe6cc4e6b48806a6a8e133,1,4,20,0,b7366e577086fe010fa87881aa9184b9,486a681ae726b1c7976584734f1b0627,fast,1h,spot,aster,ADA,1,2025-06-30T20:00:00+00:00,2025-06-30T20:00:00+00:00,0.5911799999999999,0.5824328,46221.014210773945,27335.869156797788,26909.86647173061,21.69822956269848,108.48996455552862,-426.0026850671784,-1.5584018295655382,trend_break,closed,2025-06-30T19:00:00+00:00,0.59,0.5836,-1.0847457627118584,1
d85ad7e2888f47b79e6eead8595df555,3373070c20f099c3f75399421b5c21d6,1,4,20,0,5896f5d00252593d83948fb2e5b396ea,339883e8a8eb4fa1159b58e06261e0b3,fast,1h,futures,aster,BNB,1,2025-07-02T09:00:00+00:00,2025-08-02T22:00:00+00:00,659.32602,733.69966,44.218789624801154,29166.260411966454,32430.3335889628,24.639163794346228,123.20946665896093,3264.073176996346,11.191263915538341,trend_break,closed,2025-07-02T08:00:00+00:00,658.01,735.17,11.726265558274186,758
d85ad7e2888f47b79e6eead8595df555,f3264b4c3ebe6cc4e6b48806a6a8e133,1,4,20,0,f663b14639c3a55b05ae1f144a3cc9b9,339883e8a8eb4fa1159b58e06261e0b3,fast,1h,spot,aster,BNB,0,2025-07-02T09:00:00+00:00,2025-08-02T22:00:00+00:00,659.32602,733.69966,44.27034408821901,29200.265207624656,32468.143951047055,24.667890470930107,123.35311595364992,3267.8787434223996,11.191263915538356,trend_break,closed,2025-07-02T08:00:00+00:00,658.01,735.17,11.726265558274186,758
d85ad7e2888f47b79e6eead8595df555,3373070c20f099c3f75399421b5c21d6,1,4,20,0,efd015b78b8bea65fac9a1dafe774158,f5ff85e105449e31b7b2e5e62152ad00,fast,1h,futures,aster,ETH,1,2025-07-02T17:00:00+00:00,2025-09-22T00:00:00+00:00,2565.9516599999997,4331.32,11.404046102786019,29273.935920571577,49374.81513673277,31.46272159763178,157.3947669349777,20100.87921616119,68.66476469273051,trend_break,closed,2025-07-02T16:00:00+00:00,2560.83,4340,69.47630260501478,1952
d85ad7e2888f47b79e6eead8595df555,3373070c20f099c3f75399421b5c21d6,1,4,20,0,b4c92a268558ea098365a7c0cab7f5b8,ace4bf6568f2dbff0b0961bcbb1a1d3a,fast,1h,futures,aster,SOL,1,2025-07-02T17:00:00+00:00,2025-07-03T15:00:00+00:00,153.27594,149.59022,177.0449236899211,27147.58179164124,26473.59540902464,21.44836647418377,107.239651177459,-673.9863826166002,-2.482675576003315,trend_break,closed,2025-07-02T16:00:00+00:00,152.97,149.89,-2.013466692815591,23
d85ad7e2888f47b79e6eead8595df555,3373070c20f099c3f75399421b5c21d6,1,4,20,0,d37fc3de0f13f67889e0d130b9db61d6,54e1380a03509cbded18075217d79470,fast,1h,futures,aster,XRP,1,2025-07-02T17:00:00+00:00,2025-08-02T14:00:00+00:00,2.2574058,2.873242,12962.769488835509,29273.935920571577,37230.27566214806,26.602961903920413,133.0472734795099,7956.339741576481,27.178920399239342,trend_break,closed,2025-07-02T16:00:00+00:00,2.2529,2.879,27.790847352301483,742
d85ad7e2888f47b79e6eead8595df555,f3264b4c3ebe6cc4e6b48806a6a8e133,1,4,20,0,40b67fbdb70e34f112494579b4a00bed,f5ff85e105449e31b7b2e5e62152ad00,fast,1h,spot,aster,ETH,1,2025-07-02T17:00:00+00:00,2025-09-22T00:00:00+00:00,2565.9516599999997,4331.32,11.417311640690729,29307.988265070562,49432.24944345434,31.499320005089704,157.5778533788556,20124.26117838378,68.66476469273053,trend_break,closed,2025-07-02T16:00:00+00:00,2560.83,4340,69.47630260501478,1952
d85ad7e2888f47b79e6eead8595df555,f3264b4c3ebe6cc4e6b48806a6a8e133,1,4,20,0,e1fbd59aec38972996c09781e7e1eea5,ace4bf6568f2dbff0b0961bcbb1a1d3a,fast,1h,spot,aster,SOL,1,2025-07-02T17:00:00+00:00,2025-07-03T15:00:00+00:00,153.27594,149.59022,177.14064634645712,27162.25964059316,26487.90885460555,21.4599629355478,107.297632304976,-674.3507859876117,-2.4826755760033135,trend_break,closed,2025-07-02T16:00:00+00:00,152.97,149.89,-2.013466692815591,23
d85ad7e2888f47b79e6eead8595df555,f3264b4c3ebe6cc4e6b48806a6a8e133,1,4,20,0,50b6c02907dbe581e9a394f7305d0e1d,54e1380a03509cbded18075217d79470,fast,1h,spot,aster,XRP,0,2025-07-02T17:00:00+00:00,2025-08-02T14:00:00+00:00,2.2574058,2.873242,12937.33425700695,29216.495313661504,37157.22331840906,26.55076221743094,132.78621134706793,7940.728004747554,27.17892039923935,trend_break,closed,2025-07-02T16:00:00+00:00,2.2529,2.879,27.790847352301483,742
d85ad7e2888f47b79e6eead8595df555,3373070c20f099c3f75399421b5c21d6,1,4,20,0,a46f5fea5da201ce53d14c00b68a44b4,dfebff6e5eaff7bc24ee7aa2568e8b54,fast,1h,futures,aster,XRP,1,2025-07-07T14:00:00+00:00,2025-07-08T02:00:00+00:00,2.33967,2.2504559909787694,11661.005612588013,27293.818163604436,26232.082909709075,21.41019397731582,107.04723677528652,-1061.73525389536,-3.890020983986605,stop,closed,2025-07-07T13:00:00+00:00,2.335,2.254965922824418,-3.4275836049499686,13
d85ad7e2888f47b79e6eead8595df555,f3264b4c3ebe6cc4e6b48806a6a8e133,1,4,20,0,68bb609883cabf71065f71607dc9d4b1,dfebff6e5eaff7bc24ee7aa2568e8b54,fast,1h,spot,aster,XRP,0,2025-07-07T14:00:00+00:00,2025-07-08T02:00:00+00:00,2.33967,2.2504559909787694,11721.47227655485,27435.346792103603,26368.10604486127,21.521213819660602,107.60231662943583,-1067.2407472423329,-3.8900209839866298,stop,closed,2025-07-07T13:00:00+00:00,2.335,2.254965922824418,-3.4275836049499686,13
d85ad7e2888f47b79e6eead8595df555,3373070c20f099c3f75399421b5c21d6,1,4,20,0,6b85f01f987878188bb21a71876c38cb,cba99eae2a15c6de58c87e8ba8eca3af,fast,1h,futures,aster,SOL,1,2025-07-08T13:00:00+00:00,2025-07-08T15:00:00+00:00,152.74488,149.5004,171.66643980281646,26231.658215607506,25653.935736530148,20.754148465922164,103.7689295320065,-577.722479077358,-2.2023864230345165,trend_break,closed,2025-07-08T12:00:00+00:00,152.44,149.8,-1.7318289162949307,3
d85ad7e2888f47b79e6eead8595df555,f3264b4c3ebe6cc4e6b48806a6a8e133,1,4,20,0,233e462839c3cfb64c88e29a7dec9619,cba99eae2a15c6de58c87e8ba8eca3af,fast,1h,spot,aster,SOL,1,2025-07-08T13:00:00+00:00,2025-07-08T15:00:00+00:00,152.74488,149.5004,172.55938804399474,26368.106044861273,25787.3784573179,20.86210422239434,104.30869888483394,-580.7275875433734,-2.202386423034536,trend_break,closed,2025-07-08T12:00:00+00:00,152.44,149.8,-1.7318289162949307,3
d85ad7e2888f47b79e6eead8595df555,3373070c20f099c3f75399421b5c21d6,1,4,20,0,299bf564d422d3428d0b7014e6f772db,fa0b772e3cedbb47861b58173c29e92e,fast,1h,futures,aster,ETH,1,2025-07-08T18:00:00+00:00,2025-09-22T00:00:00+00:00,2621.17188,4331.32,9.783199440027207,25653.704647538514,42357.21773161921,27.20704586688388,136.1026966257257,16703.513084080696,65.11150460946547,trend_break,closed,2025-07-08T17:00:00+00:00,2615.94,4340,65.90594585502726,1807
d85ad7e2888f47b79e6eead8595df555,f3264b4c3ebe6cc4e6b48806a6a8e133,1,4,20,0,bb6e4890827c1da5eaa9031540e47c6b,fa0b772e3cedbb47861b58173c29e92e,fast,1h,spot,aster,ETH,1,2025-07-08T18:00:00+00:00,2025-09-22T00:00:00+00:00,2621.17188,4331.32,9.83417677678802,25787.3784573179,42577.928570214746,27.34881367484131,136.81188721746173,16790.550112896846,65.11150460946546,trend_break,closed,2025-07-08T17:00:00+00:00,2615.94,4340,65.90594585502726,1807
d85ad7e2888f47b79e6eead8595df555,3373070c20f099c3f75399421b5c21d6,1,4,20,0,517a715636ddb85352dac44e399f02dd,979579b4523f4c434a7c1e30a5028af0,fast,1h,futures,aster,BTC,1,2025-08-06T16:00:00+00:00,2025-08-07T02:00:00+00:00,115651.66164,114439.44244,0.309523175796909,35811.18834484116,35407.49099659218,28.487411702983493,142.43612741968096,-403.6973482489775,-1.127293918206802,trend_break,closed,2025-08-06T15:00:00+00:00,115420.82,114668.78,-0.6515635567309386,11
d85ad7e2888f47b79e6eead8595df555,f3264b4c3ebe6cc4e6b48806a6a8e133,1,4,20,0,83c55505bb895c7c85ad18bb89a4c8d7,979579b4523f4c434a7c1e30a5028af0,fast,1h,spot,aster,BTC,1,2025-08-06T16:00:00+00:00,2025-08-07T02:00:00+00:00,115651.66164,114439.44244,0.3098973815368781,35854.48317147006,35450.2977632736,28.52185226772852,142.60832911773537,-404.18540819646296,-1.127293918206801,trend_break,closed,2025-08-06T15:00:00+00:00,115420.82,114668.78,-0.6515635567309386,11
d85ad7e2888f47b79e6eead8595df555,3373070c20f099c3f75399421b5c21d6,1,4,20,0,9afb0ae9d0d9fcaa78b4517d5678c70d,e0a7a66606210b40beed82dedd5be5eb,fast,1h,futures,aster,BNB,1,2025-08-07T11:00:00+00:00,2025-10-17T06:00:00+00:00,775.33758,1091.3628999999999,47.047650656397565,36492.402729258545,51325.522034369525,35.12954882526786,175.70791995343484,14833.11930511098,40.64714350315502,trend_break,closed,2025-08-07T10:00:00+00:00,773.79,1093.55,41.32387340234431,1700
d85ad7e2888f47b79e6eead8595df555,3373070c20f099c3f75399421b5c21d6,1,4,20,0,76aea1e592454e2cd9794c5648becd3a,732db0f04915755f6f2fde70cff6a347,fast,1h,futures,aster,BTC,1,2025-08-07T11:00:00+00:00,2025-08-18T01:00:00+00:00,116586.53766,116115.74312,0.3128818501411932,36492.402729258545,36315.97633448996,29.123328057008727,145.61663353931095,-176.42639476858312,-0.4834606152889176,trend_break,closed,2025-08-07T10:00:00+00:00,116353.83,116348.44,-0.00463242164009392,255
d85ad7e2888f47b79e6eead8595df555,3373070c20f099c3f75399421b5c21d6,1,4,20,0,2f04511b4869a45ae391c87055899e15,21af992f01479bd0a306bac4f27329ec,fast,1h,futures,aster,ETH,1,2025-08-07T11:00:00+00:00,2025-09-22T00:00:00+00:00,3821.20716,4331.32,7.4260605891623985,28387.866500258733,32151.77889315046,24.216464257980824,121.0979581971655,3763.912392891725,13.258877319496412,trend_break,closed,2025-08-07T10:00:00+00:00,3813.58,4340,13.80382737480268,1094
d85ad7e2888f47b79e6eead8595df555,f3264b4c3ebe6cc4e6b48806a6a8e133,1,4,20,0,498d3e3a7bbac5151cc1011a3e7c7d86,e0a7a66606210b40beed82dedd5be5eb,fast,1h,spot,aster,BNB,0,2025-08-07T11:00:00+00:00,2025-10-17T06:00:00+00:00,775.33758,1091.3628999999999,47.106321145421695,36537.910360009926,51389.5272170973,35.17335691727713,175.92703545538347,14851.61685708737,40.647143503155,trend_break,closed,2025-08-07T10:00:00+00:00,773.79,1093.55,41.32387340234431,1700
d85ad7e2888f47b79e6eead8595df555,f3264b4c3ebe6cc4e6b48806a6a8e133,1,4,20,0,9719c73bc0cf37f63c1abd972e708296,732db0f04915755f6f2fde70cff6a347,fast,1h,spot,aster,BTC,1,2025-08-07T11:00:00+00:00,2025-08-18T01:00:00+00:00,116586.53766,116115.74312,0.3132035243964088,36529.92061808355,36353.31283909882,29.153269790151484,145.76634219808943,-176.60777898473316,-0.48346061528889905,trend_break,closed,2025-08-07T10:00:00+00:00,116353.83,116348.44,-0.00463242164009392,255
d85ad7e2888f47b79e6eead8595df555,f3264b4c3ebe6cc4e6b48806a6a8e133,1,4,20,0,0e023d73d3efc072ae410d35ce1e8cf8,21af992f01479bd0a306bac4f27329ec,fast,1h,spot,aster,ETH,1,2025-08-07T11:00:00+00:00,2025-09-22T00:00:00+00:00,3821.20716,4331.32,7.372217326631863,28182.03794145517,31918.659778246645,24.04088079391554,120.21992750015804,3736.6218367914735,13.258877319496412,trend_break,closed,2025-08-07T10:00:00+00:00,3813.58,4340,13.80382737480268,1094
d85ad7e2888f47b79e6eead8595df555,3373070c20f099c3f75399421b5c21d6,1,4,20,0,f49801455cc58ce18da70003a58daaaa,cc74b81cfba1bb3eabb044a76c9f47fb,fast,1h,futures,aster,ADA,1,2025-08-22T15:00:00+00:00,2025-08-25T20:00:00+00:00,0.9052068,0.8313219177155124,29724.51041805999,26917.591688681583,24700.752749094798,20.64698638439804,103.22656006041763,-2216.8389395867853,-8.235651113316095,stop,closed,2025-08-22T14:00:00+00:00,0.9034,0.8329878935025175,-7.794122924228752,78
d85ad7e2888f47b79e6eead8595df555,3373070c20f099c3f75399421b5c21d6,1,4,20,0,e2edf971eeb00931d36c7dc95ef4b58d,151dd0fc14d1b33934299c6b6d4ae83a,fast,1h,futures,aster,BNB,1,2025-08-22T15:00:00+00:00,2025-08-26T00:00:00+00:00,875.72796,831.5237433214857,10.605159266666284,9290.94938386879,8814.914355246116,7.242270488804661,36.20962211147922,-476.0350286226749,-5.123642471340769,stop,closed,2025-08-22T14:00:00+00:00,873.98,833.1901235686229,-4.6671407161922644,82
d85ad7e2888f47b79e6eead8595df555,f3264b4c3ebe6cc4e6b48806a6a8e133,1,4,20,0,f3e53d0946e427c08be79b3bba9667e6,cc74b81cfba1bb3eabb044a76c9f47fb,fast,1h,spot,aster,ADA,1,2025-08-22T15:00:00+00:00,2025-08-25T20:00:00+00:00,0.9052068,0.8313219177155124,29758.700075448145,26948.552778523153,24729.163991596142,20.6707349131594,103.34529307476123,-2219.388786927011,-8.235651113316072,stop,closed,2025-08-22T14:00:00+00:00,0.9034,0.8329878935025175,-7.794122924228752,78
d85ad7e2888f47b79e6eead8595df555,f3264b4c3ebe6cc4e6b48806a6a8e133,1,4,20,0,bb330b28b90e086ef1c37f5a9816d973,151dd0fc14d1b33934299c6b6d4ae83a,fast,1h,spot,aster,BNB,0,2025-08-22T15:00:00+00:00,2025-08-26T00:00:00+00:00,875.72796,831.5237433214857,10.73506852597396,9404.760060575667,8922.893779784317,7.330985610496765,36.6531765240092,-481.8662807913497,-5.123642471340779,stop,closed,2025-08-22T14:00:00+00:00,873.98,833.1901235686229,-4.6671407161922644,82
d85ad7e2888f47b79e6eead8595df555,3373070c20f099c3f75399421b5c21d6,1,4,20,0,c69f9d8f3b522cc8ebbb2f8f46cc18a9,f8a4ba340fae8ada553b786ec92ba92d,fast,1h,futures,aster,ETH,1,2025-09-03T14:00:00+00:00,2025-09-22T00:00:00+00:00,4431.8460000000005,4331.32,7.563173914107585,33532.229587365466,32745.423027077402,26.510939398477806,132.55218601864954,-786.8065602880633,-2.3464188631957907,trend_break,closed,2025-09-03T13:00:00+00:00,4423,4340,-1.8765543748586966,443
d85ad7e2888f47b79e6eead8595df555,f3264b4c3ebe6cc4e6b48806a6a8e133,1,4,20,0,8ed9057dfb643fd113c09eaa12eb0f26,f8a4ba340fae8ada553b786ec92ba92d,fast,1h,spot,aster,ETH,1,2025-09-03T14:00:00+00:00,2025-09-22T00:00:00+00:00,4431.8460000000005,4331.32,7.590201087864577,33652.05777138046,32862.43953997925,26.605676842535154,133.02586426591455,-789.6182314012112,-2.346418863195776,trend_break,closed,2025-09-03T13:00:00+00:00,4423,4340,-1.8765543748586966,443
d85ad7e2888f47b79e6eead8595df555,3373070c20f099c3f75399421b5c21d6,1,4,20,0,45bd7e673a6150476fdaee3f76ee9703,5aa087d855001fefeb5f1cb81ecfe2a0,fast,1h,futures,aster,ETH,1,2025-09-29T21:00:00+00:00,2025-09-29T21:00:00+00:00,4236.6062999999995,4219.45418,9.676651433697447,41012.560891877394,40813.85526538156,32.73053990688973,163.65269024486327,-198.70562649583735,-0.4844994366962131,trend_break,closed,2025-09-29T20:00:00+00:00,4228.15,4227.91,-0.00567624138215761,1
d85ad7e2888f47b79e6eead8595df555,f3264b4c3ebe6cc4e6b48806a6a8e133,1,4,20,0,7b5695e9673a2179e14dac1c36c53f84,5aa087d855001fefeb5f1cb81ecfe2a0,fast,1h,spot,aster,ETH,1,2025-09-29T21:00:00+00:00,2025-09-29T21:00:00+00:00,4236.6062999999995,4219.45418,9.687781254037626,41059.73241991526,40860.79824763179,32.76818568046096,163.84091910203483,-198.93417228346516,-0.48449943669622125,trend_break,closed,2025-09-29T20:00:00+00:00,4228.15,4227.91,-0.00567624138215761,1
d85ad7e2888f47b79e6eead8595df555,3373070c20f099c3f75399421b5c21d6,1,4,20,0,0d3988a1233b6f2015d9b8e79b3102c9,0587bd4acaf48e05a2c965605762ebe6,fast,1h,futures,aster,ETH,1,2025-10-01T09:00:00+00:00,2025-10-09T08:00:00+00:00,4303.20924,4312.07856,9.532011953611152,41034.64921133579,41086.34326507882,32.84841051736013,164.2430477288486,51.6940537430346,0.125976594747529,trend_break,closed,2025-10-01T08:00:00+00:00,4294.62,4320.72,0.6077371222599437,192
d85ad7e2888f47b79e6eead8595df555,3373070c20f099c3f75399421b5c21d6,1,4,20,0,8bf5747b8bd782c2e48bb3b4d39e2692,9b905484dbca0e9b18f409f211c897d7,fast,1h,futures,aster,SOL,1,2025-10-01T09:00:00+00:00,2025-10-08T03:00:00+00:00,216.51216000000002,217.78356,172.2532757608636,37309.84677358105,37498.926044215834,29.923544167569126,149.61919532588612,189.07927063478564,0.5067811502476389,trend_break,closed,2025-10-01T08:00:00+00:00,216.08,218.22,0.9903739355794139,163
d85ad7e2888f47b79e6eead8595df555,3373070c20f099c3f75399421b5c21d6,1,4,20,0,20a09f650ec4b9d956075e5028c301e4,0f6f3dd8c7c95fb6dfb020c67046b3c9,fast,1h,futures,aster,XRP,1,2025-10-01T09:00:00+00:00,2025-10-07T14:00:00+00:00,2.9231346,2.9065752,14032.279565426088,41034.64921133579,40769.56143402051,32.721647079561684,163.60796036512895,-265.08777731528244,-0.6460096099519042,trend_break,closed,2025-10-01T08:00:00+00:00,2.9173,2.9124,-0.16796352791965674,150
d85ad7e2888f47b79e6eead8595df555,f3264b4c3ebe6cc4e6b48806a6a8e133,1,4,20,0,0d0bb6e2752b40fd5720cd93c69aa048,0587bd4acaf48e05a2c965605762ebe6,fast,1h,spot,aster,ETH,1,2025-10-01T09:00:00+00:00,2025-10-09T08:00:00+00:00,4303.20924,4312.07856,9.542976805238057,41081.85213579225,41133.60565417214,32.88619665834017,164.4319795784793,51.75351837989001,0.12597659474753853,trend_break,closed,2025-10-01T08:00:00+00:00,4294.62,4320.72,0.6077371222599437,192
d85ad7e2888f47b79e6eead8595df555,f3264b4c3ebe6cc4e6b48806a6a8e133,1,4,20,0,855e966e4f6ceaba5ca9fa6b74204e06,9b905484dbca0e9b18f409f211c897d7,fast,1h,spot,aster,SOL,1,2025-10-01T09:00:00+00:00,2025-10-08T03:00:00+00:00,216.51216000000002,217.78356,172.509205982611,37365.28094350291,37554.64114406166,29.968003927538547,149.84149631649592,189.36020055874542,0.5067811502476377,trend_break,closed,2025-10-01T08:00:00+00:00,216.08,218.22,0.9903739355794139,163
d85ad7e2888f47b79e6eead8595df555,f3264b4c3ebe6cc4e6b48806a6a8e133,1,4,20,0,a3397630d9ea44cb61fe06471a6f7535,0f6f3dd8c7c95fb6dfb020c67046b3c9,fast,1h,spot,aster,XRP,0,2025-10-01T09:00:00+00:00,2025-10-07T14:00:00+00:00,2.9231346,2.9065752,14055.031488284207,41101.18274703206,40835.66515668234,32.774701922623606,163.87323413450088,-265.51759034971474,-0.6460096099518886,trend_break,closed,2025-10-01T08:00:00+00:00,2.9173,2.9124,-0.16796352791965674,150
d85ad7e2888f47b79e6eead8595df555,3373070c20f099c3f75399421b5c21d6,1,4,20,0,3301ae8111bf0485756c9e0c0af6c236,f8efb945f1fc156e93e4afb9d54e786f,fast,1h,futures,aster,ADA,1,2025-10-02T19:00:00+00:00,2025-10-04T14:00:00+00:00,0.8731428,0.8372222,42419.15118238157,37052.79162758275,35500.04937301608,29.020892604821622,145.0989485344544,-1552.7422545666705,-4.19062150612906,trend_break,closed,2025-10-02T18:00:00+00:00,0.8714,0.8389,-3.729630479687851,44
d85ad7e2888f47b79e6eead8595df555,f3264b4c3ebe6cc4e6b48806a6a8e133,1,4,20,0,e4da4c257d2a0eaceb561e279b12d179,f8efb945f1fc156e93e4afb9d54e786f,fast,1h,spot,aster,ADA,1,2025-10-02T19:00:00+00:00,2025-10-04T14:00:00+00:00,0.8731428,0.8372222,42409.117554454424,37044.02733328429,35491.652357119354,29.014028138409778,145.0646275067668,-1552.3749761649378,-4.190621506129057,trend_break,closed,2025-10-02T18:00:00+00:00,0.8714,0.8389,-3.729630479687851,44
d85ad7e2888f47b79e6eead8595df555,3373070c20f099c3f75399421b5c21d6,1,4,20,0,b97d3f5930af2856ed197c54e3d897bb,b9f6e47a63d6ca6d381800de61f082d1,fast,1h,futures,aster,ADA,1,2025-10-05T03:00:00+00:00,2025-10-05T19:00:00+00:00,0.8615196,0.8286394,41189.11999499635,35499.42827611423,34117.275308110104,27.846464744649214,139.22746340708665,-1382.1529680041276,-3.893451345902684,trend_break,closed,2025-10-05T02:00:00+00:00,0.8598,0.8303,-3.431030472202834,17
d85ad7e2888f47b79e6eead8595df555,f3264b4c3ebe6cc4e6b48806a6a8e133,1,4,20,0,2d0940eca03037144eb8d298354606da,b9f6e47a63d6ca6d381800de61f082d1,fast,1h,spot,aster,ADA,1,2025-10-05T03:00:00+00:00,2025-10-05T19:00:00+00:00,0.8615196,0.8286394,41180.09778601708,35491.652357119354,34109.802140737986,27.840365157566744,139.19696653629495,-1381.8502163813682,-3.8934513459026925,trend_break,closed,2025-10-05T02:00:00+00:00,0.8598,0.8303,-3.431030472202834,17
d85ad7e2888f47b79e6eead8595df555,3373070c20f099c3f75399421b5c21d6,1,4,20,0,c532318a283a6bdd2fbd57e43be882de,66a49c52fac6042cbf489681d3cd0178,fast,1h,futures,aster,ADA,1,2025-10-06T14:00:00+00:00,2025-10-07T14:00:00+00:00,0.8655276000000001,0.8382202,39401.49478126075,34116.72244692292,33013.917984313,26.852084020113793,134.25665331766788,-1102.8044626099218,-3.2324455091652182,trend_break,closed,2025-10-06T13:00:00+00:00,0.8638,0.8399,-2.766844176892802,25
d85ad7e2888f47b79e6eead8595df555,f3264b4c3ebe6cc4e6b48806a6a8e133,1,4,20,0,d2ea9548bb8eb8363de84d234d28e44b,66a49c52fac6042cbf489681d3cd0178,fast,1h,spot,aster,ADA,1,2025-10-06T14:00:00+00:00,2025-10-07T14:00:00+00:00,0.8655276000000001,0.8382202,39393.502500980765,34109.80214073799,33007.22137325457,26.846637288136193,134.22942042184187,-1102.5807674834214,-3.2324455091652027,trend_break,closed,2025-10-06T13:00:00+00:00,0.8638,0.8399,-2.766844176892802,25
d85ad7e2888f47b79e6eead8595df555,3373070c20f099c3f75399421b5c21d6,1,4,20,0,8b6b11ea30178ee3dce50d40d4972cf5,d4ccb2ff2603cdeb3a9e2ccf40946dc0,fast,1h,futures,aster,ADA,1,2025-10-08T18:00:00+00:00,2025-10-08T18:00:00+00:00,0.8460888000000001,0.8372222,45739.95528680538,38715.543906219085,38279.18819072358,30.79782794951506,153.988133468559,-436.35571549550514,-1.127081454809191,trend_break,closed,2025-10-08T17:00:00+00:00,0.8444,0.8389,-0.651350071056378,1
d85ad7e2888f47b79e6eead8595df555,3373070c20f099c3f75399421b5c21d6,1,4,20,0,cc4ec735899771708bbe3f4aa93be08e,07cd5d33d13376e1e1264834ea841dbc,fast,1h,futures,aster,ETH,1,2025-10-08T18:00:00+00:00,2025-10-09T08:00:00+00:00,4553.36856,4317.58908906341,9.496002753500141,43256.095903614354,40983.43794307702,33.69545530467571,168.46899454933583,-2272.6579605373336,-5.253959963472886,stop,closed,2025-10-08T17:00:00+00:00,4544.28,4326.241572207826,-4.798085236652982,15
d85ad7e2888f47b79e6eead8595df555,3373070c20f099c3f75399421b5c21d6,1,4,20,0,c09e990eb8132c84fc80beaa306d9964,711c122f90d0459f3d0e3609eb960236,fast,1h,futures,aster,SOL,1,2025-10-08T18:00:00+00:00,2025-10-09T15:00:00+00:00,227.5542,218.49214,131.60715120210548,29959.73911007658,28743.62605420942,23.4811552446103,117.40147530135022,-1216.1130558671612,-4.059157696263573,trend_break,closed,2025-10-08T17:00:00+00:00,227.1,218.93,-3.5975341259357085,22
d85ad7e2888f47b79e6eead8595df555,f3264b4c3ebe6cc4e6b48806a6a8e133,1,4,20,0,5bc9cb7dd9a28b6e88c36807c7063576,d4ccb2ff2603cdeb3a9e2ccf40946dc0,fast,1h,spot,aster,ADA,1,2025-10-08T18:00:00+00:00,2025-10-08T18:00:00+00:00,0.8460888000000001,0.8372222,45793.99842671431,38761.287491731026,38324.41620876645,30.83421651426836,154.1700751033764,-436.87128296457377,-1.1270814548091879,trend_break,closed,2025-10-08T17:00:00+00:00,0.8444,0.8389,-0.651350071056378,1
d85ad7e2888f47b79e6eead8595df555,f3264b4c3ebe6cc4e6b48806a6a8e133,1,4,20,0,db3c77320239b541764b005b1f1f79ca,07cd5d33d13376e1e1264834ea841dbc,fast,1h,spot,aster,ETH,1,2025-10-08T18:00:00+00:00,2025-10-09T08:00:00+00:00,4553.36856,4317.58908906341,9.492082031446317,43238.23627008496,40966.516647542885,33.68154308095843,168.3994368502217,-2271.7196225420776,-5.253959963472889,stop,closed,2025-10-08T17:00:00+00:00,4544.28,4326.241572207826,-4.798085236652982,15
d85ad7e2888f47b79e6eead8595df555,f3264b4c3ebe6cc4e6b48806a6a8e133,1,4,20,0,e6523dae5002d08f70f93ed81bec7c2d,711c122f90d0459f3d0e3609eb960236,fast,1h,spot,aster,SOL,1,2025-10-08T18:00:00+00:00,2025-10-09T15:00:00+00:00,227.5542,218.49214,129.13956065156168,29398.003912182565,28204.69257383334,23.040891351134846,115.20023647483211,-1193.3113383492237,-4.059157696263569,trend_break,closed,2025-10-08T17:00:00+00:00,227.1,218.93,-3.5975341259357085,22
d85ad7e2888f47b79e6eead8595df555,3373070c20f099c3f75399421b5c21d6,1,4,20,0,37e3f80a94e0e2140f5efde31d297505,deff2c05978324104a446c29f8c29a36,fast,1h,futures,aster,BTC,1,2025-10-21T16:00:00+00:00,2025-10-21T16:00:00+00:00,113699.97606,112346.30709999999,0.3513729900738062,39967.08099974619,39459.667666337285,31.770623363599782,158.85184965455736,-507.4133334089056,-1.2695781646203481,trend_break,closed,2025-10-21T15:00:00+00:00,113473.03,112571.45,-0.7945324100361084,1
d85ad7e2888f47b79e6eead8595df555,3373070c20f099c3f75399421b5c21d6,1,4,20,0,207f88486a20cc3acbdf1b90a7cc020e,2d5c5560ae36a527634c0bd4b36cf52d,fast,1h,futures,aster,SOL,1,2025-10-21T16:00:00+00:00,2025-10-21T16:00:00+00:00,196.18158,191.8156,158.9532543306177,31196.174060954712,30477.517965839477,24.669365772840983,123.34454629547272,-718.6560951152351,-2.303667410340259,trend_break,closed,2025-10-21T15:00:00+00:00,195.79,192.2,-1.8335972215128504,1
d85ad7e2888f47b79e6eead8595df555,f3264b4c3ebe6cc4e6b48806a6a8e133,1,4,20,0,9a121fbffd4294269d01d72bba2389fd,deff2c05978324104a446c29f8c29a36,fast,1h,spot,aster,BTC,1,2025-10-21T16:00:00+00:00,2025-10-21T16:00:00+00:00,113699.97606,112346.30709999999,0.3518360605385903,40019.75316094654,39511.67111328021,31.812493506562035,159.0611986993883,-508.08204766632844,-1.2695781646203224,trend_break,closed,2025-10-21T15:00:00+00:00,113473.03,112571.45,-0.7945324100361084,1
d85ad7e2888f47b79e6eead8595df555,f3264b4c3ebe6cc4e6b48806a6a8e133,1,4,20,0,5f2fe61df7e5b28e62e435af628d5c88,2d5c5560ae36a527634c0bd4b36cf52d,fast,1h,spot,aster,SOL,1,2025-10-21T16:00:00+00:00,2025-10-21T16:00:00+00:00,196.18158,191.8156,158.83405090188134,31172.779189757,30454.662034665238,24.650865535162566,123.25204681884188,-718.1171550917607,-2.303667410340254,trend_break,closed,2025-10-21T15:00:00+00:00,195.79,192.2,-1.8335972215128504,1
d85ad7e2888f47b79e6eead8595df555,3373070c20f099c3f75399421b5c21d6,1,4,20,0,998b9e87ba78cd2acab047a7799aa059,840d34045483b24686ba7cad214491cc,fast,1h,futures,aster,ETH,1,2025-10-24T05:00:00+00:00,2025-10-24T05:00:00+00:00,3979.944,3967.2495999999996,8.53256330363708,33972.70777458054,33837.26802998755,27.12397299130378,135.61997417332918,-135.43974459299352,-0.39867220914999846,trend_break,closed,2025-10-24T04:00:00+00:00,3972,3975.2,0.08056394763342745,1
d85ad7e2888f47b79e6eead8595df555,f3264b4c3ebe6cc4e6b48806a6a8e133,1,4,20,0,e3d742c442a44450963554afbb0ea71d,840d34045483b24686ba7cad214491cc,fast,1h,spot,aster,ETH,1,2025-10-24T05:00:00+00:00,2025-10-24T05:00:00+00:00,3979.944,3967.2495999999996,8.54387214034829,34017.73431481103,33882.11506191539,27.15992239719769,135.79972134755184,-135.61925289563806,-0.3986722091500097,trend_break,closed,2025-10-24T04:00:00+00:00,3972,3975.2,0.08056394763342745,1
d85ad7e2888f47b79e6eead8595df555,3373070c20f099c3f75399421b5c21d6,1,4,20,0,742d546abd799d7eb6548439e968a993,d0a2a76319095ffeb32be326aa81efa2,fast,1h,futures,aster,BNB,1,2025-10-27T02:00:00+00:00,2025-10-28T20:00:00+00:00,1152.6707399999998,1096.9502612238741,34.423359028701434,39694.670244388915,37745.608393665745,30.97580456145448,154.87196995096755,-1949.0618507231702,-4.910134883910976,stop,closed,2025-10-27T01:00:00+00:00,1150.37,1099.1485583405552,-4.452605827641953,43
d85ad7e2888f47b79e6eead8595df555,f3264b4c3ebe6cc4e6b48806a6a8e133,1,4,20,0,961fd26ef0aa3b3fe931753577a817d2,d0a2a76319095ffeb32be326aa81efa2,fast,1h,spot,aster,BNB,0,2025-10-27T02:00:00+00:00,2025-10-28T20:00:00+00:00,1152.6707399999998,1096.9502612238741,34.46898285034258,39747.28052433934,37795.635437907804,31.01685908438248,155.07723321793588,-1951.6450864315339,-4.910134883910962,stop,closed,2025-10-27T01:00:00+00:00,1150.37,1099.1485583405552,-4.452605827641953,43
d85ad7e2888f47b79e6eead8595df555,3373070c20f099c3f75399421b5c21d6,1,4,20,0,83f77f09dd7901edb9855005bedbb348,b39d0bce13424e432136ddccb070de84,fast,1h,futures,aster,ETH,1,2025-11-12T11:00:00+00:00,2025-11-12T11:00:00+00:00,3544.96578,3545.6345199999996,9.53389921362967,33810.86540087101,33790.20067318139,27.04042744973292,135.20270356227792,-20.664727689618303,-0.06111860032155804,trend_break,closed,2025-11-12T10:00:00+00:00,3537.89,3552.74,0.41974171045453534,1
d85ad7e2888f47b79e6eead8595df555,f3264b4c3ebe6cc4e6b48806a6a8e133,1,4,20,0,d7c61f9f3e4fc47a345894f6e272b423,b39d0bce13424e432136ddccb070de84,fast,1h,spot,aster,ETH,1,2025-11-12T11:00:00+00:00,2025-11-12T11:00:00+00:00,3544.96578,3545.6345199999996,9.54653519482211,33855.677439443294,33834.98532326294,27.076266126546486,135.381897696923,-20.692116180354788,-0.06111860032151534,trend_break,closed,2025-11-12T10:00:00+00:00,3537.89,3552.74,0.41974171045453534,1
d85ad7e2888f47b79e6eead8595df555,3373070c20f099c3f75399421b5c21d6,1,4,20,0,a3803d68df8f464bfbfeef0210becce2,907416651d8d7077d536bfc7cee867c4,fast,1h,futures,aster,BTC,1,2025-11-26T18:00:00+00:00,2025-11-26T18:00:00+00:00,90097.56546,90017.93334,0.4360256929101755,39300.56735058008,39234.43170621193,31.41399406725276,157.0704597315015,-66.13564436815068,-0.1682816529801942,trend_break,closed,2025-11-26T17:00:00+00:00,89917.73,90198.33,0.3120630380682554,1
d85ad7e2888f47b79e6eead8595df555,3373070c20f099c3f75399421b5c21d6,1,4,20,0,61817b80c504bc7d4bbb1c906dff1c58,dbe676cb61d952480f0bae8d51edba40,fast,1h,futures,aster,ETH,1,2025-11-26T18:00:00+00:00,2025-11-26T18:00:00+00:00,3040.20828,3028.87012,10.38618154337983,31588.785587816845,31445.811579663598,25.213820025362075,126.06913336259132,-142.97400815324727,-0.4526100180577674,trend_break,closed,2025-11-26T17:00:00+00:00,3034.14,3034.94,0.026366614592610027,1
d85ad7e2888f47b79e6eead8595df555,f3264b4c3ebe6cc4e6b48806a6a8e133,1,4,20,0,44803db26f287bbf28fa5131422931e2,907416651d8d7077d536bfc7cee867c4,fast,1h,spot,aster,BTC,1,2025-11-26T18:00:00+00:00,2025-11-26T18:00:00+00:00,90097.56546,90017.93334,0.43660358998372095,39352.65529684075,39286.43199801562,31.455629355115434,157.27863681944655,-66.22329882512713,-0.16828165298020833,trend_break,closed,2025-11-26T17:00:00+00:00,89917.73,90198.33,0.3120630380682554,1
d85ad7e2888f47b79e6eead8595df555,f3264b4c3ebe6cc4e6b48806a6a8e133,1,4,20,0,d3f267ff32675e1e0205d954ea283007,dbe676cb61d952480f0bae8d51edba40,fast,1h,spot,aster,ETH,1,2025-11-26T18:00:00+00:00,2025-11-26T18:00:00+00:00,3040.20828,3028.87012,10.401441368404754,31635.197191427527,31492.013119706793,25.250865255140695,126.25435956031586,-143.1840717207342,-0.45261001805777923,trend_break,closed,2025-11-26T17:00:00+00:00,3034.14,3034.94,0.026366614592610027,1
d85ad7e2888f47b79e6eead8595df555,3373070c20f099c3f75399421b5c21d6,1,4,20,0,36a3a93b9d029d9168bcc621d2da66bd,90f2fda08e954690d8ca247de0b7712b,fast,1h,futures,aster,SOL,1,2025-11-26T19:00:00+00:00,2025-11-26T19:00:00+00:00,144.91926,143.7619,200.8901900635411,29124.502828341836,28868.80327272983,23.19728524006541,115.98596013508609,-255.6995556120055,-0.8779533752699029,trend_break,closed,2025-11-26T18:00:00+00:00,144.63,144.05,-0.40102330083661153,1
d85ad7e2888f47b79e6eead8595df555,f3264b4c3ebe6cc4e6b48806a6a8e133,1,4,20,0,91125048d623ad812ca330a852c4defa,90f2fda08e954690d8ca247de0b7712b,fast,1h,spot,aster,SOL,1,2025-11-26T19:00:00+00:00,2025-11-26T19:00:00+00:00,144.91926,143.7619,201.15642361877707,29163.10063110173,28907.062204777612,23.228027884687986,116.13967274053714,-256.0384263241176,-0.8779533752699085,trend_break,closed,2025-11-26T18:00:00+00:00,144.63,144.05,-0.40102330083661153,1
d85ad7e2888f47b79e6eead8595df555,3373070c20f099c3f75399421b5c21d6,1,4,20,0,218e0569bf5d6b816508251b3b758b68,770bf956fb5a5157f71b270552e60766,fast,1h,futures,aster,XRP,1,2025-11-29T12:00:00+00:00,2025-11-29T12:00:00+00:00,2.212917,2.2098714000000004,15368.766213155799,34023.40794372694,33949.411708976215,27.189120371942963,135.94595841509096,-73.9962347507244,-0.21748625203304317,trend_break,closed,2025-11-29T11:00:00+00:00,2.2085,2.2143,0.2626216889291433,1
d85ad7e2888f47b79e6eead8595df555,f3264b4c3ebe6cc4e6b48806a6a8e133,1,4,20,0,60271240c0dacf54cbe43ef21a1f92df,770bf956fb5a5157f71b270552e60766,fast,1h,spot,aster,XRP,0,2025-11-29T12:00:00+00:00,2025-11-29T12:00:00+00:00,2.212917,2.2098714000000004,15389.13396365285,34068.49811391015,33994.40381423826,27.225153272195943,136.12612338888766,-74.09429967188771,-0.21748625203303296,trend_break,closed,2025-11-29T11:00:00+00:00,2.2085,2.2143,0.2626216889291433,1
d85ad7e2888f47b79e6eead8595df555,3373070c20f099c3f75399421b5c21d6,1,4,20,0,dacb6e3e75d3f374772c023e39ca19ce,35d2fc0bb83595ff51b6e61733292a47,fast,1h,futures,aster,ADA,1,2025-12-02T16:00:00+00:00,2025-12-02T16:00:00+00:00,0.43156140000000004,0.4275432,78564.2996504569,33918.88127482957,33576.1962254839,26.997980490194372,134.98917965941504,-342.6850493456659,-1.0103076412486656,trend_break,closed,2025-12-02T15:00:00+00:00,0.4307,0.4284,-0.5340143951706566,1
d85ad7e2888f47b79e6eead8595df555,3373070c20f099c3f75399421b5c21d6,1,4,20,0,9afc9606cf78c779466eb37f75b2b153,42398133e0f4d117570c94f19ddb22eb,fast,1h,futures,aster,BNB,1,2025-12-02T16:00:00+00:00,2025-12-02T16:00:00+00:00,874.17486,873.3498000000001,44.81608212873974,39192.76315756782,39124.460317372854,31.326883473823194,156.6348960048731,-68.30284019496321,-0.17427411259666306,trend_break,closed,2025-12-02T15:00:00+00:00,872.43,875.1,0.3060417454695541,1
d85ad7e2888f47b79e6eead8595df555,3373070c20f099c3f75399421b5c21d6,1,4,20,0,77c42c0bf1fd884dbcbfd2e66ba0d34e,fad197c9f7a4dd21f30277044c7481ca,fast,1h,futures,aster,BTC,1,2025-12-02T16:00:00+00:00,2025-12-02T16:00:00+00:00,91288.45248,90792.22166,0.4291571524801858,39192.76315756782,38948.54566242947,31.256489454238007,156.2822205560495,-244.21749513834948,-0.6231188501727085,trend_break,closed,2025-12-02T15:00:00+00:00,91106.24,90974.17,-0.14496262824589268,1
d85ad7e2888f47b79e6eead8595df555,3373070c20f099c3f75399421b5c21d6,1,4,20,0,b50eaf2a585c78789987b895c37abc12,8f5e94518f539863472fcc5e465c12b6,fast,1h,futures,aster,ETH,1,2025-12-02T16:00:00+00:00,2025-12-02T16:00:00+00:00,3020.1282,2997.76246,12.971996460494477,39192.76315756782,38871.409234915,31.22562253646511,156.1275766794318,-321.3539226528155,-0.8199317852657311,trend_break,closed,2025-12-02T15:00:00+00:00,3014.1,3003.77,-0.3427225374075138,1
d85ad7e2888f47b79e6eead8595df555,3373070c20f099c3f75399421b5c21d6,1,4,20,0,14ec8d1b271b1814ee8a13269cafc9fb,35eda59b85478fb146a3760be020ee9e,fast,1h,futures,aster,SOL,1,2025-12-02T16:00:00+00:00,2025-12-02T16:00:00+00:00,138.19583999999998,139.18108,251.61047161990749,34785.4290865006,35005.40941249632,27.916375063070937,139.58342523585986,219.98032599572616,0.6323921589373044,trend_break,closed,2025-12-02T15:00:00+00:00,137.92,139.46,1.116589327146178,1
d85ad7e2888f47b79e6eead8595df555,3373070c20f099c3f75399421b5c21d6,1,4,20,0,45295035e015223d8f6d5cb111f519ec,68fdf8f43c7d3ae60a2ac1520446eb3b,fast,1h,futures,aster,XRP,1,2025-12-02T16:00:00+00:00,2025-12-02T16:00:00+00:00,2.1640194,2.1459994,4580.946102138347,9917.221537875916,9826.775303586583,7.897585528801198,39.48775540043255,-90.446234289333,-0.9120118366207729,trend_break,closed,2025-12-02T15:00:00+00:00,2.1597,2.1503,-0.4352456359679513,1
d85ad7e2888f47b79e6eead8595df555,f3264b4c3ebe6cc4e6b48806a6a8e133,1,4,20,0,26bfd2d520814231336f47ecb0227f08,35d2fc0bb83595ff51b6e61733292a47,fast,1h,spot,aster,ADA,1,2025-12-02T16:00:00+00:00,2025-12-02T16:00:00+00:00,0.43156140000000004,0.4275432,78668.41848674232,33963.832919051565,33620.69371980947,27.03376007867415,135.16807664392064,-343.1391992420977,-1.0103076412486363,trend_break,closed,2025-12-02T15:00:00+00:00,0.4307,0.4284,-0.5340143951706566,1
d85ad7e2888f47b79e6eead8595df555,f3264b4c3ebe6cc4e6b48806a6a8e133,1,4,20,0,48a56276560f0c64d8930d2b677efb8c,42398133e0f4d117570c94f19ddb22eb,fast,1h,spot,aster,BNB,0,2025-12-02T16:00:00+00:00,2025-12-02T16:00:00+00:00,874.17486,873.3498000000001,44.81546863685223,39192.226643863265,39123.92473867281,31.326454636942344,156.63275181391677,-68.30190519045573,-0.17427411259663775,trend_break,closed,2025-12-02T15:00:00+00:00,872.43,875.1,0.3060417454695541,1
d85ad7e2888f47b79e6eead8595df555,f3264b4c3ebe6cc4e6b48806a6a8e133,1,4,20,0,4ad25efcaa106c04622979ad7081d58d,fad197c9f7a4dd21f30277044c7481ca,fast,1h,spot,aster,BTC,1,2025-12-02T16:00:00+00:00,2025-12-02T16:00:00+00:00,91288.45248,90792.22166,0.4292077798348928,39197.38669910932,38953.14039381207,31.26017675938799,156.30065705505405,-244.24630529724527,-0.6231188501727216,trend_break,closed,2025-12-02T15:00:00+00:00,91106.24,90974.17,-0.14496262824589268,1
d85ad7e2888f47b79e6eead8595df555,f3264b4c3ebe6cc4e6b48806a6a8e133,1,4,20,0,aaf5fbf6ea7e078a8f3d35aad62604bd,8f5e94518f539863472fcc5e465c12b6,fast,1h,spot,aster,ETH,1,2025-12-02T16:00:00+00:00,2025-12-02T16:00:00+00:00,3020.1282,2997.76246,12.96355597728814,39167.26161967819,38846.11679224027,31.20530497444379,156.02598921808595,-321.1448274379218,-0.8199317852657181,trend_break,closed,2025-12-02T15:00:00+00:00,3014.1,3003.77,-0.3427225374075138,1
d85ad7e2888f47b79e6eead8595df555,f3264b4c3ebe6cc4e6b48806a6a8e133,1,4,20,0,720abd0065b620b252d0a91321558396,35eda59b85478fb146a3760be020ee9e,fast,1h,spot,aster,SOL,1,2025-12-02T16:00:00+00:00,2025-12-02T16:00:00+00:00,138.19583999999998,139.18108,251.15425373546995,34722.35645377222,34941.93791338414,27.86575733841726,139.33033380228932,219.5814596119235,0.6323921589373243,trend_break,closed,2025-12-02T15:00:00+00:00,137.92,139.46,1.116589327146178,1
d85ad7e2888f47b79e6eead8595df555,f3264b4c3ebe6cc4e6b48806a6a8e133,1,4,20,0,43f967bfb923bb47235cd639f3a7eeeb,68fdf8f43c7d3ae60a2ac1520446eb3b,fast,1h,spot,aster,XRP,0,2025-12-02T16:00:00+00:00,2025-12-02T16:00:00+00:00,2.1640194,2.1459994,4573.914168944981,9901.998211130029,9811.690815382544,7.885462423095698,39.42714013630574,-90.3073957474844,-0.9120118366207866,trend_break,closed,2025-12-02T15:00:00+00:00,2.1597,2.1503,-0.4352456359679513,1
d85ad7e2888f47b79e6eead8595df555,3373070c20f099c3f75399421b5c21d6,1,4,20,0,70a85bc2644ba34ee62748ce48951c3a,8c3562f21ab930c6f571e79b119f7b65,fast,1h,futures,aster,ADA,1,2025-12-07T18:00:00+00:00,2025-12-07T18:00:00+00:00,0.4331646,0.4309364,83129.32369641522,36023.083719327115,35809.1221075726,28.73285269415844,143.66409721214478,-213.96161175451562,-0.593956956660323,trend_break,closed,2025-12-07T17:00:00+00:00,0.4323,0.4318,-0.11566042100393803,1
d85ad7e2888f47b79e6eead8595df555,3373070c20f099c3f75399421b5c21d6,1,4,20,0,df47fc486870e7d4552085a2c07699b1,6d5863e07de940340ac6583c3a9793bd,fast,1h,futures,aster,BTC,1,2025-12-07T18:00:00+00:00,2025-12-07T18:00:00+00:00,91415.78664,91408.19724000001,0.42670624747920977,39023.29035242549,38988.84705358662,31.20485444425374,156.0248833670246,-34.4432988388653,-0.08826344095488219,trend_break,closed,2025-12-07T17:00:00+00:00,91233.32,91591.38,0.3924662612299956,1
d85ad7e2888f47b79e6eead8595df555,3373070c20f099c3f75399421b5c21d6,1,4,20,0,ec45f0c15ba8558c967f4d3632762258,0b8dc79dbb33819a8e3b2a7c72ab1530,fast,1h,futures,aster,ETH,1,2025-12-07T18:00:00+00:00,2025-12-07T18:00:00+00:00,3118.1137799999997,3126.64418,12.28604389033337,38324.60646923574,38398.72198988542,30.689348152427474,153.44777377270768,74.11552064967691,0.1933888628684852,trend_break,closed,2025-12-07T17:00:00+00:00,3111.89,3132.91,0.6754737474653716,1
d85ad7e2888f47b79e6eead8595df555,f3264b4c3ebe6cc4e6b48806a6a8e133,1,4,20,0,9a9b822e8a31444b512bd52f9149ad34,8c3562f21ab930c6f571e79b119f7b65,fast,1h,spot,aster,ADA,1,2025-12-07T18:00:00+00:00,2025-12-07T18:00:00+00:00,0.4331646,0.4309364,83239.74370820327,36070.932891581375,35856.68707633956,28.771018311200862,143.8549250765169,-214.2458152418185,-0.5939569566603072,trend_break,closed,2025-12-07T17:00:00+00:00,0.4323,0.4318,-0.11566042100393803,1
d85ad7e2888f47b79e6eead8595df555,f3264b4c3ebe6cc4e6b48806a6a8e133,1,4,20,0,32747ab2c580dc6642e4da1a4505aba5,6d5863e07de940340ac6583c3a9793bd,fast,1h,spot,aster,BTC,1,2025-12-07T18:00:00+00:00,2025-12-07T18:00:00+00:00,91415.78664,91408.19724000001,0.42699297350797727,39049.51212240962,39015.04567933428,31.225822602198285,156.1297245674078,-34.46644307534007,-0.08826344095490136,trend_break,closed,2025-12-07T17:00:00+00:00,91233.32,91591.38,0.3924662612299956,1
d85ad7e2888f47b79e6eead8595df555,f3264b4c3ebe6cc4e6b48806a6a8e133,1,4,20,0,d60d2c764ccf5dc6961c0ae8acef4fb5,0b8dc79dbb33819a8e3b2a7c72ab1530,fast,1h,spot,aster,ETH,1,2025-12-07T18:00:00+00:00,2025-12-07T18:00:00+00:00,3118.1137799999997,3126.64418,12.29803900527926,38362.02356329449,38436.21144443688,30.719310788243256,153.59758796033586,74.1878811423885,0.1933888628684668,trend_break,closed,2025-12-07T17:00:00+00:00,3111.89,3132.91,0.6754737474653716,1
d85ad7e2888f47b79e6eead8595df555,3373070c20f099c3f75399421b5c21d6,1,4,20,0,b61aa4488ea98991f1f43578e29b77f7,df3a794668590418af17bddb51696427,fast,1h,futures,aster,XRP,1,2025-12-07T19:00:00+00:00,2025-12-07T19:00:00+00:00,2.1071058,2.0879157999999998,18495.90533115411,38988.41853128555,38602.44581903041,31.036288950298655,155.18064572838298,-385.97271225514123,-0.9899676026752007,trend_break,closed,2025-12-07T18:00:00+00:00,2.1029,2.0921,-0.5135764896095907,1
d85ad7e2888f47b79e6eead8595df555,f3264b4c3ebe6cc4e6b48806a6a8e133,1,4,20,0,8892b71c6b3b694db50f4d286f2d8b0b,df3a794668590418af17bddb51696427,fast,1h,spot,aster,XRP,0,2025-12-07T19:00:00+00:00,2025-12-07T19:00:00+00:00,2.1071058,2.0879157999999998,18520.472963068732,39040.205837625,38653.7204478148,31.077513648915733,155.38676816014666,-386.485389810201,-0.9899676026752035,trend_break,closed,2025-12-07T18:00:00+00:00,2.1029,2.0921,-0.5135764896095907,1
d85ad7e2888f47b79e6eead8595df555,3373070c20f099c3f75399421b5c21d6,1,4,20,0,f70a89972e958c61c195bf0ea5534646,87b6b89354c1481d7bc71462f51dc10d,fast,1h,futures,aster,ADA,1,2025-12-09T14:00:00+00:00,2025-12-09T14:00:00+00:00,0.4520022,0.450597,68049.29779418586,30770.735684351726,30650.5443143915,24.568496699837567,122.84259237806431,-120.19136996022644,-0.39060284808643375,trend_break,closed,2025-12-09T13:00:00+00:00,0.4511,0.4515,0.08867213478165326,1
d85ad7e2888f47b79e6eead8595df555,f3264b4c3ebe6cc4e6b48806a6a8e133,1,4,20,0,eefb3b7452dddff8cc5eac2a03d601a8,87b6b89354c1481d7bc71462f51dc10d,fast,1h,spot,aster,ADA,1,2025-12-09T14:00:00+00:00,2025-12-09T14:00:00+00:00,0.4520022,0.450597,68139.68591362763,30811.607655444812,30691.256638401424,24.60113039755663,123.0057610112806,-120.3510170433874,-0.39060284808644125,trend_break,closed,2025-12-09T13:00:00+00:00,0.4511,0.4515,0.08867213478165326,1
d85ad7e2888f47b79e6eead8595df555,3373070c20f099c3f75399421b5c21d6,1,4,20,0,bf7638284f1171363568942beeeec599,71f0a3024dacfa9f043f0ccc6f298d90,fast,1h,futures,aster,BTC,1,2025-12-09T16:00:00+00:00,2025-12-09T16:00:00+00:00,93002.99472,93850.26332,0.41796069793356294,38887.1452217159,39210.03126985247,31.238927256623413,156.19667756972893,322.88604813657,0.830315638485747,trend_break,closed,2025-12-09T15:00:00+00:00,92817.36,94038.34,1.3154651241965798,1
d85ad7e2888f47b79e6eead8595df555,3373070c20f099c3f75399421b5c21d6,1,4,20,0,b8d0d3f9e9de9414ea1a7412516f3238,ebbb89868961d9cc608d52c64d40b7b5,fast,1h,futures,aster,ETH,1,2025-12-09T16:00:00+00:00,2025-12-11T03:00:00+00:00,3245.71848,3178.41044,11.533056188444991,37448.026823154956,36642.12347998239,29.635935918469777,148.17716723138878,-805.9033431725693,-2.152058229872505,trend_break,closed,2025-12-09T15:00:00+00:00,3239.24,3184.78,-1.6812585668243063,36
d85ad7e2888f47b79e6eead8595df555,3373070c20f099c3f75399421b5c21d6,1,4,20,0,66562209d199495e0f06fa75e748f9b8,4907144a8556c02ecf93e985e814981a,fast,1h,futures,aster,SOL,1,2025-12-09T16:00:00+00:00,2025-12-09T16:00:00+00:00,138.74694,143.36270000000002,241.58622539551,33532.75725958521,34620.59977408669,27.261521230114475,136.31261181716258,1087.8425145014771,3.244118895682285,trend_break,closed,2025-12-09T15:00:00+00:00,138.47,143.65,3.740882501624898,1
d85ad7e2888f47b79e6eead8595df555,3373070c20f099c3f75399421b5c21d6,1,4,20,0,3d54ea919bff279af4d90557f93ecffd,5c11212027150d5aa4e96d1ca7289b24,fast,1h,futures,aster,XRP,1,2025-12-09T16:00:00+00:00,2025-12-09T16:00:00+00:00,2.12424,2.16067,18299.0606443164,38887.1452217159,39522.41606981018,31.363931178175115,156.82294972179156,635.2708480942747,1.6336268565672902,trend_break,closed,2025-12-09T15:00:00+00:00,2.12,2.165,2.1226415094339535,1
d85ad7e2888f47b79e6eead8595df555,f3264b4c3ebe6cc4e6b48806a6a8e133,1,4,20,0,0dcfc87caebe137fdccdf41b03d1adcb,71f0a3024dacfa9f043f0ccc6f298d90,fast,1h,spot,aster,BTC,1,2025-12-09T16:00:00+00:00,2025-12-09T16:00:00+00:00,93002.99472,93850.26332,0.4185158643013489,38938.79800934173,39262.11293865167,31.280421114453432,156.40414957026712,323.31492930994136,0.8303156384857476,trend_break,closed,2025-12-09T15:00:00+00:00,92817.36,94038.34,1.3154651241965798,1
d85ad7e2888f47b79e6eead8595df555,f3264b4c3ebe6cc4e6b48806a6a8e133,1,4,20,0,a9f24fe0ccea0fb3f5a73779c19f0282,ebbb89868961d9cc608d52c64d40b7b5,fast,1h,spot,aster,ETH,1,2025-12-09T16:00:00+00:00,2025-12-11T03:00:00+00:00,3245.71848,3178.41044,11.573163573466722,37578.256174816765,36769.55022016405,29.73899792327925,148.69246851844338,-808.7059546527162,-2.1520582298725026,trend_break,closed,2025-12-09T15:00:00+00:00,3239.24,3184.78,-1.6812585668243063,36
d85ad7e2888f47b79e6eead8595df555,f3264b4c3ebe6cc4e6b48806a6a8e133,1,4,20,0,e60c891c3eab03707e98d10c2793b22e,4907144a8556c02ecf93e985e814981a,fast,1h,spot,aster,SOL,1,2025-12-09T16:00:00+00:00,2025-12-09T16:00:00+00:00,138.74694,143.36270000000002,243.98809154628026,33866.14213892564,34964.80005529315,27.53255706816327,137.66784077407317,1098.657916367505,3.2441188956822775,trend_break,closed,2025-12-09T15:00:00+00:00,138.47,143.65,3.740882501624898,1
d85ad7e2888f47b79e6eead8595df555,f3264b4c3ebe6cc4e6b48806a6a8e133,1,4,20,0,6c8d9a236397df0fc65ad316b61e334d,5c11212027150d5aa4e96d1ca7289b24,fast,1h,spot,aster,XRP,0,2025-12-09T16:00:00+00:00,2025-12-09T16:00:00+00:00,2.12424,2.16067,18592.34832064452,39510.40784064458,40155.86047426861,31.86661569704517,159.33642510792356,645.4526336240306,1.6336268565672711,trend_break,closed,2025-12-09T15:00:00+00:00,2.12,2.165,2.1226415094339535,1
d85ad7e2888f47b79e6eead8595df555,3373070c20f099c3f75399421b5c21d6,1,4,20,0,462d21a9460499f7b7e351d6a11bc6e4,65fbc2cdc3f6deb7cd7ebdd5c8a6ba75,fast,1h,futures,aster,BNB,1,2025-12-09T17:00:00+00:00,2025-12-09T18:00:00+00:00,928.78386,914.9863600000001,42.58471094105163,39567.81300169609,38948.84388374277,31.40656874416767,157.0311215951279,-618.9691179533256,-1.5643248160488252,trend_break,closed,2025-12-09T16:00:00+00:00,926.93,916.82,-1.0906972479043597,2
d85ad7e2888f47b79e6eead8595df555,f3264b4c3ebe6cc4e6b48806a6a8e133,1,4,20,0,1cf711553f7cbfc80052e2a54c68ab80,65fbc2cdc3f6deb7cd7ebdd5c8a6ba75,fast,1h,spot,aster,BNB,0,2025-12-09T17:00:00+00:00,2025-12-09T18:00:00+00:00,928.78386,914.9863600000001,42.645931276499155,39624.696205347325,39004.83724932313,31.451719236710296,157.25687158209064,-619.8589560241962,-1.5643248160488021,trend_break,closed,2025-12-09T16:00:00+00:00,926.93,916.82,-1.0906972479043597,2
d85ad7e2888f47b79e6eead8595df555,3373070c20f099c3f75399421b5c21d6,1,4,20,0,b7af1bf8cb74b01576eb9f212bc9e83f,4d49b7ef95fc5337f367c1079ca34392,fast,1h,futures,aster,SOL,1,2025-12-11T21:00:00+00:00,2025-12-11T21:00:00+00:00,136.49244,137.03538,188.36384191290702,25720.52448662313,25802.18565053322,20.609100418104838,103.04632335687492,81.661163910092,0.3174941628914402,trend_break,closed,2025-12-11T20:00:00+00:00,136.22,137.31,0.8001761855821465,1
d85ad7e2888f47b79e6eead8595df555,f3264b4c3ebe6cc4e6b48806a6a8e133,1,4,20,0,d0449e25d381d3ce21d256b33dee815c,4d49b7ef95fc5337f367c1079ca34392,fast,1h,spot,aster,SOL,1,2025-12-11T21:00:00+00:00,2025-12-11T21:00:00+00:00,136.49244,137.03538,188.63037564056776,25756.918877389377,25838.69559136577,20.63826217389824,103.192133297929,81.77671397639278,0.3174941628914326,trend_break,closed,2025-12-11T20:00:00+00:00,136.22,137.31,0.8001761855821465,1
d85ad7e2888f47b79e6eead8595df555,3373070c20f099c3f75399421b5c21d6,1,4,20,0,061335c43f0254b4d8cf60f6a68f7817,d8d00d3e1bfcd4d8b901c1d432d531ea,fast,1h,futures,aster,BTC,1,2025-12-11T22:00:00+00:00,2025-12-11T22:00:00+00:00,93140.63945999999,92192.45558000001,0.4188521190316721,39027.75906746829,38599.55937626494,31.050863833680907,155.2533515865014,-428.1996912033501,-1.0971669945566445,trend_break,closed,2025-12-11T21:00:00+00:00,92954.73,92377.21,-0.6212916760663934,1
d85ad7e2888f47b79e6eead8595df555,f3264b4c3ebe6cc4e6b48806a6a8e133,1,4,20,0,1afd66ab0fe05abbdae1371dba77aecc,d8d00d3e1bfcd4d8b901c1d432d531ea,fast,1h,spot,aster,BTC,1,2025-12-11T22:00:00+00:00,2025-12-11T22:00:00+00:00,93140.63945999999,92192.45558000001,0.41944479231487963,39082.98311684453,38654.177525598374,31.094800623250663,155.4730341652275,-428.80559124615684,-1.0971669945566265,trend_break,closed,2025-12-11T21:00:00+00:00,92954.73,92377.21,-0.6212916760663934,1
d85ad7e2888f47b79e6eead8595df555,3373070c20f099c3f75399421b5c21d6,1,4,20,0,46f84db7cec2550c8890c7e58b1e7900,18b127bedda47d621d9108c79aadf010,fast,1h,futures,aster,BNB,1,2025-12-22T09:00:00+00:00,2025-12-22T09:00:00+00:00,866.2690799999999,860.8748,44.93582325199152,38942.08487325232,38668.6442077516,31.044252848975546,155.2209155428893,-273.440665500726,-0.702172640193029,trend_break,closed,2025-12-22T08:00:00+00:00,864.54,862.6,-0.22439678904387916,1
d85ad7e2888f47b79e6eead8595df555,f3264b4c3ebe6cc4e6b48806a6a8e133,1,4,20,0,8faa9ccf8daf62a21b1968a4b4f67bfb,18b127bedda47d621d9108c79aadf010,fast,1h,spot,aster,BNB,0,2025-12-22T09:00:00+00:00,2025-12-22T09:00:00+00:00,866.2690799999999,860.8748,44.999407177416,38997.187694148,38723.36011171498,31.088180284040853,155.44055222480455,-273.8275824330194,-0.7021726401930017,trend_break,closed,2025-12-22T08:00:00+00:00,864.54,862.6,-0.22439678904387916,1
d85ad7e2888f47b79e6eead8595df555,3373070c20f099c3f75399421b5c21d6,1,4,20,0,0c785b7448649705ba7526e7361ebe9d,c4afd72d8f64db17d8ec6dbbbd8214ee,fast,1h,futures,aster,ADA,1,2025-12-22T16:00:00+00:00,2025-12-22T16:00:00+00:00,0.3811608,0.3780424,86891.04423368322,33132.70771691926,32835.359501047526,26.387183533421542,131.93536156442462,-297.3482158717379,-0.8974461683368444,trend_break,closed,2025-12-22T15:00:00+00:00,0.3804,0.3788,-0.4206098843322792,1
d85ad7e2888f47b79e6eead8595df555,f3264b4c3ebe6cc4e6b48806a6a8e133,1,4,20,0,da7c239db380e27bbb59a4559745cf51,c4afd72d8f64db17d8ec6dbbbd8214ee,fast,1h,spot,aster,ADA,1,2025-12-22T16:00:00+00:00,2025-12-22T16:00:00+00:00,0.3811608,0.3780424,87013.99454986252,33179.59030333077,32881.82134148366,26.424521242815274,132.12204932451127,-297.7689618471122,-0.8974461683368656,trend_break,closed,2025-12-22T15:00:00+00:00,0.3804,0.3788,-0.4206098843322792,1
d85ad7e2888f47b79e6eead8595df555,3373070c20f099c3f75399421b5c21d6,1,4,20,0,ae631aa4568d759460367d5516e8ab8c,ee00bea468f34a4d82ea5def801afd18,fast,1h,futures,aster,BTC,1,2025-12-29T01:00:00+00:00,2025-12-29T01:00:00+00:00,88587.77189999999,88314.29744,0.43812318177595816,38827.881433867326,38677.06397432486,31.001958992796787,155.00993574172475,-150.81745954246435,-0.38842567241104986,trend_break,closed,2025-12-29T00:00:00+00:00,88410.95,88491.28,0.0908597860332927,1
d85ad7e2888f47b79e6eead8595df555,3373070c20f099c3f75399421b5c21d6,1,4,20,0,768a04b6dd4b2fd7903ef0392f7c32b5,89d632c8a3e342f54ffb564ce448ba8a,fast,1h,futures,aster,ETH,1,2025-12-29T01:00:00+00:00,2025-12-29T01:00:00+00:00,2977.02216,2974.539,13.03730856046796,38827.881433867326,38764.47077503855,31.036935703766652,155.1851697646198,-63.41065882877592,-0.16331217796875844,trend_break,closed,2025-12-29T00:00:00+00:00,2971.08,2980.5,0.3170564239266538,1
d85ad7e2888f47b79e6eead8595df555,3373070c20f099c3f75399421b5c21d6,1,4,20,0,858a0dbdd53eaa006a82cb313345f544,db6aea40219337829a9c22d9ac4b26ba,fast,1h,futures,aster,SOL,1,2025-12-29T01:00:00+00:00,2025-12-29T01:00:00+00:00,127.38426,128.34279999999998,304.6872234550078,38827.881433867326,39088.76961788839,31.16670714948488,155.8353273082983,260.888184021067,0.6719093970280574,trend_break,closed,2025-12-29T00:00:00+00:00,127.13,128.6,1.156296704161086,1
d85ad7e2888f47b79e6eead8595df555,f3264b4c3ebe6cc4e6b48806a6a8e133,1,4,20,0,6b8eb018ab14e74d89fed70f4604ad45,ee00bea468f34a4d82ea5def801afd18,fast,1h,spot,aster,BTC,1,2025-12-29T01:00:00+00:00,2025-12-29T01:00:00+00:00,88587.77189999999,88314.29744,0.4387431234995259,38882.82265756843,38731.79179220839,31.04582658230452,155.22927388846307,-151.03086536004412,-0.3884256724110187,trend_break,closed,2025-12-29T00:00:00+00:00,88410.95,88491.28,0.0908597860332927,1
d85ad7e2888f47b79e6eead8595df555,f3264b4c3ebe6cc4e6b48806a6a8e133,1,4,20,0,7e2c3f94c5e362c9dfa8c308f4350eef,89d632c8a3e342f54ffb564ce448ba8a,fast,1h,spot,aster,ETH,1,2025-12-29T01:00:00+00:00,2025-12-29T01:00:00+00:00,2977.02216,2974.539,13.051867687034639,38871.24161342354,38807.76014214116,31.071595516645758,155.35846937760323,-63.48147128237906,-0.16331217796875513,trend_break,closed,2025-12-29T00:00:00+00:00,2971.08,2980.5,0.3170564239266538,1
d85ad7e2888f47b79e6eead8595df555,f3264b4c3ebe6cc4e6b48806a6a8e133,1,4,20,0,ff2d934c4f74364b6fafc44567469c32,db6aea40219337829a9c22d9ac4b26ba,fast,1h,spot,aster,SOL,1,2025-12-29T01:00:00+00:00,2025-12-29T01:00:00+00:00,127.38426,128.34279999999998,305.07434230293995,38877.214006982394,39138.43366119803,31.206305855425782,156.0333231142617,261.219654215638,0.6719093970280963,trend_break,closed,2025-12-29T00:00:00+00:00,127.13,128.6,1.156296704161086,1
d85ad7e2888f47b79e6eead8595df555,3373070c20f099c3f75399421b5c21d6,1,4,20,0,3308938bd2e6f4bda8f5a75a95784a0c,83cff6b666e714bdc550450b0921d7d8,fast,1h,futures,aster,XRP,1,2025-12-29T03:00:00+00:00,2025-12-29T03:00:00+00:00,1.895283,1.91117,20483.320171394338,38837.21717980254,39131.44816915893,31.187518206545796,155.9395164648251,294.2309893563943,0.7576005973708394,trend_break,closed,2025-12-29T02:00:00+00:00,1.8915,1.915,1.242400211472372,1
d85ad7e2888f47b79e6eead8595df555,f3264b4c3ebe6cc4e6b48806a6a8e133,1,4,20,0,f1c3f501895a8a11ec7f593f60c8f42a,83cff6b666e714bdc550450b0921d7d8,fast,1h,spot,aster,XRP,0,2025-12-29T03:00:00+00:00,2025-12-29T03:00:00+00:00,1.895283,1.91117,20512.301967982705,38892.16785766848,39186.81515368864,31.23164534517347,156.16015488225236,294.6472960201645,0.7576005973708355,trend_break,closed,2025-12-29T02:00:00+00:00,1.8915,1.915,1.242400211472372,1
d85ad7e2888f47b79e6eead8595df555,3373070c20f099c3f75399421b5c21d6,1,4,20,0,8d0060e21316e2c53a07627c1f21d102,f941daef5b3573ac10e3167787852955,fast,1h,futures,aster,BTC,1,2025-12-30T15:00:00+00:00,2025-12-30T15:00:00+00:00,89164.0221,88929.89378,0.4360563126982588,38896.08691615297,38762.930193726475,31.063590509050673,155.31816544538748,-133.15672242649453,-0.34233963615295326,trend_break,closed,2025-12-30T14:00:00+00:00,88986.05,89108.11,0.13716756727599755,1
d85ad7e2888f47b79e6eead8595df555,f3264b4c3ebe6cc4e6b48806a6a8e133,1,4,20,0,57a34a7c8cedb32d04cd025e7f014c04,f941daef5b3573ac10e3167787852955,fast,1h,spot,aster,BTC,1,2025-12-30T15:00:00+00:00,2025-12-30T15:00:00+00:00,89164.0221,88929.89378,0.4366732876442122,38951.12088865619,38817.77576312847,31.10754230270055,155.53792471486872,-133.34512552771776,-0.34233963615294094,trend_break,closed,2025-12-30T14:00:00+00:00,88986.05,89108.11,0.13716756727599755,1
d85ad7e2888f47b79e6eead8595df555,3373070c20f099c3f75399421b5c21d6,1,4,20,0,f2abb67ea32f81d67b62d6076bf885d0,4d0876845ab03d267cb5e86586c0b621,fast,1h,futures,aster,SOL,1,2025-12-31T02:00:00+00:00,2025-12-31T02:00:00+00:00,126.22194,125.75798,307.8221057114695,38869.44491912988,38695.60177913542,31.025995828563055,155.13002839435217,-173.84313999446022,-0.4472488360874484,trend_break,closed,2025-12-31T01:00:00+00:00,125.97,126.01,0.031753592125105534,1
d85ad7e2888f47b79e6eead8595df555,f3264b4c3ebe6cc4e6b48806a6a8e133,1,4,20,0,001faa1ab1cd58986da5fb9cb17d4ee0,4d0876845ab03d267cb5e86586c0b621,fast,1h,spot,aster,SOL,1,2025-12-31T02:00:00+00:00,2025-12-31T02:00:00+00:00,126.22194,125.75798,308.2576424105243,38924.441195940606,38750.352085738225,31.06989442959701,155.34952146920784,-174.08911020238156,-0.4472488360874328,trend_break,closed,2025-12-31T01:00:00+00:00,125.97,126.01,0.031753592125105534,1
d85ad7e2888f47b79e6eead8595df555,3373070c20f099c3f75399421b5c21d6,1,4,20,0,aa287d0ba8ac0c82906758a3099377f2,62e9fa46c368a9764a334a6f090460ae,fast,1h,futures,aster,ETH,1,2025-12-31T12:00:00+00:00,2025-12-31T12:00:00+00:00,3007.42284,2978.032,12.907774129223503,38834.66238367979,38424.38849983749,30.903559654155043,154.5168988570739,-410.2738838422956,-1.0564631148041412,trend_break,closed,2025-12-31T11:00:00+00:00,3001.42,2984,-0.5803919478113762,1
d85ad7e2888f47b79e6eead8595df555,f3264b4c3ebe6cc4e6b48806a6a8e133,1,4,20,0,724670d1d759ed56c08ece8b28f6c2ca,62e9fa46c368a9764a334a6f090460ae,fast,1h,spot,aster,ETH,1,2025-12-31T12:00:00+00:00,2025-12-31T12:00:00+00:00,3007.42284,2978.032,12.926037305363478,38889.60944677132,38478.75506747478,30.947285020563356,154.73552441653737,-410.8543792965356,-1.0564631148041663,trend_break,closed,2025-12-31T11:00:00+00:00,3001.42,2984,-0.5803919478113762,1
d85ad7e2888f47b79e6eead8595df555,3373070c20f099c3f75399421b5c21d6,1,4,20,0,9cb89ce25576aef7a3f933e273e1e1e5,43d6261069c55ab32994a133d1a687f6,fast,1h,futures,aster,BTC,1,2026-01-01T20:00:00+00:00,2026-01-01T20:00:00+00:00,88550.86824,88151.65338,0.4374556763015587,38752.57478500062,38547.0161699899,30.919808439787158,154.59896203955765,-205.55861501071922,-0.5304385996315313,trend_break,closed,2026-01-01T19:00:00+00:00,88374.12,88328.31,-0.051836442614650036,1
d85ad7e2888f47b79e6eead8595df555,f3264b4c3ebe6cc4e6b48806a6a8e133,1,4,20,0,7d6b5dc1af5f819bdc2a88246520d36b,43d6261069c55ab32994a133d1a687f6,fast,1h,spot,aster,BTC,1,2026-01-01T20:00:00+00:00,2026-01-01T20:00:00+00:00,88550.86824,88151.65338,0.43807463120344525,38807.405702561664,38601.55624319967,30.963556796560127,154.81770371000522,-205.84945936199074,-0.5304385996315201,trend_break,closed,2026-01-01T19:00:00+00:00,88374.12,88328.31,-0.051836442614650036,1
d85ad7e2888f47b79e6eead8595df555,3373070c20f099c3f75399421b5c21d6,1,4,20,0,d1724bb7d9dffbe7c40b9c98483d09ba,1eb733dbd037cab5c4ffac379c22791f,fast,1h,futures,aster,SOL,1,2026-01-02T01:00:00+00:00,2026-01-02T01:00:00+00:00,127.46441999999999,126.39670000000001,268.78100643708376,34273.719098556154,33959.443023431624,27.29321893153812,136.46549258823615,-314.2760751245296,-0.9169593595046097,trend_break,closed,2026-01-02T00:00:00+00:00,127.21,126.65,-0.4402169640751463,1
d85ad7e2888f47b79e6eead8595df555,f3264b4c3ebe6cc4e6b48806a6a8e133,1,4,20,0,5bf81dfcf010486a07dd08086bcd418e,1eb733dbd037cab5c4ffac379c22791f,fast,1h,spot,aster,SOL,1,2026-01-02T01:00:00+00:00,2026-01-02T01:00:00+00:00,127.46441999999999,126.39670000000001,269.1613039860258,34322.21289482207,34007.4921512939,27.331836036221194,136.65857725978503,-314.7207435281671,-0.916959359504604,trend_break,closed,2026-01-02T00:00:00+00:00,127.21,126.65,-0.4402169640751463,1
d85ad7e2888f47b79e6eead8595df555,3373070c20f099c3f75399421b5c21d6,1,4,20,0,1d92fcf17c91a0887a1ed4e864c1eb1c,0801f57a986b9ec30be0dddc872ac85b,fast,1h,futures,aster,XRP,1,2026-01-02T15:00:00+00:00,2026-01-02T15:00:00+00:00,1.9261446,1.9140641999999999,20057.22364509516,38648.56626019836,38375.45740497796,30.809570698185006,154.04750048378887,-273.1088552203946,-0.7066467961106533,trend_break,closed,2026-01-02T14:00:00+00:00,1.9223,1.9179,-0.22889247255891698,1
d85ad7e2888f47b79e6eead8595df555,f3264b4c3ebe6cc4e6b48806a6a8e133,1,4,20,0,b12d61a6300a209142700cc4211996ee,0801f57a986b9ec30be0dddc872ac85b,fast,1h,spot,aster,XRP,0,2026-01-02T15:00:00+00:00,2026-01-02T15:00:00+00:00,1.9261446,1.9140641999999999,20085.60255881352,38703.250016367405,38429.75474013605,30.85316307986328,154.26546189271136,-273.4952762313551,-0.7066467961106505,trend_break,closed,2026-01-02T14:00:00+00:00,1.9223,1.9179,-0.22889247255891698,1
d85ad7e2888f47b79e6eead8595df555,3373070c20f099c3f75399421b5c21d6,1,4,20,0,d3b9b331c2e8fd9298486d8ed0645252,1b351c6549c6b528c60e9673793e4a01,fast,1h,futures,aster,ADA,1,2026-01-02T17:00:00+00:00,2026-01-02T17:00:00+00:00,0.389778,0.386226,86962.52312941225,33909.63677167218,33573.75258319711,26.99330631940657,134.9658358968478,-335.88418847507273,-0.9905272378372024,trend_break,closed,2026-01-02T16:00:00+00:00,0.389,0.387,-0.5141388174807249,1
d85ad7e2888f47b79e6eead8595df555,3373070c20f099c3f75399421b5c21d6,1,4,20,0,65454062d8b9164f5bb6dd363c6c25ad,061c3223a878c31a0710a84794c4b508,fast,1h,futures,aster,BNB,1,2026-01-02T17:00:00+00:00,2026-01-03T07:00:00+00:00,889.00446,869.27796,43.39516051915901,38593.92264044586,37707.3676273231,30.52037914156615,152.59908196562267,-886.5550131227574,-2.2971363169849464,trend_break,closed,2026-01-02T16:00:00+00:00,887.23,871.02,-1.82703470351544,15
d85ad7e2888f47b79e6eead8595df555,f3264b4c3ebe6cc4e6b48806a6a8e133,1,4,20,0,9cbf05190f7f95881e28aa9d0b25ae26,1b351c6549c6b528c60e9673793e4a01,fast,1h,spot,aster,ADA,1,2026-01-02T17:00:00+00:00,2026-01-02T17:00:00+00:00,0.389778,0.386226,87085.56617785647,33957.61542879801,33621.25599865575,27.031499078512535,135.15679870803325,-336.3594301422563,-0.9905272378372134,trend_break,closed,2026-01-02T16:00:00+00:00,0.389,0.387,-0.5141388174807249,1
d85ad7e2888f47b79e6eead8595df555,f3264b4c3ebe6cc4e6b48806a6a8e133,1,4,20,0,919c3a2f24a3183364e20d76caf2fc99,061c3223a878c31a0710a84794c4b508,fast,1h,spot,aster,BNB,0,2026-01-02T17:00:00+00:00,2026-01-03T07:00:00+00:00,889.00446,869.27796,43.399079896140286,38597.40837780008,37710.773292538644,30.523135690223555,152.6128644547773,-886.6350852614341,-2.297136316984942,trend_break,closed,2026-01-02T16:00:00+00:00,887.23,871.02,-1.82703470351544,15
d85ad7e2888f47b79e6eead8595df555,3373070c20f099c3f75399421b5c21d6,1,4,20,0,0e670f0d3b33acc009dd6e2f4a540e88,7795e949a49b75131bf0d34519e02456,fast,1h,futures,aster,BTC,1,2026-01-12T02:00:00+00:00,2026-01-20T05:00:00+00:00,91401.10734,91447.76794,0.4194041463965125,38349.33700499017,38338.23162352097,30.675030582548317,153.3758446947168,-11.105381469198619,-0.028958470566918904,trend_break,closed,2026-01-12T01:00:00+00:00,91218.67,91631.03,0.4520565800838705,196
d85ad7e2888f47b79e6eead8595df555,f3264b4c3ebe6cc4e6b48806a6a8e133,1,4,20,0,40dcc578ce90745760c42b17f1afa64a,7795e949a49b75131bf0d34519e02456,fast,1h,spot,aster,BTC,1,2026-01-12T02:00:00+00:00,2026-01-20T05:00:00+00:00,91401.10734,91447.76794,0.4200001298154713,38403.83233885706,38392.71117637264,30.71862054168517,153.59379547343997,-11.121162484414526,-0.028958470566912968,trend_break,closed,2026-01-12T01:00:00+00:00,91218.67,91631.03,0.4520565800838705,196
d85ad7e2888f47b79e6eead8595df555,3373070c20f099c3f75399421b5c21d6,1,4,20,0,94bc6dfa8ec87bb9017ec6f45ad0b24e,c86dfe044a0be3cebd566c34670c4303,fast,1h,futures,aster,BNB,1,2026-01-13T08:00:00+00:00,2026-01-20T16:00:00+00:00,912.68172,896.21398,42.06793029160743,38409.98882777453,37686.786490109254,30.438599284955373,152.19083413315988,-723.2023376652724,-1.8828496433779742,trend_break,closed,2026-01-13T07:00:00+00:00,910.86,898.01,-1.410754671409442,177
d85ad7e2888f47b79e6eead8595df555,f3264b4c3ebe6cc4e6b48806a6a8e133,1,4,20,0,4a7643e958a4511864e4d78b7cb87057,c86dfe044a0be3cebd566c34670c4303,fast,1h,spot,aster,BNB,0,2026-01-13T08:00:00+00:00,2026-01-20T16:00:00+00:00,912.68172,896.21398,42.12770983632373,38464.57034934609,37740.34032369656,30.48185326950948,152.40710098326184,-724.2300256495291,-1.8828496433779645,trend_break,closed,2026-01-13T07:00:00+00:00,910.86,898.01,-1.410754671409442,177
d85ad7e2888f47b79e6eead8595df555,3373070c20f099c3f75399421b5c21d6,1,4,20,0,f501bc0d2aab8eb9aad885cbc752944f,20c3f054d5cf4798ed6c2718ad3b4c01,fast,1h,futures,aster,ADA,1,2026-01-13T16:00:00+00:00,2026-01-15T17:00:00+00:00,0.4070124,0.39540759999999997,82633.1921671858,33646.18695717295,32660.722678287668,26.522610423517293,132.6097467898998,-985.4642788852798,-2.928903296351657,trend_break,closed,2026-01-13T15:00:00+00:00,0.4062,0.3962,-2.461841457410141,50
d85ad7e2888f47b79e6eead8595df555,3373070c20f099c3f75399421b5c21d6,1,4,20,0,b36ba80fd6e88b1d5927dd642cdfc561,f4e4fa28ede1069cc8c08936f74f6108,fast,1h,futures,aster,BTC,1,2026-01-13T16:00:00+00:00,2026-01-20T05:00:00+00:00,93643.69356,91447.76794,0.41184444741051546,38582.06188178892,37647.19055199268,30.49155627274888,152.45477366374496,-934.8713297962386,-2.423072495867584,trend_break,closed,2026-01-13T15:00:00+00:00,93456.78,91631.03,-1.9535768298458378,158
d85ad7e2888f47b79e6eead8595df555,3373070c20f099c3f75399421b5c21d6,1,4,20,0,4c050b64840f03a6c01252bd7886aad2,587acff8d8fb37c3481d448a2465993f,fast,1h,futures,aster,ETH,1,2026-01-13T16:00:00+00:00,2026-01-20T06:00:00+00:00,3196.31988,3108.24106,12.065949803402606,38582.06188178892,37488.87905459217,30.4282063338131,152.13738920013884,-1093.182827196746,-2.8333965938526946,trend_break,closed,2026-01-13T15:00:00+00:00,3189.94,3114.47,-2.36587522022359,159
d85ad7e2888f47b79e6eead8595df555,3373070c20f099c3f75399421b5c21d6,1,4,20,0,727bc0b4c67232929b33dd9a47e59b01,fdd291ed530aa87b2a5bb44e7d7b1cb2,fast,1h,futures,aster,XRP,1,2026-01-13T16:00:00+00:00,2026-01-16T15:00:00+00:00,2.1031980000000003,2.0286346,1927.311180487546,4055.138426987118,3908.2462216455997,3.185330866353171,15.92614320884079,-146.8922053415181,-3.622372157851487,trend_break,closed,2026-01-13T15:00:00+00:00,2.099,2.0327,-3.158646974749879,72
d85ad7e2888f47b79e6eead8595df555,f3264b4c3ebe6cc4e6b48806a6a8e133,1,4,20,0,f396413aa81eb2d5d12dfedc9043582f,20c3f054d5cf4798ed6c2718ad3b4c01,fast,1h,spot,aster,ADA,1,2026-01-13T16:00:00+00:00,2026-01-15T17:00:00+00:00,0.4070124,0.39540759999999997,82750.6159285158,33693.99900125966,32707.13435383908,26.56029969334386,132.79818844208216,-986.8646474205816,-2.928903296351636,trend_break,closed,2026-01-13T15:00:00+00:00,0.4062,0.3962,-2.461841457410141,50
d85ad7e2888f47b79e6eead8595df555,f3264b4c3ebe6cc4e6b48806a6a8e133,1,4,20,0,9ba0fce0221fdc0cbf557589471899c5,f4e4fa28ede1069cc8c08936f74f6108,fast,1h,spot,aster,BTC,1,2026-01-13T16:00:00+00:00,2026-01-20T05:00:00+00:00,93643.69356,91447.76794,0.4129642756277199,38686.96867814082,37749.555380615886,30.574464529289408,152.8693067683421,-937.4132975249377,-2.423072495867585,trend_break,closed,2026-01-13T15:00:00+00:00,93456.78,91631.03,-1.9535768298458378,158
d85ad7e2888f47b79e6eead8595df555,f3264b4c3ebe6cc4e6b48806a6a8e133,1,4,20,0,d80b7c114d19620f548c2f1a44a5c454,587acff8d8fb37c3481d448a2465993f,fast,1h,spot,aster,ETH,1,2026-01-13T16:00:00+00:00,2026-01-20T06:00:00+00:00,3196.31988,3108.24106,12.091836274613367,38664.83642091995,37569.30826275088,30.49348746792102,152.46378705607052,-1095.5281581690724,-2.8333965938527217,trend_break,closed,2026-01-13T15:00:00+00:00,3189.94,3114.47,-2.36587522022359,159
d85ad7e2888f47b79e6eead8595df555,f3264b4c3ebe6cc4e6b48806a6a8e133,1,4,20,0,1b13d953cadf999dca92ae428e6aa88d,fdd291ed530aa87b2a5bb44e7d7b1cb2,fast,1h,spot,aster,XRP,0,2026-01-13T16:00:00+00:00,2026-01-16T15:00:00+00:00,2.1031980000000003,2.0286346,1914.4975056725893,4028.1779518655535,3882.2623552684627,3.164153282622676,15.820258688374878,-145.91559659709083,-3.6223721578515056,trend_break,closed,2026-01-13T15:00:00+00:00,2.099,2.0327,-3.158646974749879,72
d85ad7e2888f47b79e6eead8595df555,3373070c20f099c3f75399421b5c21d6,1,4,20,0,88e737f8b04a50270255aa93e1ab0a51,01222165e0f341eb0e3791ccf2f82b7e,fast,1h,futures,aster,ADA,1,2026-02-14T12:00:00+00:00,2026-02-14T12:00:00+00:00,0.28466820000000004,0.2833322,122908.0836626923,35002.01815088471,34809.88821483789,27.92473627345708,139.62358304081846,-192.12993604681833,-0.5489110234118373,trend_break,closed,2026-02-14T11:00:00+00:00,0.2841,0.2839,-0.07039774727209958,1
d85ad7e2888f47b79e6eead8595df555,f3264b4c3ebe6cc4e6b48806a6a8e133,1,4,20,0,ca0ea3010f654de49cbe41db5ba0fb2e,01222165e0f341eb0e3791ccf2f82b7e,fast,1h,spot,aster,ADA,1,2026-02-14T12:00:00+00:00,2026-02-14T12:00:00+00:00,0.28466820000000004,0.2833322,123082.20226204977,35051.60400556163,34859.20188729244,27.964296047090073,139.82138176968854,-192.40211826919403,-0.5489110234118405,trend_break,closed,2026-02-14T11:00:00+00:00,0.2841,0.2839,-0.07039774727209958,1
d85ad7e2888f47b79e6eead8595df555,3373070c20f099c3f75399421b5c21d6,1,4,20,0,2f1fc69bb9562bb201177ef551192b1a,9620b4dd50d224988bdd965b8277f229,fast,1h,futures,aster,ADA,1,2026-02-16T13:00:00+00:00,2026-02-16T13:00:00+00:00,0.2871732,0.28203480000000003,104379.88632687506,29987.09601451381,29426.984860077257,23.765546534539162,118.82606259451458,-560.1111544365522,-1.8678406010553916,trend_break,closed,2026-02-16T12:00:00+00:00,0.2866,0.2826,-1.3956734124214942,1
d85ad7e2888f47b79e6eead8595df555,3373070c20f099c3f75399421b5c21d6,1,4,20,0,535d0c10a9f49a0c82b522fcd1fb4d8e,163d7a61449ef55cd7c32b40feb584c4,fast,1h,futures,aster,BTC,1,2026-02-16T13:00:00+00:00,2026-02-16T13:00:00+00:00,69827.20566,68116.14469999999,0.5372781767470844,37531.64039784624,36582.679104243995,29.645580710322033,148.22481918803535,-948.9612936022459,-2.5284301020232043,trend_break,closed,2026-02-16T12:00:00+00:00,69687.83,68252.65,-2.0594413687440194,1
d85ad7e2888f47b79e6eead8595df555,f3264b4c3ebe6cc4e6b48806a6a8e133,1,4,20,0,17e44d79df4f10bd23d3932a8e154b8a,9620b4dd50d224988bdd965b8277f229,fast,1h,spot,aster,ADA,1,2026-02-16T13:00:00+00:00,2026-02-16T13:00:00+00:00,0.2871732,0.28203480000000003,104527.75682543567,30029.57744454876,29468.672804714104,23.79921416283704,118.99439837007597,-560.9046398346545,-1.8678406010553938,trend_break,closed,2026-02-16T12:00:00+00:00,0.2866,0.2826,-1.3956734124214942,1
d85ad7e2888f47b79e6eead8595df555,f3264b4c3ebe6cc4e6b48806a6a8e133,1,4,20,0,05a950930163f82238019d381187a7c7,163d7a61449ef55cd7c32b40feb584c4,fast,1h,spot,aster,BTC,1,2026-02-16T13:00:00+00:00,2026-02-16T13:00:00+00:00,69827.20566,68116.14469999999,0.5366357556419327,37486.76398382823,36538.93735898672,29.610133622487385,148.0475874368218,-947.8266248415093,-2.5284301020232136,trend_break,closed,2026-02-16T12:00:00+00:00,69687.83,68252.65,-2.0594413687440194,1
d85ad7e2888f47b79e6eead8595df555,3373070c20f099c3f75399421b5c21d6,1,4,20,0,952ebca37cc1b3bcdf6ed401768042c2,217ad3d6fc24d38d5bab4f5b0036858d,fast,1h,futures,aster,ADA,1,2026-02-25T15:00:00+00:00,2026-02-25T15:00:00+00:00,0.2888766,0.2907174,117688.75100344616,34011.12525862137,34200.48203388887,27.28467757963655,136.4248001631948,189.35677526750078,0.5567495160116802,trend_break,closed,2026-02-25T14:00:00+00:00,0.2883,0.2913,1.0405827263267442,1
d85ad7e2888f47b79e6eead8595df555,3373070c20f099c3f75399421b5c21d6,1,4,20,0,738b98cc76af639f735fcb7053347abc,5f1a0f057a724c561db2c57955a30423,fast,1h,futures,aster,XRP,1,2026-02-25T15:00:00+00:00,2026-02-25T15:00:00+00:00,1.4404752,1.4385172,22360.76801554532,32223.015832057987,32153.482855813578,25.750592469967224,128.75330223350994,-69.53297624440893,-0.21578668057268577,trend_break,closed,2026-02-25T14:00:00+00:00,1.4376,1.4414,0.2643294379521377,1
d85ad7e2888f47b79e6eead8595df555,f3264b4c3ebe6cc4e6b48806a6a8e133,1,4,20,0,e2085b8a603e74148abd5aabbb2d8198,217ad3d6fc24d38d5bab4f5b0036858d,fast,1h,spot,aster,ADA,1,2026-02-25T15:00:00+00:00,2026-02-25T15:00:00+00:00,0.2888766,0.2907174,117857.04353812017,34059.76048015346,34249.38803178146,27.32369411697329,136.6198848693889,189.62755162800022,0.5567495160117046,trend_break,closed,2026-02-25T14:00:00+00:00,0.2883,0.2913,1.0405827263267442,1
d85ad7e2888f47b79e6eead8595df555,f3264b4c3ebe6cc4e6b48806a6a8e133,1,4,20,0,3c5b7b16a88a9aa85b97dded25fbfe87,5f1a0f057a724c561db2c57955a30423,fast,1h,spot,aster,XRP,0,2026-02-25T15:00:00+00:00,2026-02-25T15:00:00+00:00,1.4404752,1.4385172,22425.429613896307,32316.19651824647,32246.462470492406,25.82505657005696,129.12562371681494,-69.7340477540638,-0.21578668057266687,trend_break,closed,2026-02-25T14:00:00+00:00,1.4376,1.4414,0.2643294379521377,1
d85ad7e2888f47b79e6eead8595df555,3373070c20f099c3f75399421b5c21d6,1,4,20,0,3748405305ae073c5e5722650001a9dd,a26c2097a44fecbc1ca77f1355d92f09,fast,1h,futures,aster,BNB,1,2026-03-02T15:00:00+00:00,2026-03-02T15:00:00+00:00,636.27,647.02336,58.52670095171132,37253.67952815118,37852.99544241166,30.042770685614727,150.21697173070035,599.3159142604782,1.6087428727881714,trend_break,closed,2026-03-02T14:00:00+00:00,635,648.32,2.0976377952756087,1
d85ad7e2888f47b79e6eead8595df555,f3264b4c3ebe6cc4e6b48806a6a8e133,1,4,20,0,eedeb2fc0cf2393de30c3c77e2302aa6,a26c2097a44fecbc1ca77f1355d92f09,fast,1h,spot,aster,BNB,0,2026-03-02T15:00:00+00:00,2026-03-02T15:00:00+00:00,636.27,647.02336,58.61036100192439,37306.93120045231,37907.103797195574,30.08571484038901,150.43169696197924,600.1725967432649,1.6087428727881763,trend_break,closed,2026-03-02T14:00:00+00:00,635,648.32,2.0976377952756087,1
d85ad7e2888f47b79e6eead8595df555,3373070c20f099c3f75399421b5c21d6,1,4,20,0,1a6e891c401a96c3ff766722da55c847,bc253a986880ac4be4c2765bddbd145d,fast,1h,futures,aster,ADA,1,2026-03-02T16:00:00+00:00,2026-03-02T16:00:00+00:00,0.2854698,0.284929,87012.3738088338,24849.340710712517,24782.431717514413,19.852701442284094,99.26371604111759,-66.90899319810342,-0.26925862531740746,trend_break,closed,2026-03-02T15:00:00+00:00,0.2849,0.2855,0.21060021060019807,1
d85ad7e2888f47b79e6eead8595df555,3373070c20f099c3f75399421b5c21d6,1,4,20,0,221aa98595a00d15efc124473e3d6407,6589f1f08f0bc540007bbbd9248d29f4,fast,1h,futures,aster,BTC,1,2026-03-02T16:00:00+00:00,2026-03-02T16:00:00+00:00,69252.61878,69318.80456,0.475003558110477,32908.39842510003,32913.508138440775,26.32876765557328,131.64449060975284,5.109713340745657,0.015527079971319283,trend_break,closed,2026-03-02T15:00:00+00:00,69114.39,69457.72,0.4967561747994953,1
d85ad7e2888f47b79e6eead8595df555,3373070c20f099c3f75399421b5c21d6,1,4,20,0,ccb1efef39740d38d47a4bed45bd1de0,21b8be377b63980afefaf309dd5f4535,fast,1h,futures,aster,SOL,1,2026-03-02T16:00:00+00:00,2026-03-02T16:00:00+00:00,89.06778,88.74216,257.56167870977276,22949.623114527025,22847.437070050477,18.31881065507359,91.5940841827694,-102.18604447654798,-0.44526240786875754,trend_break,closed,2026-03-02T15:00:00+00:00,88.89,88.92,0.03374957813027102,1
d85ad7e2888f47b79e6eead8595df555,3373070c20f099c3f75399421b5c21d6,1,4,20,0,eff7d42d2fcd5a5c805b4ec85f438be8,a7fe6ec06d85163671d4c9080b9da5d5,fast,1h,futures,aster,XRP,1,2026-03-02T16:00:00+00:00,2026-03-02T16:00:00+00:00,1.4035014000000001,1.4045852,18210.0053718406,25567.991140599162,25567.273035592923,20.454108828237445,102.27103216933119,-0.7181050062390568,-0.0028086094143657024,trend_break,closed,2026-03-02T15:00:00+00:00,1.4007,1.4074,0.47833226244020643,1
d85ad7e2888f47b79e6eead8595df555,f3264b4c3ebe6cc4e6b48806a6a8e133,1,4,20,0,9cde808da7df1db8553ca3a10611b52d,bc253a986880ac4be4c2765bddbd145d,fast,1h,spot,aster,ADA,1,2026-03-02T16:00:00+00:00,2026-03-02T16:00:00+00:00,0.2854698,0.284929,87136.75224540432,24884.86120063958,24817.856565458595,19.881079566670373,99.40560696155725,-67.00463518098695,-0.26925862531740713,trend_break,closed,2026-03-02T15:00:00+00:00,0.2849,0.2855,0.21060021060019807,1
d85ad7e2888f47b79e6eead8595df555,f3264b4c3ebe6cc4e6b48806a6a8e133,1,4,20,0,9f31953f410a11a28de11fc5feda7fe0,6589f1f08f0bc540007bbbd9248d29f4,fast,1h,spot,aster,BTC,1,2026-03-02T16:00:00+00:00,2026-03-02T16:00:00+00:00,69252.61878,69318.80456,0.4756639339745381,32954.14947616855,32959.26629331158,26.365371344942215,131.8275099635049,5.116817143025401,0.015527079971296872,trend_break,closed,2026-03-02T15:00:00+00:00,69114.39,69457.72,0.4967561747994953,1
d85ad7e2888f47b79e6eead8595df555,f3264b4c3ebe6cc4e6b48806a6a8e133,1,4,20,0,d59bb976b6d46e88f6b735cf91576b5e,21b8be377b63980afefaf309dd5f4535,fast,1h,spot,aster,SOL,1,2026-03-02T16:00:00+00:00,2026-03-02T16:00:00+00:00,89.06778,88.74216,258.0361071453198,22991.896304565085,22889.522033464687,18.352553891737156,91.76280042301863,-102.37427110039789,-0.4452624078687728,trend_break,closed,2026-03-02T15:00:00+00:00,88.89,88.92,0.03374957813027102,1
d85ad7e2888f47b79e6eead8595df555,f3264b4c3ebe6cc4e6b48806a6a8e133,1,4,20,0,1fb9ffe5d085e0cd6fa937e0196cde1b,a7fe6ec06d85163671d4c9080b9da5d5,fast,1h,spot,aster,XRP,0,2026-03-02T16:00:00+00:00,2026-03-02T16:00:00+00:00,1.4035014000000001,1.4045852,18238.934529296577,25608.609494434637,25607.890248617496,20.48660305999801,102.43350410343544,-0.7192458171412,-0.0028086094143358674,trend_break,closed,2026-03-02T15:00:00+00:00,1.4007,1.4074,0.47833226244020643,1
d85ad7e2888f47b79e6eead8595df555,3373070c20f099c3f75399421b5c21d6,1,4,20,0,39425bff4912b81b6ccde7481389280c,5c0d06d3a92bf316c8b8e09949042200,fast,1h,futures,aster,BTC,1,2026-03-04T09:00:00+00:00,2026-03-04T11:00:00+00:00,71157.0801,70977.22108,0.42083746201976485,29957.543220018728,29857.925631090748,23.926175429817633,119.6310529076458,-99.61758892798025,-0.33252923377712806,trend_break,closed,2026-03-04T08:00:00+00:00,71015.05,71119.46,0.1470251728330929,3
d85ad7e2888f47b79e6eead8595df555,3373070c20f099c3f75399421b5c21d6,1,4,20,0,d333dffe27f0ab099cfbd22201593f40,4c2081993db2355bcd95fed8ea0bb7b2,fast,1h,futures,aster,SOL,1,2026-03-04T09:00:00+00:00,2026-03-04T09:00:00+00:00,89.9295,90.28905999999999,236.37382459577995,21265.48265092979,21333.433643185308,17.039580116137618,85.19858133730293,67.95099225551894,0.3195365624703934,trend_break,closed,2026-03-04T08:00:00+00:00,89.75,90.47,0.8022284122562562,1
d85ad7e2888f47b79e6eead8595df555,f3264b4c3ebe6cc4e6b48806a6a8e133,1,4,20,0,d81f15e225a7fbb34b931c5ac3bb587f,5c0d06d3a92bf316c8b8e09949042200,fast,1h,spot,aster,BTC,1,2026-03-04T09:00:00+00:00,2026-03-04T11:00:00+00:00,71157.0801,70977.22108,0.42143892557879853,30000.358730022377,29900.598767007043,23.960370870877025,119.802030364138,-99.7599630153345,-0.33252923377713256,trend_break,closed,2026-03-04T08:00:00+00:00,71015.05,71119.46,0.1470251728330929,3
d85ad7e2888f47b79e6eead8595df555,f3264b4c3ebe6cc4e6b48806a6a8e133,1,4,20,0,326557c7aafcdffc3ba8730f30d392bf,4c2081993db2355bcd95fed8ea0bb7b2,fast,1h,spot,aster,SOL,1,2026-03-04T09:00:00+00:00,2026-03-04T09:00:00+00:00,89.9295,90.28905999999999,236.84657694187203,21308.01403879052,21376.10093438078,17.073659614957354,85.36898019292835,68.08689559025879,0.3195365624703875,trend_break,closed,2026-03-04T08:00:00+00:00,89.75,90.47,0.8022284122562562,1
d85ad7e2888f47b79e6eead8595df555,3373070c20f099c3f75399421b5c21d6,1,4,20,0,cd40466ebb3470e40cd960983d7bd3e0,7847ed08fc157fe871b05e1ca51e4b6d,fast,1h,futures,aster,BNB,1,2026-03-04T10:00:00+00:00,2026-03-04T10:00:00+00:00,654.5565,650.96546,57.062731726308606,37365.722271995204,37131.00906011025,29.79865974651384,148.99307504666083,-234.71321188495494,-0.6281511439185196,trend_break,closed,2026-03-04T09:00:00+00:00,653.25,652.27,-0.15001913509375964,1
d85ad7e2888f47b79e6eead8595df555,f3264b4c3ebe6cc4e6b48806a6a8e133,1,4,20,0,d728d9fe025331aa7f110c01b1eba58a,7847ed08fc157fe871b05e1ca51e4b6d,fast,1h,spot,aster,BNB,0,2026-03-04T10:00:00+00:00,2026-03-04T10:00:00+00:00,654.5565,650.96546,57.144297994431,37419.13335886785,37184.08464462973,29.841254368205455,149.2060478353791,-235.04871423812438,-0.6281511439185185,trend_break,closed,2026-03-04T09:00:00+00:00,653.25,652.27,-0.15001913509375964,1
d85ad7e2888f47b79e6eead8595df555,3373070c20f099c3f75399421b5c21d6,1,4,20,0,d1c51ee9814d016a7b0cf2b599abf199,4a8b9968453ba5e60d249f43707f1288,fast,1h,futures,aster,XRP,1,2026-03-10T09:00:00+00:00,2026-03-10T09:00:00+00:00,1.4067078,1.4148646,26496.2137480278,37287.339522037866,37473.559444171406,29.904394166374317,149.52343342287048,186.2199221335395,0.4994186351736849,trend_break,closed,2026-03-10T08:00:00+00:00,1.4039,1.4177,0.982975995441282,1
d85ad7e2888f47b79e6eead8595df555,f3264b4c3ebe6cc4e6b48806a6a8e133,1,4,20,0,f7a8972ac553d9ad754707df2c6bfe11,4a8b9968453ba5e60d249f43707f1288,fast,1h,spot,aster,XRP,0,2026-03-10T09:00:00+00:00,2026-03-10T09:00:00+00:00,1.4067078,1.4148646,26534.087811782472,37340.63857403562,37527.12468156721,29.947139931560727,149.73716433945083,186.486107531593,0.49941863517370044,trend_break,closed,2026-03-10T08:00:00+00:00,1.4039,1.4177,0.982975995441282,1
d85ad7e2888f47b79e6eead8595df555,3373070c20f099c3f75399421b5c21d6,1,4,20,0,896099a42d7b554a3d8ada43bda2ad5a,82ce539472046a38ce48ac37c01187ac,fast,1h,futures,aster,ADA,1,2026-03-10T10:00:00+00:00,2026-03-10T10:00:00+00:00,0.2662314,0.2675638,117576.74609107374,31315.142767958798,31446.697263372535,25.104761078013574,125.52493412683033,131.55449541373673,0.42009866085726866,trend_break,closed,2026-03-10T09:00:00+00:00,0.2657,0.2681,0.9032743695897683,1
d85ad7e2888f47b79e6eead8595df555,f3264b4c3ebe6cc4e6b48806a6a8e133,1,4,20,0,f6a4e76f05a261c7150136be48ae4dd1,82ce539472046a38ce48ac37c01187ac,fast,1h,spot,aster,ADA,1,2026-03-10T10:00:00+00:00,2026-03-10T10:00:00+00:00,0.2662314,0.2675638,117744.81195964909,31359.905077206426,31491.647618481875,25.140646179585314,125.70436124812136,131.74254127544918,0.4200986608572508,trend_break,closed,2026-03-10T09:00:00+00:00,0.2657,0.2681,0.9032743695897683,1
d85ad7e2888f47b79e6eead8595df555,3373070c20f099c3f75399421b5c21d6,1,4,20,0,82460af914f33b4bc0d90657577e43ff,f907e626471b14467e3d831c105825ad,fast,1h,futures,aster,SOL,1,2026-03-10T15:00:00+00:00,2026-03-10T15:00:00+00:00,88.36637999999999,88.14335999999999,347.7130776521128,30738.436409156417,30636.33954060605,24.549897972389697,122.74967067274886,-102.09686855036489,-0.33214724129543594,trend_break,closed,2026-03-10T14:00:00+00:00,88.19,88.32,0.14740900328835682,1
d85ad7e2888f47b79e6eead8595df555,f3264b4c3ebe6cc4e6b48806a6a8e133,1,4,20,0,24c115d673329583a65d0ca90587fdb6,f907e626471b14467e3d831c105825ad,fast,1h,spot,aster,SOL,1,2026-03-10T15:00:00+00:00,2026-03-10T15:00:00+00:00,88.36637999999999,88.14335999999999,348.2101036572834,30782.37436615474,30680.131558892324,24.584989944768054,122.92513079309418,-102.24280726241705,-0.332147241295438,trend_break,closed,2026-03-10T14:00:00+00:00,88.19,88.32,0.14740900328835682,1
d85ad7e2888f47b79e6eead8595df555,3373070c20f099c3f75399421b5c21d6,1,4,20,0,11692b2ed50a5a74a7d30557b49d6d7c,cf7669499bbcef05664cc1eb897c698e,fast,1h,futures,aster,BTC,1,2026-03-11T15:00:00+00:00,2026-03-11T15:00:00+00:00,70759.01556,70130.1586,0.5273612947310671,37330.49228604117,36969.13766649548,29.719798919443363,148.59826245098412,-361.35461954568746,-0.9679878228683505,trend_break,closed,2026-03-11T14:00:00+00:00,70617.78,70270.7,-0.49149095312823743,1
d85ad7e2888f47b79e6eead8595df555,3373070c20f099c3f75399421b5c21d6,1,4,20,0,60adbc5718f03857c63625ed3fdf6cb4,0958291e14fb45e3bbfd2e3e022700d8,fast,1h,futures,aster,ETH,1,2026-03-11T15:00:00+00:00,2026-03-11T15:00:00+00:00,2066.5548599999997,2045.0517,15.059352428425512,31133.426340595306,30784.835422936863,24.767252893626505,123.83546451533154,-348.5909176584428,-1.1196676968506685,trend_break,closed,2026-03-11T14:00:00+00:00,2062.43,2049.15,-0.6439006414763027,1
d85ad7e2888f47b79e6eead8595df555,f3264b4c3ebe6cc4e6b48806a6a8e133,1,4,20,0,618229a0771e32833a7ff59d548a6269,cf7669499bbcef05664cc1eb897c698e,fast,1h,spot,aster,BTC,1,2026-03-11T15:00:00+00:00,2026-03-11T15:00:00+00:00,70759.01556,70130.1586,0.5281151124458671,37383.853021211864,37021.98187624753,29.762280821565497,148.81067091505457,-361.8711449643306,-0.9679878228683446,trend_break,closed,2026-03-11T14:00:00+00:00,70617.78,70270.7,-0.49149095312823743,1
d85ad7e2888f47b79e6eead8595df555,f3264b4c3ebe6cc4e6b48806a6a8e133,1,4,20,0,e1fc64027a8b093718e43c20f3951ef2,0958291e14fb45e3bbfd2e3e022700d8,fast,1h,spot,aster,ETH,1,2026-03-11T15:00:00+00:00,2026-03-11T15:00:00+00:00,2066.5548599999997,2045.0517,15.058857057946161,31132.402220839598,30783.822769919232,24.766438186221496,123.83139100462057,-348.57945092036607,-1.1196676968506845,trend_break,closed,2026-03-11T14:00:00+00:00,2062.43,2049.15,-0.6439006414763027,1
d85ad7e2888f47b79e6eead8595df555,3373070c20f099c3f75399421b5c21d6,1,4,20,0,4a23f763b88158f4e02329a249bb774d,c5ecdbb625cfc89fd171341d8b4f8088,fast,1h,futures,aster,SOL,1,2026-03-11T19:00:00+00:00,2026-03-11T19:00:00+00:00,87.78522,87.04556,329.8994316276744,28971.878300983677,28704.79425740474,23.070629981209194,115.35263526293264,-267.08404357893596,-0.9218734139507542,trend_break,closed,2026-03-11T18:00:00+00:00,87.61,87.22,-0.4451546627097347,1
d85ad7e2888f47b79e6eead8595df555,f3264b4c3ebe6cc4e6b48806a6a8e133,1,4,20,0,7f55d29bf4969413ae7250ed2ec32521,c5ecdbb625cfc89fd171341d8b4f8088,fast,1h,spot,aster,SOL,1,2026-03-11T19:00:00+00:00,2026-03-11T19:00:00+00:00,87.78522,87.04556,330.37189931237674,29013.37057090002,28745.904021115883,23.103670738745716,115.51783831356565,-267.4665497841379,-0.9218734139507488,trend_break,closed,2026-03-11T18:00:00+00:00,87.61,87.22,-0.4451546627097347,1
d85ad7e2888f47b79e6eead8595df555,3373070c20f099c3f75399421b5c21d6,1,4,20,0,392e25a0ff06b09a3200311714bfc123,7d44b1a123fb926d3c8b399f5b79837f,fast,1h,futures,aster,ADA,1,2026-03-13T01:00:00+00:00,2026-03-13T01:00:00+00:00,0.27104100000000003,0.2715558,122022.39676133209,33086.30166956445,33122.63521461277,26.483584804411663,132.41870496539758,36.33354504832096,0.10981446464215612,trend_break,closed,2026-03-13T00:00:00+00:00,0.2705,0.2721,0.5914972273567409,1
d85ad7e2888f47b79e6eead8595df555,3373070c20f099c3f75399421b5c21d6,1,4,20,0,b7936b083802bdc9bd03173ab005985f,7ffb8b58e018314540dcfe8e8c39ac2d,fast,1h,futures,aster,SOL,1,2026-03-13T01:00:00+00:00,2026-03-13T02:00:00+00:00,90.18,88.88188,351.89835162431456,31746.887026820485,31264.87610644562,25.204632164300328,126.02183768369954,-482.01092037486524,-1.5182934943122188,trend_break,closed,2026-03-13T00:00:00+00:00,90,89.06,-1.0444444444444367,2
d85ad7e2888f47b79e6eead8595df555,3373070c20f099c3f75399421b5c21d6,1,4,20,0,f2caeaa639d828490569cf7af9fae079,65267c7cc988d35af379decad56762c6,fast,1h,futures,aster,XRP,1,2026-03-13T01:00:00+00:00,2026-03-13T01:00:00+00:00,1.4141226,1.4102738,26249.60533369646,37135.00820751809,37004.32301018739,29.655716322365233,148.2787706089846,-130.68519733069843,-0.35191912871111425,trend_break,closed,2026-03-13T00:00:00+00:00,1.4113,1.4131,0.12754198256925697,1
d85ad7e2888f47b79e6eead8595df555,f3264b4c3ebe6cc4e6b48806a6a8e133,1,4,20,0,9276fb000c71f550f0b6c015783ff1c7,7d44b1a123fb926d3c8b399f5b79837f,fast,1h,spot,aster,ADA,1,2026-03-13T01:00:00+00:00,2026-03-13T01:00:00+00:00,0.27104100000000003,0.2715558,122197.15195565058,33133.68643851678,33170.072018895444,26.521513448099903,132.60834930227202,36.3855803786646,0.1098144646421462,trend_break,closed,2026-03-13T00:00:00+00:00,0.2705,0.2721,0.5914972273567409,1
d85ad7e2888f47b79e6eead8595df555,f3264b4c3ebe6cc4e6b48806a6a8e133,1,4,20,0,63e64c23dca5d2648e665fc6afc9febb,7ffb8b58e018314540dcfe8e8c39ac2d,fast,1h,spot,aster,SOL,1,2026-03-13T01:00:00+00:00,2026-03-13T02:00:00+00:00,90.18,88.88188,352.6225614521053,31812.222392787557,31329.219489801737,25.256503513611804,126.28119170722795,-483.0029029858197,-1.5182934943121915,trend_break,closed,2026-03-13T00:00:00+00:00,90,89.06,-1.0444444444444367,2
d85ad7e2888f47b79e6eead8595df555,f3264b4c3ebe6cc4e6b48806a6a8e133,1,4,20,0,6b2fed2753f2c657fff1eec832806fc4,65267c7cc988d35af379decad56762c6,fast,1h,spot,aster,XRP,0,2026-03-13T01:00:00+00:00,2026-03-13T01:00:00+00:00,1.4141226,1.4102738,26316.291034436847,37229.34768473451,37098.33048873756,29.731055063606284,148.65546479532685,-131.0171959969448,-0.35191912871110276,trend_break,closed,2026-03-13T00:00:00+00:00,1.4113,1.4131,0.12754198256925697,1
d85ad7e2888f47b79e6eead8595df555,3373070c20f099c3f75399421b5c21d6,1,4,20,0,28e5b75ae9442b7f6697e3447c456f65,c318c7fd544a2031849bce9b924c7f24,fast,1h,futures,aster,SOL,1,2026-03-15T22:00:00+00:00,2026-03-18T14:00:00+00:00,90.18,88.76212,410.3447286419301,37019.689583980835,36408.498817864405,29.37118226960468,146.85417148637396,-611.1907661164296,-1.6509883604775122,trend_break,closed,2026-03-15T21:00:00+00:00,90,88.94,-1.1777777777777776,65
d85ad7e2888f47b79e6eead8595df555,f3264b4c3ebe6cc4e6b48806a6a8e133,1,4,20,0,339fa800c4cac718a95f40920898f603,c318c7fd544a2031849bce9b924c7f24,fast,1h,spot,aster,SOL,1,2026-03-15T22:00:00+00:00,2026-03-18T14:00:00+00:00,90.18,88.76212,410.93141634701334,37072.61824422413,36460.55363208773,29.413175526294893,147.06413528226915,-612.0646121364043,-1.6509883604775157,trend_break,closed,2026-03-15T21:00:00+00:00,90,88.94,-1.1777777777777776,65
d85ad7e2888f47b79e6eead8595df555,3373070c20f099c3f75399421b5c21d6,1,4,20,0,da1d7a8bdd146ca918ec92a6c4957c71,f7ea4a16b201e32289075fc9851feb01,fast,1h,futures,aster,ADA,1,2026-03-15T23:00:00+00:00,2026-03-15T23:00:00+00:00,0.2717424,0.2696596,136802.69517530513,37189.9627504912,36875.40399587075,29.62610110932022,148.1299583358204,-314.55875462044787,-0.8458162669611526,trend_break,closed,2026-03-15T22:00:00+00:00,0.2712,0.2702,-0.36873156342183133,1
d85ad7e2888f47b79e6eead8595df555,f3264b4c3ebe6cc4e6b48806a6a8e133,1,4,20,0,c4d80b054c32642316185c9168a4b038,f7ea4a16b201e32289075fc9851feb01,fast,1h,spot,aster,ADA,1,2026-03-15T23:00:00+00:00,2026-03-15T23:00:00+00:00,0.2717424,0.2696596,136998.28793836376,37243.13485768612,36928.12636473354,29.668458834562408,148.34174617966028,-315.0084929525765,-0.8458162669611203,trend_break,closed,2026-03-15T22:00:00+00:00,0.2712,0.2702,-0.36873156342183133,1
d85ad7e2888f47b79e6eead8595df555,3373070c20f099c3f75399421b5c21d6,1,4,20,0,e25d24f5a23e781a7bfc82fc05130e4f,25462e4e15ab5abf66efa01c1acf88cb,fast,1h,futures,aster,ETH,1,2026-03-23T13:00:00+00:00,2026-03-23T15:00:00+00:00,2150.58258,2123.7639599999998,13.032614874331609,28038.925606394678,27667.12649555553,22.28236491810074,111.41087216700868,-371.79911083914703,-1.3260105471172294,trend_break,closed,2026-03-23T12:00:00+00:00,2146.29,2128.02,-0.8512363194162931,3
d85ad7e2888f47b79e6eead8595df555,3373070c20f099c3f75399421b5c21d6,1,4,20,0,f9d74727abe959467b9a7c7fe7da886f,38701b1e8c566eac8e9994b535ef3a35,fast,1h,futures,aster,SOL,1,2026-03-23T13:00:00+00:00,2026-03-24T14:00:00+00:00,90.65094,89.321,333.0729962051832,30205.457546694135,29738.51292880555,23.977517315463786,119.88629425409364,-466.9446178885846,-1.5458948673985236,trend_break,closed,2026-03-23T12:00:00+00:00,90.47,89.5,-1.0721786227478658,26
d85ad7e2888f47b79e6eead8595df555,f3264b4c3ebe6cc4e6b48806a6a8e133,1,4,20,0,3f7874e53b44487980181a1c21439f98,25462e4e15ab5abf66efa01c1acf88cb,fast,1h,spot,aster,ETH,1,2026-03-23T13:00:00+00:00,2026-03-23T15:00:00+00:00,2150.58258,2123.7639599999998,13.051248170626556,28079.01407779154,27706.68338959349,22.314222984319578,111.57016113638159,-372.33068819804976,-1.3260105471172374,trend_break,closed,2026-03-23T12:00:00+00:00,2146.29,2128.02,-0.8512363194162931,3
d85ad7e2888f47b79e6eead8595df555,f3264b4c3ebe6cc4e6b48806a6a8e133,1,4,20,0,bcd361486292cd7be6360f7dd4bf4b39,38701b1e8c566eac8e9994b535ef3a35,fast,1h,spot,aster,SOL,1,2026-03-23T13:00:00+00:00,2026-03-24T14:00:00+00:00,90.65094,89.321,334.2539699181655,30312.556746442155,29843.95648752164,24.062534167549558,120.31137393234451,-468.60025892051635,-1.5458948673985309,trend_break,closed,2026-03-23T12:00:00+00:00,90.47,89.5,-1.0721786227478658,26
d85ad7e2888f47b79e6eead8595df555,3373070c20f099c3f75399421b5c21d6,1,4,20,0,fdfebe4ef6d5484193d37cde926b7507,04ffb7bd14146583234dabfd43c7f4b4,fast,1h,futures,aster,BTC,1,2026-03-23T14:00:00+00:00,2026-03-23T15:00:00+00:00,71614.62336,69979.37078,0.515960480056692,36965.09557408395,36092.147105817356,29.222762075847534,146.1110199204926,-872.9484682665934,-2.3615479811679787,trend_break,closed,2026-03-23T13:00:00+00:00,71471.68,70119.61,-1.8917562872455163,2
d85ad7e2888f47b79e6eead8595df555,3373070c20f099c3f75399421b5c21d6,1,4,20,0,69e726adc2580e76f65c12db7e0c0c52,418cdf192ae8229fbbdfba4cd39713b5,fast,1h,futures,aster,XRP,1,2026-03-23T14:00:00+00:00,2026-03-23T15:00:00+00:00,1.4456856,1.4283376,24787.488541212777,35849.249210293994,35390.73993222617,28.495926854871872,142.47848413489103,-458.5092780678242,-1.278992693482029,trend_break,closed,2026-03-23T13:00:00+00:00,1.4428,1.4312,-0.8039922373163311,2
d85ad7e2888f47b79e6eead8595df555,f3264b4c3ebe6cc4e6b48806a6a8e133,1,4,20,0,ce5e45499b656d6b22531ed93588e2dc,04ffb7bd14146583234dabfd43c7f4b4,fast,1h,spot,aster,BTC,1,2026-03-23T14:00:00+00:00,2026-03-23T15:00:00+00:00,71614.62336,69979.37078,0.5166998300055605,37018.06502151066,36143.86565432772,29.264637080778535,146.32039094653604,-874.1993671829405,-2.3615479811679942,trend_break,closed,2026-03-23T13:00:00+00:00,71471.68,70119.61,-1.8917562872455163,2
d85ad7e2888f47b79e6eead8595df555,f3264b4c3ebe6cc4e6b48806a6a8e133,1,4,20,0,8d6c6a9facc45cd6c27b04735e231f53,418cdf192ae8229fbbdfba4cd39713b5,fast,1h,spot,aster,XRP,0,2026-03-23T14:00:00+00:00,2026-03-23T15:00:00+00:00,1.4456856,1.4283376,24810.801494128544,35882.96589189793,35424.025379935905,28.522727641888043,142.6124869882509,-458.9405119620278,-1.2789926934820421,trend_break,closed,2026-03-23T13:00:00+00:00,1.4428,1.4312,-0.8039922373163311,2
d85ad7e2888f47b79e6eead8595df555,3373070c20f099c3f75399421b5c21d6,1,4,20,0,8d5c7005f572ebfd9fb1c11775b2dc40,4e45945aff98070cb15a33929bea39d0,fast,1h,futures,aster,ADA,1,2026-04-01T07:00:00+00:00,2026-04-01T07:00:00+00:00,0.25290480000000004,0.250498,131160.31458147915,33184.34155641693,32842.25432343855,26.410587843678975,132.05220472063323,-342.0872329783815,-1.030869430983877,trend_break,closed,2026-04-01T06:00:00+00:00,0.2524,0.251,-0.5546751188589605,1
d85ad7e2888f47b79e6eead8595df555,f3264b4c3ebe6cc4e6b48806a6a8e133,1,4,20,0,d5b4ffa160f6680818f1b1cac087eafd,4e45945aff98070cb15a33929bea39d0,fast,1h,spot,aster,ADA,1,2026-04-01T07:00:00+00:00,2026-04-01T07:00:00+00:00,0.25290480000000004,0.250498,131347.28756951288,33231.64683710747,32889.0719484512,26.448236933959194,132.24044912498556,-342.5748886562724,-1.0308694309839102,trend_break,closed,2026-04-01T06:00:00+00:00,0.2524,0.251,-0.5546751188589605,1
d85ad7e2888f47b79e6eead8595df555,3373070c20f099c3f75399421b5c21d6,1,4,20,0,de148ef0efeba5bc7c3db70cf4e45d78,eea50ca08475f167fa116bdade98729c,fast,1h,futures,aster,SOL,1,2026-04-01T17:00:00+00:00,2026-04-01T17:00:00+00:00,85.47059999999999,84.28110000000001,399.4489218124779,34154.795472272235,33652.52812635997,27.12285341633408,135.61290895533625,-502.26734591226705,-1.4705617145915013,trend_break,closed,2026-04-01T16:00:00+00:00,85.3,84.45,-0.9964830011723214,1
d85ad7e2888f47b79e6eead8595df555,f3264b4c3ebe6cc4e6b48806a6a8e133,1,4,20,0,1c6dfc711446db29ba8cbfc9fba41394,eea50ca08475f167fa116bdade98729c,fast,1h,spot,aster,SOL,1,2026-04-01T17:00:00+00:00,2026-04-01T17:00:00+00:00,85.47059999999999,84.28110000000001,400.01834830948235,34203.48416431685,33700.50082114003,27.1615178626907,135.80622925106928,-502.9833431768202,-1.4705617145915297,trend_break,closed,2026-04-01T16:00:00+00:00,85.3,84.45,-0.9964830011723214,1
d85ad7e2888f47b79e6eead8595df555,3373070c20f099c3f75399421b5c21d6,1,4,20,0,f15c6bd53bb06c3f726026e5295ed286,05525bbacbcea2031db87ed6d1d4e1e0,fast,1h,futures,aster,BTC,1,2026-04-06T00:00:00+00:00,2026-04-06T00:00:00+00:00,69185.2944,68959.91378,0.5234757881436626,36231.313244596924,36084.405678218,28.92626869211834,144.63145006120118,-146.90756637892628,-0.40547127118235,trend_break,closed,2026-04-05T23:00:00+00:00,69047.2,69098.11,0.0737321716159478,1
d85ad7e2888f47b79e6eead8595df555,3373070c20f099c3f75399421b5c21d6,1,4,20,0,a28c359229e2ade916992e083eff3ab3,6ff8f4eed0606167b15bf40357f0d8fd,fast,1h,futures,aster,ETH,1,2026-04-06T00:00:00+00:00,2026-04-07T10:00:00+00:00,2121.3843,2087.09744,17.072261029739554,36231.313244596924,35617.21970126511,28.739319521669003,143.6948309707737,-614.0935433318155,-1.694924882203638,trend_break,closed,2026-04-05T23:00:00+00:00,2117.15,2091.28,-1.2219257020050445,35
d85ad7e2888f47b79e6eead8595df555,f3264b4c3ebe6cc4e6b48806a6a8e133,1,4,20,0,947be8d0a31e976ca8bad211b0b698ae,05525bbacbcea2031db87ed6d1d4e1e0,fast,1h,spot,aster,BTC,1,2026-04-06T00:00:00+00:00,2026-04-06T00:00:00+00:00,69185.2944,68959.91378,0.5242220186828683,36282.96207541396,36135.845087864174,28.96750396139388,144.83762655954126,-147.11698754978715,-0.40547127118233955,trend_break,closed,2026-04-05T23:00:00+00:00,69047.2,69098.11,0.0737321716159478,1
d85ad7e2888f47b79e6eead8595df555,f3264b4c3ebe6cc4e6b48806a6a8e133,1,4,20,0,1e228f22f3064b708012c51c08fb827b,6ff8f4eed0606167b15bf40357f0d8fd,fast,1h,spot,aster,ETH,1,2026-04-06T00:00:00+00:00,2026-04-07T10:00:00+00:00,2121.3843,2087.09744,17.09092144253539,36270.914985696225,35656.150222600736,28.77073232427386,143.8518930528184,-614.7647630954889,-1.6949248822036256,trend_break,closed,2026-04-05T23:00:00+00:00,2117.15,2091.28,-1.2219257020050445,35
d85ad7e2888f47b79e6eead8595df555,3373070c20f099c3f75399421b5c21d6,1,4,20,0,2e3483df541893145069566b7b72ce60,fb25c1a255828a7eefc90689f804a3de,fast,1h,futures,aster,ADA,1,2026-04-06T01:00:00+00:00,2026-04-06T01:00:00+00:00,0.2552094,0.25488920000000004,141716.2695940352,36181.79106298529,36107.49780517444,28.915708286855974,144.5789382398347,-74.29325781085208,-0.2053332785033287,trend_break,closed,2026-04-06T00:00:00+00:00,0.2547,0.2554,0.2748331370239665,1
d85ad7e2888f47b79e6eead8595df555,3373070c20f099c3f75399421b5c21d6,1,4,20,0,dc4d4ebdab6c5ddf6e6f8b07ad1c1702,ebce144585b89c5346c7287b5a567ef9,fast,1h,futures,aster,BNB,1,2026-04-06T01:00:00+00:00,2026-04-06T01:00:00+00:00,604.9575,599.9976,59.78490081258925,36181.79106298529,35856.448684990086,28.815248454849428,144.07563246825885,-325.34237799520633,-0.8991881508266134,trend_break,closed,2026-04-06T00:00:00+00:00,603.75,601.2,-0.42236024844719555,1
d85ad7e2888f47b79e6eead8595df555,f3264b4c3ebe6cc4e6b48806a6a8e133,1,4,20,0,0b105dd54fcc590c8fbcf93a201d87da,fb25c1a255828a7eefc90689f804a3de,fast,1h,spot,aster,ADA,1,2026-04-06T01:00:00+00:00,2026-04-06T01:00:00+00:00,0.2552094,0.25488920000000004,141918.31662950662,36233.37599140082,36158.976812565226,28.95693385082722,144.78506662542264,-74.39917883559247,-0.20533327850335956,trend_break,closed,2026-04-06T00:00:00+00:00,0.2547,0.2554,0.2748331370239665,1
d85ad7e2888f47b79e6eead8595df555,f3264b4c3ebe6cc4e6b48806a6a8e133,1,4,20,0,27ff77422cc3c1875bad0d7a897ceb5b,ebce144585b89c5346c7287b5a567ef9,fast,1h,spot,aster,BNB,0,2026-04-06T01:00:00+00:00,2026-04-06T01:00:00+00:00,604.9575,599.9976,59.874290096711654,36235.88941152191,35910.060587586864,28.85833248436488,144.2910517040654,-325.82882393504406,-0.8991881508266233,trend_break,closed,2026-04-06T00:00:00+00:00,603.75,601.2,-0.42236024844719555,1
d85ad7e2888f47b79e6eead8595df555,3373070c20f099c3f75399421b5c21d6,1,4,20,0,d56cd7af2070287d89781a6dedde5135,fb647e1fc25951e36ceb7a061832c123,fast,1h,futures,aster,ADA,1,2026-04-07T22:00:00+00:00,2026-04-08T11:00:00+00:00,0.2543076,0.256486,141500.68328625636,35999.09304455393,36278.427075657404,28.91105736729869,144.5570980452395,279.3340311034772,0.775947412779989,trend_break,closed,2026-04-07T21:00:00+00:00,0.2538,0.257,1.2608353033884967,14
d85ad7e2888f47b79e6eead8595df555,3373070c20f099c3f75399421b5c21d6,1,4,20,0,af9ca66b1c78a5aeb28cc9439a7f3f9b,e7d5a130f2f57ede8f95effc114b914d,fast,1h,futures,aster,BTC,1,2026-04-07T22:00:00+00:00,2026-05-17T00:00:00+00:00,70078.76778,77684.45972,0.5134893250100462,35999.09304455393,39874.18472907876,30.349935980112356,151.76590873067875,3875.0916845248357,10.764414758252009,trend_break,closed,2026-04-07T21:00:00+00:00,69938.89,77840.14,11.297362597547655,939
d85ad7e2888f47b79e6eead8595df555,3373070c20f099c3f75399421b5c21d6,1,4,20,0,c3adeb483f7f46f8ae8230e6353395f3,1292ab338331f8173ddc515ed06e1600,fast,1h,futures,aster,SOL,1,2026-04-07T22:00:00+00:00,2026-04-07T22:00:00+00:00,83.29625999999999,85.03957999999999,432.0085819565966,35999.09304455393,36723.13323463815,29.089011012349008,145.4486493731469,724.0401900842262,2.011273420661251,trend_break,closed,2026-04-07T21:00:00+00:00,83.13,85.21,2.502105136533128,1
d85ad7e2888f47b79e6eead8595df555,3373070c20f099c3f75399421b5c21d6,1,4,20,0,6eb5753a2093e31b99ef64e27356afa7,f6a299ec181344410c0ae50f7debdaa8,fast,1h,futures,aster,XRP,1,2026-04-07T22:00:00+00:00,2026-04-07T22:00:00+00:00,1.3412772,1.3705534,26828.68177054525,35999.09304455393,36755.43296173155,29.10193607321071,145.51340418708332,756.3399171776255,2.1009971452379332,trend_break,closed,2026-04-07T21:00:00+00:00,1.3386,1.3733,2.5922605707455526,1
d85ad7e2888f47b79e6eead8595df555,f3264b4c3ebe6cc4e6b48806a6a8e133,1,4,20,0,14f1bb49b5973ebfe028d2c62da64b99,fb647e1fc25951e36ceb7a061832c123,fast,1h,spot,aster,ADA,1,2026-04-07T22:00:00+00:00,2026-04-08T11:00:00+00:00,0.2543076,0.256486,141702.53953422295,36050.4471559505,36330.17966795272,28.952300119131227,144.76331438816217,279.7325120022215,0.775947412780007,trend_break,closed,2026-04-07T21:00:00+00:00,0.2538,0.257,1.2608353033884967,14
d85ad7e2888f47b79e6eead8595df555,f3264b4c3ebe6cc4e6b48806a6a8e133,1,4,20,0,7fc4d6672e387e02b1623d79ad2c5c8b,e7d5a130f2f57ede8f95effc114b914d,fast,1h,spot,aster,BTC,1,2026-04-07T22:00:00+00:00,2026-05-17T00:00:00+00:00,70078.76778,77684.45972,0.517453341934593,36276.99758345384,40182.00406517788,30.584230353966625,152.93750588270495,3905.006481724042,10.764414758252041,trend_break,closed,2026-04-07T21:00:00+00:00,69938.89,77840.14,11.297362597547655,939
d85ad7e2888f47b79e6eead8595df555,f3264b4c3ebe6cc4e6b48806a6a8e133,1,4,20,0,27abb0016eebc5206b622763be2e5d09,1292ab338331f8173ddc515ed06e1600,fast,1h,spot,aster,SOL,1,2026-04-07T22:00:00+00:00,2026-04-07T22:00:00+00:00,83.29625999999999,85.03957999999999,437.07003355685197,36420.86167302161,37153.38478342688,29.42982049504834,147.15273889792093,732.5231104052727,2.0112734206612193,trend_break,closed,2026-04-07T21:00:00+00:00,83.13,85.21,2.502105136533128,1
d85ad7e2888f47b79e6eead8595df555,f3264b4c3ebe6cc4e6b48806a6a8e133,1,4,20,0,953e58762c3b0c7e2aa153a48b5c3318,f6a299ec181344410c0ae50f7debdaa8,fast,1h,spot,aster,XRP,0,2026-04-07T22:00:00+00:00,2026-04-07T22:00:00+00:00,1.3412772,1.3705534,27265.560266462307,36585.30260036407,37353.95876357438,29.575832262694657,147.88294577323825,768.6561632103112,2.100997145237941,trend_break,closed,2026-04-07T21:00:00+00:00,1.3386,1.3733,2.5922605707455526,1
d85ad7e2888f47b79e6eead8595df555,3373070c20f099c3f75399421b5c21d6,1,4,20,0,036d97cb8ce434648a0fab170aebfea4,48163a89fc973e3cd5715d69dbed2ea4,fast,1h,futures,aster,ETH,1,2026-04-07T23:00:00+00:00,2026-04-29T18:00:00+00:00,2223.91896,2235.46012,16.51535870207623,36743.510876487824,36904.65797568799,29.45929803789388,147.29784180642557,161.1470992001632,0.43857294895377363,trend_break,closed,2026-04-07T22:00:00+00:00,2219.48,2239.94,0.9218375475336549,524
d85ad7e2888f47b79e6eead8595df555,f3264b4c3ebe6cc4e6b48806a6a8e133,1,4,20,0,64d3955ba20dd438914b337ce44d1f3a,48163a89fc973e3cd5715d69dbed2ea4,fast,1h,spot,aster,ETH,1,2026-04-07T23:00:00+00:00,2026-04-29T18:00:00+00:00,2223.91896,2235.46012,16.54113894228688,36800.86697475164,36962.26562228336,29.50528358344298,147.5277716440259,161.3986475317215,0.4385729489537678,trend_break,closed,2026-04-07T22:00:00+00:00,2219.48,2239.94,0.9218375475336549,524
d85ad7e2888f47b79e6eead8595df555,3373070c20f099c3f75399421b5c21d6,1,4,20,0,a3c37a1d19f61aeb07a1a1aa6cacb870,f005b96f0c2ba85d8e40dbeea5a639e2,fast,1h,futures,aster,BNB,1,2026-04-08T00:00:00+00:00,2026-04-08T00:00:00+00:00,620.99952,615.25702,59.00061026062372,36654.006391815026,36286.019431273926,29.175956119474876,145.87900886939218,-367.9869605411004,-1.003947444673533,trend_break,closed,2026-04-07T23:00:00+00:00,619.76,616.49,-0.5276235962307974,1
d85ad7e2888f47b79e6eead8595df555,f3264b4c3ebe6cc4e6b48806a6a8e133,1,4,20,0,347430fe451426d4eb4a8ad8611c12f3,f005b96f0c2ba85d8e40dbeea5a639e2,fast,1h,spot,aster,BNB,0,2026-04-08T00:00:00+00:00,2026-04-08T00:00:00+00:00,620.99952,615.25702,59.09245494270174,36711.06470950142,36342.50491343794,29.221373555028144,146.10609484583006,-368.5597960634841,-1.003947444673526,trend_break,closed,2026-04-07T23:00:00+00:00,619.76,616.49,-0.5276235962307974,1
d85ad7e2888f47b79e6eead8595df555,3373070c20f099c3f75399421b5c21d6,1,4,20,0,2e281e7ac4a6867e416aa0feff55c1cb,cb46a80c0f30d339abd18a076a135799,fast,1h,futures,aster,ADA,1,2026-04-09T16:00:00+00:00,2026-04-09T16:00:00+00:00,0.25631160000000003,0.2527934,142015.19165523734,36414.70105385952,35886.142948919,28.920257659055842,144.59986814336267,-528.5581049405228,-1.4514964825847498,trend_break,closed,2026-04-09T15:00:00+00:00,0.2558,0.2533,-0.9773260359655978,1
d85ad7e2888f47b79e6eead8595df555,3373070c20f099c3f75399421b5c21d6,1,4,20,0,41512dc27d1fe746c521ccdef1cfa1a8,f42db2d68be7ef18a2cc1c063a5141e8,fast,1h,futures,aster,SOL,1,2026-04-09T16:00:00+00:00,2026-04-09T16:00:00+00:00,84.0678,83.50266,432.9855306961825,36414.70105385952,36140.98137722104,29.02223382084137,145.1107707575186,-273.71967663848045,-0.7516735513869321,trend_break,closed,2026-04-09T15:00:00+00:00,83.9,83.67,-0.27413587604291356,1
d85ad7e2888f47b79e6eead8595df555,f3264b4c3ebe6cc4e6b48806a6a8e133,1,4,20,0,8d3b65506f51ed87a80b6ff5af408dec,cb46a80c0f30d339abd18a076a135799,fast,1h,spot,aster,ADA,1,2026-04-09T16:00:00+00:00,2026-04-09T16:00:00+00:00,0.25631160000000003,0.2527934,142237.225644156,36471.63370476842,35942.24922440252,28.965473104627215,144.82594315087965,-529.3844803659013,-1.451496482584732,trend_break,closed,2026-04-09T15:00:00+00:00,0.2558,0.2533,-0.9773260359655978,1
d85ad7e2888f47b79e6eead8595df555,f3264b4c3ebe6cc4e6b48806a6a8e133,1,4,20,0,d809949cb4f75d4bd11ee5a6565c596f,f42db2d68be7ef18a2cc1c063a5141e8,fast,1h,spot,aster,SOL,1,2026-04-09T16:00:00+00:00,2026-04-09T16:00:00+00:00,84.0678,83.50266,432.60870386276207,36383.00937939175,36109.52792068823,28.99697580251473,144.9844810125661,-273.48145870351436,-0.7516735513869316,trend_break,closed,2026-04-09T15:00:00+00:00,83.9,83.67,-0.27413587604291356,1
d85ad7e2888f47b79e6eead8595df555,3373070c20f099c3f75399421b5c21d6,1,4,20,0,228d09669bcebde97585d4e38806cdeb,809a84d9b5438fff1c5e26a58bf36d71,fast,1h,futures,aster,BNB,1,2026-04-09T18:00:00+00:00,2026-04-09T18:00:00+00:00,607.8132,605.59638,59.601243034137106,36240.912821457605,36079.85930616366,28.928287711012096,144.6414886201046,-161.0535152939483,-0.4443969612117258,trend_break,closed,2026-04-09T17:00:00+00:00,606.6,606.81,0.03461918892184723,1
d85ad7e2888f47b79e6eead8595df555,f3264b4c3ebe6cc4e6b48806a6a8e133,1,4,20,0,e7bc47b873255c033b72c6d271ebdfd5,809a84d9b5438fff1c5e26a58bf36d71,fast,1h,spot,aster,BNB,0,2026-04-09T18:00:00+00:00,2026-04-09T18:00:00+00:00,607.8132,605.59638,59.6944721087066,36297.60134994959,36136.29591255766,28.973537731898958,144.86773880285136,-161.30543739192944,-0.4443969612117454,trend_break,closed,2026-04-09T17:00:00+00:00,606.6,606.81,0.03461918892184723,1
d85ad7e2888f47b79e6eead8595df555,3373070c20f099c3f75399421b5c21d6,1,4,20,0,e946edb33b2bfe39e57225610fb676db,d4a3618ffd354024cfe272d00352154a,fast,1h,futures,aster,BNB,1,2026-04-11T20:00:00+00:00,2026-04-11T20:00:00+00:00,613.20396,609.18918,59.748503129408554,36652.67393051493,36383.582370980774,29.21446414026302,146.07194548071544,-269.09155953415757,-0.7341662440352742,trend_break,closed,2026-04-11T19:00:00+00:00,611.98,610.41,-0.25654433151410805,1
d85ad7e2888f47b79e6eead8595df555,3373070c20f099c3f75399421b5c21d6,1,4,20,0,c29187983e810eddb3b3f21ceef46edd,c1613bbbdaef887febd580c638cff43e,fast,1h,futures,aster,XRP,1,2026-04-11T20:00:00+00:00,2026-04-11T20:00:00+00:00,1.375746,1.3584776,26631.383062735218,36652.67393051493,36163.666092806096,29.126462428308365,145.63105514026125,-489.0078377088357,-1.3341668840747676,trend_break,closed,2026-04-11T19:00:00+00:00,1.373,1.3612,-0.8594319009468387,1
d85ad7e2888f47b79e6eead8595df555,f3264b4c3ebe6cc4e6b48806a6a8e133,1,4,20,0,743bbcab9bce71c2d797f263f7e2fa15,d4a3618ffd354024cfe272d00352154a,fast,1h,spot,aster,BNB,0,2026-04-11T20:00:00+00:00,2026-04-11T20:00:00+00:00,613.20396,609.18918,59.843404707642115,36710.891231707436,36441.37226039973,29.26086695554617,146.3039589611493,-269.5189713077052,-0.734166244035285,trend_break,closed,2026-04-11T19:00:00+00:00,611.98,610.41,-0.25654433151410805,1
d85ad7e2888f47b79e6eead8595df555,f3264b4c3ebe6cc4e6b48806a6a8e133,1,4,20,0,1bba13899a281959f3eceddb9a337e3a,c1613bbbdaef887febd580c638cff43e,fast,1h,spot,aster,XRP,0,2026-04-11T20:00:00+00:00,2026-04-11T20:00:00+00:00,1.375746,1.3584776,26647.242320737747,36674.50096859918,36185.20192177645,29.143807531311968,145.71777990672228,-489.2990468227363,-1.3341668840747842,trend_break,closed,2026-04-11T19:00:00+00:00,1.373,1.3612,-0.8594319009468387,1
d85ad7e2888f47b79e6eead8595df555,3373070c20f099c3f75399421b5c21d6,1,4,20,0,dbbb14ea96192f9e1f9277d650ece879,32ade511cf640450ea7d0b457fe0129c,fast,1h,futures,aster,BTC,1,2026-04-13T14:00:00+00:00,2026-05-17T00:00:00+00:00,71830.96518,77684.45972,0.5037419051113006,36198.740952655,39117.26456980013,30.126873993060634,150.64676715433635,2918.5236171451324,8.06250035315406,trend_break,closed,2026-04-13T13:00:00+00:00,71687.59,77840.14,8.582447812794381,803
d85ad7e2888f47b79e6eead8595df555,3373070c20f099c3f75399421b5c21d6,1,4,20,0,814db7e1104cedc0d1a0cb63115a003a,3e2206b2cc28801ae73304a767b74dc2,fast,1h,futures,aster,SOL,1,2026-04-13T14:00:00+00:00,2026-04-13T14:00:00+00:00,83.8674,83.45276,431.44615483199306,36198.740952655,35990.97026315231,28.87585586314954,144.37914125297817,-207.77068950268585,-0.5739721438776917,trend_break,closed,2026-04-13T13:00:00+00:00,83.7,83.62,-0.09557945041815952,1
d85ad7e2888f47b79e6eead8595df555,f3264b4c3ebe6cc4e6b48806a6a8e133,1,4,20,0,d7e990a0bc46f781d6631ecaa3e94b7a,32ade511cf640450ea7d0b457fe0129c,fast,1h,spot,aster,BTC,1,2026-04-13T14:00:00+00:00,2026-05-17T00:00:00+00:00,71830.96518,77684.45972,0.5045355271429952,36255.77039183435,39178.89200771472,30.174337487172167,150.88410415609093,2923.1216158803727,8.06250035315407,trend_break,closed,2026-04-13T13:00:00+00:00,71687.59,77840.14,8.582447812794381,803
d85ad7e2888f47b79e6eead8595df555,f3264b4c3ebe6cc4e6b48806a6a8e133,1,4,20,0,7f1e475b2f64545acef015ae605d5ec6,3e2206b2cc28801ae73304a767b74dc2,fast,1h,spot,aster,SOL,1,2026-04-13T14:00:00+00:00,2026-04-13T14:00:00+00:00,83.8674,83.45276,432.76634293149374,36309.50598436843,36101.099534438545,28.964213496764962,144.8209289985951,-208.40644992988382,-0.5739721438777071,trend_break,closed,2026-04-13T13:00:00+00:00,83.7,83.62,-0.09557945041815952,1
d85ad7e2888f47b79e6eead8595df555,3373070c20f099c3f75399421b5c21d6,1,4,20,0,e834155e621e64556ab48b109500e64f,0263a40c9c99c0748480febb508c676a,fast,1h,futures,aster,BNB,1,2026-04-13T15:00:00+00:00,2026-04-13T15:00:00+00:00,605.54868,600.48662,59.45879614551777,36019.597598515495,35689.92984208032,28.683762818799348,143.4181838307576,-329.6677564351776,-0.9152455285862617,trend_break,closed,2026-04-13T14:00:00+00:00,604.34,601.69,-0.4384948869841421,1
d85ad7e2888f47b79e6eead8595df555,f3264b4c3ebe6cc4e6b48806a6a8e133,1,4,20,0,6580b6f78b5686e3dd2935008c8b25a6,0263a40c9c99c0748480febb508c676a,fast,1h,spot,aster,BNB,0,2026-04-13T15:00:00+00:00,2026-04-13T15:00:00+00:00,605.54868,600.48662,59.5518159267029,36075.94813542833,35745.76463322371,28.728636874682365,143.64255312416302,-330.18350220461434,-0.9152455285862832,trend_break,closed,2026-04-13T14:00:00+00:00,604.34,601.69,-0.4384948869841421,1
d85ad7e2888f47b79e6eead8595df555,3373070c20f099c3f75399421b5c21d6,1,4,20,0,4bd94e1fccee0c7d88303ad8fc4c7ec4,b655004bc240801fb9b81bb539cfd605,fast,1h,futures,aster,ADA,1,2026-04-13T23:00:00+00:00,2026-04-13T23:00:00+00:00,0.2485962,0.248502,148862.14287050776,37021.36566668191,36977.74321151588,29.5996413076289,147.9987424418588,-43.622455166027066,-0.11783048620836248,trend_break,closed,2026-04-13T22:00:00+00:00,0.2481,0.249,0.36275695284160303,1
d85ad7e2888f47b79e6eead8595df555,3373070c20f099c3f75399421b5c21d6,1,4,20,0,7337dd60bf86fcee324e7b405377e111,b049daaeae99c2098005188f7208b32b,fast,1h,futures,aster,SOL,1,2026-04-13T23:00:00+00:00,2026-04-14T18:00:00+00:00,86.15196,83.89188,383.6051485509685,33061.5547479226,32168.484546784177,26.091877001350852,130.45643891921338,-893.0702011384237,-2.701234736078282,trend_break,closed,2026-04-13T22:00:00+00:00,85.98,84.06,-2.2330774598743885,20
d85ad7e2888f47b79e6eead8595df555,f3264b4c3ebe6cc4e6b48806a6a8e133,1,4,20,0,7386d9cc9f68547b8871cbf72d3f17b5,b655004bc240801fb9b81bb539cfd605,fast,1h,spot,aster,ADA,1,2026-04-13T23:00:00+00:00,2026-04-13T23:00:00+00:00,0.2485962,0.248502,149101.73929443906,37080.95225230903,37037.25958597944,29.64728248805397,148.23694920653134,-43.692666329588974,-0.11783048620836925,trend_break,closed,2026-04-13T22:00:00+00:00,0.2481,0.249,0.36275695284160303,1
d85ad7e2888f47b79e6eead8595df555,f3264b4c3ebe6cc4e6b48806a6a8e133,1,4,20,0,e07e48b5961f014beda74c2edc37161f,b049daaeae99c2098005188f7208b32b,fast,1h,spot,aster,SOL,1,2026-04-13T23:00:00+00:00,2026-04-14T18:00:00+00:00,86.15196,83.89188,381.92036350181877,32916.34915474599,32027.20129752918,25.97728207361805,129.88347721969853,-889.1478572168126,-2.701234736078294,trend_break,closed,2026-04-13T22:00:00+00:00,85.98,84.06,-2.2330774598743885,20
d85ad7e2888f47b79e6eead8595df555,3373070c20f099c3f75399421b5c21d6,1,4,20,0,61fe4b9415054ca14082ba777e62022e,c95db5559e0f1c4de94a22b9e8583822,fast,1h,futures,aster,ADA,1,2026-04-15T17:00:00+00:00,2026-04-15T17:00:00+00:00,0.245991,0.24431039999999998,149104.41964523867,36693.016631069084,36413.189301134,29.242442279299212,146.21179390412104,-279.827329935084,-0.7626174014216802,trend_break,closed,2026-04-15T16:00:00+00:00,0.2455,0.2448,-0.28513238289206155,1
d85ad7e2888f47b79e6eead8595df555,f3264b4c3ebe6cc4e6b48806a6a8e133,1,4,20,0,51a0153ee60397794d87ec75dd31de65,c95db5559e0f1c4de94a22b9e8583822,fast,1h,spot,aster,ADA,1,2026-04-15T17:00:00+00:00,2026-04-15T17:00:00+00:00,0.245991,0.24431039999999998,149347.8885235097,36752.931740364984,36472.64748738032,29.290191532048294,146.45053948615362,-280.28425298466027,-0.7626174014216937,trend_break,closed,2026-04-15T16:00:00+00:00,0.2455,0.2448,-0.28513238289206155,1
d85ad7e2888f47b79e6eead8595df555,3373070c20f099c3f75399421b5c21d6,1,4,20,0,671c8d6906076fa7c1f4f2e86aa496cd,ad246f25b46c4ff01f898133c54c1b25,fast,1h,futures,aster,ADA,1,2026-04-15T20:00:00+00:00,2026-04-15T20:00:00+00:00,0.2486964,0.2472046,148025.64987933592,36828.17161114434,36577.98451953402,29.362427120325023,146.81183955032537,-250.18709161032166,-0.6793361730035333,trend_break,closed,2026-04-15T19:00:00+00:00,0.2482,0.2477,-0.20145044319097583,1
d85ad7e2888f47b79e6eead8595df555,f3264b4c3ebe6cc4e6b48806a6a8e133,1,4,20,0,56ea5bf8ecb86e78b24fe5e1856cff0b,ad246f25b46c4ff01f898133c54c1b25,fast,1h,spot,aster,ADA,1,2026-04-15T20:00:00+00:00,2026-04-15T20:00:00+00:00,0.2486964,0.2472046,148269.06901361785,36888.73328851633,36638.13477952464,29.41071183716884,147.05326264770616,-250.59850899168669,-0.6793361730035318,trend_break,closed,2026-04-15T19:00:00+00:00,0.2482,0.2477,-0.20145044319097583,1
d85ad7e2888f47b79e6eead8595df555,3373070c20f099c3f75399421b5c21d6,1,4,20,0,e945f5e75b39e4333526ec08968e52b9,066de5c517653d143af8e0c98d6d6ab9,fast,1h,futures,aster,SOL,1,2026-04-16T19:00:00+00:00,2026-04-19T07:00:00+00:00,89.25816,84.91870410967937,413.01429012490405,36879.641548491214,35058.609240867525,28.775013554576446,143.8684742176028,-1821.0323076236891,-4.937771169031846,stop,closed,2026-04-16T18:00:00+00:00,89.08,85.08888187342622,-4.480375085960686,61
d85ad7e2888f47b79e6eead8595df555,f3264b4c3ebe6cc4e6b48806a6a8e133,1,4,20,0,4bc8f4d384e3713ba3e5da4c81fecb31,066de5c517653d143af8e0c98d6d6ab9,fast,1h,spot,aster,SOL,1,2026-04-16T19:00:00+00:00,2026-04-19T07:00:00+00:00,89.25816,84.91870410967937,413.69734162328587,36940.633855589986,35116.58988741105,28.822602261781867,144.10640684907307,-1824.0439681789358,-4.937771169031835,stop,closed,2026-04-16T18:00:00+00:00,89.08,85.08888187342622,-4.480375085960686,61
d85ad7e2888f47b79e6eead8595df555,3373070c20f099c3f75399421b5c21d6,1,4,20,0,7dfa45ec2ef215e1503bbb836c7fe5ab,c0d0cbe4860d015c919f8b7b5fc6f33c,fast,1h,futures,aster,BTC,1,2026-04-22T03:00:00+00:00,2026-05-17T00:00:00+00:00,77798.88720000001,77684.45972,0.47499428484913525,36968.8083983376,36884.91451883742,29.54148047048616,147.70777577393778,-83.89387950018136,-0.22693152182842297,trend_break,closed,2026-04-22T02:00:00+00:00,77643.6,77840.14,0.2531309728039277,598
d85ad7e2888f47b79e6eead8595df555,3373070c20f099c3f75399421b5c21d6,1,4,20,0,cb1fcb610bdedcde7e3e15ecebdac3fe,09310f2ba719528f2ce3539ab022f427,fast,1h,futures,aster,ETH,1,2026-04-22T03:00:00+00:00,2026-04-27T15:00:00+00:00,2378.18688,2260.7587597513257,12.611599534018021,30004.73764383482,28500.379407358574,23.401809867449103,117.00359352591317,-1504.3582364762442,-5.013735678456599,stop,closed,2026-04-22T02:00:00+00:00,2373.44,2265.289338428182,-4.5567051019540505,133
d85ad7e2888f47b79e6eead8595df555,3373070c20f099c3f75399421b5c21d6,1,4,20,0,e1e273b64f354a942b6bbdb6f02310e2,eef0ede92029df77b34173a35401bf14,fast,1h,futures,aster,SOL,1,2026-04-22T03:00:00+00:00,2026-04-23T10:00:00+00:00,87.50466,85.26912,1.8962338883109333,165.99567339779705,161.62551889246342,0.1310477986590311,0.6552246577669598,-4.37015450533363,-2.632691814117866,trend_break,closed,2026-04-22T02:00:00+00:00,87.33,85.44,-2.164204740638953,32
d85ad7e2888f47b79e6eead8595df555,f3264b4c3ebe6cc4e6b48806a6a8e133,1,4,20,0,5dfd92264a2d92092f1d72529978de6d,c0d0cbe4860d015c919f8b7b5fc6f33c,fast,1h,spot,aster,BTC,1,2026-04-22T03:00:00+00:00,2026-05-17T00:00:00+00:00,77798.88720000001,77684.45972,0.4757968096822321,37031.268911518484,36947.2332894252,29.591392169300686,147.9573348989233,-84.03562209328084,-0.22693152182841286,trend_break,closed,2026-04-22T02:00:00+00:00,77643.6,77840.14,0.2531309728039277,598
d85ad7e2888f47b79e6eead8595df555,f3264b4c3ebe6cc4e6b48806a6a8e133,1,4,20,0,41d87bbfa9435d718dc240d6ddfc92cb,09310f2ba719528f2ce3539ab022f427,fast,1h,spot,aster,ETH,1,2026-04-22T03:00:00+00:00,2026-04-27T15:00:00+00:00,2378.18688,2260.7587597513257,12.474376564705421,29678.26524183485,28190.27546865799,23.147181909382535,115.7305130986,-1487.9897731768615,-5.013735678456612,stop,closed,2026-04-22T02:00:00+00:00,2373.44,2265.289338428182,-4.5567051019540505,133
d85ad7e2888f47b79e6eead8595df555,3373070c20f099c3f75399421b5c21d6,1,4,20,0,3a7b7fa9d6771a70cd6766e69758b409,c5e2b1e6a81abccf69ff9304a4ebf92e,fast,1h,futures,aster,ETH,1,2026-04-29T05:00:00+00:00,2026-04-29T18:00:00+00:00,2331.2331599999998,2237.853146071449,12.160831142999355,28361.072706846284,27203.26857051188,22.225554818370224,111.12367627223014,-1157.8041363344055,-4.082370749167449,stop,closed,2026-04-29T04:00:00+00:00,2326.58,2242.337821714879,-3.620858869461663,14
d85ad7e2888f47b79e6eead8595df555,f3264b4c3ebe6cc4e6b48806a6a8e133,1,4,20,0,bd2030551259b6294f65b64e77f47f1e,c5e2b1e6a81abccf69ff9304a4ebf92e,fast,1h,spot,aster,ETH,1,2026-04-29T05:00:00+00:00,2026-04-29T18:00:00+00:00,2331.2331599999998,2237.853146071449,12.087595677092699,28190.27546865799,27039.44390881577,22.091707152613075,110.45446262150512,-1150.8315598422196,-4.082370749167445,stop,closed,2026-04-29T04:00:00+00:00,2326.58,2242.337821714879,-3.620858869461663,14
d85ad7e2888f47b79e6eead8595df555,3373070c20f099c3f75399421b5c21d6,1,4,20,0,e565851e28458ad5cae9d5e4488278df,522359a876c7ea248225101dca4ea198,fast,1h,futures,aster,BTC,1,2026-05-01T14:00:00+00:00,2026-05-17T00:00:00+00:00,78869.36388,77684.45972,0.4589648046124561,36212.741487966145,35640.171103663284,28.74107802396277,143.7037896177472,-572.5703843028605,-1.5811296266899078,trend_break,closed,2026-05-01T13:00:00+00:00,78711.94,77840.14,-1.107582915628813,371
d85ad7e2888f47b79e6eead8595df555,f3264b4c3ebe6cc4e6b48806a6a8e133,1,4,20,0,7ef621169d8d385781876cbcb77d4a28,522359a876c7ea248225101dca4ea198,fast,1h,spot,aster,BTC,1,2026-05-01T14:00:00+00:00,2026-05-17T00:00:00+00:00,78869.36388,77684.45972,0.45982872161809313,36280.90532727972,35707.25718431879,28.795177828164988,143.9742856261069,-573.6481429609266,-1.58112962668988,trend_break,closed,2026-05-01T13:00:00+00:00,78711.94,77840.14,-1.107582915628813,371
d85ad7e2888f47b79e6eead8595df555,3373070c20f099c3f75399421b5c21d6,1,4,20,0,35c3bc5a72fbfc0d6254d22643ad4ddc,cb9440bb2bcb5db57aa64eca1c20fe1b,fast,1h,futures,aster,ADA,1,2026-05-04T03:00:00+00:00,2026-05-04T10:00:00+00:00,0.2537064,0.24860179999999998,109905.95887651334,27894.998703174286,27311.89007974422,22.082665749014176,110.41152628734528,-583.1086234300674,-2.090369781460908,trend_break,closed,2026-05-04T02:00:00+00:00,0.2532,0.2491,-1.6192733017377559,8
d85ad7e2888f47b79e6eead8595df555,3373070c20f099c3f75399421b5c21d6,1,4,20,0,0e7106a7ee3ec427ba6784d13a91616e,e4188df2e698cd7e0d3524afe1b27f68,fast,1h,futures,aster,BNB,1,2026-05-04T03:00:00+00:00,2026-05-04T11:00:00+00:00,626.2800599999999,622.11328,0.0011231367270425118,0.7036794960551079,0.6984387858396222,0.0005608465639797078,0.0028042253173452027,-0.005240710215485778,-0.744758124240607,trend_break,closed,2026-05-04T02:00:00+00:00,625.03,623.36,-0.26718717501559297,9
d85ad7e2888f47b79e6eead8595df555,3373070c20f099c3f75399421b5c21d6,1,4,20,0,38917089015ed06f1d56018013d037ce,1ed7bf72a02fdf6ba7f08fd65afd7410,fast,1h,futures,aster,ETH,1,2026-05-04T03:00:00+00:00,2026-05-07T13:00:00+00:00,2379.37926,2304.9683994364605,3.7765176541333746e-7,0.0008989362088381313,0.0008701271951150264,7.076208653584059e-7,0.000003538006073244891,-0.000028809013723104875,-3.2047895545714327,stop,closed,2026-05-04T02:00:00+00:00,2374.63,2309.5875745856315,-2.7390551544606345,83
d85ad7e2888f47b79e6eead8595df555,f3264b4c3ebe6cc4e6b48806a6a8e133,1,4,20,0,d0b8754c6166b0710d8aa64566346abd,cb9440bb2bcb5db57aa64eca1c20fe1b,fast,1h,spot,aster,ADA,1,2026-05-04T03:00:00+00:00,2026-05-04T10:00:00+00:00,0.2537064,0.24860179999999998,109219.63464734486,27720.804203819414,27141.336889564827,21.944767233746177,109.72204496672265,-579.4673142545871,-2.0903697814609115,trend_break,closed,2026-05-04T02:00:00+00:00,0.2532,0.2491,-1.6192733017377559,8
d85ad7e2888f47b79e6eead8595df555,3373070c20f099c3f75399421b5c21d6,1,4,20,0,4ee2277f5c0b2852bd7156c70a748850,46dd8497e94dfb080abf029b5808c85f,fast,1h,futures,aster,ADA,1,2026-05-05T08:00:00+00:00,2026-05-15T13:00:00+00:00,0.25881659999999995,0.257983,105482.91880053963,27311.65069419255,27201.914720983248,21.805412097180543,109.02714487223776,-109.73597320930276,-0.40179180100833894,trend_break,closed,2026-05-05T07:00:00+00:00,0.2583,0.2585,0.07742934572203541,246
d85ad7e2888f47b79e6eead8595df555,f3264b4c3ebe6cc4e6b48806a6a8e133,1,4,20,0,abe06b6878bc1c60e2eefd6372d55d98,46dd8497e94dfb080abf029b5808c85f,fast,1h,spot,aster,ADA,1,2026-05-05T08:00:00+00:00,2026-05-15T13:00:00+00:00,0.25881659999999995,0.257983,104825.13368804997,27141.336889564827,27032.285223258503,21.6694348639723,108.34725817996846,-109.05166630632448,-0.40179180100834366,trend_break,closed,2026-05-05T07:00:00+00:00,0.2583,0.2585,0.07742934572203541,246
d85ad7e2888f47b79e6eead8595df555,3373070c20f099c3f75399421b5c21d6,1,4,20,0,dda9e75326825ff0143ea8f5f276ac95,5cca15fc523a6d00d2c78758c83a9d83,fast,1h,futures,aster,XRP,1,2026-06-14T22:00:00+00:00,2026-06-14T22:00:00+00:00,1.1730414,1.1721510000000002,30469.091750782067,35755.80264648348,35700.090614225046,28.582352963534724,142.91222794786822,-55.712032258430554,-0.1558125622552896,trend_break,closed,2026-06-14T21:00:00+00:00,1.1707,1.1745,0.3245921243700378,1
d85ad7e2888f47b79e6eead8595df555,f3264b4c3ebe6cc4e6b48806a6a8e133,1,4,20,0,2292000afff69140cdb1d496a1e8337e,5cca15fc523a6d00d2c78758c83a9d83,fast,1h,spot,aster,XRP,0,2026-06-14T22:00:00+00:00,2026-06-14T22:00:00+00:00,1.1730414,1.1721510000000002,30527.08485308278,35823.85816772061,35768.04009641078,28.636754956641944,143.1842387948995,-55.81807130982634,-0.15581256225528964,trend_break,closed,2026-06-14T21:00:00+00:00,1.1707,1.1745,0.3245921243700378,1
d85ad7e2888f47b79e6eead8595df555,3373070c20f099c3f75399421b5c21d6,1,4,20,0,8086f3a8826a13e3d9569bf8edb1a896,9bf6d3a04a9f5d2042b49a20308c2f98,fast,1h,futures,aster,SOL,1,2026-06-20T23:00:00+00:00,2026-06-20T23:00:00+00:00,73.68708000000001,73.11348000000001,429.5500315075242,31664.948450711738,31393.335278569695,25.22327406932888,126.11588925060911,-271.61317214204246,-0.8577723490212642,trend_break,closed,2026-06-20T22:00:00+00:00,73.54,73.26,-0.3807451726951294,1
d85ad7e2888f47b79e6eead8595df555,f3264b4c3ebe6cc4e6b48806a6a8e133,1,4,20,0,62af831ba5884b11bfe1de7b837e2fc7,9bf6d3a04a9f5d2042b49a20308c2f98,fast,1h,spot,aster,SOL,1,2026-06-20T23:00:00+00:00,2026-06-20T23:00:00+00:00,73.68708000000001,73.11348000000001,430.36761212739447,31725.217677305987,31453.08753240325,25.271282586465723,126.35593092060302,-272.1301449027378,-0.857772349021267,trend_break,closed,2026-06-20T22:00:00+00:00,73.54,73.26,-0.3807451726951294,1
d85ad7e2888f47b79e6eead8595df555,3373070c20f099c3f75399421b5c21d6,1,4,20,0,91d139ca9954aab7aa6334f2f4ecb8f4,b135594f6ddf28fba6f6c2a13a555a2a,fast,1h,futures,aster,BTC,1,2026-06-22T13:00:00+00:00,2026-06-22T13:00:00+00:00,65288.35608,65390.8063,0.546438034976263,35690.31141958703,35717.730890605395,28.563225881308476,142.81692460502842,27.419471018365584,0.0768260906889079,trend_break,closed,2026-06-22T12:00:00+00:00,65158.04,65521.85,0.5583501283955128,1
d85ad7e2888f47b79e6eead8595df555,3373070c20f099c3f75399421b5c21d6,1,4,20,0,f28f835ee52c48ba8414007a74b600eb,683668b673f40bdaf0ace97cc0dbdf4f,fast,1h,futures,aster,XRP,1,2026-06-22T13:00:00+00:00,2026-06-22T13:00:00+00:00,1.157811,1.1612727999999999,30813.354686719817,35690.31141958703,35768.39759017046,28.5835006710504,142.91850170794385,78.08617058343225,0.21878814579515873,trend_break,closed,2026-06-22T12:00:00+00:00,1.1555,1.1636,0.7009952401557662,1
d85ad7e2888f47b79e6eead8595df555,f3264b4c3ebe6cc4e6b48806a6a8e133,1,4,20,0,e146769c00073a967f3d637c1f5fa602,b135594f6ddf28fba6f6c2a13a555a2a,fast,1h,spot,aster,BTC,1,2026-06-22T13:00:00+00:00,2026-06-22T13:00:00+00:00,65288.35608,65390.8063,0.5474780934434658,35758.2422886208,35785.713948270226,28.61759146903659,143.08875405720366,27.47165964942542,0.07682609068893638,trend_break,closed,2026-06-22T12:00:00+00:00,65158.04,65521.85,0.5583501283955128,1
d85ad7e2888f47b79e6eead8595df555,f3264b4c3ebe6cc4e6b48806a6a8e133,1,4,20,0,423729d9b3d4290bfd49ce58bdb937ab,683668b673f40bdaf0ace97cc0dbdf4f,fast,1h,spot,aster,XRP,0,2026-06-22T13:00:00+00:00,2026-06-22T13:00:00+00:00,1.157811,1.1612727999999999,30891.61508777348,35780.958417092654,35859.242912561145,28.65609764235642,143.28148910011095,78.28449546849151,0.21878814579515235,trend_break,closed,2026-06-22T12:00:00+00:00,1.1555,1.1636,0.7009952401557662,1
d85ad7e2888f47b79e6eead8595df555,3373070c20f099c3f75399421b5c21d6,1,4,20,0,6b114c7cf866f039e1a3bf2d7a065879,82f6177d493411f1bc61f378eb5190b0,fast,1h,futures,aster,SOL,1,2026-07-02T10:00:00+00:00,2026-07-12T00:00:00+00:00,79.63896,75.99770000000001,340.4494197729793,27123.882938412833,25863.02351993332,21.19456423696178,105.96828639853754,-1260.8594184795147,-4.6485210887482715,trend_break,closed,2026-07-02T09:00:00+00:00,79.48,76.15,-4.189733266230499,231
d85ad7e2888f47b79e6eead8595df555,f3264b4c3ebe6cc4e6b48806a6a8e133,1,4,20,0,42940b78f0ea1eb7185b4f0443bad6cc,82f6177d493411f1bc61f378eb5190b0,fast,1h,spot,aster,SOL,1,2026-07-02T10:00:00+00:00,2026-07-12T00:00:00+00:00,79.63896,75.99770000000001,341.09750625528375,27175.516517026997,25912.256900756725,21.23491064316059,106.17000979701962,-1263.259616270272,-4.64852108874828,trend_break,closed,2026-07-02T09:00:00+00:00,79.48,76.15,-4.189733266230499,231
d85ad7e2888f47b79e6eead8595df555,3373070c20f099c3f75399421b5c21d6,1,4,20,0,9a2d89ddb0d85a52a8e5f9b04ed5b857,d9c9f12ca599162c4974a0926a76ab7c,fast,1h,futures,aster,XRP,1,2026-07-02T13:00:00+00:00,2026-07-02T13:00:00+00:00,1.095186,1.1005944,32404.339558860946,35502.97453572033,35649.76904031916,28.461125471316606,142.30689760669372,146.79450459883083,0.4134710021300825,trend_break,closed,2026-07-02T12:00:00+00:00,1.093,1.1028,0.8966148215919567,1
d85ad7e2888f47b79e6eead8595df555,f3264b4c3ebe6cc4e6b48806a6a8e133,1,4,20,0,b6e8e19885b13bebaaa6d6d20d2d14f4,d9c9f12ca599162c4974a0926a76ab7c,fast,1h,spot,aster,XRP,0,2026-07-02T13:00:00+00:00,2026-07-02T13:00:00+00:00,1.095186,1.1005944,32466.025122754996,35570.55872456559,35717.63267018732,28.515304652181207,142.57779592909085,147.07394562172703,0.4134710021300718,trend_break,closed,2026-07-02T12:00:00+00:00,1.093,1.1028,0.8966148215919567,1
d85ad7e2888f47b79e6eead8595df555,3373070c20f099c3f75399421b5c21d6,1,4,20,0,f2c5aa89905d8821a3f0b3492d9ba491,c4f08278e0e30393a14e06aa3da915ae,fast,1h,futures,aster,BNB,1,2026-07-02T14:00:00+00:00,2026-07-02T14:00:00+00:00,566.19012,560.16742,62.95743790773118,35660.13767560042,35252.598880358935,28.36503395458194,141.82422037474603,-407.53879524148215,-1.1428413399545865,trend_break,closed,2026-07-02T13:00:00+00:00,565.06,561.29,-0.6671857855802932,1
d85ad7e2888f47b79e6eead8595df555,3373070c20f099c3f75399421b5c21d6,1,4,20,0,3ac5fce3b1de8db55fd7a374f46be96c,e1f999e97aebf92c0a6d2953d77ba89a,fast,1h,futures,aster,ETH,1,2026-07-02T14:00:00+00:00,2026-07-02T14:00:00+00:00,1714.923,1696.4902200000001,19.410541282069506,33300.89872054531,32916.62153255721,26.486950854803066,132.43385284847818,-384.27718798809656,-1.1539544058941962,trend_break,closed,2026-07-02T13:00:00+00:00,1711.5,1699.89,-0.6783523225241006,1
d85ad7e2888f47b79e6eead8595df555,f3264b4c3ebe6cc4e6b48806a6a8e133,1,4,20,0,00013c64d4bd3e3952d668f293f48b13,c4f08278e0e30393a14e06aa3da915ae,fast,1h,spot,aster,BNB,0,2026-07-02T14:00:00+00:00,2026-07-02T14:00:00+00:00,566.19012,560.16742,63.077284974868874,35728.02104341488,35319.706448983074,28.419030213668908,142.09419986288708,-408.3145944318094,-1.1428413399545587,trend_break,closed,2026-07-02T13:00:00+00:00,565.06,561.29,-0.6671857855802932,1
d85ad7e2888f47b79e6eead8595df555,f3264b4c3ebe6cc4e6b48806a6a8e133,1,4,20,0,6144e1d40ed73b7881b11866ff86562b,e1f999e97aebf92c0a6d2953d77ba89a,fast,1h,spot,aster,ETH,1,2026-07-02T14:00:00+00:00,2026-07-02T14:00:00+00:00,1714.923,1696.4902200000001,19.41240016803264,33304.08784197638,32919.773852981016,26.48948742606271,132.44653561844973,-384.31398899536725,-1.1539544058942186,trend_break,closed,2026-07-02T13:00:00+00:00,1711.5,1699.89,-0.6783523225241006,1
d85ad7e2888f47b79e6eead8595df555,3373070c20f099c3f75399421b5c21d6,1,4,20,0,5f08adbbf54d9446667dc2a7b44541db,40f8e1957cabcd6bc1ad8acd3b0ec65f,fast,1h,futures,aster,ADA,1,2026-07-04T15:00:00+00:00,2026-07-07T21:00:00+00:00,0.18492912,0.17427076,141575.0312365801,26191.81847892949,24662.519335306308,20.34149369247033,101.70183943910969,-1529.2991436231823,-5.838842938123812,trend_break,closed,2026-07-04T14:00:00+00:00,0.18456,0.17462,-5.385782401387084,79
d85ad7e2888f47b79e6eead8595df555,f3264b4c3ebe6cc4e6b48806a6a8e133,1,4,20,0,7c8b8cc755db47169ef84e4563df011c,40f8e1957cabcd6bc1ad8acd3b0ec65f,fast,1h,spot,aster,ADA,1,2026-07-04T15:00:00+00:00,2026-07-07T21:00:00+00:00,0.18492912,0.17427076,141845.08670515718,26241.779575532702,24709.56328194869,20.380295249232823,101.89583648551672,-1532.2162935840133,-5.8388429381238325,trend_break,closed,2026-07-04T14:00:00+00:00,0.18456,0.17462,-5.385782401387084,79
d85ad7e2888f47b79e6eead8595df555,3373070c20f099c3f75399421b5c21d6,1,4,20,0,b7fb57a9bd1371d52a52dc72221c7376,7d17c3933e14e77823b63495b6d9d3f0,fast,1h,futures,aster,BNB,1,2026-07-05T13:00:00+00:00,2026-07-05T13:00:00+00:00,585.20808,585.6264,61.15514726791416,35802.8017092992,35799.743108484014,28.64102202030068,143.20578525432921,-3.058600815187674,-0.008542909127676596,trend_break,closed,2026-07-05T12:00:00+00:00,584.04,586.8,0.47257037189234463,1
d85ad7e2888f47b79e6eead8595df555,f3264b4c3ebe6cc4e6b48806a6a8e133,1,4,20,0,c48b90366bb2a2f87b22bfa40e81321a,7d17c3933e14e77823b63495b6d9d3f0,fast,1h,spot,aster,BNB,0,2026-07-05T13:00:00+00:00,2026-07-05T13:00:00+00:00,585.20808,585.6264,61.27180166892374,35871.096114176784,35868.031679032654,28.695655218278986,143.47895253208534,-3.064435144129675,-0.00854290912765993,trend_break,closed,2026-07-05T12:00:00+00:00,584.04,586.8,0.47257037189234463,1
d85ad7e2888f47b79e6eead8595df555,3373070c20f099c3f75399421b5c21d6,1,4,20,0,dcf48379d3215e48cc0d284b5c7c46ab,1826f8f9e558eb276e4cb0e2082b6941,fast,1h,futures,aster,BTC,1,2026-07-10T02:00:00+00:00,2026-07-12T06:00:00+00:00,63873.391800000005,63635.93308,0.5514045040060025,35234.16395502994,35075.104460889794,28.12368641663866,140.61847081384562,-159.05949414014322,-0.45143541462528813,trend_break,closed,2026-07-10T01:00:00+00:00,63745.9,63763.46,0.027546869681027708,53
d85ad7e2888f47b79e6eead8595df555,3373070c20f099c3f75399421b5c21d6,1,4,20,0,250f95e8a25855ddf63f1194bcdb18e9,a0d453dfbce121caa770183b23633e0f,fast,1h,futures,aster,ETH,1,2026-07-10T02:00:00+00:00,2026-08-01T18:00:00+00:00,1771.34562,1832.5775,19.883232005654587,35234.16395502994,36422.98857540213,28.663055810201016,143.32072228459893,1188.8246203721937,3.374067912862965,trend_break,closed,2026-07-10T01:00:00+00:00,1767.81,1836.25,3.871456774200843,545
d85ad7e2888f47b79e6eead8595df555,f3264b4c3ebe6cc4e6b48806a6a8e133,1,4,20,0,0c2b1da67664c9e7658414a05b279373,1826f8f9e558eb276e4cb0e2082b6941,fast,1h,spot,aster,BTC,1,2026-07-10T02:00:00+00:00,2026-07-12T06:00:00+00:00,63873.391800000005,63635.93308,0.5524563255455069,35301.3742376901,35142.011332531765,28.17733323839724,140.8867049965185,-159.3629051583339,-0.45143541462526815,trend_break,closed,2026-07-10T01:00:00+00:00,63745.9,63763.46,0.027546869681027708,53
d85ad7e2888f47b79e6eead8595df555,f3264b4c3ebe6cc4e6b48806a6a8e133,1,4,20,0,574507d1922df2e37c9b17a34e42d924,a0d453dfbce121caa770183b23633e0f,fast,1h,spot,aster,ETH,1,2026-07-10T02:00:00+00:00,2026-08-01T18:00:00+00:00,1771.34562,1832.5775,19.926088236244563,35310.107516653734,36501.494524370566,28.724836034304722,143.62963513743915,1191.3870077168322,3.3740679128629782,trend_break,closed,2026-07-10T01:00:00+00:00,1767.81,1836.25,3.871456774200843,545
d85ad7e2888f47b79e6eead8595df555,3373070c20f099c3f75399421b5c21d6,1,4,20,0,a6690695448e2771452cde42e36e9b52,86e25b706525a0b107ee60a22635a858,fast,1h,futures,aster,BNB,1,2026-07-14T13:00:00+00:00,2026-07-14T13:00:00+00:00,578.2341600000001,577.83202,61.1775905982853,35389.12269950757,35336.23060583855,28.290137385825446,141.4511543259194,-52.89209366901923,-0.1494586178870018,trend_break,closed,2026-07-14T12:00:00+00:00,577.08,578.99,0.33097664102030855,1
d85ad7e2888f47b79e6eead8595df555,3373070c20f099c3f75399421b5c21d6,1,4,20,0,99d8e043cc0233276eb6a734564d401f,ab4a420a346b7b45c3f905700292ed7b,fast,1h,futures,aster,ETH,1,2026-07-14T13:00:00+00:00,2026-08-01T18:00:00+00:00,1865.30316,1832.5775,18.964731025504403,35389.12269950757,34740.437635142946,28.051724832525885,140.25670265608187,-648.6850643646248,-1.833006909701243,trend_break,closed,2026-07-14T12:00:00+00:00,1861.58,1836.25,-1.360672117233741,438
d85ad7e2888f47b79e6eead8595df555,f3264b4c3ebe6cc4e6b48806a6a8e133,1,4,20,0,1e5ab82ed47a7d5d2f59551203819d58,86e25b706525a0b107ee60a22635a858,fast,1h,spot,aster,BNB,0,2026-07-14T13:00:00+00:00,2026-07-14T13:00:00+00:00,578.2341600000001,577.83202,61.294460513680086,35456.72790813609,35403.73477265663,28.344181128484394,141.72137393210028,-52.99313547946076,-0.14945861788701792,trend_break,closed,2026-07-14T12:00:00+00:00,577.08,578.99,0.33097664102030855,1
d85ad7e2888f47b79e6eead8595df555,f3264b4c3ebe6cc4e6b48806a6a8e133,1,4,20,0,3f25e15eeb0c3c60371c7c2a77e6acf3,ab4a420a346b7b45c3f905700292ed7b,fast,1h,spot,aster,ETH,1,2026-07-14T13:00:00+00:00,2026-08-01T18:00:00+00:00,1865.30316,1832.5775,19.004407436224408,35463.160837214775,34813.118648670155,28.11041228526977,140.5501358997874,-650.0421885446194,-1.8330069097012638,trend_break,closed,2026-07-14T12:00:00+00:00,1861.58,1836.25,-1.360672117233741,438
d85ad7e2888f47b79e6eead8595df555,3373070c20f099c3f75399421b5c21d6,1,4,20,0,683bd8e09b76536c5f9248a5054f544b,2be792ed027d48fa799d8810f56fc082,fast,1h,futures,aster,XRP,1,2026-07-14T14:00:00+00:00,2026-07-14T14:00:00+00:00,1.1017991999999999,1.101792,32192.96316293713,35484.369130977015,35455.76128951114,28.37605213110897,141.88082725169653,-28.607841465876845,-0.08062096682706098,trend_break,closed,2026-07-14T13:00:00+00:00,1.0996,1.104,0.4001455074572835,1
d85ad7e2888f47b79e6eead8595df555,f3264b4c3ebe6cc4e6b48806a6a8e133,1,4,20,0,3625f5fd127c95b00a36026c79819430,2be792ed027d48fa799d8810f56fc082,fast,1h,spot,aster,XRP,0,2026-07-14T14:00:00+00:00,2026-07-14T14:00:00+00:00,1.1017991999999999,1.101792,32254.482528048826,35552.1782310365,35523.51572121856,28.430277543744857,142.1519553976168,-28.66250981794292,-0.08062096682706488,trend_break,closed,2026-07-14T13:00:00+00:00,1.0996,1.104,0.4001455074572835,1
d85ad7e2888f47b79e6eead8595df555,3373070c20f099c3f75399421b5c21d6,1,4,20,0,2196c701d7a13b1bd5229cb342e7b794,241df5cac5b9279b7f392eddd613fe21,fast,1h,futures,aster,BTC,1,2026-07-14T15:00:00+00:00,2026-07-16T23:00:00+00:00,64431.47574,63706.00266,0.5495109130971361,35419.96138570981,34993.14083398859,28.165177103019424,140.82485419301543,-426.8205517212191,-1.2050282807293515,trend_break,closed,2026-07-14T14:00:00+00:00,64302.87,63833.67,-0.7296719415478714,57
d85ad7e2888f47b79e6eead8595df555,3373070c20f099c3f75399421b5c21d6,1,4,20,0,606cb3775e3c5ae8e1610d73bfb0b253,6efbe545a778f88bd5fd46462ee1441e,fast,1h,futures,aster,SOL,1,2026-07-14T15:00:00+00:00,2026-07-16T08:00:00+00:00,77.44458,75.92784,457.1759452512154,35419.96138570981,34698.49707007389,28.04727243558657,140.23414944635783,-721.4643156359161,-2.0368862285857574,trend_break,closed,2026-07-14T14:00:00+00:00,77.29,76.08,-1.5655324104023927,42
d85ad7e2888f47b79e6eead8595df555,f3264b4c3ebe6cc4e6b48806a6a8e133,1,4,20,0,f784afd0d23f0fe8aca38523904eaf90,241df5cac5b9279b7f392eddd613fe21,fast,1h,spot,aster,BTC,1,2026-07-14T15:00:00+00:00,2026-07-16T23:00:00+00:00,64431.47574,63706.00266,0.5505608103488887,35487.63487358732,35059.998837198626,28.21898957758689,141.09391459540558,-427.63603638869245,-1.205028280729333,trend_break,closed,2026-07-14T14:00:00+00:00,64302.87,63833.67,-0.7296719415478714,57
d85ad7e2888f47b79e6eead8595df555,f3264b4c3ebe6cc4e6b48806a6a8e133,1,4,20,0,7df8901affbdc1027ab551a636c84d1d,6efbe545a778f88bd5fd46462ee1441e,fast,1h,spot,aster,SOL,1,2026-07-14T15:00:00+00:00,2026-07-16T08:00:00+00:00,77.44458,75.92784,458.46306493537986,35519.681701236994,34796.186196227005,28.126235899902543,140.62896053827842,-723.4955050099888,-2.0368862285857494,trend_break,closed,2026-07-14T14:00:00+00:00,77.29,76.08,-1.5655324104023927,42
d85ad7e2888f47b79e6eead8595df555,3373070c20f099c3f75399421b5c21d6,1,4,20,0,dc68f2e4587b3ff078603c53a1edfd73,0371b7bd5b9e90f992c0ff54369c7f6d,fast,1h,futures,aster,ADA,1,2026-07-14T16:00:00+00:00,2026-07-14T16:00:00+00:00,0.16645224,0.1652189,200319.94258983686,33357.04064201405,33083.4019065309,26.5761374894023,132.8802307175424,-273.63873548315314,-0.8203327699834922,trend_break,closed,2026-07-14T15:00:00+00:00,0.16612,0.16555,-0.3431254514808524,1
d85ad7e2888f47b79e6eead8595df555,f3264b4c3ebe6cc4e6b48806a6a8e133,1,4,20,0,2f69809f24860c0cd9a9695ad514ce8e,0371b7bd5b9e90f992c0ff54369c7f6d,fast,1h,spot,aster,ADA,1,2026-07-14T16:00:00+00:00,2026-07-14T16:00:00+00:00,0.16645224,0.1652189,200336.40081851764,33359.781246848004,33086.12002928531,26.578320977189875,132.89114811895547,-273.6612175626942,-0.8203327699834695,trend_break,closed,2026-07-14T15:00:00+00:00,0.16612,0.16555,-0.3431254514808524,1
d85ad7e2888f47b79e6eead8595df555,3373070c20f099c3f75399421b5c21d6,1,4,20,0,369782d3be9ce01aa16bc2729c10354f,d72909086d3974f05a5626a5fb650c82,fast,1h,futures,aster,ADA,1,2026-07-15T13:00:00+00:00,2026-07-15T13:00:00+00:00,0.1672338,0.16596740000000001,194773.5853204454,32585.755903487403,32313.135118094768,25.959516942829918,129.7971172575448,-272.6207853926353,-0.8366256293089668,trend_break,closed,2026-07-15T12:00:00+00:00,0.1669,0.1663,-0.3594967046135378,1
d85ad7e2888f47b79e6eead8595df555,f3264b4c3ebe6cc4e6b48806a6a8e133,1,4,20,0,3b32e849d8a9a696e5cdabecbfb9aed3,d72909086d3974f05a5626a5fb650c82,fast,1h,spot,aster,ADA,1,2026-07-15T13:00:00+00:00,2026-07-15T13:00:00+00:00,0.1672338,0.16596740000000001,195146.9698238101,32648.22338984994,32375.079985456407,26.009281808662926,130.04594069058703,-273.1434043935333,-0.8366256293089788,trend_break,closed,2026-07-15T12:00:00+00:00,0.1669,0.1663,-0.3594967046135378,1
d85ad7e2888f47b79e6eead8595df555,3373070c20f099c3f75399421b5c21d6,1,4,20,0,e892882379e23da2ad8f43b2d1249049,4481505fb4ee9c4b26e7d4ee2939629a,fast,1h,futures,aster,BTC,1,2026-07-20T16:00:00+00:00,2026-07-24T13:00:00+00:00,65757.57264000001,64015.412599999996,0.5359420744816505,35256.34679351686,34294.82960643173,27.82032116848089,139.09842744865057,-961.5171870851264,-2.727217294282843,trend_break,closed,2026-07-20T15:00:00+00:00,65626.32,64143.7,-2.2591850342972286,94
d85ad7e2888f47b79e6eead8595df555,3373070c20f099c3f75399421b5c21d6,1,4,20,0,70459c3114fa5e95019624595f1f4899,71392da0a3a2647aa3acb7d2111e3fc1,fast,1h,futures,aster,SOL,1,2026-07-20T16:00:00+00:00,2026-07-23T15:00:00+00:00,77.98566,76.23722,451.90679791078816,35256.34679351686,34438.337124631566,27.87774714615189,139.38613274760348,-818.0096688852936,-2.320177055427972,trend_break,closed,2026-07-20T15:00:00+00:00,77.83,76.39,-1.8501863034819488,72
d85ad7e2888f47b79e6eead8595df555,3373070c20f099c3f75399421b5c21d6,1,4,20,0,9a497e5f579e4551c2225dca0284d25e,64964ad85c1ec3b406f7619df7c27d13,fast,1h,futures,aster,XRP,1,2026-07-20T16:00:00+00:00,2026-07-20T16:00:00+00:00,1.1149254,1.1111731999999999,28973.64790452017,32316.377361798073,32181.863161315872,25.799278814858113,128.9964752005047,-134.51420048220098,-0.4162415823291297,trend_break,closed,2026-07-20T15:00:00+00:00,1.1127,1.1134,0.06291003864473677,1
d85ad7e2888f47b79e6eead8595df555,f3264b4c3ebe6cc4e6b48806a6a8e133,1,4,20,0,4bc3e65b9be9c18e79788846591bede7,4481505fb4ee9c4b26e7d4ee2939629a,fast,1h,spot,aster,BTC,1,2026-07-20T16:00:00+00:00,2026-07-24T13:00:00+00:00,65757.57264000001,64015.412599999996,0.5369661485756401,35323.71435639177,34360.35990948118,27.87348002939448,139.36421567996757,-963.3544469105909,-2.727217294282852,trend_break,closed,2026-07-20T15:00:00+00:00,65626.32,64143.7,-2.2591850342972286,94
d85ad7e2888f47b79e6eead8595df555,f3264b4c3ebe6cc4e6b48806a6a8e133,1,4,20,0,f91eae6bfa385c92cde8dc06f1c2764b,71392da0a3a2647aa3acb7d2111e3fc1,fast,1h,spot,aster,SOL,1,2026-07-20T16:00:00+00:00,2026-07-23T15:00:00+00:00,77.98566,76.23722,452.35588269365536,35291.382975573986,34472.56040523151,27.905450805583072,139.52464845803104,-818.822570342476,-2.3201770554279575,trend_break,closed,2026-07-20T15:00:00+00:00,77.83,76.39,-1.8501863034819488,72
d85ad7e2888f47b79e6eead8595df555,f3264b4c3ebe6cc4e6b48806a6a8e133,1,4,20,0,4fb264cae9c3851d855bc380bb098059,64964ad85c1ec3b406f7619df7c27d13,fast,1h,spot,aster,XRP,0,2026-07-20T16:00:00+00:00,2026-07-20T16:00:00+00:00,1.1149254,1.1111731999999999,28738.46790755754,32054.06432635164,31920.641981798835,25.589865270063505,127.94940681802768,-133.42234455280413,-0.4162415823291328,trend_break,closed,2026-07-20T15:00:00+00:00,1.1127,1.1134,0.06291003864473677,1
d85ad7e2888f47b79e6eead8595df555,3373070c20f099c3f75399421b5c21d6,1,4,20,0,ba6a25fabbafa52cc26c888be812975d,95cbbce773d756ed44b1dc1e8603f8b4,fast,1h,futures,aster,ADA,1,2026-07-22T16:00:00+00:00,2026-07-23T14:00:00+00:00,0.1778049,0.16888156000000001,179083.21849634367,31854.610505923105,30231.755768159583,24.834290826361567,124.16555871225492,-1622.8547377635223,-5.094567825469929,trend_break,closed,2026-07-22T15:00:00+00:00,0.17745,0.16922,-4.637926176387708,23
d85ad7e2888f47b79e6eead8595df555,f3264b4c3ebe6cc4e6b48806a6a8e133,1,4,20,0,19965fad44cfd89220ec916e466b2e63,95cbbce773d756ed44b1dc1e8603f8b4,fast,1h,spot,aster,ADA,1,2026-07-22T16:00:00+00:00,2026-07-23T14:00:00+00:00,0.1778049,0.16888156000000001,179454.4404021865,31920.64198179884,30294.423225710667,24.88576986972601,124.422941708452,-1626.218756088172,-5.094567825469935,trend_break,closed,2026-07-22T15:00:00+00:00,0.17745,0.16922,-4.637926176387708,23
d85ad7e2888f47b79e6eead8595df555,3373070c20f099c3f75399421b5c21d6,1,4,20,0,cfa9fdf8541e9f4ea2220c5f8aab253d,8ebe7981e637398f3be8116ecd4ba0f4,fast,1h,futures,aster,XRP,1,2026-07-26T23:00:00+00:00,2026-07-26T23:00:00+00:00,1.1154264,1.1104746,31359.081657301842,34992.73905933435,34809.5342742957,27.920884488027934,139.60435972197635,-183.2047850386516,-0.5235508564448359,trend_break,closed,2026-07-26T22:00:00+00:00,1.1132,1.1127,-0.04491555874954756,1
d85ad7e2888f47b79e6eead8595df555,f3264b4c3ebe6cc4e6b48806a6a8e133,1,4,20,0,be8d0a0ecf5572382afa47f396b71cbe,8ebe7981e637398f3be8116ecd4ba0f4,fast,1h,spot,aster,XRP,0,2026-07-26T23:00:00+00:00,2026-07-26T23:00:00+00:00,1.1154264,1.1104746,31419.41659275638,35060.06515885458,34876.50788744528,27.974604325293214,139.87295878763285,-183.55727140929957,-0.5235508564448327,trend_break,closed,2026-07-26T22:00:00+00:00,1.1132,1.1127,-0.04491555874954756,1
d85ad7e2888f47b79e6eead8595df555,3373070c20f099c3f75399421b5c21d6,1,4,20,0,054d2537a3d8a670fc9cb36f94c148d8,8768ee6b8f2bdc5095a7c698d5735ed1,fast,1h,futures,aster,BNB,1,2026-07-30T11:00:00+00:00,2026-08-01T15:00:00+00:00,587.83332,575.43682,59.030877802906055,34714.19700814912,33954.953188470965,27.467542994443768,137.33533720846094,-759.2438196781586,-2.18712770311215,trend_break,closed,2026-07-30T10:00:00+00:00,586.66,576.59,-1.7164967783724672,53
d85ad7e2888f47b79e6eead8595df555,f3264b4c3ebe6cc4e6b48806a6a8e133,1,4,20,0,530955975474e2433140227ac5948747,8768ee6b8f2bdc5095a7c698d5735ed1,fast,1h,spot,aster,BNB,0,2026-07-30T11:00:00+00:00,2026-08-01T15:00:00+00:00,587.83332,575.43682,59.144370858071156,34780.93869356354,34020.23514799415,27.52035222731214,137.59937880130255,-760.7035455693913,-2.1871277031121785,trend_break,closed,2026-07-30T10:00:00+00:00,586.66,576.59,-1.7164967783724672,53
d85ad7e2888f47b79e6eead8595df555,3373070c20f099c3f75399421b5c21d6,1,4,20,0,44c8a2776fe9b2f8bdc981d98e0acded,fb8be3ddaa24959da51a9156861050aa,fast,1h,futures,aster,ADA,1,2026-07-30T14:00:00+00:00,2026-07-31T14:00:00+00:00,0.1687368,0.16743446,205320.97578736095,34659.06250900766,34364.0555849468,27.60920445394665,138.04550486087425,-295.0069240608573,-0.8511682160594706,trend_break,closed,2026-07-30T13:00:00+00:00,0.1684,0.16777,-0.3741092636579513,25
d85ad7e2888f47b79e6eead8595df555,f3264b4c3ebe6cc4e6b48806a6a8e133,1,4,20,0,3f8c7ebd448d1ef557eac33ff3c7e00c,fb8be3ddaa24959da51a9156861050aa,fast,1h,spot,aster,ADA,1,2026-07-30T14:00:00+00:00,2026-07-31T14:00:00+00:00,0.1687368,0.16743446,205715.65782892736,34725.68653267293,34430.112526098375,27.66227675763175,138.310865384701,-295.5740065745558,-0.85116821605947,trend_break,closed,2026-07-30T13:00:00+00:00,0.1684,0.16777,-0.3741092636579513,25
