run_id,account_id,leverage,fee_bps_per_side,adverse_fill_bps_per_side,funding_included,fill_id,signal_id,tier,timeframe,market,venue,symbol,fill_time,side,fill_px,quantity,notional,fee,reason,cash_after,equity_after,signal_time,raw_entry_px,raw_exit_px,raw_gross_pct
d85ad7e2888f47b79e6eead8595df555,86ec0d3b83330c9446c948d636387edf,1,4,20,0,c51898d8aa79d453128ec80699cec172,06fc81f407f2b037d58f6b2b99bda58d,flagship,4h,futures,aster,BNB,2019-11-04T04:00:00+00:00,buy,20.5311804,97.4128111991067,2000,0.8,entry,7999.2,,2019-11-04T00:00:00+00:00,20.4902,19.561843499652547,-4.530734206339881
d85ad7e2888f47b79e6eead8595df555,521aec0492a4a3fcad91a8ad8c034711,1,4,20,0,380104cd068a845521bec08add00c2f1,06fc81f407f2b037d58f6b2b99bda58d,flagship,4h,spot,aster,BNB,2019-11-04T04:00:00+00:00,buy,20.5311804,97.4128111991067,2000,0.8,entry,7999.2,9990.3957911587,2019-11-04T00:00:00+00:00,20.4902,19.561843499652547,-4.530734206339881
d85ad7e2888f47b79e6eead8595df555,86ec0d3b83330c9446c948d636387edf,1,4,20,0,c765fe3ac75c2e4cd100671eb368ae78,1bc61a396ebf242377cc8346abea7751,flagship,4h,futures,aster,ADA,2019-11-05T04:00:00+00:00,buy,0.04470924,44661.80273652909,1996.7952573801358,0.7987181029520544,entry,6001.606024516912,,2019-11-05T00:00:00+00:00,0.04462,0.04247385375306954,-4.80983022620004
d85ad7e2888f47b79e6eead8595df555,521aec0492a4a3fcad91a8ad8c034711,1,4,20,0,bbfcebf66d8060c2ba840e3b3390298b,1bc61a396ebf242377cc8346abea7751,flagship,4h,spot,aster,ADA,2019-11-05T04:00:00+00:00,buy,0.04470924,44661.80273652909,1996.7952573801358,0.7987181029520544,entry,6001.606024516912,9916.665425690378,2019-11-05T00:00:00+00:00,0.04462,0.04247385375306954,-4.80983022620004
d85ad7e2888f47b79e6eead8595df555,86ec0d3b83330c9446c948d636387edf,1,4,20,0,bb05484c0aa9d6ead2596349bfe7d39b,1bc61a396ebf242377cc8346abea7751,flagship,4h,futures,aster,ADA,2019-11-08T12:00:00+00:00,sell,0.042388906045563404,44661.80273652909,1893.164960024218,0.7572659840096873,stop,9795.016032552488,,2019-11-05T00:00:00+00:00,0.04462,0.04247385375306954,-4.80983022620004
d85ad7e2888f47b79e6eead8595df555,86ec0d3b83330c9446c948d636387edf,1,4,20,0,dbc2d5bc603a16be403e53d95cec6cc1,06fc81f407f2b037d58f6b2b99bda58d,flagship,4h,futures,aster,BNB,2019-11-08T12:00:00+00:00,sell,19.522719812653243,97.4128111991067,1901.7630192030501,0.7607052076812201,stop,7902.608338512281,,2019-11-04T00:00:00+00:00,20.4902,19.561843499652547,-4.530734206339881
d85ad7e2888f47b79e6eead8595df555,521aec0492a4a3fcad91a8ad8c034711,1,4,20,0,562ef2933a96f1e91a682da442caaa9a,1bc61a396ebf242377cc8346abea7751,flagship,4h,spot,aster,ADA,2019-11-08T12:00:00+00:00,sell,0.042388906045563404,44661.80273652909,1893.164960024218,0.7572659840096873,stop,9795.016032552488,9795.016032552488,2019-11-05T00:00:00+00:00,0.04462,0.04247385375306954,-4.80983022620004
d85ad7e2888f47b79e6eead8595df555,521aec0492a4a3fcad91a8ad8c034711,1,4,20,0,2c4a01d2d0d5fc4d52e3c9a6e52ffde7,06fc81f407f2b037d58f6b2b99bda58d,flagship,4h,spot,aster,BNB,2019-11-08T12:00:00+00:00,sell,19.522719812653243,97.4128111991067,1901.7630192030501,0.7607052076812201,stop,7902.608338512281,9762.772422488717,2019-11-04T00:00:00+00:00,20.4902,19.561843499652547,-4.530734206339881
d85ad7e2888f47b79e6eead8595df555,86ec0d3b83330c9446c948d636387edf,1,4,20,0,8d4d9962f95febf4d7d21f2936ec0bdf,1d6d7041208ffa13b3a73e41e3a7a1c6,flagship,4h,futures,aster,BTC,2020-01-07T00:00:00+00:00,buy,7801.10106,0.2511188089275308,1959.0032065104979,0.7836012826041991,entry,7835.229224759387,,2020-01-06T20:00:00+00:00,7785.53,9384.67,20.539899017793275
d85ad7e2888f47b79e6eead8595df555,521aec0492a4a3fcad91a8ad8c034711,1,4,20,0,4f3d66ebb6f3864244d8777bebca2b9e,1d6d7041208ffa13b3a73e41e3a7a1c6,flagship,4h,spot,aster,BTC,2020-01-07T00:00:00+00:00,buy,7801.10106,0.2511188089275308,1959.0032065104979,0.7836012826041991,entry,7835.229224759387,9820.83066932555,2020-01-06T20:00:00+00:00,7785.53,9384.67,20.539899017793275
d85ad7e2888f47b79e6eead8595df555,86ec0d3b83330c9446c948d636387edf,1,4,20,0,875ddeb775ecf9456bd77060506e845a,4d4abed9f2e48bb9ecd86c3ec8e7d92a,flagship,4h,futures,aster,XRP,2020-01-11T20:00:00+00:00,buy,0.2192376,7757.581503035212,1700.7535505298326,0.6803014202119331,entry,6133.795372809343,,2020-01-11T16:00:00+00:00,0.2188,0.2188,0
d85ad7e2888f47b79e6eead8595df555,521aec0492a4a3fcad91a8ad8c034711,1,4,20,0,9e0db5798e864087c43dd791192b4fb8,4d4abed9f2e48bb9ecd86c3ec8e7d92a,flagship,4h,spot,aster,XRP,2020-01-11T20:00:00+00:00,buy,0.2192376,7757.581503035212,1700.7535505298326,0.6803014202119331,entry,6133.795372809343,9792.746468764433,2020-01-11T16:00:00+00:00,0.2188,0.2188,0
d85ad7e2888f47b79e6eead8595df555,86ec0d3b83330c9446c948d636387edf,1,4,20,0,752cd581e31044ce4af76ec4cf7ba646,e6b4004cac52b8c96b46c34e484a3066,flagship,4h,futures,aster,BNB,2020-01-14T04:00:00+00:00,buy,15.5746872,127.8754516688764,1991.6201603014679,0.7966480641205872,entry,4141.378564443754,,2020-01-14T00:00:00+00:00,15.5436,20.9206,34.59301577498135
d85ad7e2888f47b79e6eead8595df555,86ec0d3b83330c9446c948d636387edf,1,4,20,0,52c1cb2dcd6a00fd436dfb2401249712,adfd13da1c83b8e47c4490d3aa2b7d82,flagship,4h,futures,aster,ETH,2020-01-14T04:00:00+00:00,buy,149.32806,13.337213115214032,1991.6201603014679,0.7966480641205872,entry,2148.9617560781653,,2020-01-14T00:00:00+00:00,149.03,226.46,51.955982017043546
d85ad7e2888f47b79e6eead8595df555,521aec0492a4a3fcad91a8ad8c034711,1,4,20,0,878e4b68c4959f3525ff7275952fc4f8,e6b4004cac52b8c96b46c34e484a3066,flagship,4h,spot,aster,BNB,2020-01-14T04:00:00+00:00,buy,15.5746872,127.8754516688764,1991.6201603014679,0.7966480641205872,entry,4141.378564443754,9948.853222893686,2020-01-14T00:00:00+00:00,15.5436,20.9206,34.59301577498135
d85ad7e2888f47b79e6eead8595df555,521aec0492a4a3fcad91a8ad8c034711,1,4,20,0,2177751133556ef85a0a9cb4f5fe2a28,adfd13da1c83b8e47c4490d3aa2b7d82,flagship,4h,spot,aster,ETH,2020-01-14T04:00:00+00:00,buy,149.32806,13.32482752791898,1989.7706445787371,0.7959082578314949,entry,2150.812011607185,9944.48546136872,2020-01-14T00:00:00+00:00,149.03,226.46,51.955982017043546
d85ad7e2888f47b79e6eead8595df555,86ec0d3b83330c9446c948d636387edf,1,4,20,0,27b0cb740e5c8ff867a3703c06e32f91,4d4abed9f2e48bb9ecd86c3ec8e7d92a,flagship,4h,futures,aster,XRP,2020-01-24T00:00:00+00:00,sell,0.21836239999999998,7757.581503035212,1693.964115198376,0.6775856460793505,be_stop,3842.2482856304623,,2020-01-11T16:00:00+00:00,0.2188,0.2188,0
d85ad7e2888f47b79e6eead8595df555,521aec0492a4a3fcad91a8ad8c034711,1,4,20,0,f1d4ab64e662b7fef24e507d7afb6bef,4d4abed9f2e48bb9ecd86c3ec8e7d92a,flagship,4h,spot,aster,XRP,2020-01-24T00:00:00+00:00,sell,0.21836239999999998,7757.581503035212,1693.964115198376,0.6775856460793505,be_stop,3844.098541159482,10186.75428616669,2020-01-11T16:00:00+00:00,0.2188,0.2188,0
d85ad7e2888f47b79e6eead8595df555,86ec0d3b83330c9446c948d636387edf,1,4,20,0,2c54b68a75a9ee967aa4aa8f4e29b738,e6b4004cac52b8c96b46c34e484a3066,flagship,4h,futures,aster,BNB,2020-02-25T04:00:00+00:00,sell,20.8787588,127.8754516688764,2669.8807118355276,1.067952284734211,trend_break,6511.061045181255,,2020-01-14T00:00:00+00:00,15.5436,20.9206,34.59301577498135
d85ad7e2888f47b79e6eead8595df555,521aec0492a4a3fcad91a8ad8c034711,1,4,20,0,ee0561c3a982b4b726159a60bc03ff22,e6b4004cac52b8c96b46c34e484a3066,flagship,4h,spot,aster,BNB,2020-02-25T04:00:00+00:00,sell,20.8787588,127.8754516688764,2669.8807118355276,1.067952284734211,trend_break,6512.911300710275,12344.020428775151,2020-01-14T00:00:00+00:00,15.5436,20.9206,34.59301577498135
d85ad7e2888f47b79e6eead8595df555,86ec0d3b83330c9446c948d636387edf,1,4,20,0,cf96bb99cd38aa960f9f1cb8aaaaea70,1d6d7041208ffa13b3a73e41e3a7a1c6,flagship,4h,futures,aster,BTC,2020-02-25T12:00:00+00:00,sell,9365.90066,0.2511188089275308,2351.9538182727742,0.9407815273091097,trend_break,8862.074081926721,,2020-01-06T20:00:00+00:00,7785.53,9384.67,20.539899017793275
d85ad7e2888f47b79e6eead8595df555,521aec0492a4a3fcad91a8ad8c034711,1,4,20,0,6af96bd7628fa166f2674f973f689454,1d6d7041208ffa13b3a73e41e3a7a1c6,flagship,4h,spot,aster,BTC,2020-02-25T12:00:00+00:00,sell,9365.90066,0.2511188089275308,2351.9538182727742,0.9407815273091097,trend_break,8863.92433745574,12217.25043313183,2020-01-06T20:00:00+00:00,7785.53,9384.67,20.539899017793275
d85ad7e2888f47b79e6eead8595df555,86ec0d3b83330c9446c948d636387edf,1,4,20,0,0b90434d63b61fa81ac3907ee61a48be,adfd13da1c83b8e47c4490d3aa2b7d82,flagship,4h,futures,aster,ETH,2020-02-26T12:00:00+00:00,sell,226.00708,13.337213115214032,3014.304591507227,1.2057218366028908,trend_break,11875.172951597346,,2020-01-14T00:00:00+00:00,149.03,226.46,51.955982017043546
d85ad7e2888f47b79e6eead8595df555,521aec0492a4a3fcad91a8ad8c034711,1,4,20,0,1db347bf01d2580b85dbaf2b515430f9,adfd13da1c83b8e47c4490d3aa2b7d82,flagship,4h,spot,aster,ETH,2020-02-26T12:00:00+00:00,sell,226.00708,13.32482752791898,3011.5053610885875,1.2046021444354351,trend_break,11874.225096399892,11874.225096399892,2020-01-14T00:00:00+00:00,149.03,226.46,51.955982017043546
d85ad7e2888f47b79e6eead8595df555,86ec0d3b83330c9446c948d636387edf,1,4,20,0,a3c892b07ca782f8f13283db867c45ca,30bde607364e8d1204aae22b4682127b,flagship,4h,futures,aster,ETH,2020-04-16T12:00:00+00:00,buy,170.65062,8.209080770073212,1400.8847230430713,0.5603538892172285,entry,10473.727874665057,,2020-04-16T08:00:00+00:00,170.31,186.05,9.241970524337972
d85ad7e2888f47b79e6eead8595df555,521aec0492a4a3fcad91a8ad8c034711,1,4,20,0,924736dc27cb3341e9334692bc2b2ff4,30bde607364e8d1204aae22b4682127b,flagship,4h,spot,aster,ETH,2020-04-16T12:00:00+00:00,buy,170.65062,8.208425535837389,1400.7729069144827,0.5603091627657931,entry,10472.891880322644,11888.270695467085,2020-04-16T08:00:00+00:00,170.31,186.05,9.241970524337972
d85ad7e2888f47b79e6eead8595df555,86ec0d3b83330c9446c948d636387edf,1,4,20,0,2a73e77ac935d0623286948441136caa,8ef880865b7c9d7769e44a9ff6f9f97d,flagship,4h,futures,aster,ADA,2020-04-23T16:00:00+00:00,buy,0.04010004,47871.82244043334,1919.6619947342747,0.7678647978937099,entry,8553.298015132888,,2020-04-23T12:00:00+00:00,0.04002,0.13136,228.23588205897053
d85ad7e2888f47b79e6eead8595df555,86ec0d3b83330c9446c948d636387edf,1,4,20,0,09ba33732aa17ff2edb02cae90f504ec,dfa45d22a4a6e2490341fb1f977fcb4b,flagship,4h,futures,aster,BTC,2020-04-23T16:00:00+00:00,buy,7544.699280000001,0.27912281380159026,2105.8976923204323,0.8423590769281729,entry,6446.557963735528,,2020-04-23T12:00:00+00:00,7529.64,8716.23,15.7589207452149
d85ad7e2888f47b79e6eead8595df555,521aec0492a4a3fcad91a8ad8c034711,1,4,20,0,06abecabaaf738e7313688033cec93f2,8ef880865b7c9d7769e44a9ff6f9f97d,flagship,4h,spot,aster,ADA,2020-04-23T16:00:00+00:00,buy,0.04010004,47868.00139665599,1919.5087707259613,0.7678035082903846,entry,8552.615306088392,12021.464219691092,2020-04-23T12:00:00+00:00,0.04002,0.13136,228.23588205897053
d85ad7e2888f47b79e6eead8595df555,521aec0492a4a3fcad91a8ad8c034711,1,4,20,0,9ddc7a778694b0db64f7d54552ba6ace,dfa45d22a4a6e2490341fb1f977fcb4b,flagship,4h,spot,aster,BTC,2020-04-23T16:00:00+00:00,buy,7544.699280000001,0.2789493848765219,2104.5892232343376,0.8418356892937351,entry,6447.18424716476,12015.199808803354,2020-04-23T12:00:00+00:00,7529.64,8716.23,15.7589207452149
d85ad7e2888f47b79e6eead8595df555,86ec0d3b83330c9446c948d636387edf,1,4,20,0,68eb1f37f8757191f5d465c9dd5b6cde,0d0be2f0f35682aef38403940b849dfa,flagship,4h,futures,aster,BNB,2020-04-29T08:00:00+00:00,buy,16.6709754,153.65589151258834,2561.593587471429,1.0246374349885716,entry,3883.93973882911,,2020-04-29T04:00:00+00:00,16.6377,16.037698244896095,-3.606278242208383
d85ad7e2888f47b79e6eead8595df555,521aec0492a4a3fcad91a8ad8c034711,1,4,20,0,6cb1e381d91d4f9aa7dbbe2b4fd65a1f,0d0be2f0f35682aef38403940b849dfa,flagship,4h,spot,aster,BNB,2020-04-29T08:00:00+00:00,buy,16.6709754,153.64258820162146,2561.3718083015615,1.0245487233206247,entry,3884.7878901398776,12832.495261445138,2020-04-29T04:00:00+00:00,16.6377,16.037698244896095,-3.606278242208383
d85ad7e2888f47b79e6eead8595df555,86ec0d3b83330c9446c948d636387edf,1,4,20,0,2cf50acf3e26f78b1d37e509d3a2995a,0d0be2f0f35682aef38403940b849dfa,flagship,4h,futures,aster,BNB,2020-05-10T00:00:00+00:00,sell,16.005622848406304,153.65589151258834,2459.3582479861243,0.9837432991944498,stop,7865.94942388229,,2020-04-29T04:00:00+00:00,16.6377,16.037698244896095,-3.606278242208383
d85ad7e2888f47b79e6eead8595df555,86ec0d3b83330c9446c948d636387edf,1,4,20,0,60a59e22758344d5d3daa58f902919f9,30bde607364e8d1204aae22b4682127b,flagship,4h,futures,aster,ETH,2020-05-10T00:00:00+00:00,sell,185.67790000000002,8.209080770073212,1524.244878317577,0.6096979513270309,trend_break,5407.57491919536,,2020-04-16T08:00:00+00:00,170.31,186.05,9.241970524337972
d85ad7e2888f47b79e6eead8595df555,521aec0492a4a3fcad91a8ad8c034711,1,4,20,0,79e279da5d724598962cedf3e823e758,0d0be2f0f35682aef38403940b849dfa,flagship,4h,spot,aster,BNB,2020-05-10T00:00:00+00:00,sell,16.005622848406304,153.64258820162146,2459.1453202081534,0.9836581280832614,stop,7866.463118734289,12502.530455246975,2020-04-29T04:00:00+00:00,16.6377,16.037698244896095,-3.606278242208383
d85ad7e2888f47b79e6eead8595df555,521aec0492a4a3fcad91a8ad8c034711,1,4,20,0,716dfa38bd3737368da0d15f23fcf4b5,30bde607364e8d1204aae22b4682127b,flagship,4h,spot,aster,ETH,2020-05-10T00:00:00+00:00,sell,185.67790000000002,8.208425535837389,1524.1232158006612,0.6096492863202645,trend_break,5408.301456654219,12357.980343342202,2020-04-16T08:00:00+00:00,170.31,186.05,9.241970524337972
d85ad7e2888f47b79e6eead8595df555,86ec0d3b83330c9446c948d636387edf,1,4,20,0,d854f73a801dcc75effac62c440b691f,cfd9e7316f81059a610382950e82326d,flagship,4h,futures,aster,ETH,2020-05-13T16:00:00+00:00,buy,198.57636,9.560012121479105,1898.3924086391983,0.7593569634556794,entry,5966.797658279636,,2020-05-13T12:00:00+00:00,198.18,197.34,-0.42385709960641726
d85ad7e2888f47b79e6eead8595df555,521aec0492a4a3fcad91a8ad8c034711,1,4,20,0,fe4f05d6ebd79c1b1ba0f067032ce2cc,cfd9e7316f81059a610382950e82326d,flagship,4h,spot,aster,ETH,2020-05-13T16:00:00+00:00,buy,198.57636,9.559070215833135,1898.2053684445582,0.7592821473778233,entry,5967.498468142353,12890.436159262568,2020-05-13T12:00:00+00:00,198.18,197.34,-0.42385709960641726
d85ad7e2888f47b79e6eead8595df555,86ec0d3b83330c9446c948d636387edf,1,4,20,0,9fc53bf1153b058896d01125dd1d28b0,dfa45d22a4a6e2490341fb1f977fcb4b,flagship,4h,futures,aster,BTC,2020-05-24T20:00:00+00:00,sell,8698.79754,0.27912281380159026,2428.0328460551514,0.9712131384220606,trend_break,8393.859291196366,,2020-04-23T12:00:00+00:00,7529.64,8716.23,15.7589207452149
d85ad7e2888f47b79e6eead8595df555,521aec0492a4a3fcad91a8ad8c034711,1,4,20,0,50449251f4460cb482455e88426881e4,dfa45d22a4a6e2490341fb1f977fcb4b,flagship,4h,spot,aster,BTC,2020-05-24T20:00:00+00:00,sell,8698.79754,0.2789493848765219,2426.5242229484015,0.9706096891793606,trend_break,8393.052081401574,12782.902778196323,2020-04-23T12:00:00+00:00,7529.64,8716.23,15.7589207452149
d85ad7e2888f47b79e6eead8595df555,86ec0d3b83330c9446c948d636387edf,1,4,20,0,f6372e015eccf639d5421d84f74d2de5,cfd9e7316f81059a610382950e82326d,flagship,4h,futures,aster,ETH,2020-05-26T12:00:00+00:00,sell,196.94532,9.560012121479105,1882.7996464685812,0.7531198585874325,trend_break,10275.90581780636,,2020-05-13T12:00:00+00:00,198.18,197.34,-0.42385709960641726
d85ad7e2888f47b79e6eead8595df555,521aec0492a4a3fcad91a8ad8c034711,1,4,20,0,aaa8d02f0e1ea88d09e1c9be7296cd57,cfd9e7316f81059a610382950e82326d,flagship,4h,spot,aster,ETH,2020-05-26T12:00:00+00:00,sell,196.94532,9.559070215833135,1882.614142559726,0.7530456570238904,trend_break,10274.913178304276,12768.357371056087,2020-05-13T12:00:00+00:00,198.18,197.34,-0.42385709960641726
d85ad7e2888f47b79e6eead8595df555,86ec0d3b83330c9446c948d636387edf,1,4,20,0,824e9c1fe2dcd65a8becd919a9e8521c,b0c09871fb0a206953a0feb667bc5ba5,flagship,4h,futures,aster,XRP,2020-07-08T04:00:00+00:00,buy,0.20031984,16242.322988528125,3253.659542290276,1.3014638169161106,entry,7020.944811699168,,2020-07-08T00:00:00+00:00,0.19992,0.1896603198520363,-5.131892831114293
d85ad7e2888f47b79e6eead8595df555,521aec0492a4a3fcad91a8ad8c034711,1,4,20,0,1ac2ad9ab7262a2846972bf0972a9ee9,b0c09871fb0a206953a0feb667bc5ba5,flagship,4h,spot,aster,XRP,2020-07-08T04:00:00+00:00,buy,0.20031984,16240.858820139985,3253.3662403130306,1.3013464961252124,entry,7020.245591495121,16682.447493577893,2020-07-08T00:00:00+00:00,0.19992,0.1896603198520363,-5.131892831114293
d85ad7e2888f47b79e6eead8595df555,86ec0d3b83330c9446c948d636387edf,1,4,20,0,deec41f2cecb0b1350ab1bec5e95f3a2,b0c09871fb0a206953a0feb667bc5ba5,flagship,4h,futures,aster,XRP,2020-07-16T08:00:00+00:00,sell,0.1892809992123322,16242.322988528125,3074.3631247980375,1.229745249919215,stop,10094.078191247287,,2020-07-08T00:00:00+00:00,0.19992,0.1896603198520363,-5.131892831114293
d85ad7e2888f47b79e6eead8595df555,521aec0492a4a3fcad91a8ad8c034711,1,4,20,0,0263bbae78a584df8f6bf455a2466109,b0c09871fb0a206953a0feb667bc5ba5,flagship,4h,spot,aster,XRP,2020-07-16T08:00:00+00:00,sell,0.1892809992123322,16240.858820139985,3074.085985542515,1.229634394217006,stop,10093.101942643418,15970.335154124841,2020-07-08T00:00:00+00:00,0.19992,0.1896603198520363,-5.131892831114293
d85ad7e2888f47b79e6eead8595df555,86ec0d3b83330c9446c948d636387edf,1,4,20,0,5c7a01084f1776444c3ddb9f39afc76e,8ef880865b7c9d7769e44a9ff6f9f97d,flagship,4h,futures,aster,ADA,2020-08-19T00:00:00+00:00,sell,0.13109728,47871.82244043334,6275.865710583773,2.5103462842335094,trend_break,16367.433555546826,,2020-04-23T12:00:00+00:00,0.04002,0.13136,228.23588205897053
d85ad7e2888f47b79e6eead8595df555,521aec0492a4a3fcad91a8ad8c034711,1,4,20,0,1a1a522d09da520325feec8d90c639e4,8ef880865b7c9d7769e44a9ff6f9f97d,flagship,4h,spot,aster,ADA,2020-08-19T00:00:00+00:00,sell,0.13109728,47868.00139665599,6275.364782137803,2.5101459128551213,trend_break,16365.956578868365,16365.956578868365,2020-04-23T12:00:00+00:00,0.04002,0.13136,228.23588205897053
d85ad7e2888f47b79e6eead8595df555,86ec0d3b83330c9446c948d636387edf,1,4,20,0,a9348d97c75c57f5c3a321c01fb81db5,088382017bbd6a085eddfe169a23c154,flagship,4h,futures,aster,BNB,2020-09-01T20:00:00+00:00,buy,24.92475,109.05020979404351,2718.049216564086,1.0872196866256343,entry,13648.297119296114,,2020-09-01T16:00:00+00:00,24.875,23.37708779438918,-6.02175761049576
d85ad7e2888f47b79e6eead8595df555,521aec0492a4a3fcad91a8ad8c034711,1,4,20,0,972b6b41d8aaf83662999f33bcda5ce9,088382017bbd6a085eddfe169a23c154,flagship,4h,spot,aster,BNB,2020-09-01T20:00:00+00:00,buy,24.92475,109.04036923986618,2717.8039432113546,1.087121577284542,entry,13647.065514079726,16345.814652766414,2020-09-01T16:00:00+00:00,24.875,23.37708779438918,-6.02175761049576
d85ad7e2888f47b79e6eead8595df555,86ec0d3b83330c9446c948d636387edf,1,4,20,0,f9af5134f93f7f87d98ae872f8907233,088382017bbd6a085eddfe169a23c154,flagship,4h,futures,aster,BNB,2020-09-02T08:00:00+00:00,sell,23.330333618800402,109.05020979404351,2544.17777569521,1.017671110278084,stop,16191.457223881047,,2020-09-01T16:00:00+00:00,24.875,23.37708779438918,-6.02175761049576
d85ad7e2888f47b79e6eead8595df555,521aec0492a4a3fcad91a8ad8c034711,1,4,20,0,cce78eb57565fa3a5e7881521992cc93,088382017bbd6a085eddfe169a23c154,flagship,4h,spot,aster,BNB,2020-09-02T08:00:00+00:00,sell,23.330333618800402,109.04036923986618,2543.9481922832592,1.0175792769133036,stop,16189.996127086073,16189.996127086073,2020-09-01T16:00:00+00:00,24.875,23.37708779438918,-6.02175761049576
d85ad7e2888f47b79e6eead8595df555,86ec0d3b83330c9446c948d636387edf,1,4,20,0,af5b58b6ed17dace4eb2107cac50de81,24b0a84b58ed8d3ae15061f3fad86916,flagship,4h,futures,aster,BNB,2020-10-12T12:00:00+00:00,buy,30.0918636,98.85517673124119,2974.7364943504035,1.1898945977401614,entry,13215.530834932903,,2020-10-12T08:00:00+00:00,30.0318,29.0298,-3.336463348850216
d85ad7e2888f47b79e6eead8595df555,521aec0492a4a3fcad91a8ad8c034711,1,4,20,0,0ebc3dad1321737425338f1a033200ce,24b0a84b58ed8d3ae15061f3fad86916,flagship,4h,spot,aster,BNB,2020-10-12T12:00:00+00:00,buy,30.0918636,98.84625616406235,2974.4680578596235,1.1897872231438495,entry,13214.338282003306,16247.277498387697,2020-10-12T08:00:00+00:00,30.0318,29.0298,-3.336463348850216
d85ad7e2888f47b79e6eead8595df555,86ec0d3b83330c9446c948d636387edf,1,4,20,0,5ea8f97772deb1f09a7352bcd651e4ea,6ad46e905a6d6bd298047beb57e53b9a,flagship,4h,futures,aster,BTC,2020-10-21T16:00:00+00:00,buy,12766.1313,0.18156997115950888,2317.9460919595035,0.9271784367838014,entry,10896.657564536616,,2020-10-21T12:00:00+00:00,12740.65,31464.12,146.9585146754679
d85ad7e2888f47b79e6eead8595df555,86ec0d3b83330c9446c948d636387edf,1,4,20,0,17bbfec928e58bfbc3ed537532dffac8,1b2382413524493f660041fdfe3b5b21,flagship,4h,futures,aster,ETH,2020-10-21T16:00:00+00:00,buy,392.95434,8.23062578680109,3234.260123839403,1.2937040495357612,entry,7661.103736647677,,2020-10-21T12:00:00+00:00,392.17,378.24,-3.552031006961265
d85ad7e2888f47b79e6eead8595df555,521aec0492a4a3fcad91a8ad8c034711,1,4,20,0,d99e35f0ec26d80e08bc2917a0212255,6ad46e905a6d6bd298047beb57e53b9a,flagship,4h,spot,aster,BTC,2020-10-21T16:00:00+00:00,buy,12766.1313,0.1815535865130094,2317.736923410987,0.9270947693643948,entry,10895.674263822955,16153.806936585997,2020-10-21T12:00:00+00:00,12740.65,31464.12,146.9585146754679
d85ad7e2888f47b79e6eead8595df555,521aec0492a4a3fcad91a8ad8c034711,1,4,20,0,75b67accad299199fec878dc1efd5567,1b2382413524493f660041fdfe3b5b21,flagship,4h,spot,aster,ETH,2020-10-21T16:00:00+00:00,buy,392.95434,8.221722114882862,3230.7613873171995,1.29230455492688,entry,7663.620571950829,16139.817497700173,2020-10-21T12:00:00+00:00,392.17,378.24,-3.552031006961265
d85ad7e2888f47b79e6eead8595df555,86ec0d3b83330c9446c948d636387edf,1,4,20,0,e7424cd0fe9f8a29b5ca7221219da595,164dbd3d193554d3d71edf525975cd0a,flagship,4h,futures,aster,XRP,2020-10-22T12:00:00+00:00,buy,0.2621733,12555.656780815387,3291.757971893747,1.3167031887574987,entry,4368.029061565172,,2020-10-22T08:00:00+00:00,0.26165,0.250923758145647,-4.099461820887829
d85ad7e2888f47b79e6eead8595df555,521aec0492a4a3fcad91a8ad8c034711,1,4,20,0,9122fc1862a69bf0940f55c77967c4b3,164dbd3d193554d3d71edf525975cd0a,flagship,4h,spot,aster,XRP,2020-10-22T12:00:00+00:00,buy,0.2621733,12554.397839368674,3291.427911060155,1.316571164424062,entry,4370.876089726249,16446.11466828717,2020-10-22T08:00:00+00:00,0.26165,0.250923758145647,-4.099461820887829
d85ad7e2888f47b79e6eead8595df555,86ec0d3b83330c9446c948d636387edf,1,4,20,0,e762a204eb850912a4bf6e37c84cd867,164dbd3d193554d3d71edf525975cd0a,flagship,4h,futures,aster,XRP,2020-10-23T16:00:00+00:00,sell,0.2504219106293557,12555.656780815387,3144.211560258215,1.257684624103286,stop,7510.982937199284,,2020-10-22T08:00:00+00:00,0.26165,0.250923758145647,-4.099461820887829
d85ad7e2888f47b79e6eead8595df555,521aec0492a4a3fcad91a8ad8c034711,1,4,20,0,64ad8455ca3b2964de53cf4926e72726,164dbd3d193554d3d71edf525975cd0a,flagship,4h,spot,aster,XRP,2020-10-23T16:00:00+00:00,sell,0.2504219106293557,12554.397839368674,3143.8962937357583,1.2575585174943034,stop,7513.514824944514,16226.641239798599,2020-10-22T08:00:00+00:00,0.26165,0.250923758145647,-4.099461820887829
d85ad7e2888f47b79e6eead8595df555,86ec0d3b83330c9446c948d636387edf,1,4,20,0,0aaf43933f41731aeddb17010fca5015,24b0a84b58ed8d3ae15061f3fad86916,flagship,4h,futures,aster,BNB,2020-10-30T00:00:00+00:00,sell,28.9717404,98.85517673124119,2864.0065174536403,1.1456026069814562,trend_break,10373.843852045942,,2020-10-12T08:00:00+00:00,30.0318,29.0298,-3.336463348850216
d85ad7e2888f47b79e6eead8595df555,521aec0492a4a3fcad91a8ad8c034711,1,4,20,0,f49ee1e54dba268c11a40c108ca0ccfc,24b0a84b58ed8d3ae15061f3fad86916,flagship,4h,spot,aster,BNB,2020-10-30T00:00:00+00:00,sell,28.9717404,98.84625616406235,2863.7480730971147,1.145499229238846,trend_break,10376.11739881239,15979.173691258096,2020-10-12T08:00:00+00:00,30.0318,29.0298,-3.336463348850216
d85ad7e2888f47b79e6eead8595df555,86ec0d3b83330c9446c948d636387edf,1,4,20,0,37730c78c17f0ad3afdfa4e2e1b9bfea,1b2382413524493f660041fdfe3b5b21,flagship,4h,futures,aster,ETH,2020-10-30T04:00:00+00:00,sell,377.48352,8.23062578680109,3106.925593804445,1.242770237521778,trend_break,13479.526675612866,,2020-10-21T12:00:00+00:00,392.17,378.24,-3.552031006961265
d85ad7e2888f47b79e6eead8595df555,521aec0492a4a3fcad91a8ad8c034711,1,4,20,0,fd61cdfbfa2ff063dda4b6bbb35c7f15,1b2382413524493f660041fdfe3b5b21,flagship,4h,spot,aster,ETH,2020-10-30T04:00:00+00:00,sell,377.48352,8.221722114882862,3103.5646043878273,1.241425841755131,trend_break,13478.440577358462,15873.81320941448,2020-10-21T12:00:00+00:00,392.17,378.24,-3.552031006961265
d85ad7e2888f47b79e6eead8595df555,86ec0d3b83330c9446c948d636387edf,1,4,20,0,0b887b7d73d97a2d8aa65a9227cad752,2b745f95c04e1cd506e2f41ec129ffe9,flagship,4h,futures,aster,ADA,2020-11-06T04:00:00+00:00,buy,0.10212384,22165.627411648227,2263.6389872867776,0.9054555949147111,entry,11214.982232731174,,2020-11-06T00:00:00+00:00,0.10192,0.10066,-1.2362637362637319
d85ad7e2888f47b79e6eead8595df555,521aec0492a4a3fcad91a8ad8c034711,1,4,20,0,2a39245746bf685d4d14bae4b867fdcd,2b745f95c04e1cd506e2f41ec129ffe9,flagship,4h,spot,aster,ADA,2020-11-06T04:00:00+00:00,buy,0.10212384,22163.803966309908,2263.4527700467984,0.9053811080187194,entry,11214.082426203644,16336.355299153758,2020-11-06T00:00:00+00:00,0.10192,0.10066,-1.2362637362637319
d85ad7e2888f47b79e6eead8595df555,86ec0d3b83330c9446c948d636387edf,1,4,20,0,a5d85ae8725f16b57b00da58705bf08d,816e9005bc8954c4a094b52253f6d993,flagship,4h,futures,aster,BNB,2020-11-06T08:00:00+00:00,buy,28.843071,88.66422058866249,2557.3484095984536,1.0229393638393816,entry,8656.61088376888,,2020-11-06T04:00:00+00:00,28.7855,27.4018,-4.806934046655432
d85ad7e2888f47b79e6eead8595df555,521aec0492a4a3fcad91a8ad8c034711,1,4,20,0,8825b9e8e932bb3dedc47e87624613b8,816e9005bc8954c4a094b52253f6d993,flagship,4h,spot,aster,BNB,2020-11-06T08:00:00+00:00,buy,28.843071,88.65692794053415,2557.13806723071,1.0228552268922841,entry,8655.921503746042,16428.827771825876,2020-11-06T04:00:00+00:00,28.7855,27.4018,-4.806934046655432
d85ad7e2888f47b79e6eead8595df555,86ec0d3b83330c9446c948d636387edf,1,4,20,0,322f6c1a12366dffdc0f70f38df380e6,b0cdbd6f55754620868a4310ecc3995b,flagship,4h,futures,aster,XRP,2020-11-06T12:00:00+00:00,buy,0.25935768000000003,12034.31295829924,3121.191489258428,1.2484765957033714,entry,5534.170917914749,,2020-11-06T08:00:00+00:00,0.25884,0.24527770072381766,-5.239645833790119
d85ad7e2888f47b79e6eead8595df555,521aec0492a4a3fcad91a8ad8c034711,1,4,20,0,101a86ae873781f48b9dd35ebf6b9166,b0cdbd6f55754620868a4310ecc3995b,flagship,4h,spot,aster,XRP,2020-11-06T12:00:00+00:00,buy,0.25935768000000003,12033.323325679152,3120.93482043803,1.248373928175212,entry,5533.738309379836,16312.264372012112,2020-11-06T08:00:00+00:00,0.25884,0.24527770072381766,-5.239645833790119
d85ad7e2888f47b79e6eead8595df555,86ec0d3b83330c9446c948d636387edf,1,4,20,0,99a6c01160057a3b6ab25db0d1cab380,b30ea5de768696f6c40948dfa95ce64d,flagship,4h,futures,aster,SOL,2020-11-07T04:00:00+00:00,buy,2.1659232,544.6520221358331,1179.6744506709144,0.4718697802683658,entry,4354.024597463566,,2020-11-07T00:00:00+00:00,2.1616,2.1616,0
d85ad7e2888f47b79e6eead8595df555,521aec0492a4a3fcad91a8ad8c034711,1,4,20,0,25b28cf5dece8878780174404187241c,b30ea5de768696f6c40948dfa95ce64d,flagship,4h,spot,aster,SOL,2020-11-07T04:00:00+00:00,buy,2.1659232,544.607230373144,1179.5774351529374,0.47183097406117497,entry,4353.689043252838,16550.301026590016,2020-11-07T00:00:00+00:00,2.1616,2.1616,0
d85ad7e2888f47b79e6eead8595df555,86ec0d3b83330c9446c948d636387edf,1,4,20,0,0a51b5e1331cd0d6d22183e90af3bef9,2b745f95c04e1cd506e2f41ec129ffe9,flagship,4h,futures,aster,ADA,2020-11-07T16:00:00+00:00,sell,0.10045868,22165.627411648227,2226.7296711459976,0.8906918684583991,trend_break,6579.863576741105,,2020-11-06T00:00:00+00:00,0.10192,0.10066,-1.2362637362637319
d85ad7e2888f47b79e6eead8595df555,86ec0d3b83330c9446c948d636387edf,1,4,20,0,7bed033fc278976b44009bda43df11e4,816e9005bc8954c4a094b52253f6d993,flagship,4h,futures,aster,BNB,2020-11-07T16:00:00+00:00,sell,27.346996400000002,88.66422058866249,2424.700121246959,0.9698800484987836,trend_break,9003.593817939565,,2020-11-06T04:00:00+00:00,28.7855,27.4018,-4.806934046655432
d85ad7e2888f47b79e6eead8595df555,86ec0d3b83330c9446c948d636387edf,1,4,20,0,f2ea604e9d6b967419d36d583c6eaaa0,b30ea5de768696f6c40948dfa95ce64d,flagship,4h,futures,aster,SOL,2020-11-07T16:00:00+00:00,sell,2.1572768,544.6520221358331,1174.9651714267193,0.46998606857068775,be_stop,13122.7557802298,,2020-11-07T00:00:00+00:00,2.1616,2.1616,0
d85ad7e2888f47b79e6eead8595df555,86ec0d3b83330c9446c948d636387edf,1,4,20,0,e015c4ea426d98691c252887a5e83969,b0cdbd6f55754620868a4310ecc3995b,flagship,4h,futures,aster,XRP,2020-11-07T16:00:00+00:00,sell,0.24478714532237003,12034.31295829924,2945.845114978077,1.178338045991231,stop,11948.260594871652,,2020-11-06T08:00:00+00:00,0.25884,0.24527770072381766,-5.239645833790119
d85ad7e2888f47b79e6eead8595df555,521aec0492a4a3fcad91a8ad8c034711,1,4,20,0,1cd6687287201c0a088dc18f0db0f2bd,2b745f95c04e1cd506e2f41ec129ffe9,flagship,4h,spot,aster,ADA,2020-11-07T16:00:00+00:00,sell,0.10045868,22163.803966309908,2226.546490234258,0.8906185960937032,trend_break,6579.344914891002,15648.991090808113,2020-11-06T00:00:00+00:00,0.10192,0.10066,-1.2362637362637319
d85ad7e2888f47b79e6eead8595df555,521aec0492a4a3fcad91a8ad8c034711,1,4,20,0,fc6864ec2a234753154bba6bf79f033a,816e9005bc8954c4a094b52253f6d993,flagship,4h,spot,aster,BNB,2020-11-07T16:00:00+00:00,sell,27.346996400000002,88.65692794053415,2424.500689224847,0.9698002756899389,trend_break,9002.87580384016,15643.16257171634,2020-11-06T04:00:00+00:00,28.7855,27.4018,-4.806934046655432
d85ad7e2888f47b79e6eead8595df555,521aec0492a4a3fcad91a8ad8c034711,1,4,20,0,a5d55353d916a63823d928ddbeb130b9,b30ea5de768696f6c40948dfa95ce64d,flagship,4h,spot,aster,SOL,2020-11-07T16:00:00+00:00,sell,2.1572768,544.607230373144,1174.868543196239,0.4699474172784956,be_stop,13121.699024106954,15781.558920995125,2020-11-07T00:00:00+00:00,2.1616,2.1616,0
d85ad7e2888f47b79e6eead8595df555,521aec0492a4a3fcad91a8ad8c034711,1,4,20,0,8360c3d4a46e4d5f27b89064a3b6d41c,b0cdbd6f55754620868a4310ecc3995b,flagship,4h,spot,aster,XRP,2020-11-07T16:00:00+00:00,sell,0.24478714532237003,12033.323325679152,2945.6028656340877,1.178241146253635,stop,11947.300428327993,15626.065992521279,2020-11-06T08:00:00+00:00,0.25884,0.24527770072381766,-5.239645833790119
d85ad7e2888f47b79e6eead8595df555,86ec0d3b83330c9446c948d636387edf,1,4,20,0,fb2bfbeff38c38822862295a207a210d,7219ce1c42c55473bda9a027e6093ccd,flagship,4h,futures,aster,XRP,2020-11-13T20:00:00+00:00,buy,0.26489874,12145.664798717726,3217.3713016426796,1.2869485206570719,entry,9904.097530066463,,2020-11-13T16:00:00+00:00,0.26437,0.48871,84.85834247456216
d85ad7e2888f47b79e6eead8595df555,521aec0492a4a3fcad91a8ad8c034711,1,4,20,0,af771b6e564c7628a843f4dd1d8ad22f,7219ce1c42c55473bda9a027e6093ccd,flagship,4h,spot,aster,XRP,2020-11-13T20:00:00+00:00,buy,0.26489874,12144.664995656824,3217.1064550715982,1.2868425820286393,entry,9903.305726453327,16088.875707752206,2020-11-13T16:00:00+00:00,0.26437,0.48871,84.85834247456216
d85ad7e2888f47b79e6eead8595df555,86ec0d3b83330c9446c948d636387edf,1,4,20,0,61fc4eb25fc586b825bf1c8cdd541c8a,208443bb939322f412378b616b835ab1,flagship,4h,futures,aster,ADA,2020-11-17T08:00:00+00:00,buy,0.10864686,28368.165434528466,3082.1120984220534,1.2328448393688214,entry,6820.752586805042,,2020-11-17T04:00:00+00:00,0.10843,0.13348,23.102462418149948
d85ad7e2888f47b79e6eead8595df555,86ec0d3b83330c9446c948d636387edf,1,4,20,0,38bf6e45193de8819c2c4c9159eed175,4f979b454fe11aa637e4a926c5ce4032,flagship,4h,futures,aster,BNB,2020-11-17T08:00:00+00:00,buy,28.600987800000002,116.3099144220814,3326.5784434049947,1.330631377361998,entry,3492.843512022685,,2020-11-17T04:00:00+00:00,28.5439,28.3145,-0.8036743402268121
d85ad7e2888f47b79e6eead8595df555,521aec0492a4a3fcad91a8ad8c034711,1,4,20,0,0b3a4f9182257847dc30bdf00f9cec41,208443bb939322f412378b616b835ab1,flagship,4h,spot,aster,ADA,2020-11-17T08:00:00+00:00,buy,0.10864686,28365.828629274063,3081.858211868731,1.2327432847474924,entry,6820.2147712998485,16705.83152521756,2020-11-17T04:00:00+00:00,0.10843,0.13348,23.102462418149948
d85ad7e2888f47b79e6eead8595df555,521aec0492a4a3fcad91a8ad8c034711,1,4,20,0,a01233691e119ed1dfdc8c8902fd42f6,4f979b454fe11aa637e4a926c5ce4032,flagship,4h,spot,aster,BNB,2020-11-17T08:00:00+00:00,buy,28.600987800000002,116.81996189808214,3341.1663050435122,1.336466522017405,entry,3477.711999734319,16711.365497658688,2020-11-17T04:00:00+00:00,28.5439,28.3145,-0.8036743402268121
d85ad7e2888f47b79e6eead8595df555,86ec0d3b83330c9446c948d636387edf,1,4,20,0,3cc067894ddd9529c2ec20ae53e1a645,a27edd192ae2cec221dc4f40135432f1,flagship,4h,futures,aster,ETH,2020-11-17T20:00:00+00:00,buy,484.40688,2.7665024915895704,1340.11284046313,0.536045136185252,entry,2152.1946264233698,,2020-11-17T16:00:00+00:00,483.44,483.44,0
d85ad7e2888f47b79e6eead8595df555,521aec0492a4a3fcad91a8ad8c034711,1,4,20,0,7cd85bb2f5137eb25dd74d576f47609a,a27edd192ae2cec221dc4f40135432f1,flagship,4h,spot,aster,ETH,2020-11-17T20:00:00+00:00,buy,484.40688,2.7662709838148847,1340.0006965042987,0.5360002786017195,entry,2137.1753029514184,16797.311136664364,2020-11-17T16:00:00+00:00,483.44,483.44,0
d85ad7e2888f47b79e6eead8595df555,86ec0d3b83330c9446c948d636387edf,1,4,20,0,f08b8906f3b05fdb957586ca5c4372cc,4f979b454fe11aa637e4a926c5ce4032,flagship,4h,futures,aster,BNB,2020-11-18T00:00:00+00:00,sell,28.257870999999998,116.3099144220814,3286.6705577602156,1.3146682231040863,trend_break,5437.550515960482,,2020-11-17T04:00:00+00:00,28.5439,28.3145,-0.8036743402268121
d85ad7e2888f47b79e6eead8595df555,521aec0492a4a3fcad91a8ad8c034711,1,4,20,0,cebd97490696423dd2b87353ec1a5645,4f979b454fe11aa637e4a926c5ce4032,flagship,4h,spot,aster,BNB,2020-11-18T00:00:00+00:00,sell,28.257870999999998,116.81996189808214,3301.08341354092,1.320433365416368,trend_break,5436.938283126922,16827.988215332512,2020-11-17T04:00:00+00:00,28.5439,28.3145,-0.8036743402268121
d85ad7e2888f47b79e6eead8595df555,86ec0d3b83330c9446c948d636387edf,1,4,20,0,afe62157e43f5bddb4891a03e8a7e347,fe2566979417c9a29357e8b99f39be56,flagship,4h,futures,aster,BNB,2020-11-21T16:00:00+00:00,buy,30.5608998,105.91713557517635,3236.9229674159797,1.294769186966392,entry,2199.332779357536,,2020-11-21T12:00:00+00:00,30.4999,30.4999,0
d85ad7e2888f47b79e6eead8595df555,86ec0d3b83330c9446c948d636387edf,1,4,20,0,cfd9467e83a1aabbce7cf693d909838b,7299aa1d6f2e00fc8899c81b3ed4613e,flagship,4h,futures,aster,SOL,2020-11-21T16:00:00+00:00,buy,2.4065034,767.3433583980061,1846.6144009522202,0.7386457603808881,entry,351.97973264493476,,2020-11-21T12:00:00+00:00,2.4017,2.1546271637205643,-10.287414592973132
d85ad7e2888f47b79e6eead8595df555,521aec0492a4a3fcad91a8ad8c034711,1,4,20,0,c9646af91fda7375f6383104ca02ff3a,fe2566979417c9a29357e8b99f39be56,flagship,4h,spot,aster,BNB,2020-11-21T16:00:00+00:00,buy,30.5608998,105.90733655270317,3236.6235004720393,1.2946494001888158,entry,2199.020133254694,18966.204568839457,2020-11-21T12:00:00+00:00,30.4999,30.4999,0
d85ad7e2888f47b79e6eead8595df555,521aec0492a4a3fcad91a8ad8c034711,1,4,20,0,aca2ad35d5f0504f3dd99212060dbee9,7299aa1d6f2e00fc8899c81b3ed4613e,flagship,4h,spot,aster,SOL,2020-11-21T16:00:00+00:00,buy,2.4065034,766.1039618165706,1843.6317888650474,0.737452715546019,entry,354.65089167410065,19002.007670349092,2020-11-21T12:00:00+00:00,2.4017,2.1546271637205643,-10.287414592973132
d85ad7e2888f47b79e6eead8595df555,86ec0d3b83330c9446c948d636387edf,1,4,20,0,427b3c1896824c2a9c531f3f35115c70,7299aa1d6f2e00fc8899c81b3ed4613e,flagship,4h,futures,aster,SOL,2020-11-22T00:00:00+00:00,sell,2.1503179093931233,767.3433583980061,1650.0321662170986,0.6600128664868394,stop,2001.3518859955466,,2020-11-21T12:00:00+00:00,2.4017,2.1546271637205643,-10.287414592973132
d85ad7e2888f47b79e6eead8595df555,521aec0492a4a3fcad91a8ad8c034711,1,4,20,0,4a6b47fb557122c9397b08b32b1d6986,7299aa1d6f2e00fc8899c81b3ed4613e,flagship,4h,spot,aster,SOL,2020-11-22T00:00:00+00:00,sell,2.1503179093931233,766.1039618165706,1647.3670695511973,0.658946827820479,stop,2001.3590143974775,19244.171651747987,2020-11-21T12:00:00+00:00,2.4017,2.1546271637205643,-10.287414592973132
d85ad7e2888f47b79e6eead8595df555,86ec0d3b83330c9446c948d636387edf,1,4,20,0,0460a293b8da99f45ee33dc1b90d31d5,fe2566979417c9a29357e8b99f39be56,flagship,4h,futures,aster,BNB,2020-11-25T00:00:00+00:00,sell,30.4389002,105.91713557517635,3224.0011192426623,1.289600447697065,be_stop,5224.063404790511,,2020-11-21T12:00:00+00:00,30.4999,30.4999,0
d85ad7e2888f47b79e6eead8595df555,521aec0492a4a3fcad91a8ad8c034711,1,4,20,0,53c10a39e4023c7b0c86647b16b2fd9f,fe2566979417c9a29357e8b99f39be56,flagship,4h,spot,aster,BNB,2020-11-25T00:00:00+00:00,sell,30.4389002,105.90733655270317,3223.702847775544,1.2894811391102177,be_stop,5223.772381033911,22603.326434379014,2020-11-21T12:00:00+00:00,30.4999,30.4999,0
d85ad7e2888f47b79e6eead8595df555,86ec0d3b83330c9446c948d636387edf,1,4,20,0,c5d22d919252273ef26abad687684756,a27edd192ae2cec221dc4f40135432f1,flagship,4h,futures,aster,ETH,2020-11-26T08:00:00+00:00,sell,482.47312,2.7665024915895704,1334.7630886049938,0.5339052354419975,be_stop,6558.292588160063,,2020-11-17T16:00:00+00:00,483.44,483.44,0
d85ad7e2888f47b79e6eead8595df555,521aec0492a4a3fcad91a8ad8c034711,1,4,20,0,dd4819f5364e3ba33c876247ff6d938c,a27edd192ae2cec221dc4f40135432f1,flagship,4h,spot,aster,ETH,2020-11-26T08:00:00+00:00,sell,482.47312,2.7662709838148847,1334.6513923266368,0.5338605569306547,be_stop,6557.889912803617,20055.89573491158,2020-11-17T16:00:00+00:00,483.44,483.44,0
d85ad7e2888f47b79e6eead8595df555,86ec0d3b83330c9446c948d636387edf,1,4,20,0,56c1241bc2db5d298132e48fb38bf7ce,208443bb939322f412378b616b835ab1,flagship,4h,futures,aster,ADA,2020-12-09T04:00:00+00:00,sell,0.13321303999999998,28368.165434528466,3779.009556756457,1.511603822702583,trend_break,10335.790541093818,,2020-11-17T04:00:00+00:00,0.10843,0.13348,23.102462418149948
d85ad7e2888f47b79e6eead8595df555,521aec0492a4a3fcad91a8ad8c034711,1,4,20,0,827f14229d989aa32772ef325f8ea9bc,208443bb939322f412378b616b835ab1,flagship,4h,spot,aster,ADA,2020-12-09T04:00:00+00:00,sell,0.13321303999999998,28365.828629274063,3778.6982638246304,1.5114793055298523,trend_break,10335.076697322718,19994.88525971009,2020-11-17T04:00:00+00:00,0.10843,0.13348,23.102462418149948
d85ad7e2888f47b79e6eead8595df555,86ec0d3b83330c9446c948d636387edf,1,4,20,0,ffadefea7656450696761edb5f1f7d60,7219ce1c42c55473bda9a027e6093ccd,flagship,4h,futures,aster,XRP,2020-12-13T00:00:00+00:00,sell,0.48773257999999997,12145.664798717726,5923.836428093777,2.369534571237511,trend_break,16257.257434616356,,2020-11-13T16:00:00+00:00,0.26437,0.48871,84.85834247456216
d85ad7e2888f47b79e6eead8595df555,521aec0492a4a3fcad91a8ad8c034711,1,4,20,0,4aaba8281b259a1195f38b7d3101053a,7219ce1c42c55473bda9a027e6093ccd,flagship,4h,spot,aster,XRP,2020-12-13T00:00:00+00:00,sell,0.48773257999999997,12144.664995656824,5923.348791567391,2.369339516626957,trend_break,16256.056149373482,19665.670630340966,2020-11-13T16:00:00+00:00,0.26437,0.48871,84.85834247456216
d85ad7e2888f47b79e6eead8595df555,86ec0d3b83330c9446c948d636387edf,1,4,20,0,4019de199fba50a50946cdfddf9ba846,d9064feb18887199309c8bed3771ed85,flagship,4h,futures,aster,ADA,2020-12-16T16:00:00+00:00,buy,0.16238412000000002,15573.31065524523,2528.8583462386205,1.0115433384954482,entry,13727.38754503924,,2020-12-16T12:00:00+00:00,0.16206,0.14922891688089995,-7.9174892750216275
d85ad7e2888f47b79e6eead8595df555,86ec0d3b83330c9446c948d636387edf,1,4,20,0,984a91dde8247fae13ac852c20ee7680,25a5e480ff2d4c8bf9734dd694956972,flagship,4h,futures,aster,ETH,2020-12-16T16:00:00+00:00,buy,621.96144,5.902006010625704,3670.8201572574185,1.4683280629029674,entry,10055.09905971892,,2020-12-16T12:00:00+00:00,620.72,586.8633005833497,-5.454423800852293
d85ad7e2888f47b79e6eead8595df555,521aec0492a4a3fcad91a8ad8c034711,1,4,20,0,be5df7730a30483f317b050fa8c6f73b,d9064feb18887199309c8bed3771ed85,flagship,4h,spot,aster,ADA,2020-12-16T16:00:00+00:00,buy,0.16238412000000002,15572.112039497972,2528.6637100752837,1.0114654840301136,entry,13726.380973814168,20039.835927723165,2020-12-16T12:00:00+00:00,0.16206,0.14922891688089995,-7.9174892750216275
d85ad7e2888f47b79e6eead8595df555,521aec0492a4a3fcad91a8ad8c034711,1,4,20,0,1dce500d4063d74ba9e94511941b7622,25a5e480ff2d4c8bf9734dd694956972,flagship,4h,spot,aster,ETH,2020-12-16T16:00:00+00:00,buy,621.96144,5.907202001320028,3674.051863111887,1.469620745244755,entry,10050.859489957036,20044.087786548316,2020-12-16T12:00:00+00:00,620.72,586.8633005833497,-5.454423800852293
d85ad7e2888f47b79e6eead8595df555,86ec0d3b83330c9446c948d636387edf,1,4,20,0,9ee482e51fc018d30ee087b14f79598e,bf23d67aeecfefa817d567bce6be70fe,flagship,4h,futures,aster,XRP,2020-12-17T00:00:00+00:00,buy,0.57045864,2664.8470195508667,1520.1850065810409,0.6080740026324164,entry,8534.305979135246,,2020-12-16T20:00:00+00:00,0.56932,0.56932,0
d85ad7e2888f47b79e6eead8595df555,521aec0492a4a3fcad91a8ad8c034711,1,4,20,0,24b81af835fb109022a0650b75698377,bf23d67aeecfefa817d567bce6be70fe,flagship,4h,spot,aster,XRP,2020-12-17T00:00:00+00:00,buy,0.57045864,2664.6520253686026,1520.0737704650187,0.6080295081860075,entry,8530.177689983831,20295.75340994086,2020-12-16T20:00:00+00:00,0.56932,0.56932,0
d85ad7e2888f47b79e6eead8595df555,86ec0d3b83330c9446c948d636387edf,1,4,20,0,ecb37a7b617e318fd22d074eb5539e1d,17e45014b5d15295100b682a19ed8cd0,flagship,4h,futures,aster,BNB,2020-12-17T12:00:00+00:00,buy,31.4689122,133.23303979876547,4192.698831566456,1.6770795326265824,entry,4339.930068036164,,2020-12-17T08:00:00+00:00,31.4061,29.903717500890426,-4.783728317459257
d85ad7e2888f47b79e6eead8595df555,521aec0492a4a3fcad91a8ad8c034711,1,4,20,0,4cee7b4d7e31086c50ce27b99a241733,17e45014b5d15295100b682a19ed8cd0,flagship,4h,spot,aster,BNB,2020-12-17T12:00:00+00:00,buy,31.4689122,133.22428549142808,4192.423343037483,1.6769693372149934,entry,4336.077377609133,20903.29822446665,2020-12-17T08:00:00+00:00,31.4061,29.903717500890426,-4.783728317459257
d85ad7e2888f47b79e6eead8595df555,86ec0d3b83330c9446c948d636387edf,1,4,20,0,febfc1ae8f643e26531a8f0dace1f5a5,17e45014b5d15295100b682a19ed8cd0,flagship,4h,futures,aster,BNB,2020-12-17T20:00:00+00:00,sell,29.843910065888647,133.23303979876547,3976.1948575593196,1.590477943023728,stop,9828.045204851314,,2020-12-17T08:00:00+00:00,31.4061,29.903717500890426,-4.783728317459257
d85ad7e2888f47b79e6eead8595df555,86ec0d3b83330c9446c948d636387edf,1,4,20,0,629fe4408e01529dde697c11e65bc957,bf23d67aeecfefa817d567bce6be70fe,flagship,4h,futures,aster,XRP,2020-12-17T20:00:00+00:00,sell,0.5681813600000001,2664.8470195508667,1514.1164037603583,0.6056465615041433,be_stop,5853.440825235019,,2020-12-16T20:00:00+00:00,0.56932,0.56932,0
d85ad7e2888f47b79e6eead8595df555,521aec0492a4a3fcad91a8ad8c034711,1,4,20,0,b13d1466798e4492dbd56bae815d4001,17e45014b5d15295100b682a19ed8cd0,flagship,4h,spot,aster,BNB,2020-12-17T20:00:00+00:00,sell,29.843910065888647,133.22428549142808,3975.933594798453,1.5903734379193815,stop,9823.820608425674,20313.546210538727,2020-12-17T08:00:00+00:00,31.4061,29.903717500890426,-4.783728317459257
d85ad7e2888f47b79e6eead8595df555,521aec0492a4a3fcad91a8ad8c034711,1,4,20,0,c5b71f7c70a749e9fef034b879dfa513,bf23d67aeecfefa817d567bce6be70fe,flagship,4h,spot,aster,XRP,2020-12-17T20:00:00+00:00,sell,0.5681813600000001,2664.6520253686026,1514.0056117006873,0.6056022446802749,be_stop,5849.47738706514,20367.77215815349,2020-12-16T20:00:00+00:00,0.56932,0.56932,0
d85ad7e2888f47b79e6eead8595df555,86ec0d3b83330c9446c948d636387edf,1,4,20,0,7a04a6ee1465f457c27632d35dd58235,be8b6082d66615d6aab2c9082a9ef18d,flagship,4h,futures,aster,BNB,2020-12-19T16:00:00+00:00,buy,33.99786,95.416073503038,3243.942308705996,1.2975769234823984,entry,6582.805319221836,,2020-12-19T12:00:00+00:00,33.93,31.770709191667535,-6.36395758423951
d85ad7e2888f47b79e6eead8595df555,521aec0492a4a3fcad91a8ad8c034711,1,4,20,0,be3cb8c3353cfab2f0811745003b2ccc,be8b6082d66615d6aab2c9082a9ef18d,flagship,4h,spot,aster,BNB,2020-12-19T16:00:00+00:00,buy,33.99786,95.40966534005723,3243.7244448781184,1.2974897779512475,entry,6578.798673769605,20610.794704935935,2020-12-19T12:00:00+00:00,33.93,31.770709191667535,-6.36395758423951
d85ad7e2888f47b79e6eead8595df555,86ec0d3b83330c9446c948d636387edf,1,4,20,0,6f7093dcf90ee422dc25a30a42ef6f29,d9064feb18887199309c8bed3771ed85,flagship,4h,futures,aster,ADA,2020-12-21T12:00:00+00:00,sell,0.14893045904713814,15573.31065524523,2319.3403047693596,0.9277361219077439,stop,8901.217887869287,,2020-12-16T12:00:00+00:00,0.16206,0.14922891688089995,-7.9174892750216275
d85ad7e2888f47b79e6eead8595df555,86ec0d3b83330c9446c948d636387edf,1,4,20,0,c4ad244d6ffd3e67270fec64f5b88e05,be8b6082d66615d6aab2c9082a9ef18d,flagship,4h,futures,aster,BNB,2020-12-21T12:00:00+00:00,sell,31.7071677732842,95.416073503038,3025.3734508288435,1.2101493803315375,stop,11925.381189317799,,2020-12-19T12:00:00+00:00,33.93,31.770709191667535,-6.36395758423951
d85ad7e2888f47b79e6eead8595df555,521aec0492a4a3fcad91a8ad8c034711,1,4,20,0,75a6f83ed9c666c2e08414c8c828baf3,d9064feb18887199309c8bed3771ed85,flagship,4h,spot,aster,ADA,2020-12-21T12:00:00+00:00,sell,0.14893045904713814,15572.112039497972,2319.1617943758993,0.9276647177503597,stop,8897.032803427754,19817.8457536173,2020-12-16T12:00:00+00:00,0.16206,0.14922891688089995,-7.9174892750216275
d85ad7e2888f47b79e6eead8595df555,521aec0492a4a3fcad91a8ad8c034711,1,4,20,0,090a3af312a15830f996f32c29ede595,be8b6082d66615d6aab2c9082a9ef18d,flagship,4h,spot,aster,BNB,2020-12-21T12:00:00+00:00,sell,31.7071677732842,95.40966534005723,3025.1702661300933,1.2100681064520373,stop,11920.993001451396,19752.345578264547,2020-12-19T12:00:00+00:00,33.93,31.770709191667535,-6.36395758423951
d85ad7e2888f47b79e6eead8595df555,86ec0d3b83330c9446c948d636387edf,1,4,20,0,a56bdd0186c300a97c6125e5af40c195,25a5e480ff2d4c8bf9734dd694956972,flagship,4h,futures,aster,ETH,2020-12-23T20:00:00+00:00,sell,585.689573982183,5.902006010625704,3456.7433860036517,1.3826973544014607,stop,15380.74187796705,,2020-12-16T12:00:00+00:00,620.72,586.8633005833497,-5.454423800852293
d85ad7e2888f47b79e6eead8595df555,521aec0492a4a3fcad91a8ad8c034711,1,4,20,0,0ffc0ae3738720a7220659875f0b164f,25a5e480ff2d4c8bf9734dd694956972,flagship,4h,spot,aster,ETH,2020-12-23T20:00:00+00:00,sell,585.689573982183,5.907202001320028,3459.786623579826,1.3839146494319305,stop,15379.39571038179,19595.67274712109,2020-12-16T12:00:00+00:00,620.72,586.8633005833497,-5.454423800852293
d85ad7e2888f47b79e6eead8595df555,86ec0d3b83330c9446c948d636387edf,1,4,20,0,a0e386afb33efee56c36e6b8e009a9c9,d3311b257d38a2072490cec3b91336a7,flagship,4h,futures,aster,ETH,2020-12-27T16:00:00+00:00,buy,700.30782,2.9370149342492717,2056.814525911551,0.8227258103646203,entry,13323.104626245135,,2020-12-27T12:00:00+00:00,698.91,1589.37,127.40696226982013
d85ad7e2888f47b79e6eead8595df555,521aec0492a4a3fcad91a8ad8c034711,1,4,20,0,6f3c9c214d78ad78b22b59e8dc09778b,d3311b257d38a2072490cec3b91336a7,flagship,4h,spot,aster,ETH,2020-12-27T16:00:00+00:00,buy,700.30782,2.936755945361397,2056.633153968079,0.8226532615872317,entry,13321.939903152124,20313.692232902256,2020-12-27T12:00:00+00:00,698.91,1589.37,127.40696226982013
d85ad7e2888f47b79e6eead8595df555,86ec0d3b83330c9446c948d636387edf,1,4,20,0,91771b0b15f933a33243038dee96d181,e18e25ae3ccd4dada40b3251f0358745,flagship,4h,futures,aster,ADA,2020-12-29T00:00:00+00:00,buy,0.17736402,8510.090166968926,1509.3838025760801,0.6037535210304321,entry,11813.117070148024,,2020-12-28T20:00:00+00:00,0.17701,1.06772,503.19755945991756
d85ad7e2888f47b79e6eead8595df555,521aec0492a4a3fcad91a8ad8c034711,1,4,20,0,5d4bc9553a1df5ad828571b32d02fa03,e18e25ae3ccd4dada40b3251f0358745,flagship,4h,spot,aster,ADA,2020-12-29T00:00:00+00:00,buy,0.17736402,8509.33983951744,1509.2507214829682,0.6037002885931873,entry,11812.085481380564,20188.263826529073,2020-12-28T20:00:00+00:00,0.17701,1.06772,503.19755945991756
d85ad7e2888f47b79e6eead8595df555,86ec0d3b83330c9446c948d636387edf,1,4,20,0,aafa9aee481aea8d847239dda471aab8,64641fd796e78a5220ac0052e9c8805a,flagship,4h,futures,aster,BNB,2020-12-29T04:00:00+00:00,buy,39.600042,51.43402417715456,2036.7895176443362,0.8147158070577345,entry,9775.512836696631,,2020-12-29T00:00:00+00:00,39.521,39.521,0
d85ad7e2888f47b79e6eead8595df555,521aec0492a4a3fcad91a8ad8c034711,1,4,20,0,48dcd5bf57d8fc1ac9b604d112d743d3,64641fd796e78a5220ac0052e9c8805a,flagship,4h,spot,aster,BNB,2020-12-29T04:00:00+00:00,buy,39.600042,51.42948930775448,2036.6099366256285,0.8146439746502514,entry,9774.660900780285,20156.352225443443,2020-12-29T00:00:00+00:00,39.521,39.521,0
d85ad7e2888f47b79e6eead8595df555,86ec0d3b83330c9446c948d636387edf,1,4,20,0,d62a7e913e59adf171decea5d7b7ff3a,a2ce414a6639f43563f7988c96b5b845,flagship,4h,futures,aster,SOL,2021-01-02T00:00:00+00:00,buy,1.8202332,917.4380956951057,1669.9512807290087,0.6679805122916035,entry,8104.89357545533,,2021-01-01T20:00:00+00:00,1.8166,13.1208,622.272376967962
d85ad7e2888f47b79e6eead8595df555,521aec0492a4a3fcad91a8ad8c034711,1,4,20,0,667d53bd0fdbd3475c11aa2c2c305d7d,a2ce414a6639f43563f7988c96b5b845,flagship,4h,spot,aster,SOL,2021-01-02T00:00:00+00:00,buy,1.8202332,917.357157395939,1669.8039541497137,0.6679215816598855,entry,8104.189025048912,20710.176373692135,2021-01-01T20:00:00+00:00,1.8166,13.1208,622.272376967962
d85ad7e2888f47b79e6eead8595df555,86ec0d3b83330c9446c948d636387edf,1,4,20,0,4bc6fd3b75d4f57d877568b9573185ea,172b911e1885b99fb7a32a2872e28400,flagship,4h,futures,aster,XRP,2021-01-07T12:00:00+00:00,sell,0.33534796,3632.793705424893,1218.2499582150788,0.4872999832860315,trend_break,8016.9909169370885,,2021-01-07T08:00:00+00:00,0.35855,0.33602,-6.283642448751914
d85ad7e2888f47b79e6eead8595df555,86ec0d3b83330c9446c948d636387edf,1,4,20,0,d501b9d7be5c9b8362056bab7adb1bc6,172b911e1885b99fb7a32a2872e28400,flagship,4h,futures,aster,XRP,2021-01-07T12:00:00+00:00,buy,0.3592671,3632.793705424893,1305.1432594462556,0.5220573037785022,entry,6799.228258705296,,2021-01-07T08:00:00+00:00,0.35855,0.33602,-6.283642448751914
d85ad7e2888f47b79e6eead8595df555,521aec0492a4a3fcad91a8ad8c034711,1,4,20,0,a07e1f6bf75109cbbdbe1b50a2418a39,172b911e1885b99fb7a32a2872e28400,flagship,4h,spot,aster,XRP,2021-01-07T12:00:00+00:00,buy,0.3592671,3632.472742302387,1305.0279479560259,0.5220111791824104,entry,6798.639065913704,25926.50084076065,2021-01-07T08:00:00+00:00,0.35855,0.33602,-6.283642448751914
d85ad7e2888f47b79e6eead8595df555,521aec0492a4a3fcad91a8ad8c034711,1,4,20,0,bbd04658812a96c09d3a0e85f247e85a,172b911e1885b99fb7a32a2872e28400,flagship,4h,spot,aster,XRP,2021-01-07T12:00:00+00:00,sell,0.33534796,3632.472742302387,1218.1423238867112,0.4872569295546845,trend_break,8016.29413287086,25923.57241684936,2021-01-07T08:00:00+00:00,0.35855,0.33602,-6.283642448751914
d85ad7e2888f47b79e6eead8595df555,86ec0d3b83330c9446c948d636387edf,1,4,20,0,01f405e15b513075e3037e8b6d946ae0,64641fd796e78a5220ac0052e9c8805a,flagship,4h,futures,aster,BNB,2021-01-11T00:00:00+00:00,sell,39.441958,51.43402417715456,2028.6586213663147,0.811463448546526,be_stop,10044.838074854857,,2020-12-29T00:00:00+00:00,39.521,39.521,0
d85ad7e2888f47b79e6eead8595df555,521aec0492a4a3fcad91a8ad8c034711,1,4,20,0,3d8249d75332e1dc0eb08572886cadb5,64641fd796e78a5220ac0052e9c8805a,flagship,4h,spot,aster,BNB,2021-01-11T00:00:00+00:00,sell,39.441958,51.42948930775448,2028.4797572379011,0.8113919028951605,be_stop,10043.962498205867,24962.780309889866,2020-12-29T00:00:00+00:00,39.521,39.521,0
d85ad7e2888f47b79e6eead8595df555,86ec0d3b83330c9446c948d636387edf,1,4,20,0,f14251762a48d3f694423d0d8aadc60a,689d60637cfede5614ebae7d3f5f73c3,flagship,4h,futures,aster,BNB,2021-01-17T20:00:00+00:00,buy,45.7882938,53.96744203114852,2471.077091356697,0.9884308365426789,entry,7572.772552661618,,2021-01-17T16:00:00+00:00,45.6969,40.71747908405806,-10.89662737722239
d85ad7e2888f47b79e6eead8595df555,521aec0492a4a3fcad91a8ad8c034711,1,4,20,0,97fa40dd9bfdd07c76deed9ef61d75b4,689d60637cfede5614ebae7d3f5f73c3,flagship,4h,spot,aster,BNB,2021-01-17T20:00:00+00:00,buy,45.7882938,53.96267650510602,2470.8588860501513,0.9883435544200606,entry,7572.115268601296,26927.427739601335,2021-01-17T16:00:00+00:00,45.6969,40.71747908405806,-10.89662737722239
d85ad7e2888f47b79e6eead8595df555,86ec0d3b83330c9446c948d636387edf,1,4,20,0,e7378ee9f42e2c17a0da02ed5262249d,689d60637cfede5614ebae7d3f5f73c3,flagship,4h,futures,aster,BNB,2021-01-20T08:00:00+00:00,sell,40.636044125889946,53.96744203114852,2193.023355739159,0.8772093422956636,stop,9764.91869905848,,2021-01-17T16:00:00+00:00,45.6969,40.71747908405806,-10.89662737722239
d85ad7e2888f47b79e6eead8595df555,521aec0492a4a3fcad91a8ad8c034711,1,4,20,0,7581b010b652586be6d4493f642ba5c0,689d60637cfede5614ebae7d3f5f73c3,flagship,4h,spot,aster,BNB,2021-01-20T08:00:00+00:00,sell,40.636044125889946,53.96267650510602,2192.829703612613,0.8771318814450452,stop,9764.067840332464,25739.001780115414,2021-01-17T16:00:00+00:00,45.6969,40.71747908405806,-10.89662737722239
d85ad7e2888f47b79e6eead8595df555,86ec0d3b83330c9446c948d636387edf,1,4,20,0,024a2b312a717f57c19295af023cbf1f,6ad46e905a6d6bd298047beb57e53b9a,flagship,4h,futures,aster,BTC,2021-01-21T12:00:00+00:00,sell,31401.191759999998,0.18156997115950888,5701.5134822374075,2.2806053928949632,trend_break,15464.151575902993,,2020-10-21T12:00:00+00:00,12740.65,31464.12,146.9585146754679
d85ad7e2888f47b79e6eead8595df555,521aec0492a4a3fcad91a8ad8c034711,1,4,20,0,4e3300a0abdc9b30f92898b79f1a8cce,6ad46e905a6d6bd298047beb57e53b9a,flagship,4h,spot,aster,BTC,2021-01-21T12:00:00+00:00,sell,31401.191759999998,0.1815535865130094,5700.998984810758,2.280399593924303,trend_break,15462.786425549297,24870.016873376946,2020-10-21T12:00:00+00:00,12740.65,31464.12,146.9585146754679
d85ad7e2888f47b79e6eead8595df555,86ec0d3b83330c9446c948d636387edf,1,4,20,0,8d703449f9bd572057553d56ccc89e11,44bd053d88342c1fa3d5bab7e1c9082b,flagship,4h,futures,aster,BNB,2021-01-29T12:00:00+00:00,buy,43.879383600000004,82.225663200433,3608.011417336204,1.4432045669344817,entry,11854.696953999855,,2021-01-29T08:00:00+00:00,43.7918,231.0883,427.69765115843603
d85ad7e2888f47b79e6eead8595df555,86ec0d3b83330c9446c948d636387edf,1,4,20,0,9a3d59a388e3dc04317c9d47fdd743f3,809a570c06ae732ee7912129f1b0341e,flagship,4h,futures,aster,BTC,2021-01-29T12:00:00+00:00,buy,37097.06604,0.055165556531485735,2046.4802937818795,0.8185921175127518,entry,9807.398068100463,,2021-01-29T08:00:00+00:00,37023.02,32297.72596121973,-12.763124236705348
d85ad7e2888f47b79e6eead8595df555,521aec0492a4a3fcad91a8ad8c034711,1,4,20,0,2a993d38785fe0918c7075192393d172,44bd053d88342c1fa3d5bab7e1c9082b,flagship,4h,spot,aster,BNB,2021-01-29T12:00:00+00:00,buy,43.879383600000004,82.21840737758738,3607.693036302227,1.4430772145208908,entry,11853.650312032549,26083.49781486528,2021-01-29T08:00:00+00:00,43.7918,231.0883,427.69765115843603
d85ad7e2888f47b79e6eead8595df555,521aec0492a4a3fcad91a8ad8c034711,1,4,20,0,3a95cf4825f216f2ca6ffcfaf47183c8,809a570c06ae732ee7912129f1b0341e,flagship,4h,spot,aster,BTC,2021-01-29T12:00:00+00:00,buy,37097.06604,0.05508955576380339,2043.6608882840767,0.8174643553136307,entry,9809.17195939316,26082.436521932577,2021-01-29T08:00:00+00:00,37023.02,32297.72596121973,-12.763124236705348
d85ad7e2888f47b79e6eead8595df555,86ec0d3b83330c9446c948d636387edf,1,4,20,0,4f9991274f3fe8b2434c7c1ef1348d3e,809a570c06ae732ee7912129f1b0341e,flagship,4h,futures,aster,BTC,2021-01-31T16:00:00+00:00,sell,32233.13050929729,0.055165556531485735,1778.1585832973972,0.7112634333189589,stop,11584.845387964542,,2021-01-29T08:00:00+00:00,37023.02,32297.72596121973,-12.763124236705348
d85ad7e2888f47b79e6eead8595df555,521aec0492a4a3fcad91a8ad8c034711,1,4,20,0,5959bb2e5125ba71422e114f9c6342cd,809a570c06ae732ee7912129f1b0341e,flagship,4h,spot,aster,BTC,2021-01-31T16:00:00+00:00,sell,32233.13050929729,0.05508955576380339,1775.7088406338853,0.7102835362535541,stop,11584.17051649079,25914.328700801878,2021-01-29T08:00:00+00:00,37023.02,32297.72596121973,-12.763124236705348
d85ad7e2888f47b79e6eead8595df555,86ec0d3b83330c9446c948d636387edf,1,4,20,0,04d6eb012608690cc925c301ac267034,e51bd6f0f17aef1d7e2008a7fc3e5623,flagship,4h,futures,aster,BTC,2021-02-08T16:00:00+00:00,buy,43776.087419999996,0.08533777283100348,3735.753803678109,1.4943015214712436,entry,7847.597282764962,,2021-02-08T12:00:00+00:00,43688.71,44618.12,2.1273459436087716
d85ad7e2888f47b79e6eead8595df555,521aec0492a4a3fcad91a8ad8c034711,1,4,20,0,d33d19792ad97369deaedca7ea1a7680,e51bd6f0f17aef1d7e2008a7fc3e5623,flagship,4h,spot,aster,BTC,2021-02-08T16:00:00+00:00,buy,43776.087419999996,0.0853310630644673,3735.4600763516537,1.4941840305406615,entry,7847.216256108597,36151.94050801352,2021-02-08T12:00:00+00:00,43688.71,44618.12,2.1273459436087716
d85ad7e2888f47b79e6eead8595df555,86ec0d3b83330c9446c948d636387edf,1,4,20,0,952126f51c0315de2696f6ac02ab73fd,d3311b257d38a2072490cec3b91336a7,flagship,4h,futures,aster,ETH,2021-02-23T04:00:00+00:00,sell,1586.1912599999998,2.9370149342492717,4658.667419195669,1.8634669676782678,trend_break,12504.401234992953,,2020-12-27T12:00:00+00:00,698.91,1589.37,127.40696226982013
d85ad7e2888f47b79e6eead8595df555,521aec0492a4a3fcad91a8ad8c034711,1,4,20,0,0ee1ac306a6c17a64664ed93a34270c5,d3311b257d38a2072490cec3b91336a7,flagship,4h,spot,aster,ETH,2021-02-23T04:00:00+00:00,sell,1586.1912599999998,2.936755945361397,4658.256613285285,1.8633026453141142,trend_break,12503.609566748568,56183.918362433586,2020-12-27T12:00:00+00:00,698.91,1589.37,127.40696226982013
d85ad7e2888f47b79e6eead8595df555,86ec0d3b83330c9446c948d636387edf,1,4,20,0,8f2f7abb05dd6562d24d2bfa012fdae1,e51bd6f0f17aef1d7e2008a7fc3e5623,flagship,4h,futures,aster,BTC,2021-02-28T00:00:00+00:00,sell,44528.883760000004,0.08533777283100348,3799.9957667290405,1.5199983066916163,trend_break,16302.877003415302,,2021-02-08T12:00:00+00:00,43688.71,44618.12,2.1273459436087716
d85ad7e2888f47b79e6eead8595df555,521aec0492a4a3fcad91a8ad8c034711,1,4,20,0,fdc22c12d3a54c8b3098de20ebe72d7a,e51bd6f0f17aef1d7e2008a7fc3e5623,flagship,4h,spot,aster,BTC,2021-02-28T00:00:00+00:00,sell,44528.883760000004,0.0853310630644673,3799.6969883148945,1.5198787953259578,trend_break,16301.786676268137,54753.359795397875,2021-02-08T12:00:00+00:00,43688.71,44618.12,2.1273459436087716
d85ad7e2888f47b79e6eead8595df555,86ec0d3b83330c9446c948d636387edf,1,4,20,0,693e273bb30b9d338ec964a4bd71e033,e18e25ae3ccd4dada40b3251f0358745,flagship,4h,futures,aster,ADA,2021-03-24T20:00:00+00:00,sell,1.06558456,8510.090166968926,9068.220686129911,3.627288274451965,trend_break,25367.47040127076,,2020-12-28T20:00:00+00:00,0.17701,1.06772,503.19755945991756
d85ad7e2888f47b79e6eead8595df555,521aec0492a4a3fcad91a8ad8c034711,1,4,20,0,8acca6edb6f69719c97cdd1cde368ecc,e18e25ae3ccd4dada40b3251f0358745,flagship,4h,spot,aster,ADA,2021-03-24T20:00:00+00:00,sell,1.06558456,8509.33983951744,9067.421148782663,3.6269684595130656,trend_break,25365.58085659129,58324.63603058776,2020-12-28T20:00:00+00:00,0.17701,1.06772,503.19755945991756
d85ad7e2888f47b79e6eead8595df555,86ec0d3b83330c9446c948d636387edf,1,4,20,0,09a427c48cebd44c1093f0e9e3e23e26,a2ce414a6639f43563f7988c96b5b845,flagship,4h,futures,aster,SOL,2021-03-25T08:00:00+00:00,sell,13.094558399999999,917.4380956951057,12013.446722464349,4.80537868898574,trend_break,37376.111745046124,,2021-01-01T20:00:00+00:00,1.8166,13.1208,622.272376967962
d85ad7e2888f47b79e6eead8595df555,521aec0492a4a3fcad91a8ad8c034711,1,4,20,0,e4be4e96bbdaa9610259f8a6c3ab436e,a2ce414a6639f43563f7988c96b5b845,flagship,4h,spot,aster,SOL,2021-03-25T08:00:00+00:00,sell,13.094558399999999,917.357157395939,12012.386871179115,4.804954748471646,trend_break,37373.16277302193,57285.0468832667,2021-01-01T20:00:00+00:00,1.8166,13.1208,622.272376967962
d85ad7e2888f47b79e6eead8595df555,86ec0d3b83330c9446c948d636387edf,1,4,20,0,e431ab57682578375aa54cf2122c899c,44bd053d88342c1fa3d5bab7e1c9082b,flagship,4h,futures,aster,BNB,2021-03-25T12:00:00+00:00,sell,230.6261234,82.225663200433,18963.3859479099,7.58535437916396,trend_break,56331.91233857686,,2021-01-29T08:00:00+00:00,43.7918,231.0883,427.69765115843603
d85ad7e2888f47b79e6eead8595df555,521aec0492a4a3fcad91a8ad8c034711,1,4,20,0,2ec92c6a4d0081125c4aa74ef7ae686c,44bd053d88342c1fa3d5bab7e1c9082b,flagship,4h,spot,aster,BNB,2021-03-25T12:00:00+00:00,sell,230.6261234,82.21840737758738,18961.71256561494,7.584685026245976,trend_break,56327.29065361063,56327.29065361063,2021-01-29T08:00:00+00:00,43.7918,231.0883,427.69765115843603
d85ad7e2888f47b79e6eead8595df555,86ec0d3b83330c9446c948d636387edf,1,4,20,0,81b7ae139e8c5eb053bb93dffd59b2a5,8cd94d34ec903daf4ed226e1e40d4282,flagship,4h,futures,aster,SOL,2021-04-03T04:00:00+00:00,buy,21.10212,281.47539328664305,5939.727526181936,2.3758910104727744,entry,50389.80892138445,,2021-04-03T00:00:00+00:00,21.06,35.0311,66.33950617283952
d85ad7e2888f47b79e6eead8595df555,521aec0492a4a3fcad91a8ad8c034711,1,4,20,0,6b27268ce753fb43c9df6986bf296503,8cd94d34ec903daf4ed226e1e40d4282,flagship,4h,spot,aster,SOL,2021-04-03T04:00:00+00:00,buy,21.10212,281.4522999716905,5939.240208278609,2.375696083311444,entry,50385.67474924871,56352.46350864855,2021-04-03T00:00:00+00:00,21.06,35.0311,66.33950617283952
d85ad7e2888f47b79e6eead8595df555,86ec0d3b83330c9446c948d636387edf,1,4,20,0,839183324c0cbe2fedaab5d3e40e2568,64e55ba4cb656a13c80f6d4251f77a6a,flagship,4h,futures,aster,ADA,2021-04-06T16:00:00+00:00,buy,1.2771993000000001,4111.478319418804,5251.177231526874,2.1004708926107494,entry,45136.53121896496,,2021-04-06T12:00:00+00:00,1.27465,1.27465,0
d85ad7e2888f47b79e6eead8595df555,521aec0492a4a3fcad91a8ad8c034711,1,4,20,0,184b93dbf29e55a6f7a31c4979284535,64e55ba4cb656a13c80f6d4251f77a6a,flagship,4h,spot,aster,ADA,2021-04-06T16:00:00+00:00,buy,1.2771993000000001,4111.140998054253,5250.746404916194,2.1002985619664774,entry,45132.828045770555,57119.57005060649,2021-04-06T12:00:00+00:00,1.27465,1.27465,0
d85ad7e2888f47b79e6eead8595df555,86ec0d3b83330c9446c948d636387edf,1,4,20,0,bfa53405ffac80b6b75afd430733378b,0ee4239db1b088c6bfeca0446c8b7688,flagship,4h,futures,aster,BTC,2021-04-10T08:00:00+00:00,buy,60612.5832,0.18818520614263864,11406.391464329836,4.562556585731935,entry,33725.577198049396,,2021-04-10T04:00:00+00:00,60491.6,57415.025151607755,-5.085953832254797
d85ad7e2888f47b79e6eead8595df555,521aec0492a4a3fcad91a8ad8c034711,1,4,20,0,05994309bddb66808f739a19896ff4f2,0ee4239db1b088c6bfeca0446c8b7688,flagship,4h,spot,aster,BTC,2021-04-10T08:00:00+00:00,buy,60612.5832,0.1881697667104946,11405.455640464445,4.562182256185778,entry,33722.81022304992,57994.080459263096,2021-04-10T04:00:00+00:00,60491.6,57415.025151607755,-5.085953832254797
d85ad7e2888f47b79e6eead8595df555,86ec0d3b83330c9446c948d636387edf,1,4,20,0,786cc83d23670f923f20e2531b68d17c,14428a0e49a3e6fc065c7094230ebb9b,flagship,4h,futures,aster,ETH,2021-04-13T12:00:00+00:00,buy,2233.2075,3.0731948931765696,6863.081884403614,2.745232753761446,entry,26859.75008089202,,2021-04-13T08:00:00+00:00,2228.75,2228.75,0
d85ad7e2888f47b79e6eead8595df555,521aec0492a4a3fcad91a8ad8c034711,1,4,20,0,51ead4109acdeae96422a08204b4fe3e,14428a0e49a3e6fc065c7094230ebb9b,flagship,4h,spot,aster,ETH,2021-04-13T12:00:00+00:00,buy,2233.2075,3.0729427565448373,6862.518810986605,2.745007524394642,entry,26857.54640453892,59210.459898514404,2021-04-13T08:00:00+00:00,2228.75,2228.75,0
d85ad7e2888f47b79e6eead8595df555,86ec0d3b83330c9446c948d636387edf,1,4,20,0,0d793ec618bbf78d98b161bb02780aa1,64e55ba4cb656a13c80f6d4251f77a6a,flagship,4h,futures,aster,ADA,2021-04-18T00:00:00+00:00,sell,1.2721007,4111.478319418804,5230.214448167484,2.0920857792669936,be_stop,32087.872443280237,,2021-04-06T12:00:00+00:00,1.27465,1.27465,0
d85ad7e2888f47b79e6eead8595df555,86ec0d3b83330c9446c948d636387edf,1,4,20,0,98409e3b302bed47c6c811d73014931d,0ee4239db1b088c6bfeca0446c8b7688,flagship,4h,futures,aster,BTC,2021-04-18T00:00:00+00:00,sell,57300.19510130454,0.18818520614263864,10783.049027152409,4.313219610860964,stop,42866.60825082178,,2021-04-10T04:00:00+00:00,60491.6,57415.025151607755,-5.085953832254797
d85ad7e2888f47b79e6eead8595df555,86ec0d3b83330c9446c948d636387edf,1,4,20,0,94c70d6b18ac0f879747abaa7eefc637,14428a0e49a3e6fc065c7094230ebb9b,flagship,4h,futures,aster,ETH,2021-04-18T00:00:00+00:00,sell,2224.2925,3.0731948931765696,6835.684351930945,2.734273740772378,be_stop,49699.558329011954,,2021-04-13T08:00:00+00:00,2228.75,2228.75,0
d85ad7e2888f47b79e6eead8595df555,521aec0492a4a3fcad91a8ad8c034711,1,4,20,0,f05ab2668f40e1cf383ef8ae6726fe16,64e55ba4cb656a13c80f6d4251f77a6a,flagship,4h,spot,aster,ADA,2021-04-18T00:00:00+00:00,sell,1.2721007,4111.140998054253,5229.785341423514,2.0919141365694056,be_stop,32085.239831825864,55292.68930579088,2021-04-06T12:00:00+00:00,1.27465,1.27465,0
d85ad7e2888f47b79e6eead8595df555,521aec0492a4a3fcad91a8ad8c034711,1,4,20,0,54dfc88d59cc0209dcb562992c3828dc,0ee4239db1b088c6bfeca0446c8b7688,flagship,4h,spot,aster,BTC,2021-04-18T00:00:00+00:00,sell,57300.19510130454,0.1881697667104946,10782.1643446783,4.31286573787132,stop,42863.09131076629,55684.390082494865,2021-04-10T04:00:00+00:00,60491.6,57415.025151607755,-5.085953832254797
d85ad7e2888f47b79e6eead8595df555,521aec0492a4a3fcad91a8ad8c034711,1,4,20,0,0e6e2eb89c485e85821e3647105a25de,14428a0e49a3e6fc065c7094230ebb9b,flagship,4h,spot,aster,ETH,2021-04-18T00:00:00+00:00,sell,2224.2925,3.0729427565448373,6835.123526312008,2.734049410524803,be_stop,49695.48078766777,55873.07731974641,2021-04-13T08:00:00+00:00,2228.75,2228.75,0
d85ad7e2888f47b79e6eead8595df555,86ec0d3b83330c9446c948d636387edf,1,4,20,0,772248854a9db993f3d7e6ff9010443a,f1b364dc75ffa4d635a918a34a614101,flagship,4h,futures,aster,ETH,2021-05-04T00:00:00+00:00,buy,3441.67962,2.276944311915339,7836.512834193946,3.1346051336775784,entry,41859.91088968433,,2021-05-03T20:00:00+00:00,3434.81,3161.4674577371034,-7.9580105526330875
d85ad7e2888f47b79e6eead8595df555,521aec0492a4a3fcad91a8ad8c034711,1,4,20,0,d29aee97e66f67aca74d71424c30dadc,f1b364dc75ffa4d635a918a34a614101,flagship,4h,spot,aster,ETH,2021-05-04T00:00:00+00:00,buy,3441.67962,2.27675750271859,7835.869896788665,3.134347958715466,entry,41856.47654292039,61882.16975492392,2021-05-03T20:00:00+00:00,3434.81,3161.4674577371034,-7.9580105526330875
d85ad7e2888f47b79e6eead8595df555,86ec0d3b83330c9446c948d636387edf,1,4,20,0,dddebf3615e120180adb0618d1fae92e,f1b364dc75ffa4d635a918a34a614101,flagship,4h,futures,aster,ETH,2021-05-04T16:00:00+00:00,sell,3155.144522821629,2.276944311915339,7184.088374509545,2.873635349803818,stop,49041.12562884407,,2021-05-03T20:00:00+00:00,3434.81,3161.4674577371034,-7.9580105526330875
d85ad7e2888f47b79e6eead8595df555,521aec0492a4a3fcad91a8ad8c034711,1,4,20,0,a61fb4993bab9c2c145630dc9649e639,f1b364dc75ffa4d635a918a34a614101,flagship,4h,spot,aster,ETH,2021-05-04T16:00:00+00:00,sell,3155.144522821629,2.27675750271859,7183.498964495609,2.8733995857982437,stop,49037.1021078302,61555.0308918311,2021-05-03T20:00:00+00:00,3434.81,3161.4674577371034,-7.9580105526330875
d85ad7e2888f47b79e6eead8595df555,86ec0d3b83330c9446c948d636387edf,1,4,20,0,570cea9f92fd350f85838c4d20f76a9e,77244e77d85fdcfb8e7bc11cd7cdeaeb,flagship,4h,futures,aster,ETH,2021-05-08T20:00:00+00:00,buy,3821.76828,1.6174198581056207,6181.403909150162,2.4725615636600646,entry,42857.249158130246,,2021-05-08T16:00:00+00:00,3814.14,3814.14,0
d85ad7e2888f47b79e6eead8595df555,521aec0492a4a3fcad91a8ad8c034711,1,4,20,0,27b6cdf3ece850c28b00a2e74d6ccac4,77244e77d85fdcfb8e7bc11cd7cdeaeb,flagship,4h,spot,aster,ETH,2021-05-08T20:00:00+00:00,buy,3821.76828,1.6172871588108169,6180.8967631945025,2.472358705277801,entry,42853.73298593042,62020.882899590455,2021-05-08T16:00:00+00:00,3814.14,3814.14,0
d85ad7e2888f47b79e6eead8595df555,86ec0d3b83330c9446c948d636387edf,1,4,20,0,b2d374d991aecb75296162aab780873a,77244e77d85fdcfb8e7bc11cd7cdeaeb,flagship,4h,futures,aster,ETH,2021-05-12T20:00:00+00:00,sell,3806.51172,1.6174198581056207,6156.7276460397825,2.462691058415913,be_stop,49011.51411311161,,2021-05-08T16:00:00+00:00,3814.14,3814.14,0
d85ad7e2888f47b79e6eead8595df555,521aec0492a4a3fcad91a8ad8c034711,1,4,20,0,38741ff2a65abb4b573dccddcfb9ac32,77244e77d85fdcfb8e7bc11cd7cdeaeb,flagship,4h,spot,aster,ETH,2021-05-12T20:00:00+00:00,sell,3806.51172,1.6172871588108169,6156.2225246188755,2.4624890098475505,be_stop,49007.49302153945,61218.132184431255,2021-05-08T16:00:00+00:00,3814.14,3814.14,0
d85ad7e2888f47b79e6eead8595df555,86ec0d3b83330c9446c948d636387edf,1,4,20,0,9344a5f940f5fb662a245f7930aac4b6,8cd94d34ec903daf4ed226e1e40d4282,flagship,4h,futures,aster,SOL,2021-05-19T20:00:00+00:00,sell,34.9610378,281.47539328664305,9840.671864464193,3.9362687457856773,trend_break,58848.249708830015,,2021-04-03T00:00:00+00:00,21.06,35.0311,66.33950617283952
d85ad7e2888f47b79e6eead8595df555,521aec0492a4a3fcad91a8ad8c034711,1,4,20,0,fedc0b92c4c9b5a5c18f103b13ea8ce5,8cd94d34ec903daf4ed226e1e40d4282,flagship,4h,spot,aster,SOL,2021-05-19T20:00:00+00:00,sell,34.9610378,281.4522999716905,9839.86449820721,3.9359457992828837,trend_break,58843.42157394737,58843.42157394737,2021-04-03T00:00:00+00:00,21.06,35.0311,66.33950617283952
d85ad7e2888f47b79e6eead8595df555,86ec0d3b83330c9446c948d636387edf,1,4,20,0,c6b1f0307bd5a2db1bb848e29905285b,2dab02ab54bd591e3a11846c2752a708,flagship,4h,futures,aster,BTC,2021-07-26T04:00:00+00:00,buy,38347.85262,0.22115089523175843,8480.661937128532,3.392264774851413,entry,50364.19550692663,,2021-07-26T00:00:00+00:00,38271.31,46678.18,21.966507025758997
d85ad7e2888f47b79e6eead8595df555,521aec0492a4a3fcad91a8ad8c034711,1,4,20,0,3965389086692a1f83a1a911aa66b859,2dab02ab54bd591e3a11846c2752a708,flagship,4h,spot,aster,BTC,2021-07-26T04:00:00+00:00,buy,38347.85262,0.22113275116873396,8479.966151273742,3.391986460509497,entry,50360.063436213124,58794.066565788635,2021-07-26T00:00:00+00:00,38271.31,46678.18,21.966507025758997
d85ad7e2888f47b79e6eead8595df555,86ec0d3b83330c9446c948d636387edf,1,4,20,0,4d5d928befc82e3888305b49c0c1c949,2c3705963f108a1a9fd3bf6f396b8c3c,flagship,4h,futures,aster,ADA,2021-08-10T12:00:00+00:00,buy,1.57472316,4825.724526498412,7599.180175657083,3.0396720702628333,entry,42761.975659199285,,2021-08-10T08:00:00+00:00,1.57158,2.37041,50.82973822522558
d85ad7e2888f47b79e6eead8595df555,521aec0492a4a3fcad91a8ad8c034711,1,4,20,0,eb4926a941d7ea943184bd5ca6143111,2c3705963f108a1a9fd3bf6f396b8c3c,flagship,4h,spot,aster,ADA,2021-08-10T12:00:00+00:00,buy,1.57472316,4825.328605650542,7598.556709928415,3.0394226839713663,entry,42758.46730360074,60256.448003582205,2021-08-10T08:00:00+00:00,1.57158,2.37041,50.82973822522558
d85ad7e2888f47b79e6eead8595df555,86ec0d3b83330c9446c948d636387edf,1,4,20,0,787da8f27e2eba85450c627b2baad9fe,cd175fdfde26ba36a8328aefe88ce123,flagship,4h,futures,aster,BNB,2021-08-23T08:00:00+00:00,buy,486.3184956,17.735365061963336,8625.036055850811,3.4500144223403244,entry,34133.48958892613,,2021-08-23T04:00:00+00:00,485.3478,447.34769298509224,-7.8294590013404335
d85ad7e2888f47b79e6eead8595df555,521aec0492a4a3fcad91a8ad8c034711,1,4,20,0,99e8df23c8ab0b98e349438f5a10c601,cd175fdfde26ba36a8328aefe88ce123,flagship,4h,spot,aster,BNB,2021-08-23T08:00:00+00:00,buy,486.3184956,17.733909984962146,8624.32842499261,3.449731369997044,entry,34130.68914723813,67739.86344794466,2021-08-23T04:00:00+00:00,485.3478,447.34769298509224,-7.8294590013404335
d85ad7e2888f47b79e6eead8595df555,86ec0d3b83330c9446c948d636387edf,1,4,20,0,733390e60b105b327d2ed0173b4d6f1a,cd175fdfde26ba36a8328aefe88ce123,flagship,4h,futures,aster,BNB,2021-09-07T12:00:00+00:00,sell,446.45299759912206,17.735365061963336,7918.006895428271,3.1672027581713085,stop,52346.48382361494,,2021-08-23T04:00:00+00:00,485.3478,447.34769298509224,-7.8294590013404335
d85ad7e2888f47b79e6eead8595df555,86ec0d3b83330c9446c948d636387edf,1,4,20,0,0f0d024e4b9a6b1af5691412ac9494a6,2dab02ab54bd591e3a11846c2752a708,flagship,4h,futures,aster,BTC,2021-09-07T12:00:00+00:00,sell,46584.82364,0.22115089523175843,10302.275452199585,4.120910180879834,trend_break,44431.644130944835,,2021-07-26T00:00:00+00:00,38271.31,46678.18,21.966507025758997
d85ad7e2888f47b79e6eead8595df555,521aec0492a4a3fcad91a8ad8c034711,1,4,20,0,888b9e71db1ed652ce74ab98974eebbb,cd175fdfde26ba36a8328aefe88ce123,flagship,4h,spot,aster,BNB,2021-09-07T12:00:00+00:00,sell,446.45299759912206,17.733909984962146,7917.357271939351,3.1669429087757406,stop,52342.189118406495,64045.25159883498,2021-08-23T04:00:00+00:00,485.3478,447.34769298509224,-7.8294590013404335
d85ad7e2888f47b79e6eead8595df555,521aec0492a4a3fcad91a8ad8c034711,1,4,20,0,b8fa9a94aa31824a13090dd9fb80694d,2dab02ab54bd591e3a11846c2752a708,flagship,4h,spot,aster,BTC,2021-09-07T12:00:00+00:00,sell,46584.82364,0.22113275116873396,10301.430214223476,4.120572085689391,trend_break,44427.99878937592,63504.68271705378,2021-07-26T00:00:00+00:00,38271.31,46678.18,21.966507025758997
d85ad7e2888f47b79e6eead8595df555,86ec0d3b83330c9446c948d636387edf,1,4,20,0,db25b59f15c36588573fc8819b2491e3,2c3705963f108a1a9fd3bf6f396b8c3c,flagship,4h,futures,aster,ADA,2021-09-07T16:00:00+00:00,sell,2.3656691800000003,4825.724526498412,11416.067783507388,4.5664271134029555,trend_break,63757.98518000892,,2021-08-10T08:00:00+00:00,1.57158,2.37041,50.82973822522558
d85ad7e2888f47b79e6eead8595df555,521aec0492a4a3fcad91a8ad8c034711,1,4,20,0,05dc16c8cfca33111a357ca230970418,2c3705963f108a1a9fd3bf6f396b8c3c,flagship,4h,spot,aster,ADA,2021-09-07T16:00:00+00:00,sell,2.3656691800000003,4825.328605650542,11415.131165759864,4.566052466303946,trend_break,63752.754231700055,63752.754231700055,2021-08-10T08:00:00+00:00,1.57158,2.37041,50.82973822522558
d85ad7e2888f47b79e6eead8595df555,86ec0d3b83330c9446c948d636387edf,1,4,20,0,06d2262c244ad20e5670070da5eeb7df,878c4aecce7e96951e6c5980ca6dfffa,flagship,4h,futures,aster,ADA,2021-10-07T12:00:00+00:00,buy,2.32969008,3486.0748611630297,8121.474022188889,3.2485896088755557,entry,55633.26256821116,,2021-10-07T08:00:00+00:00,2.32504,2.27802,-2.022330798609906
d85ad7e2888f47b79e6eead8595df555,521aec0492a4a3fcad91a8ad8c034711,1,4,20,0,42df4d4f84a85e4186d815449a732c70,878c4aecce7e96951e6c5980ca6dfffa,flagship,4h,spot,aster,ADA,2021-10-07T12:00:00+00:00,buy,2.32969008,3485.7888502837945,8120.807705480762,3.248323082192305,entry,55628.6982031371,63578.736833979354,2021-10-07T08:00:00+00:00,2.32504,2.27802,-2.022330798609906
d85ad7e2888f47b79e6eead8595df555,86ec0d3b83330c9446c948d636387edf,1,4,20,0,007ba451a56aa3d6f68daf3579ca2e83,878c4aecce7e96951e6c5980ca6dfffa,flagship,4h,futures,aster,ADA,2021-10-07T20:00:00+00:00,sell,2.27346396,3486.0748611630297,7925.4655587161515,3.1701862234864606,trend_break,63555.557940703824,,2021-10-07T08:00:00+00:00,2.32504,2.27802,-2.022330798609906
d85ad7e2888f47b79e6eead8595df555,521aec0492a4a3fcad91a8ad8c034711,1,4,20,0,5345989f7047122501609052cb9d7c59,878c4aecce7e96951e6c5980ca6dfffa,flagship,4h,spot,aster,ADA,2021-10-07T20:00:00+00:00,sell,2.27346396,3485.7888502837945,7924.815323290042,3.1699261293160172,trend_break,63550.34360029783,63550.34360029783,2021-10-07T08:00:00+00:00,2.32504,2.27802,-2.022330798609906
d85ad7e2888f47b79e6eead8595df555,86ec0d3b83330c9446c948d636387edf,1,4,20,0,f23462e7acf318eab12679710781905a,faf9f132a246e4ab84a27d4d1cb43a17,flagship,4h,futures,aster,BNB,2021-10-13T04:00:00+00:00,buy,462.0386328,17.131569215357697,7915.446817982439,3.1661787271929756,entry,55636.94494399419,,2021-10-13T00:00:00+00:00,461.1164,448.352,-2.768151382167283
d85ad7e2888f47b79e6eead8595df555,521aec0492a4a3fcad91a8ad8c034711,1,4,20,0,793a2df2dca6f75d6c97ded9ca7103bd,faf9f132a246e4ab84a27d4d1cb43a17,flagship,4h,spot,aster,BNB,2021-10-13T04:00:00+00:00,buy,462.0386328,17.130163676070932,7914.797404532036,3.1659189618128147,entry,55632.380276803975,63194.40538078711,2021-10-13T00:00:00+00:00,461.1164,448.352,-2.768151382167283
d85ad7e2888f47b79e6eead8595df555,86ec0d3b83330c9446c948d636387edf,1,4,20,0,f525e025d94778c76e5cf9756d40cf5d,079024453c4928e0e5c43b9a755269d0,flagship,4h,futures,aster,SOL,2021-10-15T08:00:00+00:00,buy,161.9962458,41.23395232875494,6679.745476754467,2.671898190701787,entry,48954.52756904902,,2021-10-15T04:00:00+00:00,161.6729,207.4909,28.339938233309358
d85ad7e2888f47b79e6eead8595df555,521aec0492a4a3fcad91a8ad8c034711,1,4,20,0,d0aa4166a67fd70519f93ba9f60be957,079024453c4928e0e5c43b9a755269d0,flagship,4h,spot,aster,SOL,2021-10-15T08:00:00+00:00,buy,161.9962458,41.230569338019066,6679.19744495568,2.671678977982272,entry,48950.51115287031,63362.2328566527,2021-10-15T04:00:00+00:00,161.6729,207.4909,28.339938233309358
d85ad7e2888f47b79e6eead8595df555,86ec0d3b83330c9446c948d636387edf,1,4,20,0,8630c03789d740f6e97587cf3b09d19f,faf9f132a246e4ab84a27d4d1cb43a17,flagship,4h,futures,aster,BNB,2021-10-27T20:00:00+00:00,sell,447.455296,17.131569215357697,7665.611374202365,3.0662445496809463,trend_break,56617.07269870171,,2021-10-13T00:00:00+00:00,461.1164,448.352,-2.768151382167283
d85ad7e2888f47b79e6eead8595df555,521aec0492a4a3fcad91a8ad8c034711,1,4,20,0,9506ff651b3f3609bb980e572ca05f43,faf9f132a246e4ab84a27d4d1cb43a17,flagship,4h,spot,aster,BNB,2021-10-27T20:00:00+00:00,sell,447.455296,17.130163676070932,7664.982458204767,3.065992983281907,trend_break,56612.427618091795,64207.218058805985,2021-10-13T00:00:00+00:00,461.1164,448.352,-2.768151382167283
d85ad7e2888f47b79e6eead8595df555,86ec0d3b83330c9446c948d636387edf,1,4,20,0,0e5cfbd13331d368fed37ddc9bdb1e65,c6d34ca11dca1429bab2d9ab7df450da,flagship,4h,futures,aster,BNB,2021-11-05T12:00:00+00:00,buy,609.1931544,16.254465969975147,9902.109397336615,3.9608437589346464,entry,46711.00245760616,,2021-11-05T08:00:00+00:00,607.9772,567.3054759767423,-6.689679156267337
d85ad7e2888f47b79e6eead8595df555,521aec0492a4a3fcad91a8ad8c034711,1,4,20,0,c136b0ccca886f7856fc53194589bc45,c6d34ca11dca1429bab2d9ab7df450da,flagship,4h,spot,aster,BNB,2021-11-05T12:00:00+00:00,buy,609.1931544,16.25313239158434,9901.296990510082,3.960518796204033,entry,46707.17010878551,66091.64191507167,2021-11-05T08:00:00+00:00,607.9772,567.3054759767423,-6.689679156267337
d85ad7e2888f47b79e6eead8595df555,86ec0d3b83330c9446c948d636387edf,1,4,20,0,47b78173c3d031a0e7012056292300c8,c6d34ca11dca1429bab2d9ab7df450da,flagship,4h,futures,aster,BNB,2021-11-17T00:00:00+00:00,sell,566.1708650247888,16.254465969975147,9202.805058736822,3.6811220234947286,stop,55910.12639431949,,2021-11-05T08:00:00+00:00,607.9772,567.3054759767423,-6.689679156267337
d85ad7e2888f47b79e6eead8595df555,521aec0492a4a3fcad91a8ad8c034711,1,4,20,0,9301d677e6ab424d878b29d80a56bb5c,c6d34ca11dca1429bab2d9ab7df450da,flagship,4h,spot,aster,BNB,2021-11-17T00:00:00+00:00,sell,566.1708650247888,16.25313239158434,9202.05002550572,3.680820010202288,stop,55905.53931428103,64651.202759984284,2021-11-05T08:00:00+00:00,607.9772,567.3054759767423,-6.689679156267337
d85ad7e2888f47b79e6eead8595df555,86ec0d3b83330c9446c948d636387edf,1,4,20,0,cc999f79ee524ee05d501e938a61f066,079024453c4928e0e5c43b9a755269d0,flagship,4h,futures,aster,SOL,2021-11-18T08:00:00+00:00,sell,207.07591820000002,41.23395232875494,8538.558539491958,3.4154234157967833,trend_break,64445.26951039566,,2021-10-15T04:00:00+00:00,161.6729,207.4909,28.339938233309358
d85ad7e2888f47b79e6eead8595df555,521aec0492a4a3fcad91a8ad8c034711,1,4,20,0,d044ad78e2453e5b2a205202eb006be2,079024453c4928e0e5c43b9a755269d0,flagship,4h,spot,aster,SOL,2021-11-18T08:00:00+00:00,sell,207.07591820000002,41.230569338019066,8537.858003579066,3.4151432014316265,trend_break,64439.98217465866,64439.98217465866,2021-10-15T04:00:00+00:00,161.6729,207.4909,28.339938233309358
d85ad7e2888f47b79e6eead8595df555,86ec0d3b83330c9446c948d636387edf,1,4,20,0,6b3d5df968f2dd0b9e72348ce3a1d059,a97252fc1e3f0182ceb268339caebdc7,flagship,4h,futures,aster,ADA,2022-03-23T16:00:00+00:00,buy,1.0739937,7194.183569549757,7726.50783033995,3.09060313213598,entry,56715.67107692357,,2022-03-23T12:00:00+00:00,1.07185,1.07185,0
d85ad7e2888f47b79e6eead8595df555,521aec0492a4a3fcad91a8ad8c034711,1,4,20,0,fac59507a4b7300cb9fbbd629004cb0d,a97252fc1e3f0182ceb268339caebdc7,flagship,4h,spot,aster,ADA,2022-03-23T16:00:00+00:00,buy,1.0739937,7193.593331287511,7725.8739181648,3.0903495672659202,entry,56711.017906926594,64276.87969310823,2022-03-23T12:00:00+00:00,1.07185,1.07185,0
d85ad7e2888f47b79e6eead8595df555,86ec0d3b83330c9446c948d636387edf,1,4,20,0,b0e34f1e99c405b082200572869e24c9,94699c55c0b6548f8ae35aa551a27484,flagship,4h,futures,aster,ETH,2022-03-28T00:00:00+00:00,buy,3300.5779799999996,3.950900898820346,13040.25650780864,5.216102603123456,entry,43670.19846651181,,2022-03-27T20:00:00+00:00,3293.99,3148.639562151169,-4.4125949941812515
d85ad7e2888f47b79e6eead8595df555,521aec0492a4a3fcad91a8ad8c034711,1,4,20,0,7010b7064f553bf890d3d8f6149ea780,94699c55c0b6548f8ae35aa551a27484,flagship,4h,spot,aster,ETH,2022-03-28T00:00:00+00:00,buy,3300.5779799999996,3.9505767518399026,13039.186635422706,5.215674654169082,entry,43666.61559684972,65224.70044269022,2022-03-27T20:00:00+00:00,3293.99,3148.639562151169,-4.4125949941812515
d85ad7e2888f47b79e6eead8595df555,86ec0d3b83330c9446c948d636387edf,1,4,20,0,7bd3d9e818f6cfe665d2d2163eb86c54,94699c55c0b6548f8ae35aa551a27484,flagship,4h,futures,aster,ETH,2022-04-02T04:00:00+00:00,sell,3142.3422830268664,3.950900898820346,12415.082950412025,4.9660331801648105,stop,56080.31538374367,,2022-03-27T20:00:00+00:00,3293.99,3148.639562151169,-4.4125949941812515
d85ad7e2888f47b79e6eead8595df555,521aec0492a4a3fcad91a8ad8c034711,1,4,20,0,1010f6f97856e2477f611726b9983c81,94699c55c0b6548f8ae35aa551a27484,flagship,4h,spot,aster,ETH,2022-04-02T04:00:00+00:00,sell,3142.3422830268664,3.9505767518399026,12414.064369649463,4.965625747859785,stop,56075.71434075132,64590.914638862974,2022-03-27T20:00:00+00:00,3293.99,3148.639562151169,-4.4125949941812515
d85ad7e2888f47b79e6eead8595df555,86ec0d3b83330c9446c948d636387edf,1,4,20,0,122b43bb8287db92f6961cf24a2479e0,a97252fc1e3f0182ceb268339caebdc7,flagship,4h,futures,aster,ADA,2022-04-06T16:00:00+00:00,sell,1.0697063,7194.183569549757,7695.663487703863,3.0782653950815453,be_stop,63772.90060605245,,2022-03-23T12:00:00+00:00,1.07185,1.07185,0
d85ad7e2888f47b79e6eead8595df555,521aec0492a4a3fcad91a8ad8c034711,1,4,20,0,67d2870c6524e29f103f35c609822bf0,a97252fc1e3f0182ceb268339caebdc7,flagship,4h,spot,aster,ADA,2022-04-06T16:00:00+00:00,sell,1.0697063,7193.593331287511,7695.032106116238,3.078012842446495,be_stop,63767.66843402511,63767.66843402511,2022-03-23T12:00:00+00:00,1.07185,1.07185,0
d85ad7e2888f47b79e6eead8595df555,86ec0d3b83330c9446c948d636387edf,1,4,20,0,985cfef6ed1006841b9e87b3e4b2f593,16c645af6f582759aca6bf07937474b3,flagship,4h,futures,aster,BTC,2022-07-18T16:00:00+00:00,buy,22714.60854,0.4107906423091626,9330.948631947791,3.7323794527791168,entry,54438.21959465188,,2022-07-18T12:00:00+00:00,22669.27,21600.75,-4.713517462185591
d85ad7e2888f47b79e6eead8595df555,86ec0d3b83330c9446c948d636387edf,1,4,20,0,9a6eeb00592d9a957cffdaca95b19669,16c645af6f582759aca6bf07937474b3,flagship,4h,futures,aster,BTC,2022-07-18T16:00:00+00:00,sell,21557.5485,0.4107906423091626,8855.639194925925,3.54225567797037,trend_break,63290.31653389983,,2022-07-18T12:00:00+00:00,22669.27,21600.75,-4.713517462185591
d85ad7e2888f47b79e6eead8595df555,521aec0492a4a3fcad91a8ad8c034711,1,4,20,0,11d279f096d01bf6b6bd8595f8a37273,16c645af6f582759aca6bf07937474b3,flagship,4h,spot,aster,BTC,2022-07-18T16:00:00+00:00,sell,21557.5485,0.4107569394779073,8854.912644506552,3.541965057802621,trend_break,63285.12395491059,63285.12395491059,2022-07-18T12:00:00+00:00,22669.27,21600.75,-4.713517462185591
d85ad7e2888f47b79e6eead8595df555,521aec0492a4a3fcad91a8ad8c034711,1,4,20,0,df0f538c8d7a494ab9c58661b1612026,16c645af6f582759aca6bf07937474b3,flagship,4h,spot,aster,BTC,2022-07-18T16:00:00+00:00,buy,22714.60854,0.4107569394779073,9330.183085329138,3.732073234131655,entry,54433.75327546184,63306.411235889245,2022-07-18T12:00:00+00:00,22669.27,21600.75,-4.713517462185591
d85ad7e2888f47b79e6eead8595df555,86ec0d3b83330c9446c948d636387edf,1,4,20,0,0adc7d6df5feee06c20e1161fdb66bf0,52f573b3f9395a63bab5640eac0f1d81,flagship,4h,futures,aster,ADA,2022-07-24T00:00:00+00:00,buy,0.5183847,12762.650686315534,6615.962847230472,2.646385138892189,entry,56671.70730153046,,2022-07-23T20:00:00+00:00,0.51735,0.47478,-8.228472020875621
d85ad7e2888f47b79e6eead8595df555,521aec0492a4a3fcad91a8ad8c034711,1,4,20,0,fedb875688d93bcb7d829e8b7d205833,52f573b3f9395a63bab5640eac0f1d81,flagship,4h,spot,aster,ADA,2022-07-24T00:00:00+00:00,buy,0.5183847,12761.60358977012,6615.4200484019075,2.646168019360763,entry,56667.05773848932,63188.109556825955,2022-07-23T20:00:00+00:00,0.51735,0.47478,-8.228472020875621
d85ad7e2888f47b79e6eead8595df555,86ec0d3b83330c9446c948d636387edf,1,4,20,0,7e48d69fee384a3c88c52d3badf0dbb0,52f573b3f9395a63bab5640eac0f1d81,flagship,4h,futures,aster,ADA,2022-07-25T20:00:00+00:00,sell,0.47383043999999996,12762.650686315534,6047.332390263191,2.4189329561052766,trend_break,62716.62075883755,,2022-07-23T20:00:00+00:00,0.51735,0.47478,-8.228472020875621
d85ad7e2888f47b79e6eead8595df555,521aec0492a4a3fcad91a8ad8c034711,1,4,20,0,3099868bc74d528a1a9f91170bedde06,52f573b3f9395a63bab5640eac0f1d81,flagship,4h,spot,aster,ADA,2022-07-25T20:00:00+00:00,sell,0.47383043999999996,12761.60358977012,6046.836244046355,2.418734497618542,trend_break,62711.475248038056,62711.475248038056,2022-07-23T20:00:00+00:00,0.51735,0.47478,-8.228472020875621
d85ad7e2888f47b79e6eead8595df555,86ec0d3b83330c9446c948d636387edf,1,4,20,0,f3586b9b379bd751b7e128f2e5246021,97bb79acfa2cfdd25c5d788fc13b0ad4,flagship,4h,futures,aster,ADA,2022-08-14T04:00:00+00:00,buy,0.59205174,16729.427659249766,9904.686754862953,3.961874701945181,entry,52807.972129272646,,2022-08-14T00:00:00+00:00,0.59087,0.5534560255604953,-6.332014561494859
d85ad7e2888f47b79e6eead8595df555,521aec0492a4a3fcad91a8ad8c034711,1,4,20,0,ea418334c2a50c2ef7420ace34e54d65,97bb79acfa2cfdd25c5d788fc13b0ad4,flagship,4h,spot,aster,ADA,2022-08-14T04:00:00+00:00,buy,0.59205174,16728.05511319023,9903.874136580172,3.961549654632069,entry,52803.639561803255,62623.34247434818,2022-08-14T00:00:00+00:00,0.59087,0.5534560255604953,-6.332014561494859
d85ad7e2888f47b79e6eead8595df555,86ec0d3b83330c9446c948d636387edf,1,4,20,0,568a3adea22b4d408826801ea81d6a1f,97bb79acfa2cfdd25c5d788fc13b0ad4,flagship,4h,futures,aster,ADA,2022-08-15T04:00:00+00:00,sell,0.5523491135093743,16729.427659249766,9240.484537105816,3.6961938148423266,stop,62044.76047256362,,2022-08-14T00:00:00+00:00,0.59087,0.5534560255604953,-6.332014561494859
d85ad7e2888f47b79e6eead8595df555,521aec0492a4a3fcad91a8ad8c034711,1,4,20,0,094f62ccdc4f01abc8715c9eb026594e,97bb79acfa2cfdd25c5d788fc13b0ad4,flagship,4h,spot,aster,ADA,2022-08-15T04:00:00+00:00,sell,0.5523491135093743,16728.05511319023,9239.72641250658,3.695890565002632,stop,62039.67008374483,62039.67008374483,2022-08-14T00:00:00+00:00,0.59087,0.5534560255604953,-6.332014561494859
d85ad7e2888f47b79e6eead8595df555,86ec0d3b83330c9446c948d636387edf,1,4,20,0,f4e12dbf6e3718db42a5ef275f24e593,0c4799c2285f35ebdd4f2fad067549df,flagship,4h,futures,aster,SOL,2022-09-12T12:00:00+00:00,buy,37.7863218,204.60102915496427,7731.120328260662,3.092448131304265,entry,54310.547696171656,,2022-09-12T08:00:00+00:00,37.7109,34.684477362194286,-8.025325934426697
d85ad7e2888f47b79e6eead8595df555,521aec0492a4a3fcad91a8ad8c034711,1,4,20,0,5797ac1e9232e9dc464f60717f79772d,0c4799c2285f35ebdd4f2fad067549df,flagship,4h,spot,aster,SOL,2022-09-12T12:00:00+00:00,buy,37.7863218,204.58424290608212,7730.486037658587,3.092194415063435,entry,54306.09185167118,61911.38833115904,2022-09-12T08:00:00+00:00,37.7109,34.684477362194286,-8.025325934426697
d85ad7e2888f47b79e6eead8595df555,86ec0d3b83330c9446c948d636387edf,1,4,20,0,380aaecd4c23c6ef07e709266f5f6a0f,0c4799c2285f35ebdd4f2fad067549df,flagship,4h,futures,aster,SOL,2022-09-13T12:00:00+00:00,sell,34.6151084074699,204.60102915496427,7082.2868044789975,2.832914721791599,stop,61390.00158592886,,2022-09-12T08:00:00+00:00,37.7109,34.684477362194286,-8.025325934426697
d85ad7e2888f47b79e6eead8595df555,521aec0492a4a3fcad91a8ad8c034711,1,4,20,0,ebbe15b349d39b23f13a602eb23587d0,0c4799c2285f35ebdd4f2fad067549df,flagship,4h,spot,aster,SOL,2022-09-13T12:00:00+00:00,sell,34.6151084074699,204.58424290608212,7081.705746654187,2.832682298661675,stop,61384.96491602671,61384.96491602671,2022-09-12T08:00:00+00:00,37.7109,34.684477362194286,-8.025325934426697
d85ad7e2888f47b79e6eead8595df555,86ec0d3b83330c9446c948d636387edf,1,4,20,0,02f5b086467cd801ee7a2696a48e46b8,cbb777b6beb3c0550c8761d0a8053a2a,flagship,4h,futures,aster,ETH,2022-10-25T16:00:00+00:00,buy,1411.89816,8.6960948494938,12278.000317185773,4.911200126874309,entry,49107.09006861621,,2022-10-25T12:00:00+00:00,1409.08,1462.04,3.7584807108184126
d85ad7e2888f47b79e6eead8595df555,521aec0492a4a3fcad91a8ad8c034711,1,4,20,0,dbd249d121e0cf838adf6da6c042a4b5,cbb777b6beb3c0550c8761d0a8053a2a,flagship,4h,spot,aster,ETH,2022-10-25T16:00:00+00:00,buy,1411.89816,8.69538138870111,12276.992983205342,4.9107971932821375,entry,49103.061135628086,62089.787147280964,2022-10-25T12:00:00+00:00,1409.08,1462.04,3.7584807108184126
d85ad7e2888f47b79e6eead8595df555,86ec0d3b83330c9446c948d636387edf,1,4,20,0,72a0363b573cccad45f8231c04ffdc3d,3d21cedb2b2db1a838b6f7416beffaa5,flagship,4h,futures,aster,SOL,2022-11-05T16:00:00+00:00,buy,37.344139199999994,192.62732125087666,7193.501498515855,2.877400599406342,entry,41910.71116950095,,2022-11-05T12:00:00+00:00,37.2696,33.98958912866161,-8.800767572870072
d85ad7e2888f47b79e6eead8595df555,521aec0492a4a3fcad91a8ad8c034711,1,4,20,0,bebaabc24ef7239c4ce5efcec0b5b14a,3d21cedb2b2db1a838b6f7416beffaa5,flagship,4h,spot,aster,SOL,2022-11-05T16:00:00+00:00,buy,37.344139199999994,192.6115173706647,7192.911316213319,2.877164526485328,entry,41907.27265488828,63253.64396415865,2022-11-05T12:00:00+00:00,37.2696,33.98958912866161,-8.800767572870072
d85ad7e2888f47b79e6eead8595df555,86ec0d3b83330c9446c948d636387edf,1,4,20,0,ed9994b6779c37ea225fe2f0e23a660c,3d21cedb2b2db1a838b6f7416beffaa5,flagship,4h,futures,aster,SOL,2022-11-06T16:00:00+00:00,sell,33.92160995040429,192.62732125087666,6534.228857263462,2.613691542905385,stop,48442.32633522151,,2022-11-05T12:00:00+00:00,37.2696,33.98958912866161,-8.800767572870072
d85ad7e2888f47b79e6eead8595df555,521aec0492a4a3fcad91a8ad8c034711,1,4,20,0,1cb28dac6883c29057495f2d0e8d8378,3d21cedb2b2db1a838b6f7416beffaa5,flagship,4h,spot,aster,SOL,2022-11-06T16:00:00+00:00,sell,33.92160995040429,192.6115173706647,6533.692764203208,2.6134771056812833,stop,48438.351941985806,62437.8290239807,2022-11-05T12:00:00+00:00,37.2696,33.98958912866161,-8.800767572870072
d85ad7e2888f47b79e6eead8595df555,86ec0d3b83330c9446c948d636387edf,1,4,20,0,aa6302d73cb55d10aab6488e5981ad4b,cbb777b6beb3c0550c8761d0a8053a2a,flagship,4h,futures,aster,ETH,2022-11-08T12:00:00+00:00,sell,1459.11592,8.6960948494938,12688.610436726407,5.075444174690563,trend_break,61125.86132777322,,2022-10-25T12:00:00+00:00,1409.08,1462.04,3.7584807108184126
d85ad7e2888f47b79e6eead8595df555,521aec0492a4a3fcad91a8ad8c034711,1,4,20,0,772614e04a9c1b8d3f7cc1dba0527ce2,cbb777b6beb3c0550c8761d0a8053a2a,flagship,4h,spot,aster,ETH,2022-11-08T12:00:00+00:00,sell,1459.11592,8.69538138870111,12687.569414725496,5.075027765890199,trend_break,61120.84632894541,61120.84632894541,2022-10-25T12:00:00+00:00,1409.08,1462.04,3.7584807108184126
d85ad7e2888f47b79e6eead8595df555,86ec0d3b83330c9446c948d636387edf,1,4,20,0,92f22cbfc0b248bd5ac3fa55591f4c60,52120d90cbcc0b440b6a8f7c96d639f0,flagship,4h,futures,aster,ADA,2023-01-09T00:00:00+00:00,buy,0.29732346,41117.41557680866,12225.172265554645,4.890068906221859,entry,48895.79899331235,,2023-01-08T20:00:00+00:00,0.29673,0.362,21.996427728911794
d85ad7e2888f47b79e6eead8595df555,86ec0d3b83330c9446c948d636387edf,1,4,20,0,853920d3e631d7dd30286c1f02951c07,fb36d4f54c7fa680aa7c4b6d91d40506,flagship,4h,futures,aster,ETH,2023-01-09T00:00:00+00:00,buy,1292.84052,9.456055929895085,12225.172265554644,4.890068906221858,entry,36665.736658851485,,2023-01-08T20:00:00+00:00,1290.26,1545.61,19.79058484336489
d85ad7e2888f47b79e6eead8595df555,86ec0d3b83330c9446c948d636387edf,1,4,20,0,a864e26658baa4800b859fc5fcbd8754,9ce0ca0c41e9b56c5d32c2c96763e6e0,flagship,4h,futures,aster,SOL,2023-01-09T00:00:00+00:00,buy,14.461465200000001,454.7693942418578,6576.631768853707,2.630652707541483,entry,30086.474237290236,,2023-01-08T20:00:00+00:00,14.4326,20.4488,41.684796918088196
d85ad7e2888f47b79e6eead8595df555,521aec0492a4a3fcad91a8ad8c034711,1,4,20,0,639a6432a15968e045100adc039d4f29,52120d90cbcc0b440b6a8f7c96d639f0,flagship,4h,spot,aster,ADA,2023-01-09T00:00:00+00:00,buy,0.29732346,41114.04214719243,12224.169265789082,4.889667706315633,entry,48891.78739545001,62425.70778946282,2023-01-08T20:00:00+00:00,0.29673,0.362,21.996427728911794
d85ad7e2888f47b79e6eead8595df555,521aec0492a4a3fcad91a8ad8c034711,1,4,20,0,ac5a6171b405537e07954da6047c826b,fb36d4f54c7fa680aa7c4b6d91d40506,flagship,4h,spot,aster,ETH,2023-01-09T00:00:00+00:00,buy,1292.84052,9.657139735914654,12485.141557892564,4.994056623157026,entry,36401.65178093429,62588.936085326626,2023-01-08T20:00:00+00:00,1290.26,1545.61,19.79058484336489
d85ad7e2888f47b79e6eead8595df555,521aec0492a4a3fcad91a8ad8c034711,1,4,20,0,79620754867bcec8d4e2581172a3a204,9ce0ca0c41e9b56c5d32c2c96763e6e0,flagship,4h,spot,aster,SOL,2023-01-09T00:00:00+00:00,buy,14.461465200000001,465.65450255395615,6734.046383907348,2.6936185535629393,entry,29664.91177847338,63332.56314279298,2023-01-08T20:00:00+00:00,14.4326,20.4488,41.684796918088196
d85ad7e2888f47b79e6eead8595df555,86ec0d3b83330c9446c948d636387edf,1,4,20,0,92779ba49369ca16eeb46a23d92fefe8,52120d90cbcc0b440b6a8f7c96d639f0,flagship,4h,futures,aster,ADA,2023-02-09T20:00:00+00:00,sell,0.361276,41117.41557680866,14854.735429927123,5.94189417197085,trend_break,44935.26777304539,,2023-01-08T20:00:00+00:00,0.29673,0.362,21.996427728911794
d85ad7e2888f47b79e6eead8595df555,86ec0d3b83330c9446c948d636387edf,1,4,20,0,be5dca6bf3fc14a65a585e9d9c4ce7c1,fb36d4f54c7fa680aa7c4b6d91d40506,flagship,4h,futures,aster,ETH,2023-02-09T20:00:00+00:00,sell,1542.5187799999999,9.456055929895085,14586.14385659353,5.834457542637412,trend_break,59515.57717209628,,2023-01-08T20:00:00+00:00,1290.26,1545.61,19.79058484336489
d85ad7e2888f47b79e6eead8595df555,86ec0d3b83330c9446c948d636387edf,1,4,20,0,f9cdc4bbc6dae5c27f51086f55988f88,9ce0ca0c41e9b56c5d32c2c96763e6e0,flagship,4h,futures,aster,SOL,2023-02-09T20:00:00+00:00,sell,20.407902399999998,454.7693942418578,9280.889412194954,3.712355764877982,trend_break,68792.75422852636,,2023-01-08T20:00:00+00:00,14.4326,20.4488,41.684796918088196
d85ad7e2888f47b79e6eead8595df555,521aec0492a4a3fcad91a8ad8c034711,1,4,20,0,07ebbaa0175cc072f8c6177ec4c15d38,52120d90cbcc0b440b6a8f7c96d639f0,flagship,4h,spot,aster,ADA,2023-02-09T20:00:00+00:00,sell,0.361276,41114.04214719243,14853.516690769091,5.941406676307636,trend_break,44512.487062566164,68960.73460161855,2023-01-08T20:00:00+00:00,0.29673,0.362,21.996427728911794
d85ad7e2888f47b79e6eead8595df555,521aec0492a4a3fcad91a8ad8c034711,1,4,20,0,14e17686ed25d4061eacc8769a1184a1,fb36d4f54c7fa680aa7c4b6d91d40506,flagship,4h,spot,aster,ETH,2023-02-09T20:00:00+00:00,sell,1542.5187799999999,9.657139735914654,14896.319403732594,5.958527761493038,trend_break,59402.84793853726,68924.9237303626,2023-01-08T20:00:00+00:00,1290.26,1545.61,19.79058484336489
d85ad7e2888f47b79e6eead8595df555,521aec0492a4a3fcad91a8ad8c034711,1,4,20,0,e4e17f2b5510654e5e84a6abe4d3ee33,9ce0ca0c41e9b56c5d32c2c96763e6e0,flagship,4h,spot,aster,SOL,2023-02-09T20:00:00+00:00,sell,20.407902399999998,465.65450255395615,9503.031640241687,3.801212656096675,trend_break,68902.07836612285,68902.07836612285,2023-01-08T20:00:00+00:00,14.4326,20.4488,41.684796918088196
d85ad7e2888f47b79e6eead8595df555,86ec0d3b83330c9446c948d636387edf,1,4,20,0,3b32c8b1238a85f4e1265a67a56a2d59,042e448ca9491ca84d6b5438987ec185,flagship,4h,futures,aster,BTC,2023-02-14T20:00:00+00:00,buy,22257.31578,0.6181585857746802,13758.550845705273,5.503420338282109,entry,55028.69996248281,,2023-02-14T16:00:00+00:00,22212.89,22212.89,0
d85ad7e2888f47b79e6eead8595df555,521aec0492a4a3fcad91a8ad8c034711,1,4,20,0,51c1d74922e261d9b1cd551c4ffc1c94,042e448ca9491ca84d6b5438987ec185,flagship,4h,spot,aster,BTC,2023-02-14T20:00:00+00:00,buy,22257.31578,0.6191409516509349,13780.41567322457,5.512166269289828,entry,55116.15052662899,68861.2901612033,2023-02-14T16:00:00+00:00,22212.89,22212.89,0
d85ad7e2888f47b79e6eead8595df555,86ec0d3b83330c9446c948d636387edf,1,4,20,0,c5e54177d1fecb13e1b17c332b8e49fa,bde1f5a013ee5199b31ee87c2c8273a8,flagship,4h,futures,aster,ETH,2023-02-16T00:00:00+00:00,buy,1677.78888,8.070748753310363,13541.012511577992,5.416405004631197,entry,41482.27104590018,,2023-02-15T20:00:00+00:00,1674.44,1587.4832991997591,-5.193181051589846
d85ad7e2888f47b79e6eead8595df555,521aec0492a4a3fcad91a8ad8c034711,1,4,20,0,0231515dcd2e4fb8fee21292f4cf458f,bde1f5a013ee5199b31ee87c2c8273a8,flagship,4h,spot,aster,ETH,2023-02-16T00:00:00+00:00,buy,1677.78888,8.083574633842526,13562.531631311062,5.425012652524425,entry,41548.19388266541,70537.1220995374,2023-02-15T20:00:00+00:00,1674.44,1587.4832991997591,-5.193181051589846
d85ad7e2888f47b79e6eead8595df555,86ec0d3b83330c9446c948d636387edf,1,4,20,0,71d721a8b2779d1a13de1c5ef204b088,bde1f5a013ee5199b31ee87c2c8273a8,flagship,4h,futures,aster,ETH,2023-02-24T16:00:00+00:00,sell,1584.3083326013596,8.070748753310363,12786.554500201642,5.114621800080657,stop,54263.71092430175,,2023-02-15T20:00:00+00:00,1674.44,1587.4832991997591,-5.193181051589846
d85ad7e2888f47b79e6eead8595df555,521aec0492a4a3fcad91a8ad8c034711,1,4,20,0,ed57a7fd8e12544511768efc6ab637bb,bde1f5a013ee5199b31ee87c2c8273a8,flagship,4h,spot,aster,ETH,2023-02-24T16:00:00+00:00,sell,1584.3083326013596,8.083574633842526,12806.874649601697,5.122749859840679,stop,54349.94578240727,68703.31091365492,2023-02-15T20:00:00+00:00,1674.44,1587.4832991997591,-5.193181051589846
d85ad7e2888f47b79e6eead8595df555,86ec0d3b83330c9446c948d636387edf,1,4,20,0,61d9718ae72fa5034cf0c205a7cbda81,042e448ca9491ca84d6b5438987ec185,flagship,4h,futures,aster,BTC,2023-03-03T00:00:00+00:00,sell,22168.464219999998,0.6181585857746802,13703.626491031797,5.481450596412719,be_stop,67961.85596473713,,2023-02-14T16:00:00+00:00,22212.89,22212.89,0
d85ad7e2888f47b79e6eead8595df555,521aec0492a4a3fcad91a8ad8c034711,1,4,20,0,9c77118c8e1c0aa508d8e6af316f0b4f,042e448ca9491ca84d6b5438987ec185,flagship,4h,spot,aster,BTC,2023-03-03T00:00:00+00:00,sell,22168.464219999998,0.6191409516509349,13725.404033810499,5.4901616135242,be_stop,68069.85965460424,68069.85965460424,2023-02-14T16:00:00+00:00,22212.89,22212.89,0
d85ad7e2888f47b79e6eead8595df555,86ec0d3b83330c9446c948d636387edf,1,4,20,0,e8e4a754f4cc149f3a6a33a2c94de560,b633fec732207e8994a4bfbc0498ffe1,flagship,4h,futures,aster,BNB,2023-03-13T08:00:00+00:00,buy,305.71020000000004,37.07275757953281,11333.520134190494,4.533408053676198,entry,56623.80242249296,,2023-03-13T04:00:00+00:00,305.1,306.2,0.3605375286791057
d85ad7e2888f47b79e6eead8595df555,521aec0492a4a3fcad91a8ad8c034711,1,4,20,0,1517a34027345c5bc65671215f9092be,b633fec732207e8994a4bfbc0498ffe1,flagship,4h,spot,aster,BNB,2023-03-13T08:00:00+00:00,buy,305.71020000000004,37.131672901301194,11351.53114899137,4.540612459596548,entry,56713.787893153276,67741.89474483972,2023-03-13T04:00:00+00:00,305.1,306.2,0.3605375286791057
d85ad7e2888f47b79e6eead8595df555,86ec0d3b83330c9446c948d636387edf,1,4,20,0,4c1346e81249b0e8faf3f6c7181760ca,4393a26a16a47fa4359cc332cc6d68f3,flagship,4h,futures,aster,SOL,2023-03-18T04:00:00+00:00,buy,22.7454,268.5740706786925,6108.824667215133,2.443529866886053,entry,50512.53422541094,,2023-03-18T00:00:00+00:00,22.7,21.19,-6.6519823788546155
d85ad7e2888f47b79e6eead8595df555,521aec0492a4a3fcad91a8ad8c034711,1,4,20,0,981d9bdfa41b9e665396dc6879220ff5,4393a26a16a47fa4359cc332cc6d68f3,flagship,4h,spot,aster,SOL,2023-03-18T04:00:00+00:00,buy,22.7454,269.0008834874978,6118.532695276533,2.447413078110613,entry,50592.807784798635,69324.47283209432,2023-03-18T00:00:00+00:00,22.7,21.19,-6.6519823788546155
d85ad7e2888f47b79e6eead8595df555,86ec0d3b83330c9446c948d636387edf,1,4,20,0,c5c47d9e0d3bd4f6103e9ede2b2fbc00,da346dd2944db63d08355c78a6c5c331,flagship,4h,futures,aster,ADA,2023-03-21T20:00:00+00:00,buy,0.36432719999999996,23886.587192552804,8702.533429418623,3.4810133717674496,entry,41806.519782620555,,2023-03-21T16:00:00+00:00,0.3636,0.3489,-4.042904290429039
d85ad7e2888f47b79e6eead8595df555,521aec0492a4a3fcad91a8ad8c034711,1,4,20,0,7fb447274873c747af3242495ca4b04a,da346dd2944db63d08355c78a6c5c331,flagship,4h,spot,aster,ADA,2023-03-21T20:00:00+00:00,buy,0.36432719999999996,23924.54730294865,8716.363330150833,3.486545332060333,entry,41872.957909315744,69220.30196667516,2023-03-21T16:00:00+00:00,0.3636,0.3489,-4.042904290429039
d85ad7e2888f47b79e6eead8595df555,86ec0d3b83330c9446c948d636387edf,1,4,20,0,708640bd2fcc2ee690087773bae0d3fb,4393a26a16a47fa4359cc332cc6d68f3,flagship,4h,futures,aster,SOL,2023-03-22T16:00:00+00:00,sell,21.14762,268.5740706786925,5679.702388566132,2.271880955426453,trend_break,47483.95029023126,,2023-03-18T00:00:00+00:00,22.7,21.19,-6.6519823788546155
d85ad7e2888f47b79e6eead8595df555,521aec0492a4a3fcad91a8ad8c034711,1,4,20,0,7ce8dd6f6e16a6d8ea24d77f14a96240,4393a26a16a47fa4359cc332cc6d68f3,flagship,4h,spot,aster,SOL,2023-03-22T16:00:00+00:00,sell,21.14762,269.0008834874978,5688.728463657878,2.2754913854631513,trend_break,47559.41088158816,67702.42203477284,2023-03-18T00:00:00+00:00,22.7,21.19,-6.6519823788546155
d85ad7e2888f47b79e6eead8595df555,86ec0d3b83330c9446c948d636387edf,1,4,20,0,eed2e47d817148025babf602d2ed9937,da346dd2944db63d08355c78a6c5c331,flagship,4h,futures,aster,ADA,2023-03-25T16:00:00+00:00,sell,0.34820219999999996,23886.587192552804,8317.362210938709,3.3269448843754836,trend_break,55797.985556285596,,2023-03-21T16:00:00+00:00,0.3636,0.3489,-4.042904290429039
d85ad7e2888f47b79e6eead8595df555,521aec0492a4a3fcad91a8ad8c034711,1,4,20,0,c47391cc9fdac0c0a22e9b6baa5bd25f,da346dd2944db63d08355c78a6c5c331,flagship,4h,spot,aster,ADA,2023-03-25T16:00:00+00:00,sell,0.34820219999999996,23924.54730294865,8330.580004890786,3.3322320019563145,trend_break,55886.658654476996,67753.94131373285,2023-03-21T16:00:00+00:00,0.3636,0.3489,-4.042904290429039
d85ad7e2888f47b79e6eead8595df555,86ec0d3b83330c9446c948d636387edf,1,4,20,0,f25ab2d7fddb84f149ea356093f7635e,b633fec732207e8994a4bfbc0498ffe1,flagship,4h,futures,aster,BNB,2023-03-27T16:00:00+00:00,sell,305.5876,37.07275757953281,11328.975014111242,4.531590005644497,trend_break,67122.4289803912,,2023-03-13T04:00:00+00:00,305.1,306.2,0.3605375286791057
d85ad7e2888f47b79e6eead8595df555,521aec0492a4a3fcad91a8ad8c034711,1,4,20,0,4bf77b9c8c8374462daa59b81b061b04,b633fec732207e8994a4bfbc0498ffe1,flagship,4h,spot,aster,BNB,2023-03-27T16:00:00+00:00,sell,305.5876,37.131672901301194,11346.978805893668,4.538791522357467,trend_break,67229.09866884831,67229.09866884831,2023-03-13T04:00:00+00:00,305.1,306.2,0.3605375286791057
d85ad7e2888f47b79e6eead8595df555,86ec0d3b83330c9446c948d636387edf,1,4,20,0,4eb967a8d7c383bf8b93537a08086eae,74e0f43fc9b881fba9f688bf1db9361f,flagship,4h,futures,aster,ETH,2023-04-04T12:00:00+00:00,buy,1868.64984,7.184056375205233,13424.48579607824,5.369794318431296,entry,53692.573389994526,,2023-04-04T08:00:00+00:00,1864.92,1864.92,0
d85ad7e2888f47b79e6eead8595df555,521aec0492a4a3fcad91a8ad8c034711,1,4,20,0,2ddd9c5e4d5d2ceafc5bad840e1a1aa6,74e0f43fc9b881fba9f688bf1db9361f,flagship,4h,spot,aster,ETH,2023-04-04T12:00:00+00:00,buy,1868.64984,7.195473141061924,13445.819733769662,5.378327893507865,entry,53777.90060718514,67184.86593726877,2023-04-04T08:00:00+00:00,1864.92,1864.92,0
d85ad7e2888f47b79e6eead8595df555,86ec0d3b83330c9446c948d636387edf,1,4,20,0,1e656bd7b3a7b550271dabbe5e8e4579,74e0f43fc9b881fba9f688bf1db9361f,flagship,4h,futures,aster,ETH,2023-04-21T16:00:00+00:00,sell,1861.19016,7.184056375205233,13370.895034417248,5.3483580137669,be_stop,67058.12006639801,,2023-04-04T08:00:00+00:00,1864.92,1864.92,0
d85ad7e2888f47b79e6eead8595df555,521aec0492a4a3fcad91a8ad8c034711,1,4,20,0,1f468a6a22cc67e60060a4e872883d36,74e0f43fc9b881fba9f688bf1db9361f,flagship,4h,spot,aster,ETH,2023-04-21T16:00:00+00:00,sell,1861.19016,7.195473141061924,13392.143806688746,5.356857522675498,be_stop,67164.68755635121,67164.68755635121,2023-04-04T08:00:00+00:00,1864.92,1864.92,0
d85ad7e2888f47b79e6eead8595df555,86ec0d3b83330c9446c948d636387edf,1,4,20,0,5ce63b4e4c1e51d67cbb65f69d853aef,9f5d829a4d0639a7708933d9e12d4d57,flagship,4h,futures,aster,BNB,2023-04-26T00:00:00+00:00,buy,338.9766,39.56504376195762,13411.624013279603,5.3646496053118415,entry,53641.1314035131,,2023-04-25T20:00:00+00:00,338.3,327.01959120785773,-3.334439489252816
d85ad7e2888f47b79e6eead8595df555,521aec0492a4a3fcad91a8ad8c034711,1,4,20,0,ca805030c0b1606e27b6b3d25c996b26,9f5d829a4d0639a7708933d9e12d4d57,flagship,4h,spot,aster,BNB,2023-04-26T00:00:00+00:00,buy,338.9766,39.627919777560585,13432.937511270244,5.373175004508098,entry,53726.37687007646,67124.57654686969,2023-04-25T20:00:00+00:00,338.3,327.01959120785773,-3.334439489252816
d85ad7e2888f47b79e6eead8595df555,86ec0d3b83330c9446c948d636387edf,1,4,20,0,3ea4e4ef614272b66894f32ebf8345b7,5336420e769709022a617c3cf84c5f3c,flagship,4h,futures,aster,BTC,2023-04-26T12:00:00+00:00,buy,29014.14246,0.46311377960492167,13436.84917664624,5.374739670658496,entry,40198.9074871962,,2023-04-26T08:00:00+00:00,28956.23,27760.583637187447,-4.129150662266989
d85ad7e2888f47b79e6eead8595df555,86ec0d3b83330c9446c948d636387edf,1,4,20,0,a6ac6b1541e8d2d4bd189bc94c3b7dea,199d1db3accfb7274e8b08204b5cfc68,flagship,4h,futures,aster,ETH,2023-04-26T12:00:00+00:00,buy,1918.05846,7.00544298146483,13436.84917664624,5.374739670658496,entry,26756.6835708793,,2023-04-26T08:00:00+00:00,1914.23,1821.0007067180693,-4.870328710861848
d85ad7e2888f47b79e6eead8595df555,521aec0492a4a3fcad91a8ad8c034711,1,4,20,0,a4d5f8b4c8a1d07c9767b0dc9dbe4adc,5336420e769709022a617c3cf84c5f3c,flagship,4h,spot,aster,BTC,2023-04-26T12:00:00+00:00,buy,29014.14246,0.46384975122187677,13458.202761987091,5.383281104794837,entry,40262.79082698458,67656.9086441308,2023-04-26T08:00:00+00:00,28956.23,27760.583637187447,-4.129150662266989
d85ad7e2888f47b79e6eead8595df555,521aec0492a4a3fcad91a8ad8c034711,1,4,20,0,bf554d785d777ba75c9627b4786cd3bc,199d1db3accfb7274e8b08204b5cfc68,flagship,4h,spot,aster,ETH,2023-04-26T12:00:00+00:00,buy,1918.05846,7.054728524190113,13531.381728826162,5.412552691530465,entry,26725.996545466885,67904.9128043101,2023-04-26T08:00:00+00:00,1914.23,1821.0007067180693,-4.870328710861848
d85ad7e2888f47b79e6eead8595df555,86ec0d3b83330c9446c948d636387edf,1,4,20,0,dd1235de208843d1e9fbbfa2a49679bf,5336420e769709022a617c3cf84c5f3c,flagship,4h,futures,aster,BTC,2023-04-26T16:00:00+00:00,sell,27705.06246991307,0.46311377960492167,12830.59619463191,5.132238477852764,stop,39582.14752703336,,2023-04-26T08:00:00+00:00,28956.23,27760.583637187447,-4.129150662266989
d85ad7e2888f47b79e6eead8595df555,86ec0d3b83330c9446c948d636387edf,1,4,20,0,ad8e2f6a253d82049bca33bc4bd89a5d,199d1db3accfb7274e8b08204b5cfc68,flagship,4h,futures,aster,ETH,2023-04-26T16:00:00+00:00,sell,1817.358705304633,7.00544298146483,12731.402786880351,5.092561114752141,stop,52308.45775279896,,2023-04-26T08:00:00+00:00,1914.23,1821.0007067180693,-4.870328710861848
d85ad7e2888f47b79e6eead8595df555,521aec0492a4a3fcad91a8ad8c034711,1,4,20,0,3f04df76b65d1a9104753ff14a129881,5336420e769709022a617c3cf84c5f3c,flagship,4h,spot,aster,BTC,2023-04-26T16:00:00+00:00,sell,27705.06246991307,0.46384975122187677,12850.986334255733,5.140394533702294,stop,39571.842485188914,65492.50096100556,2023-04-26T08:00:00+00:00,28956.23,27760.583637187447,-4.129150662266989
d85ad7e2888f47b79e6eead8595df555,521aec0492a4a3fcad91a8ad8c034711,1,4,20,0,c9713bc2bf95054adc10c540f86891fc,199d1db3accfb7274e8b08204b5cfc68,flagship,4h,spot,aster,ETH,2023-04-26T16:00:00+00:00,sell,1817.358705304633,7.054728524190113,12820.97229699781,5.128388918799124,stop,52387.686393267926,65405.45804019658,2023-04-26T08:00:00+00:00,1914.23,1821.0007067180693,-4.870328710861848
d85ad7e2888f47b79e6eead8595df555,86ec0d3b83330c9446c948d636387edf,1,4,20,0,5f22d77f54eb8b9d60160033fc6ebe02,9f5d829a4d0639a7708933d9e12d4d57,flagship,4h,futures,aster,BNB,2023-04-26T20:00:00+00:00,sell,326.365552025442,39.56504376195762,12912.66734828207,5.165066939312828,stop,65215.96003414172,,2023-04-25T20:00:00+00:00,338.3,327.01959120785773,-3.334439489252816
d85ad7e2888f47b79e6eead8595df555,521aec0492a4a3fcad91a8ad8c034711,1,4,20,0,e8e2e0283b689f26ec78b028424c2552,9f5d829a4d0639a7708933d9e12d4d57,flagship,4h,spot,aster,BNB,2023-04-26T20:00:00+00:00,sell,326.365552025442,39.627919777560585,12933.18791382349,5.173275165529397,stop,65315.701031925884,65315.701031925884,2023-04-25T20:00:00+00:00,338.3,327.01959120785773,-3.334439489252816
d85ad7e2888f47b79e6eead8595df555,86ec0d3b83330c9446c948d636387edf,1,4,20,0,4e3332eaf4bbf90a50c86c7209067233,c44c00e951610a95a0870ae598fdd86e,flagship,4h,futures,aster,ETH,2023-06-30T20:00:00+00:00,buy,1932.5574000000001,6.642757187162087,12837.509558453277,5.135003823381311,entry,52373.31547186506,,2023-06-30T16:00:00+00:00,1928.7,1848.77,-4.14424223570281
d85ad7e2888f47b79e6eead8595df555,521aec0492a4a3fcad91a8ad8c034711,1,4,20,0,a7490ec5990ba25ac185c6f6e15564b6,c44c00e951610a95a0870ae598fdd86e,flagship,4h,spot,aster,ETH,2023-06-30T20:00:00+00:00,buy,1932.5574000000001,6.652916590313381,12857.143188192893,5.142857275277158,entry,52453.41498645771,65322.550722096305,2023-06-30T16:00:00+00:00,1928.7,1848.77,-4.14424223570281
d85ad7e2888f47b79e6eead8595df555,86ec0d3b83330c9446c948d636387edf,1,4,20,0,503ae05b3dda4b86006c7521af3c6326,22487a4c6889957f1ee7c734cc8c69eb,flagship,4h,futures,aster,BTC,2023-07-03T16:00:00+00:00,buy,31109.094,0.4207297589556746,13088.521619949424,5.23540864797977,entry,39279.558443267655,,2023-07-03T12:00:00+00:00,31047,30143.200279100685,-2.911069413789791
d85ad7e2888f47b79e6eead8595df555,521aec0492a4a3fcad91a8ad8c034711,1,4,20,0,54860357a5ad7cfa38aad16db9124f25,22487a4c6889957f1ee7c734cc8c69eb,flagship,4h,spot,aster,BTC,2023-07-03T16:00:00+00:00,buy,31109.094,0.42137322116850956,13108.539146413954,5.243415658565582,entry,39339.63242438519,65599.4683416099,2023-07-03T12:00:00+00:00,31047,30143.200279100685,-2.911069413789791
d85ad7e2888f47b79e6eead8595df555,86ec0d3b83330c9446c948d636387edf,1,4,20,0,31e22782baf9cd59e0a1bc2e586e867f,22487a4c6889957f1ee7c734cc8c69eb,flagship,4h,futures,aster,BTC,2023-07-06T12:00:00+00:00,sell,30082.913878542484,0.4207297589556746,12656.777104803497,5.062710841921399,stop,51931.27283722923,,2023-07-03T12:00:00+00:00,31047,30143.200279100685,-2.911069413789791
d85ad7e2888f47b79e6eead8595df555,521aec0492a4a3fcad91a8ad8c034711,1,4,20,0,e8c61801872c5a9c6a2472659b4db964,22487a4c6889957f1ee7c734cc8c69eb,flagship,4h,spot,aster,BTC,2023-07-06T12:00:00+00:00,sell,30082.913878542484,0.42137322116850956,12676.134323136308,5.070453729254523,stop,52010.69629379224,64575.5276245899,2023-07-03T12:00:00+00:00,31047,30143.200279100685,-2.911069413789791
d85ad7e2888f47b79e6eead8595df555,86ec0d3b83330c9446c948d636387edf,1,4,20,0,cb62a4456b1cfd0cdf263f89e25489ed,c44c00e951610a95a0870ae598fdd86e,flagship,4h,futures,aster,ETH,2023-07-06T20:00:00+00:00,sell,1845.07246,6.642757187162087,12256.368344499833,4.902547337799933,trend_break,64182.738634391266,,2023-06-30T16:00:00+00:00,1928.7,1848.77,-4.14424223570281
d85ad7e2888f47b79e6eead8595df555,521aec0492a4a3fcad91a8ad8c034711,1,4,20,0,9921528b8cfb42edcf8050d6a361e2d2,c44c00e951610a95a0870ae598fdd86e,flagship,4h,spot,aster,ETH,2023-07-06T20:00:00+00:00,sell,1845.07246,6.652916590313381,12275.113179464322,4.910045271785729,trend_break,64280.89942798478,64280.89942798478,2023-06-30T16:00:00+00:00,1928.7,1848.77,-4.14424223570281
d85ad7e2888f47b79e6eead8595df555,86ec0d3b83330c9446c948d636387edf,1,4,20,0,0dde5b4f13fc8434b3898a411477d90b,c105cd2492a622d1be72d1c9079ec378,flagship,4h,futures,aster,BTC,2023-07-13T20:00:00+00:00,buy,31688.219940000003,0.4050889494955409,12836.547726878254,5.134619090751302,entry,51341.05628842226,,2023-07-13T16:00:00+00:00,31624.97,30579.58203243245,-3.3055777367300365
d85ad7e2888f47b79e6eead8595df555,521aec0492a4a3fcad91a8ad8c034711,1,4,20,0,48b25de2e5b312fc93a12570043b800d,c105cd2492a622d1be72d1c9079ec378,flagship,4h,spot,aster,BTC,2023-07-13T20:00:00+00:00,buy,31688.219940000003,0.4057084907242965,12856.179885596957,5.142471954238784,entry,51419.57707043359,64180.80090811903,2023-07-13T16:00:00+00:00,31624.97,30579.58203243245,-3.3055777367300365
d85ad7e2888f47b79e6eead8595df555,86ec0d3b83330c9446c948d636387edf,1,4,20,0,fdc6f2af406d804cdc7232bb6e75557c,d64d31bf7d2269d530547e829d970aae,flagship,4h,futures,aster,BNB,2023-07-14T04:00:00+00:00,buy,258.71639999999996,36.54926997332837,9455.89555012761,3.7823582200510444,entry,41881.3783800746,,2023-07-14T00:00:00+00:00,258.2,240.73483299928188,-6.76420100724946
d85ad7e2888f47b79e6eead8595df555,521aec0492a4a3fcad91a8ad8c034711,1,4,20,0,fad78ddbcb401b31846b01b17a790694,d64d31bf7d2269d530547e829d970aae,flagship,4h,spot,aster,BNB,2023-07-14T04:00:00+00:00,buy,258.71639999999996,36.60516826346339,9470.357354517499,3.7881429418069996,entry,41945.43157297428,63941.53626712154,2023-07-14T00:00:00+00:00,258.2,240.73483299928188,-6.76420100724946
d85ad7e2888f47b79e6eead8595df555,86ec0d3b83330c9446c948d636387edf,1,4,20,0,78869357f8fecbae77bb1037142f2c29,d64d31bf7d2269d530547e829d970aae,flagship,4h,futures,aster,BNB,2023-07-14T16:00:00+00:00,sell,240.25336333328332,36.54926997332837,8781.085038468324,3.5124340153873295,stop,63016.68177419125,,2023-07-14T00:00:00+00:00,258.2,240.73483299928188,-6.76420100724946
d85ad7e2888f47b79e6eead8595df555,86ec0d3b83330c9446c948d636387edf,1,4,20,0,2c08c4114c38ebd9220089109c11ddc1,c105cd2492a622d1be72d1c9079ec378,flagship,4h,futures,aster,BTC,2023-07-14T16:00:00+00:00,sell,30518.422868367583,0.4050889494955409,12362.675860007717,4.945070344003087,stop,54239.109169738316,,2023-07-13T16:00:00+00:00,31624.97,30579.58203243245,-3.3055777367300365
d85ad7e2888f47b79e6eead8595df555,521aec0492a4a3fcad91a8ad8c034711,1,4,20,0,fe704d2b91a10728e011d6b4bc653972,d64d31bf7d2269d530547e829d970aae,flagship,4h,spot,aster,BNB,2023-07-14T16:00:00+00:00,sell,240.25336333328332,36.60516826346339,8794.514790677842,3.517805916271137,stop,63113.059205634636,63113.059205634636,2023-07-14T00:00:00+00:00,258.2,240.73483299928188,-6.76420100724946
d85ad7e2888f47b79e6eead8595df555,521aec0492a4a3fcad91a8ad8c034711,1,4,20,0,432619c6ebc60a998dccad54e08f864b,c105cd2492a622d1be72d1c9079ec378,flagship,4h,spot,aster,BTC,2023-07-14T16:00:00+00:00,sell,30518.422868367583,0.4057084907242965,12381.583281211268,4.952633312484507,stop,54322.062220873064,63213.45759206832,2023-07-13T16:00:00+00:00,31624.97,30579.58203243245,-3.3055777367300365
d85ad7e2888f47b79e6eead8595df555,86ec0d3b83330c9446c948d636387edf,1,4,20,0,13db52d5af95d255a99da2a301603919,3ebf6a65f67d0aa811e7a67b6c99c133,flagship,4h,futures,aster,XRP,2023-07-19T04:00:00+00:00,buy,0.8011992,4806.53936753235,3850.995496035425,1.54039819841417,entry,59164.14587995742,,2023-07-19T00:00:00+00:00,0.7996,0.6687555500427939,-16.363738113707615
d85ad7e2888f47b79e6eead8595df555,521aec0492a4a3fcad91a8ad8c034711,1,4,20,0,9d4910873d5f3157641f39f7a4a81467,3ebf6a65f67d0aa811e7a67b6c99c133,flagship,4h,spot,aster,XRP,2023-07-19T04:00:00+00:00,buy,0.8011992,4813.890467357541,3856.885191334488,1.5427540765337953,entry,59254.631260223614,63055.19778420239,2023-07-19T00:00:00+00:00,0.7996,0.6687555500427939,-16.363738113707615
d85ad7e2888f47b79e6eead8595df555,86ec0d3b83330c9446c948d636387edf,1,4,20,0,0c05d28c076c67bfd1de0bf07d99029f,3ebf6a65f67d0aa811e7a67b6c99c133,flagship,4h,futures,aster,XRP,2023-08-03T04:00:00+00:00,sell,0.6674180389427082,4806.53936753235,3207.9710787793665,1.2831884315117468,stop,62370.833770305275,,2023-07-19T00:00:00+00:00,0.7996,0.6687555500427939,-16.363738113707615
d85ad7e2888f47b79e6eead8595df555,521aec0492a4a3fcad91a8ad8c034711,1,4,20,0,b48394b5a79bdb8e7f6ee98041974cf4,3ebf6a65f67d0aa811e7a67b6c99c133,flagship,4h,spot,aster,XRP,2023-08-03T04:00:00+00:00,sell,0.6674180389427082,4813.890467357541,3212.877335408767,1.2851509341635068,stop,62466.22344469822,62466.22344469822,2023-07-19T00:00:00+00:00,0.7996,0.6687555500427939,-16.363738113707615
d85ad7e2888f47b79e6eead8595df555,86ec0d3b83330c9446c948d636387edf,1,4,20,0,97166009ed1a90b7c7ec0431773198d6,e4e62576aef8896b7c6a50c71fb85efc,flagship,4h,futures,aster,BTC,2023-08-08T16:00:00+00:00,buy,29593.438739999998,0.42151798794508927,12474.166754061056,4.989666701624422,entry,49891.677349542595,,2023-08-08T12:00:00+00:00,29534.37,29430.62,-0.35128563771632537
d85ad7e2888f47b79e6eead8595df555,521aec0492a4a3fcad91a8ad8c034711,1,4,20,0,a94b07785462fb38f47ab4a5b281b22e,e4e62576aef8896b7c6a50c71fb85efc,flagship,4h,spot,aster,BTC,2023-08-08T16:00:00+00:00,buy,29593.438739999998,0.42216265567181754,12493.244688939645,4.997297875575859,entry,49967.981457883,62577.979982800185,2023-08-08T12:00:00+00:00,29534.37,29430.62,-0.35128563771632537
d85ad7e2888f47b79e6eead8595df555,86ec0d3b83330c9446c948d636387edf,1,4,20,0,8e74499926472e198dc350857c487fb4,e4e62576aef8896b7c6a50c71fb85efc,flagship,4h,futures,aster,BTC,2023-08-09T16:00:00+00:00,sell,29371.75876,0.42151798794508927,12380.72465492375,4.9522898619695,trend_break,62267.44971460437,,2023-08-08T12:00:00+00:00,29534.37,29430.62,-0.35128563771632537
d85ad7e2888f47b79e6eead8595df555,521aec0492a4a3fcad91a8ad8c034711,1,4,20,0,214c0098818f28ed252276800754a1e9,e4e62576aef8896b7c6a50c71fb85efc,flagship,4h,spot,aster,BTC,2023-08-09T16:00:00+00:00,sell,29371.75876,0.42216265567181754,12399.65967987357,4.959863871949429,trend_break,62362.68127388462,62362.68127388462,2023-08-08T12:00:00+00:00,29534.37,29430.62,-0.35128563771632537
d85ad7e2888f47b79e6eead8595df555,86ec0d3b83330c9446c948d636387edf,1,4,20,0,6e7fbde7526760a6797e54c496c8e794,6c8db9fad02c4527d7e7f3332eaf1e45,flagship,4h,futures,aster,XRP,2023-09-29T16:00:00+00:00,buy,0.533565,23340.15526303426,12453.489942920874,4.98139597716835,entry,49808.97837570633,,2023-09-29T12:00:00+00:00,0.5325,0.5109999414837885,-4.037569674405916
d85ad7e2888f47b79e6eead8595df555,521aec0492a4a3fcad91a8ad8c034711,1,4,20,0,69ce5a70b22d1993eb46ce52143c6fe6,6c8db9fad02c4527d7e7f3332eaf1e45,flagship,4h,spot,aster,XRP,2023-09-29T16:00:00+00:00,buy,0.533565,23375.851592171388,12472.536254776925,4.989014501910771,entry,49885.156004605786,62314.09629616331,2023-09-29T12:00:00+00:00,0.5325,0.5109999414837885,-4.037569674405916
d85ad7e2888f47b79e6eead8595df555,86ec0d3b83330c9446c948d636387edf,1,4,20,0,67fe23a98bee9d0e1b1be8211eaad43e,99d804815f6d79de761b231b61c00f6f,flagship,4h,futures,aster,BNB,2023-10-02T00:00:00+00:00,buy,218.63639999999998,56.78947514047044,12416.24640260195,4.96649856104078,entry,37387.76547454334,,2023-10-01T20:00:00+00:00,218.2,215,-1.466544454628771
d85ad7e2888f47b79e6eead8595df555,86ec0d3b83330c9446c948d636387edf,1,4,20,0,b942e4e2af60398ebbf7cde395e90ab7,e4610b5cf6211197cdd7bda7743855fd,flagship,4h,futures,aster,BTC,2023-10-02T00:00:00+00:00,buy,28050.97998,0.44263146640347606,12416.24640260195,4.96649856104078,entry,24966.552573380348,,2023-10-01T20:00:00+00:00,27994.99,27296.90836967756,-2.493594855088155
d85ad7e2888f47b79e6eead8595df555,86ec0d3b83330c9446c948d636387edf,1,4,20,0,3ac5ca085c8889d5196416a8255e01cb,2496b64f55654be2c7f00ffc740995cf,flagship,4h,futures,aster,ETH,2023-10-02T00:00:00+00:00,buy,1732.3578,7.167252863468476,12416.24640260195,4.96649856104078,entry,12545.339672217357,,2023-10-01T20:00:00+00:00,1728.9,1677.3704518165634,-2.9804817041723997
d85ad7e2888f47b79e6eead8595df555,521aec0492a4a3fcad91a8ad8c034711,1,4,20,0,9687086f7343394c323e47c3e4368d56,99d804815f6d79de761b231b61c00f6f,flagship,4h,spot,aster,BNB,2023-10-02T00:00:00+00:00,buy,218.63639999999998,56.8763287099216,12435.235754353902,4.974094301741561,entry,37444.94615595014,62203.26017632867,2023-10-01T20:00:00+00:00,218.2,215,-1.466544454628771
d85ad7e2888f47b79e6eead8595df555,521aec0492a4a3fcad91a8ad8c034711,1,4,20,0,61f31215998b8091ede7bcb6c5f076fe,e4610b5cf6211197cdd7bda7743855fd,flagship,4h,spot,aster,BTC,2023-10-02T00:00:00+00:00,buy,28050.97998,0.44350151203757465,12440.652035265735,4.976260814106294,entry,24999.3178598703,62224.62347918451,2023-10-01T20:00:00+00:00,27994.99,27296.90836967756,-2.493594855088155
d85ad7e2888f47b79e6eead8595df555,521aec0492a4a3fcad91a8ad8c034711,1,4,20,0,cb01d19738ed0f136523fbc013e0cae9,2496b64f55654be2c7f00ffc740995cf,flagship,4h,spot,aster,ETH,2023-10-02T00:00:00+00:00,buy,1732.3578,7.183807349634645,12444.924695836904,4.977969878334762,entry,12549.415194155063,62180.43772555335,2023-10-01T20:00:00+00:00,1728.9,1677.3704518165634,-2.9804817041723997
d85ad7e2888f47b79e6eead8595df555,86ec0d3b83330c9446c948d636387edf,1,4,20,0,ce93645d417194d2446399abf18b58fb,99d804815f6d79de761b231b61c00f6f,flagship,4h,futures,aster,BNB,2023-10-02T16:00:00+00:00,sell,214.57,56.78947514047044,12185.317680890741,4.874127072356297,trend_break,36623.986377986446,,2023-10-01T20:00:00+00:00,218.2,215,-1.466544454628771
d85ad7e2888f47b79e6eead8595df555,86ec0d3b83330c9446c948d636387edf,1,4,20,0,ccaa8e5ebfba362c98e97df4a4a393cc,2496b64f55654be2c7f00ffc740995cf,flagship,4h,futures,aster,ETH,2023-10-02T16:00:00+00:00,sell,1674.0157109129302,7.167252863468476,11998.093897531915,4.7992375590127665,stop,48617.28103795935,,2023-10-01T20:00:00+00:00,1728.9,1677.3704518165634,-2.9804817041723997
d85ad7e2888f47b79e6eead8595df555,86ec0d3b83330c9446c948d636387edf,1,4,20,0,0fe8ff62db7923b27949f20f7d258399,6c8db9fad02c4527d7e7f3332eaf1e45,flagship,4h,futures,aster,XRP,2023-10-02T16:00:00+00:00,sell,0.5099779416008209,23340.15526303426,11902.964337685778,4.761185735074312,stop,24443.54282416806,,2023-09-29T12:00:00+00:00,0.5325,0.5109999414837885,-4.037569674405916
d85ad7e2888f47b79e6eead8595df555,521aec0492a4a3fcad91a8ad8c034711,1,4,20,0,25aebb4432272deeb3d8428fdb8225b0,99d804815f6d79de761b231b61c00f6f,flagship,4h,spot,aster,BNB,2023-10-02T16:00:00+00:00,sell,214.57,56.8763287099216,12203.953851287877,4.8815815405151515,trend_break,36664.887674573,61078.11462009807,2023-10-01T20:00:00+00:00,218.2,215,-1.466544454628771
d85ad7e2888f47b79e6eead8595df555,521aec0492a4a3fcad91a8ad8c034711,1,4,20,0,d3bfcfa3bcad8482dfb1713f187bc42b,2496b64f55654be2c7f00ffc740995cf,flagship,4h,spot,aster,ETH,2023-10-02T16:00:00+00:00,sell,1674.0157109129302,7.183807349634645,12025.806367460173,4.810322546984069,stop,48685.88371948619,61083.977358526834,2023-10-01T20:00:00+00:00,1728.9,1677.3704518165634,-2.9804817041723997
d85ad7e2888f47b79e6eead8595df555,521aec0492a4a3fcad91a8ad8c034711,1,4,20,0,e7870d138e4c16262d3543637183ff77,6c8db9fad02c4527d7e7f3332eaf1e45,flagship,4h,spot,aster,XRP,2023-10-02T16:00:00+00:00,sell,0.5099779416008209,23375.851592171388,11921.168678141836,4.768467471256734,stop,24465.81540482564,61107.45302298386,2023-09-29T12:00:00+00:00,0.5325,0.5109999414837885,-4.037569674405916
d85ad7e2888f47b79e6eead8595df555,86ec0d3b83330c9446c948d636387edf,1,4,20,0,baed616fc5eefc2f5a9374879e7f79e7,e4610b5cf6211197cdd7bda7743855fd,flagship,4h,futures,aster,BTC,2023-10-02T20:00:00+00:00,sell,27242.314552938205,0.44263146640347606,12058.305638791795,4.823322255516718,stop,60670.763354495626,,2023-10-01T20:00:00+00:00,27994.99,27296.90836967756,-2.493594855088155
d85ad7e2888f47b79e6eead8595df555,521aec0492a4a3fcad91a8ad8c034711,1,4,20,0,75ae6a26a8b2bdbc8cc5f2835b9b9ea3,e4610b5cf6211197cdd7bda7743855fd,flagship,4h,spot,aster,BTC,2023-10-02T20:00:00+00:00,sell,27242.314552938205,0.44350151203757465,12082.007695631319,4.832803078252527,stop,60763.058612039255,60763.058612039255,2023-10-01T20:00:00+00:00,27994.99,27296.90836967756,-2.493594855088155
d85ad7e2888f47b79e6eead8595df555,86ec0d3b83330c9446c948d636387edf,1,4,20,0,c7fd3a0bc6a91e9590968a559b5ab504,f0248e772ed9f7461b61bd0090d94af0,flagship,4h,futures,aster,XRP,2023-10-04T00:00:00+00:00,buy,0.5392764,22500.804171847918,12134.152670899126,4.853661068359651,entry,48531.75702252814,,2023-10-03T20:00:00+00:00,0.5382,0.5131378895518933,-4.656653743609562
d85ad7e2888f47b79e6eead8595df555,521aec0492a4a3fcad91a8ad8c034711,1,4,20,0,6f4b4d58be470bb3650df86d0cc80d57,f0248e772ed9f7461b61bd0090d94af0,flagship,4h,spot,aster,XRP,2023-10-04T00:00:00+00:00,buy,0.5392764,22535.03346782439,12152.611722407852,4.8610446889631405,entry,48605.58584494244,60668.58926026884,2023-10-03T20:00:00+00:00,0.5382,0.5131378895518933,-4.656653743609562
d85ad7e2888f47b79e6eead8595df555,86ec0d3b83330c9446c948d636387edf,1,4,20,0,134901d5ced59d9ccfdce35459de2e0e,f0248e772ed9f7461b61bd0090d94af0,flagship,4h,futures,aster,XRP,2023-10-09T04:00:00+00:00,sell,0.5121116137727896,22500.804171847918,11522.923135630554,4.609169254252222,stop,60050.07098890444,,2023-10-03T20:00:00+00:00,0.5382,0.5131378895518933,-4.656653743609562
d85ad7e2888f47b79e6eead8595df555,521aec0492a4a3fcad91a8ad8c034711,1,4,20,0,1767a25a22224613797c86ea037b7f75,f0248e772ed9f7461b61bd0090d94af0,flagship,4h,spot,aster,XRP,2023-10-09T04:00:00+00:00,sell,0.5121116137727896,22535.03346782439,11540.45235563137,4.616180942252549,stop,60141.42201963156,60141.42201963156,2023-10-03T20:00:00+00:00,0.5382,0.5131378895518933,-4.656653743609562
d85ad7e2888f47b79e6eead8595df555,86ec0d3b83330c9446c948d636387edf,1,4,20,0,14bdf8fb4f8c846d85e0de68d5297934,2e0f44942cf6b8f33b9800d9d0e4162d,flagship,4h,futures,aster,XRP,2023-10-20T00:00:00+00:00,buy,0.522042,23005.838989546606,12010.014197780889,4.804005679112356,entry,48035.252785444434,,2023-10-19T20:00:00+00:00,0.521,0.5893,13.109404990403073
d85ad7e2888f47b79e6eead8595df555,521aec0492a4a3fcad91a8ad8c034711,1,4,20,0,4f8c29fe92cc4964b7a140c9a045c278,2e0f44942cf6b8f33b9800d9d0e4162d,flagship,4h,spot,aster,XRP,2023-10-20T00:00:00+00:00,buy,0.522042,23040.83656856405,12028.284403926313,4.811313761570525,entry,48108.32630194367,60080.344982969546,2023-10-19T20:00:00+00:00,0.521,0.5893,13.109404990403073
d85ad7e2888f47b79e6eead8595df555,86ec0d3b83330c9446c948d636387edf,1,4,20,0,56c7e2383b02552efc10812c81917db5,3ae5d55dc1d2089af787d391e58c31b2,flagship,4h,futures,aster,ETH,2023-10-20T12:00:00+00:00,buy,1611.84726,7.45608022635679,12018.062483193373,4.807224993277349,entry,36012.383077257786,,2023-10-20T08:00:00+00:00,1608.63,1603.58,-0.31393173072740144
d85ad7e2888f47b79e6eead8595df555,86ec0d3b83330c9446c948d636387edf,1,4,20,0,ab9ef495c04b90dbc1f0ce040c371ca9,3ae5d55dc1d2089af787d391e58c31b2,flagship,4h,futures,aster,ETH,2023-10-20T12:00:00+00:00,sell,1600.37284,7.45608022635679,11932.508287122459,4.773003314848983,trend_break,47940.1183610654,,2023-10-20T08:00:00+00:00,1608.63,1603.58,-0.31393173072740144
d85ad7e2888f47b79e6eead8595df555,521aec0492a4a3fcad91a8ad8c034711,1,4,20,0,c7bdcb1f6555e44df1fce63ed3f70a7c,3ae5d55dc1d2089af787d391e58c31b2,flagship,4h,spot,aster,ETH,2023-10-20T12:00:00+00:00,sell,1600.37284,7.467422771047331,11950.660587581686,4.780264235032675,trend_break,48013.04715454297,60086.44551647053,2023-10-20T08:00:00+00:00,1608.63,1603.58,-0.31393173072740144
d85ad7e2888f47b79e6eead8595df555,521aec0492a4a3fcad91a8ad8c034711,1,4,20,0,d37039680c2085a942fac0ba4b20b299,3ae5d55dc1d2089af787d391e58c31b2,flagship,4h,spot,aster,ETH,2023-10-20T12:00:00+00:00,buy,1611.84726,7.467422771047331,12036.344932774247,4.814537973109699,entry,36067.166831196315,60115.175000319956,2023-10-20T08:00:00+00:00,1608.63,1603.58,-0.31393173072740144
d85ad7e2888f47b79e6eead8595df555,86ec0d3b83330c9446c948d636387edf,1,4,20,0,3f10d14248e4316df313345b20de4366,3e89ce478f58ada60005bb528ae299e7,flagship,4h,futures,aster,ETH,2023-10-23T04:00:00+00:00,buy,1695.70464,7.075864038172222,11998.575481537773,4.79943019261511,entry,35936.74344933501,,2023-10-23T00:00:00+00:00,1692.32,2142.03,26.57357946487664
d85ad7e2888f47b79e6eead8595df555,521aec0492a4a3fcad91a8ad8c034711,1,4,20,0,083ff17810e79fe5f84a5049b7e9290b,3e89ce478f58ada60005bb528ae299e7,flagship,4h,spot,aster,ETH,2023-10-23T04:00:00+00:00,buy,1695.70464,7.086628179871428,12016.828286562735,4.806731314625094,entry,35991.4121366656,59939.55351183723,2023-10-23T00:00:00+00:00,1692.32,2142.03,26.57357946487664
d85ad7e2888f47b79e6eead8595df555,86ec0d3b83330c9446c948d636387edf,1,4,20,0,93dee3dcff13ee33d5908da4dede77e2,279c9bfad223454b4778013a2ef2d839,flagship,4h,futures,aster,ADA,2023-10-24T00:00:00+00:00,buy,0.2803596,43729.584261473174,12260.008751712914,4.904003500685166,entry,23671.83069412141,,2023-10-23T20:00:00+00:00,0.2798,0.5578,99.3566833452466
d85ad7e2888f47b79e6eead8595df555,521aec0492a4a3fcad91a8ad8c034711,1,4,20,0,6980abfd90e000f9934f09676584dec1,279c9bfad223454b4778013a2ef2d839,flagship,4h,spot,aster,ADA,2023-10-24T00:00:00+00:00,buy,0.2803596,43796.10778975164,12278.659261491652,4.9114637045966605,entry,23707.841411469355,61482.12603286684,2023-10-23T20:00:00+00:00,0.2798,0.5578,99.3566833452466
d85ad7e2888f47b79e6eead8595df555,86ec0d3b83330c9446c948d636387edf,1,4,20,0,867c9d35ac980b0c8cab394d51a8eb83,2e0f44942cf6b8f33b9800d9d0e4162d,flagship,4h,futures,aster,XRP,2023-11-17T12:00:00+00:00,sell,0.5881214,23005.838989546606,13530.226234706735,5.412090493882695,trend_break,37196.644838334265,,2023-10-19T20:00:00+00:00,0.521,0.5893,13.109404990403073
d85ad7e2888f47b79e6eead8595df555,521aec0492a4a3fcad91a8ad8c034711,1,4,20,0,fd0f09168d5d6b76c5e04487cf9d613e,2e0f44942cf6b8f33b9800d9d0e4162d,flagship,4h,spot,aster,XRP,2023-11-17T12:00:00+00:00,sell,0.5881214,23040.83656856405,13550.809059875084,5.420323623950034,trend_break,37253.23014772049,66399.50686130865,2023-10-19T20:00:00+00:00,0.521,0.5893,13.109404990403073
d85ad7e2888f47b79e6eead8595df555,86ec0d3b83330c9446c948d636387edf,1,4,20,0,2ca49459c799b6df58b3721f689fe897,1b83cb1be949b9e308dcb7aedd1a8f56,flagship,4h,futures,aster,BNB,2023-12-12T04:00:00+00:00,buy,253.7064,50.03160866388714,12693.339320323617,5.077335728129447,entry,24498.228182282517,,2023-12-12T00:00:00+00:00,253.2,237.46182909267628,-6.215707309369556
d85ad7e2888f47b79e6eead8595df555,521aec0492a4a3fcad91a8ad8c034711,1,4,20,0,dee9a01c8253abee950161597ffed8eb,1b83cb1be949b9e308dcb7aedd1a8f56,flagship,4h,spot,aster,BNB,2023-12-12T04:00:00+00:00,buy,253.7064,50.107719132119996,12712.649033221289,5.085059613288516,entry,24535.496054885913,78852.35506700477,2023-12-12T00:00:00+00:00,253.2,237.46182909267628,-6.215707309369556
d85ad7e2888f47b79e6eead8595df555,86ec0d3b83330c9446c948d636387edf,1,4,20,0,3857d9b2db9f046c2e024df71b5487c2,1b83cb1be949b9e308dcb7aedd1a8f56,flagship,4h,futures,aster,BNB,2023-12-18T00:00:00+00:00,sell,236.98690543449092,50.03160866388714,11856.836111164079,4.742734444465632,stop,36350.32155900213,,2023-12-12T00:00:00+00:00,253.2,237.46182909267628,-6.215707309369556
d85ad7e2888f47b79e6eead8595df555,521aec0492a4a3fcad91a8ad8c034711,1,4,20,0,75bd82592bc42dfae194a4e86a0bfea7,1b83cb1be949b9e308dcb7aedd1a8f56,flagship,4h,spot,aster,BNB,2023-12-18T00:00:00+00:00,sell,236.98690543449092,50.107719132119996,11874.873295501753,4.749949318200701,stop,36405.61940106947,76906.89175728062,2023-12-12T00:00:00+00:00,253.2,237.46182909267628,-6.215707309369556
d85ad7e2888f47b79e6eead8595df555,86ec0d3b83330c9446c948d636387edf,1,4,20,0,cc6b6b63d45b00d1d67e7692be5062c6,3e89ce478f58ada60005bb528ae299e7,flagship,4h,futures,aster,ETH,2023-12-18T08:00:00+00:00,sell,2137.7459400000002,7.075864038172222,15126.399619594675,6.05055984783787,trend_break,51470.67061874896,,2023-10-23T00:00:00+00:00,1692.32,2142.03,26.57357946487664
d85ad7e2888f47b79e6eead8595df555,521aec0492a4a3fcad91a8ad8c034711,1,4,20,0,eed0ae493381c25524f201fb1cd317c0,3e89ce478f58ada60005bb528ae299e7,flagship,4h,spot,aster,ETH,2023-12-18T08:00:00+00:00,sell,2137.7459400000002,7.086628179871428,15149.410619809736,6.059764247923895,trend_break,51548.97025663128,76074.79061889219,2023-10-23T00:00:00+00:00,1692.32,2142.03,26.57357946487664
d85ad7e2888f47b79e6eead8595df555,86ec0d3b83330c9446c948d636387edf,1,4,20,0,c3c5a20cb996ae43aa78fccb34da89f4,bca034481feaf825afdbb953a62d4dcc,flagship,4h,futures,aster,BNB,2023-12-26T12:00:00+00:00,buy,290.37960000000004,47.090663109159856,13674.167917372597,5.469667166949039,entry,37791.03303420942,,2023-12-26T08:00:00+00:00,289.8,289.8,0
d85ad7e2888f47b79e6eead8595df555,521aec0492a4a3fcad91a8ad8c034711,1,4,20,0,62abac6524296662e7fbd18a50002c62,bca034481feaf825afdbb953a62d4dcc,flagship,4h,spot,aster,BNB,2023-12-26T12:00:00+00:00,buy,290.37960000000004,47.16229967081255,13694.969713490682,5.477987885396273,entry,37848.5225552552,78446.02925391888,2023-12-26T08:00:00+00:00,289.8,289.8,0
d85ad7e2888f47b79e6eead8595df555,86ec0d3b83330c9446c948d636387edf,1,4,20,0,07c2a9a70bffeaf9d3ea7e9b4ba3ea9a,279c9bfad223454b4778013a2ef2d839,flagship,4h,futures,aster,ADA,2024-01-03T20:00:00+00:00,sell,0.5566844,43729.584261473174,24343.577376847636,9.737430950739055,trend_break,62124.87298010632,,2023-10-23T20:00:00+00:00,0.2798,0.5578,99.3566833452466
d85ad7e2888f47b79e6eead8595df555,521aec0492a4a3fcad91a8ad8c034711,1,4,20,0,5b355195f351ff9ad5c025d742a0f9a1,279c9bfad223454b4778013a2ef2d839,flagship,4h,spot,aster,ADA,2024-01-03T20:00:00+00:00,sell,0.5566844,43796.10778975164,24380.609987273216,9.752243994909287,trend_break,62219.380298533506,77122.66699451028,2023-10-23T20:00:00+00:00,0.2798,0.5578,99.3566833452466
d85ad7e2888f47b79e6eead8595df555,86ec0d3b83330c9446c948d636387edf,1,4,20,0,06efbdf5a1764999431537420678b007,bca034481feaf825afdbb953a62d4dcc,flagship,4h,futures,aster,BNB,2024-01-08T00:00:00+00:00,sell,289.2204,47.090663109159856,13619.580420696457,5.447832168278583,be_stop,75739.0055686345,,2023-12-26T08:00:00+00:00,289.8,289.8,0
d85ad7e2888f47b79e6eead8595df555,521aec0492a4a3fcad91a8ad8c034711,1,4,20,0,2f1f854e65de59d6269b5107db3697a7,bca034481feaf825afdbb953a62d4dcc,flagship,4h,spot,aster,BNB,2024-01-08T00:00:00+00:00,sell,289.2204,47.16229967081255,13640.299175712275,5.45611967028491,be_stop,75854.2233545755,75854.2233545755,2023-12-26T08:00:00+00:00,289.8,289.8,0
d85ad7e2888f47b79e6eead8595df555,86ec0d3b83330c9446c948d636387edf,1,4,20,0,73dcd8e34e648abbb9fafc2527edea3a,d9eb4e05cbd38199a3d69520e0301999,flagship,4h,futures,aster,ETH,2024-01-08T20:00:00+00:00,buy,2358.8082,6.421802804368283,15147.8011137269,6.059120445490761,entry,60585.14533446211,,2024-01-08T16:00:00+00:00,2354.1,2385.25,1.3232233125185955
d85ad7e2888f47b79e6eead8595df555,521aec0492a4a3fcad91a8ad8c034711,1,4,20,0,823e5b3872ad137116f8607bcd461553,d9eb4e05cbd38199a3d69520e0301999,flagship,4h,spot,aster,ETH,2024-01-08T20:00:00+00:00,buy,2358.8082,6.431571956937873,15170.844670915101,6.068337868366041,entry,60677.31034579204,75679.0162510692,2024-01-08T16:00:00+00:00,2354.1,2385.25,1.3232233125185955
d85ad7e2888f47b79e6eead8595df555,86ec0d3b83330c9446c948d636387edf,1,4,20,0,5cad18481e9c4dba65ae53a4bed384c8,d9eb4e05cbd38199a3d69520e0301999,flagship,4h,futures,aster,ETH,2024-01-22T08:00:00+00:00,sell,2380.4795,6.421802804368283,15286.969928841207,6.114787971536483,trend_break,75866.00047533178,,2024-01-08T16:00:00+00:00,2354.1,2385.25,1.3232233125185955
d85ad7e2888f47b79e6eead8595df555,521aec0492a4a3fcad91a8ad8c034711,1,4,20,0,751301a62e41e1c2a81a79c314058d5f,d9eb4e05cbd38199a3d69520e0301999,flagship,4h,spot,aster,ETH,2024-01-22T08:00:00+00:00,sell,2380.4795,6.431571956937873,15310.225196265488,6.124090078506195,trend_break,75981.41145197902,75981.41145197902,2024-01-08T16:00:00+00:00,2354.1,2385.25,1.3232233125185955
d85ad7e2888f47b79e6eead8595df555,86ec0d3b83330c9446c948d636387edf,1,4,20,0,01182cb7ee623ae68121ebe0bee317d9,54c1e9f2bf19fddc6546e0769d469d2b,flagship,4h,futures,aster,BNB,2024-02-04T16:00:00+00:00,buy,306.612,49.48664792984735,15173.200095066357,6.069280038026543,entry,60686.73110022739,,2024-02-04T12:00:00+00:00,306,300.6,-1.764705882352935
d85ad7e2888f47b79e6eead8595df555,521aec0492a4a3fcad91a8ad8c034711,1,4,20,0,95f7dc935b96c4ee4def49d900212bec,54c1e9f2bf19fddc6546e0769d469d2b,flagship,4h,spot,aster,BNB,2024-02-04T16:00:00+00:00,buy,306.612,49.56192937783193,15196.282290395806,6.0785129161583225,entry,60779.05064866705,75920.22007359471,2024-02-04T12:00:00+00:00,306,300.6,-1.764705882352935
d85ad7e2888f47b79e6eead8595df555,86ec0d3b83330c9446c948d636387edf,1,4,20,0,84e61eb01730eb68254959afed96c823,54c1e9f2bf19fddc6546e0769d469d2b,flagship,4h,futures,aster,BNB,2024-02-05T12:00:00+00:00,sell,299.9988,49.48664792984735,14845.934994976691,5.938373997990677,trend_break,75526.72772120609,,2024-02-04T12:00:00+00:00,306,300.6,-1.764705882352935
d85ad7e2888f47b79e6eead8595df555,521aec0492a4a3fcad91a8ad8c034711,1,4,20,0,5f394e902ddf15cef14692e0bb97fb9a,54c1e9f2bf19fddc6546e0769d469d2b,flagship,4h,spot,aster,BNB,2024-02-05T12:00:00+00:00,sell,299.9988,49.56192937783193,14868.519339034327,5.947407735613731,trend_break,75641.62257996577,75641.62257996577,2024-02-04T12:00:00+00:00,306,300.6,-1.764705882352935
d85ad7e2888f47b79e6eead8595df555,86ec0d3b83330c9446c948d636387edf,1,4,20,0,65bebd0ef99b2c18b83cbad8b6e18b5b,6eed9a0772a3524adac0bf39938530de,flagship,4h,futures,aster,BNB,2024-02-15T04:00:00+00:00,buy,342.9846,44.04088563813424,15105.345544241218,6.042138217696487,entry,60415.34003874717,,2024-02-15T00:00:00+00:00,342.3,552.5,61.408121530820914
d85ad7e2888f47b79e6eead8595df555,86ec0d3b83330c9446c948d636387edf,1,4,20,0,77e2a4577a06d3157cc3e1d6729ab5c8,9271eec2c317a2256702e11ea5ad6bb2,flagship,4h,futures,aster,XRP,2024-02-15T04:00:00+00:00,buy,0.5537052,27280.483449028867,15105.345544241218,6.042138217696487,entry,45303.95235628825,,2024-02-15T00:00:00+00:00,0.5526,0.5379,-2.6601520086862007
d85ad7e2888f47b79e6eead8595df555,521aec0492a4a3fcad91a8ad8c034711,1,4,20,0,0d9a5a3fa09c055ba26f4b05eeb90499,6eed9a0772a3524adac0bf39938530de,flagship,4h,spot,aster,BNB,2024-02-15T04:00:00+00:00,buy,342.9846,44.107882732907406,15128.324515993154,6.051329806397262,entry,60507.24673416622,75715.6447004727,2024-02-15T00:00:00+00:00,342.3,552.5,61.408121530820914
d85ad7e2888f47b79e6eead8595df555,521aec0492a4a3fcad91a8ad8c034711,1,4,20,0,ce1467ba18aad69e12ab17647020e90b,9271eec2c317a2256702e11ea5ad6bb2,flagship,4h,spot,aster,XRP,2024-02-15T04:00:00+00:00,buy,0.5537052,27348.7208357345,15143.128940094539,6.057251576037816,entry,45358.060542495645,75561.76214303535,2024-02-15T00:00:00+00:00,0.5526,0.5379,-2.6601520086862007
d85ad7e2888f47b79e6eead8595df555,86ec0d3b83330c9446c948d636387edf,1,4,20,0,76be36ece7676be7275b9a8c85c2f6a0,9271eec2c317a2256702e11ea5ad6bb2,flagship,4h,futures,aster,XRP,2024-02-21T08:00:00+00:00,sell,0.5368242000000001,27280.483449028867,14644.823703138165,5.857929481255266,trend_break,59942.91812994516,,2024-02-15T00:00:00+00:00,0.5526,0.5379,-2.6601520086862007
d85ad7e2888f47b79e6eead8595df555,521aec0492a4a3fcad91a8ad8c034711,1,4,20,0,b7fcf215513148655e997f27f408a6f2,9271eec2c317a2256702e11ea5ad6bb2,flagship,4h,spot,aster,XRP,2024-02-21T08:00:00+00:00,sell,0.5368242000000001,27348.7208357345,14681.455183666507,5.872582073466603,trend_break,60033.64314408868,76093.32324714027,2024-02-15T00:00:00+00:00,0.5526,0.5379,-2.6601520086862007
d85ad7e2888f47b79e6eead8595df555,86ec0d3b83330c9446c948d636387edf,1,4,20,0,83a767ff8771b7cc02c2db4297da3626,ed10a12dec2f20fe8e1db6515dc62b71,flagship,4h,futures,aster,SOL,2024-02-26T20:00:00+00:00,buy,109.86930000000001,108.23927136034574,11892.172976871236,4.756869190748494,entry,48045.988283883176,,2024-02-26T16:00:00+00:00,109.65,169.91,54.95668034655721
d85ad7e2888f47b79e6eead8595df555,521aec0492a4a3fcad91a8ad8c034711,1,4,20,0,c10dc56250371b00ad1696647803cc9c,ed10a12dec2f20fe8e1db6515dc62b71,flagship,4h,spot,aster,SOL,2024-02-26T20:00:00+00:00,buy,109.86930000000001,108.40328445035321,11910.192980261194,4.7640771921044776,entry,48118.68608663538,77726.2708482732,2024-02-26T16:00:00+00:00,109.65,169.91,54.95668034655721
d85ad7e2888f47b79e6eead8595df555,86ec0d3b83330c9446c948d636387edf,1,4,20,0,4b03182f1b20919624b77436de434477,0b4a6886fd915b9954179001da7ebaf9,flagship,4h,futures,aster,XRP,2024-02-27T20:00:00+00:00,buy,0.594186,25974.23159068139,15433.524771940612,6.173409908776245,entry,32606.29010203379,,2024-02-27T16:00:00+00:00,0.593,0.5635652356947419,-4.963703930060381
d85ad7e2888f47b79e6eead8595df555,521aec0492a4a3fcad91a8ad8c034711,1,4,20,0,1ab08104b17cdaac555c09936509a672,0b4a6886fd915b9954179001da7ebaf9,flagship,4h,spot,aster,XRP,2024-02-27T20:00:00+00:00,buy,0.594186,26013.589318410497,15456.91058274906,6.182764233099625,entry,32655.59273965322,77081.03106094274,2024-02-27T16:00:00+00:00,0.593,0.5635652356947419,-4.963703930060381
d85ad7e2888f47b79e6eead8595df555,86ec0d3b83330c9446c948d636387edf,1,4,20,0,6d5ad5ac2d8b20061431efd2dfe911aa,0b4a6886fd915b9954179001da7ebaf9,flagship,4h,futures,aster,XRP,2024-02-28T16:00:00+00:00,sell,0.5624381052233525,25974.23159068139,14608.897600495386,5.843559040198155,stop,47209.344143488976,,2024-02-27T16:00:00+00:00,0.593,0.5635652356947419,-4.963703930060381
d85ad7e2888f47b79e6eead8595df555,521aec0492a4a3fcad91a8ad8c034711,1,4,20,0,ede96b4346e0a70750d8ac4523056b7b,0b4a6886fd915b9954179001da7ebaf9,flagship,4h,spot,aster,XRP,2024-02-28T16:00:00+00:00,sell,0.5624381052233525,26013.589318410497,14631.03388630524,5.852413554522096,stop,47280.774212403936,77418.85410861304,2024-02-27T16:00:00+00:00,0.593,0.5635652356947419,-4.963703930060381
d85ad7e2888f47b79e6eead8595df555,86ec0d3b83330c9446c948d636387edf,1,4,20,0,d7321151b29b798f423a97d98c5d0bce,1bd738c82857a38e265662ed8146fb63,flagship,4h,futures,aster,XRP,2024-03-02T04:00:00+00:00,buy,0.632262,15700.830459843928,9927.038468201841,3.970815387280737,entry,37278.33485989986,,2024-03-02T00:00:00+00:00,0.631,0.580725811044669,-7.967383352667346
d85ad7e2888f47b79e6eead8595df555,521aec0492a4a3fcad91a8ad8c034711,1,4,20,0,03d53591f3d1f9dba76458369eec7054,1bd738c82857a38e265662ed8146fb63,flagship,4h,spot,aster,XRP,2024-03-02T04:00:00+00:00,buy,0.632262,15724.621951555766,9942.080924334552,3.976832369733821,entry,37334.71645569965,79168.10673360518,2024-03-02T00:00:00+00:00,0.631,0.580725811044669,-7.967383352667346
d85ad7e2888f47b79e6eead8595df555,86ec0d3b83330c9446c948d636387edf,1,4,20,0,0a0eddf39f1305e8ba54c7cb0f8e9fe5,1bd738c82857a38e265662ed8146fb63,flagship,4h,futures,aster,XRP,2024-03-05T16:00:00+00:00,sell,0.5795643594225797,15700.830459843928,9099.641747861973,3.6398566991447896,stop,46374.336751062685,,2024-03-02T00:00:00+00:00,0.631,0.580725811044669,-7.967383352667346
d85ad7e2888f47b79e6eead8595df555,521aec0492a4a3fcad91a8ad8c034711,1,4,20,0,6cf303c65d4c623c28657b8683c75cdb,1bd738c82857a38e265662ed8146fb63,flagship,4h,spot,aster,XRP,2024-03-05T16:00:00+00:00,sell,0.5795643594225797,15724.621951555766,9113.430448515652,3.645372179406261,stop,46444.501532035894,76165.79360154187,2024-03-02T00:00:00+00:00,0.631,0.580725811044669,-7.967383352667346
d85ad7e2888f47b79e6eead8595df555,86ec0d3b83330c9446c948d636387edf,1,4,20,0,a458639e2e4e3329c999ac76e34e996b,2f3776388f52543f0dca057bdae43ab4,flagship,4h,futures,aster,XRP,2024-03-11T16:00:00+00:00,buy,0.67635,16932.095442172555,11452.022752313407,4.5808091009253635,entry,34917.73318964835,,2024-03-11T12:00:00+00:00,0.675,0.624888435767485,-7.423935441854079
d85ad7e2888f47b79e6eead8595df555,521aec0492a4a3fcad91a8ad8c034711,1,4,20,0,bef22e930180fb8ac72c75ae61d03438,2f3776388f52543f0dca057bdae43ab4,flagship,4h,spot,aster,XRP,2024-03-11T16:00:00+00:00,buy,0.67635,16957.758411771247,11469.379901801483,4.587751960720594,entry,34970.533878273694,86071.78547015664,2024-03-11T12:00:00+00:00,0.675,0.624888435767485,-7.423935441854079
d85ad7e2888f47b79e6eead8595df555,86ec0d3b83330c9446c948d636387edf,1,4,20,0,9d94d4eb6cb7db5cacd4fd75e233104a,2f3776388f52543f0dca057bdae43ab4,flagship,4h,futures,aster,XRP,2024-03-15T04:00:00+00:00,sell,0.62363865889595,16932.095442172555,10559.50929385472,4.223803717541888,stop,45473.01867978553,,2024-03-11T12:00:00+00:00,0.675,0.624888435767485,-7.423935441854079
d85ad7e2888f47b79e6eead8595df555,521aec0492a4a3fcad91a8ad8c034711,1,4,20,0,ed24bd8aa25226b973dd73fb623a5157,2f3776388f52543f0dca057bdae43ab4,flagship,4h,spot,aster,XRP,2024-03-15T04:00:00+00:00,sell,0.62363865889595,16957.758411771247,10575.513713798537,4.230205485519415,stop,45541.817386586714,90393.66742215952,2024-03-11T12:00:00+00:00,0.675,0.624888435767485,-7.423935441854079
d85ad7e2888f47b79e6eead8595df555,86ec0d3b83330c9446c948d636387edf,1,4,20,0,0840adc080e955e730292084b72b0d5a,fc05b9bb5a8f5bbe5713d937cd698573,flagship,4h,futures,aster,BTC,2024-03-25T16:00:00+00:00,buy,70011.98448,0.22532703259575634,15775.592709018547,6.310237083607419,entry,29691.11573368337,,2024-03-25T12:00:00+00:00,69872.24,65775.28427528088,-5.863495609585623
d85ad7e2888f47b79e6eead8595df555,86ec0d3b83330c9446c948d636387edf,1,4,20,0,4f7957723796f2b83d2cb6471b321387,2365e2b0469f7af0037a406564c5647f,flagship,4h,futures,aster,ETH,2024-03-25T16:00:00+00:00,buy,3586.4085,3.9023494685315248,13995.419303911944,5.598167721564778,entry,15690.098262049863,,2024-03-25T12:00:00+00:00,3579.25,3459.81,-3.3370119438429824
d85ad7e2888f47b79e6eead8595df555,521aec0492a4a3fcad91a8ad8c034711,1,4,20,0,54bb322e356c131de721f9ec4b0ea2f1,fc05b9bb5a8f5bbe5713d937cd698573,flagship,4h,spot,aster,BTC,2024-03-25T16:00:00+00:00,buy,70011.98448,0.22566858959642686,15799.505792448526,6.319802316979411,entry,29735.99179182121,92831.91887403649,2024-03-25T12:00:00+00:00,69872.24,65775.28427528088,-5.863495609585623
d85ad7e2888f47b79e6eead8595df555,521aec0492a4a3fcad91a8ad8c034711,1,4,20,0,d66c2d443f94a8971b4aa29299d02b94,2365e2b0469f7af0037a406564c5647f,flagship,4h,spot,aster,ETH,2024-03-25T16:00:00+00:00,buy,3586.4085,3.916347295668059,14045.62123013594,5.618248492054376,entry,15684.752313193216,93039.86491809814,2024-03-25T12:00:00+00:00,3579.25,3459.81,-3.3370119438429824
d85ad7e2888f47b79e6eead8595df555,86ec0d3b83330c9446c948d636387edf,1,4,20,0,9050ffaf997f698d481113d9d00c5e28,2365e2b0469f7af0037a406564c5647f,flagship,4h,futures,aster,ETH,2024-04-01T12:00:00+00:00,sell,3452.89038,3.9023494685315248,13474.384939290614,5.389753975716246,trend_break,29159.09344736476,,2024-03-25T12:00:00+00:00,3579.25,3459.81,-3.3370119438429824
d85ad7e2888f47b79e6eead8595df555,521aec0492a4a3fcad91a8ad8c034711,1,4,20,0,a0a5549f746bb64242074bc7c4e7444f,2365e2b0469f7af0037a406564c5647f,flagship,4h,spot,aster,ETH,2024-04-01T12:00:00+00:00,sell,3452.89038,3.916347295668059,13522.717901951255,5.409087160780502,trend_break,29202.06112798369,90464.84729214334,2024-03-25T12:00:00+00:00,3579.25,3459.81,-3.3370119438429824
d85ad7e2888f47b79e6eead8595df555,86ec0d3b83330c9446c948d636387edf,1,4,20,0,ed9bf9e7235cdbcbd124d0d0f36c8359,fc05b9bb5a8f5bbe5713d937cd698573,flagship,4h,futures,aster,BTC,2024-04-02T08:00:00+00:00,sell,65643.73370673032,0.22532703259575634,14791.307724643571,5.916523089857429,stop,43944.48464891847,,2024-03-25T12:00:00+00:00,69872.24,65775.28427528088,-5.863495609585623
d85ad7e2888f47b79e6eead8595df555,521aec0492a4a3fcad91a8ad8c034711,1,4,20,0,1920a47f8cb781661519db8f0d90c967,fc05b9bb5a8f5bbe5713d937cd698573,flagship,4h,spot,aster,BTC,2024-04-02T08:00:00+00:00,sell,65643.73370673032,0.22566858959642686,14813.728801441255,5.925491520576502,stop,44009.86443790437,88019.97370882472,2024-03-25T12:00:00+00:00,69872.24,65775.28427528088,-5.863495609585623
d85ad7e2888f47b79e6eead8595df555,86ec0d3b83330c9446c948d636387edf,1,4,20,0,57dd01a6129934835cfe519459d1fca1,ed10a12dec2f20fe8e1db6515dc62b71,flagship,4h,futures,aster,SOL,2024-04-05T08:00:00+00:00,sell,169.57018,108.23927136034574,18354.15272764267,7.341661091057069,trend_break,62291.295715470085,,2024-02-26T16:00:00+00:00,109.65,169.91,54.95668034655721
d85ad7e2888f47b79e6eead8595df555,521aec0492a4a3fcad91a8ad8c034711,1,4,20,0,51689f75d587b174a4411606b0f5f0a5,ed10a12dec2f20fe8e1db6515dc62b71,flagship,4h,spot,aster,SOL,2024-04-05T08:00:00+00:00,sell,169.57018,108.40328445035321,18381.964456837595,7.3527857827350385,trend_break,62384.47610895923,87834.7244458468,2024-02-26T16:00:00+00:00,109.65,169.91,54.95668034655721
d85ad7e2888f47b79e6eead8595df555,86ec0d3b83330c9446c948d636387edf,1,4,20,0,869de7ff2438df732683d4f2c0488f9b,6eed9a0772a3524adac0bf39938530de,flagship,4h,futures,aster,BNB,2024-04-13T16:00:00+00:00,sell,551.395,44.04088563813424,24283.92413643903,9.713569654575613,trend_break,86565.50628225454,,2024-02-15T00:00:00+00:00,342.3,552.5,61.408121530820914
d85ad7e2888f47b79e6eead8595df555,521aec0492a4a3fcad91a8ad8c034711,1,4,20,0,7399c88ab38d831b9a2934ba1541dae3,6eed9a0772a3524adac0bf39938530de,flagship,4h,spot,aster,BNB,2024-04-13T16:00:00+00:00,sell,551.395,44.107882732907406,24320.86599951148,9.728346399804591,trend_break,86695.6137620709,86695.6137620709,2024-02-15T00:00:00+00:00,342.3,552.5,61.408121530820914
d85ad7e2888f47b79e6eead8595df555,86ec0d3b83330c9446c948d636387edf,1,4,20,0,b3f9bf17dba9e7f5b4b1996c3031e90f,e31645883ac6a45ff3c1e5fdcc368ecc,flagship,4h,futures,aster,ADA,2024-05-21T00:00:00+00:00,buy,0.5031042,32338.31445183889,16269.541821640843,6.507816728656338,entry,70289.45664388505,,2024-05-20T20:00:00+00:00,0.5021,0.47538471743039135,-5.32070953387943
d85ad7e2888f47b79e6eead8595df555,521aec0492a4a3fcad91a8ad8c034711,1,4,20,0,ea0f319d253a5c5e1430058ff4248097,e31645883ac6a45ff3c1e5fdcc368ecc,flagship,4h,spot,aster,ADA,2024-05-21T00:00:00+00:00,buy,0.5031042,32386.918760593453,16293.99485351336,6.517597941405344,entry,70395.10131061614,86556.17377215228,2024-05-20T20:00:00+00:00,0.5021,0.47538471743039135,-5.32070953387943
d85ad7e2888f47b79e6eead8595df555,86ec0d3b83330c9446c948d636387edf,1,4,20,0,01dabd856e848d36bd02c47064e8606d,e31645883ac6a45ff3c1e5fdcc368ecc,flagship,4h,futures,aster,ADA,2024-05-22T12:00:00+00:00,sell,0.47443394799553057,32338.31445183889,15342.394196906847,6.136957678762739,stop,85625.71388311313,,2024-05-20T20:00:00+00:00,0.5021,0.47538471743039135,-5.32070953387943
d85ad7e2888f47b79e6eead8595df555,521aec0492a4a3fcad91a8ad8c034711,1,4,20,0,77579d0bb591d0579761934b3f7e2c0b,e31645883ac6a45ff3c1e5fdcc368ecc,flagship,4h,spot,aster,ADA,2024-05-22T12:00:00+00:00,sell,0.47443394799553057,32386.918760593453,15365.453730998868,6.146181492399547,stop,85754.40886012261,85754.40886012261,2024-05-20T20:00:00+00:00,0.5021,0.47538471743039135,-5.32070953387943
d85ad7e2888f47b79e6eead8595df555,86ec0d3b83330c9446c948d636387edf,1,4,20,0,576545e9d391324fcbf5bb48934d6d8d,e1e8d21d2d7e9fcb6a827af0a7a61caa,flagship,4h,futures,aster,XRP,2024-07-16T16:00:00+00:00,buy,0.5848674,16552.551481205643,9681.047748178893,3.8724190992715575,entry,75940.79371583497,,2024-07-16T12:00:00+00:00,0.5837,0.5837,0
d85ad7e2888f47b79e6eead8595df555,521aec0492a4a3fcad91a8ad8c034711,1,4,20,0,5f7764cc6549a8ae7df69af8e7a7fa13,e1e8d21d2d7e9fcb6a827af0a7a61caa,flagship,4h,spot,aster,XRP,2024-07-16T16:00:00+00:00,buy,0.5848674,16577.42987503988,9695.598309696901,3.8782393238787605,entry,76054.93231110183,85707.96972733755,2024-07-16T12:00:00+00:00,0.5837,0.5837,0
d85ad7e2888f47b79e6eead8595df555,86ec0d3b83330c9446c948d636387edf,1,4,20,0,bec5d4b37ae662990f5da7658a472df8,9ac94a2884ea02f7a23ff0fb7777f306,flagship,4h,futures,aster,SOL,2024-07-19T16:00:00+00:00,buy,168.87708,76.47454562743442,12914.797959887894,5.1659191839551575,entry,63020.82983676312,,2024-07-19T12:00:00+00:00,168.54,168.54,0
d85ad7e2888f47b79e6eead8595df555,521aec0492a4a3fcad91a8ad8c034711,1,4,20,0,38da25afdedae7db3d23e3fbe18fb848,9ac94a2884ea02f7a23ff0fb7777f306,flagship,4h,spot,aster,SOL,2024-07-19T16:00:00+00:00,buy,168.87708,76.58948644888868,12934.20883018789,5.173683532075156,entry,63115.549797381864,85753.48349415697,2024-07-19T12:00:00+00:00,168.54,168.54,0
d85ad7e2888f47b79e6eead8595df555,86ec0d3b83330c9446c948d636387edf,1,4,20,0,b85719ec119498692e1d91cd91f7356d,9ac94a2884ea02f7a23ff0fb7777f306,flagship,4h,futures,aster,SOL,2024-08-01T04:00:00+00:00,sell,168.20291999999998,76.47454562743442,12863.2418802077,5.14529675208308,be_stop,75878.92642021873,,2024-07-19T12:00:00+00:00,168.54,168.54,0
d85ad7e2888f47b79e6eead8595df555,521aec0492a4a3fcad91a8ad8c034711,1,4,20,0,16810b0bc365487aef93453c33265ef5,9ac94a2884ea02f7a23ff0fb7777f306,flagship,4h,spot,aster,SOL,2024-08-01T04:00:00+00:00,sell,168.20291999999998,76.58948644888868,12882.575262003505,5.1530301048014024,be_stop,75992.97202928057,86105.2042530549,2024-07-19T12:00:00+00:00,168.54,168.54,0
d85ad7e2888f47b79e6eead8595df555,86ec0d3b83330c9446c948d636387edf,1,4,20,0,420a176f1316486643c3c38f237e4f7a,e1e8d21d2d7e9fcb6a827af0a7a61caa,flagship,4h,futures,aster,XRP,2024-08-01T12:00:00+00:00,sell,0.5825326,16552.551481205643,9642.400850980574,3.8569603403922295,be_stop,85517.47031085892,,2024-07-16T12:00:00+00:00,0.5837,0.5837,0
d85ad7e2888f47b79e6eead8595df555,521aec0492a4a3fcad91a8ad8c034711,1,4,20,0,3bd2b1520ad882b6ac7f936e4ba430a1,e1e8d21d2d7e9fcb6a827af0a7a61caa,flagship,4h,spot,aster,XRP,2024-08-01T12:00:00+00:00,sell,0.5825326,16577.42987503988,9656.893326424657,3.862757330569863,be_stop,85646.00259837466,85646.00259837466,2024-07-16T12:00:00+00:00,0.5837,0.5837,0
d85ad7e2888f47b79e6eead8595df555,86ec0d3b83330c9446c948d636387edf,1,4,20,0,9abe0a37d95ee625f0412f8c6c24ad7b,c9c74395a40e32f63e43f0b050ffa370,flagship,4h,futures,aster,XRP,2024-08-24T00:00:00+00:00,buy,0.6123221999999999,27932.180251135407,17103.494062171783,6.841397624868714,entry,68407.13485106226,,2024-08-23T20:00:00+00:00,0.6111,0.5862627352428574,-4.064353584870317
d85ad7e2888f47b79e6eead8595df555,521aec0492a4a3fcad91a8ad8c034711,1,4,20,0,50c5ba2c0c6cf4e66ddb565c7552247f,c9c74395a40e32f63e43f0b050ffa370,flagship,4h,spot,aster,XRP,2024-08-24T00:00:00+00:00,buy,0.6123221999999999,27974.16216442085,17129.200519674934,6.851680207869974,entry,68509.95039849186,85509.8487458104,2024-08-23T20:00:00+00:00,0.6111,0.5862627352428574,-4.064353584870317
d85ad7e2888f47b79e6eead8595df555,86ec0d3b83330c9446c948d636387edf,1,4,20,0,4be03e4acfb9ad00a88c8f9bad7b00c0,c9c74395a40e32f63e43f0b050ffa370,flagship,4h,futures,aster,XRP,2024-08-26T16:00:00+00:00,sell,0.5850902097723717,27932.180251135407,16342.845202536513,6.537138081014605,stop,84743.44291551776,,2024-08-23T20:00:00+00:00,0.6111,0.5862627352428574,-4.064353584870317
d85ad7e2888f47b79e6eead8595df555,521aec0492a4a3fcad91a8ad8c034711,1,4,20,0,ef6196654035d9c2dfa85401fe5cbc51,c9c74395a40e32f63e43f0b050ffa370,flagship,4h,spot,aster,XRP,2024-08-26T16:00:00+00:00,sell,0.5850902097723717,27974.16216442085,16367.408408987338,6.546963363594935,stop,84870.8118441156,84870.8118441156,2024-08-23T20:00:00+00:00,0.6111,0.5862627352428574,-4.064353584870317
d85ad7e2888f47b79e6eead8595df555,86ec0d3b83330c9446c948d636387edf,1,4,20,0,a1efb89803289ec99b8609aef318ca6e,b45ad7b4c139d5480a8c14af8caaf521,flagship,4h,futures,aster,ADA,2024-09-19T04:00:00+00:00,buy,0.3497982,44588.69156256102,15597.044048939033,6.238817619575613,entry,69140.16004895915,,2024-09-19T00:00:00+00:00,0.3491,0.3474,-0.4869664852477862
d85ad7e2888f47b79e6eead8595df555,521aec0492a4a3fcad91a8ad8c034711,1,4,20,0,0b80eaf46a1fb75caaa9b22e3712b865,b45ad7b4c139d5480a8c14af8caaf521,flagship,4h,spot,aster,ADA,2024-09-19T04:00:00+00:00,buy,0.3497982,44655.70812073372,15620.486320358037,6.248194528143215,entry,69244.07732922942,84739.60804712401,2024-09-19T00:00:00+00:00,0.3491,0.3474,-0.4869664852477862
d85ad7e2888f47b79e6eead8595df555,86ec0d3b83330c9446c948d636387edf,1,4,20,0,57a0abedbcd2b7484abf18db74cf9f89,b45ad7b4c139d5480a8c14af8caaf521,flagship,4h,futures,aster,ADA,2024-09-22T12:00:00+00:00,sell,0.3467052,44588.69156256102,15459.131225936031,6.183652490374413,trend_break,84593.10762240482,,2024-09-19T00:00:00+00:00,0.3491,0.3474,-0.4869664852477862
d85ad7e2888f47b79e6eead8595df555,521aec0492a4a3fcad91a8ad8c034711,1,4,20,0,d2f0bb8ce6b5e4747f6438e1224c8526,b45ad7b4c139d5480a8c14af8caaf521,flagship,4h,spot,aster,ADA,2024-09-22T12:00:00+00:00,sell,0.3467052,44655.70812073372,15482.366215140608,6.192946486056243,trend_break,84720.25059788398,84720.25059788398,2024-09-19T00:00:00+00:00,0.3491,0.3474,-0.4869664852477862
d85ad7e2888f47b79e6eead8595df555,86ec0d3b83330c9446c948d636387edf,1,4,20,0,fad1bf68072793cc3a79e7d0282bf6dd,ee4769bd182a73377220a93a3f4e2933,flagship,4h,futures,aster,BTC,2024-09-23T04:00:00+00:00,buy,64506.74598,0.26227677845858943,16918.621524480965,6.767448609792386,entry,67667.71864931406,,2024-09-23T00:00:00+00:00,64377.99,62072.04089933283,-3.5818904887635727
d85ad7e2888f47b79e6eead8595df555,86ec0d3b83330c9446c948d636387edf,1,4,20,0,429ac00a0cfd94eb36a91c01917895e1,979a30a59ed01d02636b6bec98ace862,flagship,4h,futures,aster,ETH,2024-09-23T04:00:00+00:00,buy,2679.348,6.166308524499976,16521.68641250196,6.6086745650007845,entry,51139.4235622471,,2024-09-23T00:00:00+00:00,2674,2537.087844585197,-5.120125482976922
d85ad7e2888f47b79e6eead8595df555,521aec0492a4a3fcad91a8ad8c034711,1,4,20,0,66ce6d95c03c34e4e6f8eac4e4fa2539,ee4769bd182a73377220a93a3f4e2933,flagship,4h,spot,aster,BTC,2024-09-23T04:00:00+00:00,buy,64506.74598,0.26267097901404324,16944.050119576797,6.77762004783072,entry,67769.42285825935,84446.50575754276,2024-09-23T00:00:00+00:00,64377.99,62072.04089933283,-3.5818904887635727
d85ad7e2888f47b79e6eead8595df555,521aec0492a4a3fcad91a8ad8c034711,1,4,20,0,bf5b97c28061c0d74b2845864a97ac43,979a30a59ed01d02636b6bec98ace862,flagship,4h,spot,aster,ETH,2024-09-23T04:00:00+00:00,buy,2679.348,6.1556221653577925,16493.05393750707,6.597221575002828,entry,51269.771699177276,84225.643639636,2024-09-23T00:00:00+00:00,2674,2537.087844585197,-5.120125482976922
d85ad7e2888f47b79e6eead8595df555,86ec0d3b83330c9446c948d636387edf,1,4,20,0,3000a6ef044e28e9c9d8f87e5852d98e,400085310f10d021ea58fd48175451df,flagship,4h,futures,aster,ADA,2024-09-24T20:00:00+00:00,buy,0.3888762,41278.65925513585,16052.288152232059,6.420915260892824,entry,35080.71449475415,,2024-09-24T16:00:00+00:00,0.3881,0.36770460916329295,-5.255189599769916
d85ad7e2888f47b79e6eead8595df555,521aec0492a4a3fcad91a8ad8c034711,1,4,20,0,0fa8aae11460e1a54e64207101174334,400085310f10d021ea58fd48175451df,flagship,4h,spot,aster,ADA,2024-09-24T20:00:00+00:00,buy,0.3888762,41340.95901573463,16076.515046394625,6.43060601855785,entry,35186.826046764094,84421.81063854165,2024-09-24T16:00:00+00:00,0.3881,0.36770460916329295,-5.255189599769916
d85ad7e2888f47b79e6eead8595df555,86ec0d3b83330c9446c948d636387edf,1,4,20,0,c3398c5915723f6ff9998ce368ef5461,a2034b5a4a3ed4cc2c85c862554f0a57,flagship,4h,futures,aster,XRP,2024-09-28T08:00:00+00:00,buy,0.609216,28003.141022464464,17059.96156114171,6.823984624456685,entry,18013.928948987985,,2024-09-28T04:00:00+00:00,0.608,0.5853539702518685,-3.724675945416356
d85ad7e2888f47b79e6eead8595df555,521aec0492a4a3fcad91a8ad8c034711,1,4,20,0,63fdbff07e99bf4ef067de1b53a9874d,a2034b5a4a3ed4cc2c85c862554f0a57,flagship,4h,spot,aster,XRP,2024-09-28T08:00:00+00:00,buy,0.609216,28045.27921291607,17085.632820975876,6.83425312839035,entry,18094.35897265983,85636.82977722303,2024-09-28T04:00:00+00:00,0.608,0.5853539702518685,-3.724675945416356
d85ad7e2888f47b79e6eead8595df555,86ec0d3b83330c9446c948d636387edf,1,4,20,0,a60534723e7e7d6ff5f19d36e21dc9ee,400085310f10d021ea58fd48175451df,flagship,4h,futures,aster,ADA,2024-10-01T12:00:00+00:00,sell,0.36696919994496635,41278.65925513585,15147.996561658083,6.0591986246632334,stop,48762.79851169717,,2024-09-24T16:00:00+00:00,0.3881,0.36770460916329295,-5.255189599769916
d85ad7e2888f47b79e6eead8595df555,86ec0d3b83330c9446c948d636387edf,1,4,20,0,8d444535574341560d9b7f50b89e1291,979a30a59ed01d02636b6bec98ace862,flagship,4h,futures,aster,ETH,2024-10-01T12:00:00+00:00,sell,2532.013668896027,6.166308524499976,15613.17747066403,6.245270988265612,stop,33620.86114866375,,2024-09-23T00:00:00+00:00,2674,2537.087844585197,-5.120125482976922
d85ad7e2888f47b79e6eead8595df555,521aec0492a4a3fcad91a8ad8c034711,1,4,20,0,3736b1db906c66bc21c1a22d098310b5,400085310f10d021ea58fd48175451df,flagship,4h,spot,aster,ADA,2024-10-01T12:00:00+00:00,sell,0.36696919994496635,41340.95901573463,15170.858654961781,6.068343461984713,stop,48839.03429961962,82497.78259123888,2024-09-24T16:00:00+00:00,0.3881,0.36770460916329295,-5.255189599769916
d85ad7e2888f47b79e6eead8595df555,521aec0492a4a3fcad91a8ad8c034711,1,4,20,0,04965866b3893ce4beb8ec08989e4d3b,979a30a59ed01d02636b6bec98ace862,flagship,4h,spot,aster,ETH,2024-10-01T12:00:00+00:00,sell,2532.013668896027,6.1556221653577925,15586.11946324529,6.234447785298117,stop,33674.24398811982,82513.39243031686,2024-09-23T00:00:00+00:00,2674,2537.087844585197,-5.120125482976922
d85ad7e2888f47b79e6eead8595df555,86ec0d3b83330c9446c948d636387edf,1,4,20,0,e859b27a3fecccefa928dfa69559c878,ee4769bd182a73377220a93a3f4e2933,flagship,4h,futures,aster,BTC,2024-10-01T16:00:00+00:00,sell,61947.896817534165,0.26227677845858943,16247.494809587966,6.498997923835187,stop,65003.794323361304,,2024-09-23T00:00:00+00:00,64377.99,62072.04089933283,-3.5818904887635727
d85ad7e2888f47b79e6eead8595df555,86ec0d3b83330c9446c948d636387edf,1,4,20,0,6df9f8b7c44b21d94cc760c6e7c0f567,a2034b5a4a3ed4cc2c85c862554f0a57,flagship,4h,futures,aster,XRP,2024-10-01T16:00:00+00:00,sell,0.5841832623113647,28003.141022464464,16358.966277468497,6.543586510987399,stop,81356.21701431881,,2024-09-28T04:00:00+00:00,0.608,0.5853539702518685,-3.724675945416356
d85ad7e2888f47b79e6eead8595df555,521aec0492a4a3fcad91a8ad8c034711,1,4,20,0,8ea0637fdd88fb203b3dcb22b32421ba,ee4769bd182a73377220a93a3f4e2933,flagship,4h,spot,aster,BTC,2024-10-01T16:00:00+00:00,sell,61947.896817534165,0.26267097901404324,16271.914704922632,6.508765881969053,stop,65104.44023866028,82245.71489359459,2024-09-23T00:00:00+00:00,64377.99,62072.04089933283,-3.5818904887635727
d85ad7e2888f47b79e6eead8595df555,521aec0492a4a3fcad91a8ad8c034711,1,4,20,0,22737165930a8acfb126840bd0e7d9d5,a2034b5a4a3ed4cc2c85c862554f0a57,flagship,4h,spot,aster,XRP,2024-10-01T16:00:00+00:00,sell,0.5841832623113647,28045.27921291607,16383.582703034413,6.5534330812137656,stop,81481.46950861349,81481.46950861349,2024-09-28T04:00:00+00:00,0.608,0.5853539702518685,-3.724675945416356
d85ad7e2888f47b79e6eead8595df555,86ec0d3b83330c9446c948d636387edf,1,4,20,0,6d8163387eb8b25bf569c1f5db421b56,559146a312ef26bd22d9f94331639fc1,flagship,4h,futures,aster,BNB,2024-10-29T00:00:00+00:00,buy,601.0998,27.069121305420104,16271.243402863762,6.508497361145505,entry,65078.46511409391,,2024-10-28T20:00:00+00:00,599.9,580.3182231762546,-3.2641734995408234
d85ad7e2888f47b79e6eead8595df555,521aec0492a4a3fcad91a8ad8c034711,1,4,20,0,5893253c1e2499d4d0aadd82ed51af8a,559146a312ef26bd22d9f94331639fc1,flagship,4h,spot,aster,BNB,2024-10-29T00:00:00+00:00,buy,601.0998,27.11079574759915,16296.293901722698,6.518517560689079,entry,65178.6570893301,81523.75584555764,2024-10-28T20:00:00+00:00,599.9,580.3182231762546,-3.2641734995408234
d85ad7e2888f47b79e6eead8595df555,86ec0d3b83330c9446c948d636387edf,1,4,20,0,641f8546886a71a176ea1a058563f186,430f1d6146cb32addd4203e976ace8cd,flagship,4h,futures,aster,ETH,2024-10-29T04:00:00+00:00,buy,2612.1639,6.235577250203968,16288.349788644073,6.51533991545763,entry,48783.59998553438,,2024-10-29T00:00:00+00:00,2606.95,2510.38,-3.704328813364266
d85ad7e2888f47b79e6eead8595df555,521aec0492a4a3fcad91a8ad8c034711,1,4,20,0,24994d38bb9a3dede3dee4d4ac40388b,430f1d6146cb32addd4203e976ace8cd,flagship,4h,spot,aster,ETH,2024-10-29T04:00:00+00:00,buy,2612.1639,6.245177273811478,16313.42662375076,6.525370649500304,entry,48858.70509492984,81568.14005641424,2024-10-29T00:00:00+00:00,2606.95,2510.38,-3.704328813364266
d85ad7e2888f47b79e6eead8595df555,86ec0d3b83330c9446c948d636387edf,1,4,20,0,976baead7ca6cd8928eeedd81ac5bb54,559146a312ef26bd22d9f94331639fc1,flagship,4h,futures,aster,BNB,2024-10-31T00:00:00+00:00,sell,579.157586729902,27.069121305420104,15677.286970146084,6.270914788058434,stop,64454.61604089241,,2024-10-28T20:00:00+00:00,599.9,580.3182231762546,-3.2641734995408234
d85ad7e2888f47b79e6eead8595df555,521aec0492a4a3fcad91a8ad8c034711,1,4,20,0,4057fd63b9cea27da6189924e0523083,559146a312ef26bd22d9f94331639fc1,flagship,4h,spot,aster,BNB,2024-10-31T00:00:00+00:00,sell,579.157586729902,27.11079574759915,15701.423039506813,6.280569215802726,stop,64553.84756522085,81158.21264196711,2024-10-28T20:00:00+00:00,599.9,580.3182231762546,-3.2641734995408234
d85ad7e2888f47b79e6eead8595df555,86ec0d3b83330c9446c948d636387edf,1,4,20,0,c0453ae51dafdb4c2021cafac2109bf4,430f1d6146cb32addd4203e976ace8cd,flagship,4h,futures,aster,ETH,2024-10-31T16:00:00+00:00,sell,2505.35924,6.235577250203968,15622.361080532304,6.248944432212922,trend_break,80070.7281769925,,2024-10-29T00:00:00+00:00,2606.95,2510.38,-3.704328813364266
d85ad7e2888f47b79e6eead8595df555,521aec0492a4a3fcad91a8ad8c034711,1,4,20,0,2d90f36d31526400a8b08871869fda87,430f1d6146cb32addd4203e976ace8cd,flagship,4h,spot,aster,ETH,2024-10-31T16:00:00+00:00,sell,2505.35924,6.245177273811478,15646.4125883816,6.25856503535264,trend_break,80194.0015885671,80194.0015885671,2024-10-29T00:00:00+00:00,2606.95,2510.38,-3.704328813364266
d85ad7e2888f47b79e6eead8595df555,86ec0d3b83330c9446c948d636387edf,1,4,20,0,99f097d4116afee5db0c6ef31ff6dc30,d7bc8506c7c967e6929b1f8568e3ddc3,flagship,4h,futures,aster,ADA,2024-11-06T04:00:00+00:00,buy,0.3586158,35882.958506549956,12868.195871193217,5.147278348477287,entry,67197.38502745081,,2024-11-06T00:00:00+00:00,0.3579,0.9676,170.3548477228276
d85ad7e2888f47b79e6eead8595df555,86ec0d3b83330c9446c948d636387edf,1,4,20,0,afa354a32e91f69b9c403e4f660a5e7d,5e88ef2788166277bd1e6c4a4c202286,flagship,4h,futures,aster,BNB,2024-11-06T04:00:00+00:00,buy,583.0638,27.465511725129396,16014.145635398501,6.405658254159401,entry,51176.83373379815,,2024-11-06T00:00:00+00:00,581.9,581.9,0
d85ad7e2888f47b79e6eead8595df555,86ec0d3b83330c9446c948d636387edf,1,4,20,0,8d8923776e1c7877884e93a71f7146f1,473a4094bad24b736978aaf32fe6598f,flagship,4h,futures,aster,ETH,2024-11-06T04:00:00+00:00,buy,2584.158,5.316137128911271,13737.738290773093,5.4950953163092375,entry,37433.60034770875,,2024-11-06T00:00:00+00:00,2579,3613.82,40.12485459480419
d85ad7e2888f47b79e6eead8595df555,86ec0d3b83330c9446c948d636387edf,1,4,20,0,9c1488a921d7462712ce17dbcbc0dd32,965a3bbced3d1a9dce98b6eb2bd9abe2,flagship,4h,futures,aster,SOL,2024-11-06T04:00:00+00:00,buy,184.42812,58.21398303809702,10736.295449428122,4.294518179771249,entry,26693.01038010086,,2024-11-06T00:00:00+00:00,184.06,222.03,20.629142670868195
d85ad7e2888f47b79e6eead8595df555,86ec0d3b83330c9446c948d636387edf,1,4,20,0,5ce9937dae98af32f111ddf9c4d26e0d,1dbec95a0cfa47df1e1ec48accf81668,flagship,4h,futures,aster,XRP,2024-11-06T04:00:00+00:00,buy,0.5332644,30030.404496153318,16014.145635398501,6.405658254159401,entry,10672.459086448198,,2024-11-06T00:00:00+00:00,0.5322,0.5306,-0.3006388575723551
d85ad7e2888f47b79e6eead8595df555,521aec0492a4a3fcad91a8ad8c034711,1,4,20,0,e4b6c36568bfc91b309feb857c75a5c8,d7bc8506c7c967e6929b1f8568e3ddc3,flagship,4h,spot,aster,ADA,2024-11-06T04:00:00+00:00,buy,0.3586158,35938.20234925255,12888.007186039082,5.155202874415633,entry,67300.83919965361,80199.06002280035,2024-11-06T00:00:00+00:00,0.3579,0.9676,170.3548477228276
d85ad7e2888f47b79e6eead8595df555,521aec0492a4a3fcad91a8ad8c034711,1,4,20,0,4aada38727b3ea0aa07f221d2a62c0bd,5e88ef2788166277bd1e6c4a4c202286,flagship,4h,spot,aster,BNB,2024-11-06T04:00:00+00:00,buy,583.0638,27.50953155479738,16039.81200456007,6.415924801824028,entry,51254.611270291716,80198.31656340513,2024-11-06T00:00:00+00:00,581.9,581.9,0
d85ad7e2888f47b79e6eead8595df555,521aec0492a4a3fcad91a8ad8c034711,1,4,20,0,e3edef909ad3b3fc235eb45c7c6b6855,473a4094bad24b736978aaf32fe6598f,flagship,4h,spot,aster,ETH,2024-11-06T04:00:00+00:00,buy,2584.158,5.324608106678911,13759.62863573916,5.503851454295664,entry,37489.47878309826,80236.11242507433,2024-11-06T00:00:00+00:00,2579,3613.82,40.12485459480419
d85ad7e2888f47b79e6eead8595df555,521aec0492a4a3fcad91a8ad8c034711,1,4,20,0,96304a936f48276401b41729ced29e9e,965a3bbced3d1a9dce98b6eb2bd9abe2,flagship,4h,spot,aster,SOL,2024-11-06T04:00:00+00:00,buy,184.42812,58.33422268161971,10758.471020832481,4.303388408332993,entry,26726.704373857447,80188.16803799344,2024-11-06T00:00:00+00:00,184.06,222.03,20.629142670868195
d85ad7e2888f47b79e6eead8595df555,521aec0492a4a3fcad91a8ad8c034711,1,4,20,0,937b06db1554d15c9cb27d15f57180bf,1dbec95a0cfa47df1e1ec48accf81668,flagship,4h,spot,aster,XRP,2024-11-06T04:00:00+00:00,buy,0.5332644,30074.450136927742,16037.63360759869,6.415053443039476,entry,10682.655712815718,80261.01720533129,2024-11-06T00:00:00+00:00,0.5322,0.5306,-0.3006388575723551
d85ad7e2888f47b79e6eead8595df555,86ec0d3b83330c9446c948d636387edf,1,4,20,0,b4dd0659cfd633a6027ba716a2125490,1dbec95a0cfa47df1e1ec48accf81668,flagship,4h,futures,aster,XRP,2024-11-06T12:00:00+00:00,sell,0.5295388,30030.404496153318,15902.264360407631,6.360905744163053,trend_break,26568.362541111666,,2024-11-06T00:00:00+00:00,0.5322,0.5306,-0.3006388575723551
d85ad7e2888f47b79e6eead8595df555,521aec0492a4a3fcad91a8ad8c034711,1,4,20,0,61d4f8d5aaa9d7815f9d2b7a6310aaf2,1dbec95a0cfa47df1e1ec48accf81668,flagship,4h,spot,aster,XRP,2024-11-06T12:00:00+00:00,sell,0.5295388,30074.450136927742,15925.58823616855,6.37023529446742,trend_break,26601.8737136898,80208.34602428136,2024-11-06T00:00:00+00:00,0.5322,0.5306,-0.3006388575723551
d85ad7e2888f47b79e6eead8595df555,86ec0d3b83330c9446c948d636387edf,1,4,20,0,46bd2bdc3933ebc9eb4c94e2617e689b,94e1592e3b233f4aa114e8fb19fe619b,flagship,4h,futures,aster,XRP,2024-11-07T04:00:00+00:00,buy,0.5622222,25820.054614255187,14516.607909346703,5.8066431637386815,entry,12045.947988601225,,2024-11-07T00:00:00+00:00,0.5611,1.9682,250.77526287649258
d85ad7e2888f47b79e6eead8595df555,521aec0492a4a3fcad91a8ad8c034711,1,4,20,0,85f53c1c0db3caf0ef0907b1ac21fe91,94e1592e3b233f4aa114e8fb19fe619b,flagship,4h,spot,aster,XRP,2024-11-07T04:00:00+00:00,buy,0.5622222,25859.86763720773,14538.991674699733,5.815596669879894,entry,12057.066442320189,81956.45764614982,2024-11-07T00:00:00+00:00,0.5611,1.9682,250.77526287649258
d85ad7e2888f47b79e6eead8595df555,86ec0d3b83330c9446c948d636387edf,1,4,20,0,c382521f3bc2d5a710e0640f23021e1c,5e88ef2788166277bd1e6c4a4c202286,flagship,4h,futures,aster,BNB,2024-11-15T20:00:00+00:00,sell,580.7361999999999,27.465511725129396,15950.216910307088,6.380086764122836,be_stop,27989.784812144193,,2024-11-06T00:00:00+00:00,581.9,581.9,0
d85ad7e2888f47b79e6eead8595df555,521aec0492a4a3fcad91a8ad8c034711,1,4,20,0,791110cfebfd7ad153928221c42f670e,5e88ef2788166277bd1e6c4a4c202286,flagship,4h,spot,aster,BNB,2024-11-15T20:00:00+00:00,sell,580.7361999999999,27.50953155479738,15975.780818913121,6.3903123275652485,be_stop,28026.456948905747,105645.27814086445,2024-11-06T00:00:00+00:00,581.9,581.9,0
d85ad7e2888f47b79e6eead8595df555,86ec0d3b83330c9446c948d636387edf,1,4,20,0,9156f4b89993e9d70acc6edb765c9de8,75db89637d4ec4cc00f3d2eef96c8926,flagship,4h,futures,aster,BNB,2024-11-22T04:00:00+00:00,buy,636.9213,28.732730461561925,18300.48803812762,7.320195215251048,entry,9681.976578801321,,2024-11-22T00:00:00+00:00,635.65,609.45,-4.121765122315724
d85ad7e2888f47b79e6eead8595df555,521aec0492a4a3fcad91a8ad8c034711,1,4,20,0,6211d73ff297f08771c552ac0110186c,75db89637d4ec4cc00f3d2eef96c8926,flagship,4h,spot,aster,BNB,2024-11-22T04:00:00+00:00,buy,636.9213,28.777549705416927,18329.034369188765,7.331613747675506,entry,9690.090965969306,126870.67985041338,2024-11-22T00:00:00+00:00,635.65,609.45,-4.121765122315724
d85ad7e2888f47b79e6eead8595df555,86ec0d3b83330c9446c948d636387edf,1,4,20,0,03d2b29e3f14f4dc03b2f022827d55fe,75db89637d4ec4cc00f3d2eef96c8926,flagship,4h,futures,aster,BNB,2024-11-26T16:00:00+00:00,sell,608.2311000000001,28.732730461561925,17476.14025463932,6.990456101855727,trend_break,27151.126377338784,,2024-11-22T00:00:00+00:00,635.65,609.45,-4.121765122315724
d85ad7e2888f47b79e6eead8595df555,521aec0492a4a3fcad91a8ad8c034711,1,4,20,0,83fedddbe54f6b7a1b58780aeb1478f1,75db89637d4ec4cc00f3d2eef96c8926,flagship,4h,spot,aster,BNB,2024-11-26T16:00:00+00:00,sell,608.2311000000001,28.777549705416927,17503.400712630417,7.001360285052167,trend_break,27186.49031831467,127541.17343741222,2024-11-22T00:00:00+00:00,635.65,609.45,-4.121765122315724
d85ad7e2888f47b79e6eead8595df555,86ec0d3b83330c9446c948d636387edf,1,4,20,0,a5a2aefbe52cf674e6db1801b01a2b56,de72208ee20632128914d7d71b0f5e8a,flagship,4h,futures,aster,BNB,2024-12-03T20:00:00+00:00,buy,692.8329,30.558306295828814,21171.799970027336,8.468719988010935,entry,5970.857687323438,,2024-12-03T16:00:00+00:00,691.45,691.45,0
d85ad7e2888f47b79e6eead8595df555,521aec0492a4a3fcad91a8ad8c034711,1,4,20,0,7c814e80e919726b8281aeb1e8cae379,de72208ee20632128914d7d71b0f5e8a,flagship,4h,spot,aster,BNB,2024-12-03T20:00:00+00:00,buy,692.8329,30.605703179812902,21204.638090608994,8.481855236243598,entry,5973.3703724694315,169103.2762446643,2024-12-03T16:00:00+00:00,691.45,691.45,0
d85ad7e2888f47b79e6eead8595df555,86ec0d3b83330c9446c948d636387edf,1,4,20,0,1cb93355d19d3213d9c6cea4e44c9b84,de72208ee20632128914d7d71b0f5e8a,flagship,4h,futures,aster,BNB,2024-12-05T00:00:00+00:00,sell,690.0671000000001,30.558306295828814,21087.281806474333,8.434912722589734,be_stop,27049.70458107518,,2024-12-03T16:00:00+00:00,691.45,691.45,0
d85ad7e2888f47b79e6eead8595df555,521aec0492a4a3fcad91a8ad8c034711,1,4,20,0,a95a8f2c397b06a09721c594fb95d019,de72208ee20632128914d7d71b0f5e8a,flagship,4h,spot,aster,BNB,2024-12-05T00:00:00+00:00,sell,690.0671000000001,30.605703179812902,21119.98883675427,8.447995534701707,be_stop,27084.911213689,161858.82936249912,2024-12-03T16:00:00+00:00,691.45,691.45,0
d85ad7e2888f47b79e6eead8595df555,86ec0d3b83330c9446c948d636387edf,1,4,20,0,0451b117fca08b668628eaea1b5433b9,965a3bbced3d1a9dce98b6eb2bd9abe2,flagship,4h,futures,aster,SOL,2024-12-09T16:00:00+00:00,sell,221.58594,58.21398303809702,12899.400152640783,5.159760061056313,trend_break,39943.94497365491,,2024-11-06T00:00:00+00:00,184.06,222.03,20.629142670868195
d85ad7e2888f47b79e6eead8595df555,521aec0492a4a3fcad91a8ad8c034711,1,4,20,0,c005e53b82cdd77a4ab7f731db8aa75b,965a3bbced3d1a9dce98b6eb2bd9abe2,flagship,4h,spot,aster,SOL,2024-12-09T16:00:00+00:00,sell,221.58594,58.33422268161971,12926.043567076023,5.17041742683041,trend_break,40005.78436333819,162400.38579823473,2024-11-06T00:00:00+00:00,184.06,222.03,20.629142670868195
d85ad7e2888f47b79e6eead8595df555,86ec0d3b83330c9446c948d636387edf,1,4,20,0,13938e31be7ea9e6305bcb4d762e4812,d7bc8506c7c967e6929b1f8568e3ddc3,flagship,4h,futures,aster,ADA,2024-12-18T20:00:00+00:00,sell,0.9656648,35882.958506549956,34650.90994963586,13.860363979854345,trend_break,74580.99455931092,,2024-11-06T00:00:00+00:00,0.3579,0.9676,170.3548477228276
d85ad7e2888f47b79e6eead8595df555,521aec0492a4a3fcad91a8ad8c034711,1,4,20,0,8f9b5e418aa887434d77a2cb1a0bd5ac,d7bc8506c7c967e6929b1f8568e3ddc3,flagship,4h,spot,aster,ADA,2024-12-18T20:00:00+00:00,sell,0.9656648,35938.20234925255,34704.256983950494,13.881702793580198,trend_break,74696.15964449511,153661.15248976884,2024-11-06T00:00:00+00:00,0.3579,0.9676,170.3548477228276
d85ad7e2888f47b79e6eead8595df555,86ec0d3b83330c9446c948d636387edf,1,4,20,0,8bf07bfc83dd4ab8151b998b154e7928,473a4094bad24b736978aaf32fe6598f,flagship,4h,futures,aster,ETH,2024-12-19T12:00:00+00:00,sell,3606.59236,5.316137128911271,19173.13955384373,7.669255821537492,trend_break,93746.4648573331,,2024-11-06T00:00:00+00:00,2579,3613.82,40.12485459480419
d85ad7e2888f47b79e6eead8595df555,521aec0492a4a3fcad91a8ad8c034711,1,4,20,0,d48f68e4a125b5ee54ba1f56309d224b,473a4094bad24b736978aaf32fe6598f,flagship,4h,spot,aster,ETH,2024-12-19T12:00:00+00:00,sell,3606.59236,5.324608106678911,19203.690917542226,7.681476367016891,trend_break,93892.16908567032,154109.45686567225,2024-11-06T00:00:00+00:00,2579,3613.82,40.12485459480419
d85ad7e2888f47b79e6eead8595df555,86ec0d3b83330c9446c948d636387edf,1,4,20,0,12bbf0c894c1ab790271b79707fbd719,94e1592e3b233f4aa114e8fb19fe619b,flagship,4h,futures,aster,XRP,2024-12-20T08:00:00+00:00,sell,1.9642636,25820.054614255187,50717.393428793504,20.286957371517403,trend_break,144443.5713287551,,2024-11-07T00:00:00+00:00,0.5611,1.9682,250.77526287649258
d85ad7e2888f47b79e6eead8595df555,521aec0492a4a3fcad91a8ad8c034711,1,4,20,0,994cf45ae74da771866c6f0ebab05dc3,94e1592e3b233f4aa114e8fb19fe619b,flagship,4h,spot,aster,XRP,2024-12-20T08:00:00+00:00,sell,1.9642636,25859.86763720773,50795.596700585156,20.318238680234064,trend_break,144667.44754757523,144667.44754757523,2024-11-07T00:00:00+00:00,0.5611,1.9682,250.77526287649258
d85ad7e2888f47b79e6eead8595df555,86ec0d3b83330c9446c948d636387edf,1,4,20,0,2f41234fac9aa19b40053ea3d4f274ea,fe58286f298800543de0cd21ad09e5eb,flagship,4h,futures,aster,ADA,2025-01-07T12:00:00+00:00,buy,1.1343642,17926.036597040038,20334.654163572046,8.13386166542882,entry,124100.78330351762,,2025-01-07T08:00:00+00:00,1.1321,1.0516833055306025,-7.103320772846711
d85ad7e2888f47b79e6eead8595df555,86ec0d3b83330c9446c948d636387edf,1,4,20,0,e2cd8e6b098df403c08efa9a0e95d8a4,fe58286f298800543de0cd21ad09e5eb,flagship,4h,futures,aster,ADA,2025-01-07T12:00:00+00:00,sell,1.0495799389195413,17926.036597040038,18814.808396590746,7.525923358636299,stop,142908.06577674972,,2025-01-07T08:00:00+00:00,1.1321,1.0516833055306025,-7.103320772846711
d85ad7e2888f47b79e6eead8595df555,521aec0492a4a3fcad91a8ad8c034711,1,4,20,0,297c94c30949f5073be446a1dee20449,fe58286f298800543de0cd21ad09e5eb,flagship,4h,spot,aster,ADA,2025-01-07T12:00:00+00:00,sell,1.0495799389195413,17953.82054931191,18843.9698755192,7.537587950207681,stop,143129.5620822667,143129.5620822667,2025-01-07T08:00:00+00:00,1.1321,1.0516833055306025,-7.103320772846711
d85ad7e2888f47b79e6eead8595df555,521aec0492a4a3fcad91a8ad8c034711,1,4,20,0,cceb8c0117339185ff1015dcfc1a8ed2,fe58286f298800543de0cd21ad09e5eb,flagship,4h,spot,aster,ADA,2025-01-07T12:00:00+00:00,buy,1.1343642,17953.82054931191,20366.171284363765,8.146468513745507,entry,124293.12979469771,143150.02751764,2025-01-07T08:00:00+00:00,1.1321,1.0516833055306025,-7.103320772846711
d85ad7e2888f47b79e6eead8595df555,86ec0d3b83330c9446c948d636387edf,1,4,20,0,99cd2706eae9c3c1e6868316c7f7dd05,746a7d73ce49f0a8f8a4f1a3b334c875,flagship,4h,futures,aster,XRP,2025-01-15T04:00:00+00:00,buy,2.8391669999999998,5793.092077224159,16447.555853616283,6.579022341446513,entry,126453.93090079198,,2025-01-15T00:00:00+00:00,2.8335,2.8335,0
d85ad7e2888f47b79e6eead8595df555,521aec0492a4a3fcad91a8ad8c034711,1,4,20,0,c5e9dfad6ac6c638c376d8b5de655779,746a7d73ce49f0a8f8a4f1a3b334c875,flagship,4h,spot,aster,XRP,2025-01-15T04:00:00+00:00,buy,2.8391669999999998,5802.0709160717115,16473.04827657057,6.589219310628229,entry,126649.9245863855,143240.36616380097,2025-01-15T00:00:00+00:00,2.8335,2.8335,0
d85ad7e2888f47b79e6eead8595df555,86ec0d3b83330c9446c948d636387edf,1,4,20,0,f9e33505fb7df403e51d4a786905d4e5,28bc1e93cd24d3ead80332c0cfee8530,flagship,4h,futures,aster,BTC,2025-01-17T20:00:00+00:00,buy,106011.58998,0.2745199198213861,29102.29318144726,11.640917272578905,entry,97339.99680207214,,2025-01-17T16:00:00+00:00,105799.99,101439.31814214101,-4.1216184026661935
d85ad7e2888f47b79e6eead8595df555,521aec0492a4a3fcad91a8ad8c034711,1,4,20,0,c03b9e208e1f0fc39b893262e0b1cadc,28bc1e93cd24d3ead80332c0cfee8530,flagship,4h,spot,aster,BTC,2025-01-17T20:00:00+00:00,buy,106011.58998,0.2749454041892611,29147.399455797324,11.65895978231893,entry,97490.86617080586,145213.87388601416,2025-01-17T16:00:00+00:00,105799.99,101439.31814214101,-4.1216184026661935
d85ad7e2888f47b79e6eead8595df555,86ec0d3b83330c9446c948d636387edf,1,4,20,0,f45ef51fd665980fd77a57198ff950be,28bc1e93cd24d3ead80332c0cfee8530,flagship,4h,futures,aster,BTC,2025-01-19T20:00:00+00:00,sell,101236.43950585673,0.2745199198213861,27791.4192561504,11.11656770246016,stop,125120.29949052008,,2025-01-17T16:00:00+00:00,105799.99,101439.31814214101,-4.1216184026661935
d85ad7e2888f47b79e6eead8595df555,521aec0492a4a3fcad91a8ad8c034711,1,4,20,0,36cc13cbb43994d2b70d284dd5df653c,28bc1e93cd24d3ead80332c0cfee8530,flagship,4h,spot,aster,BTC,2025-01-19T20:00:00+00:00,sell,101236.43950585673,0.2749454041892611,27834.49377861946,11.133797511447785,stop,125314.22615191387,142530.13097408187,2025-01-17T16:00:00+00:00,105799.99,101439.31814214101,-4.1216184026661935
d85ad7e2888f47b79e6eead8595df555,86ec0d3b83330c9446c948d636387edf,1,4,20,0,9e4e956f5e9be810bb1a48ad5bdfc895,746a7d73ce49f0a8f8a4f1a3b334c875,flagship,4h,futures,aster,XRP,2025-01-27T04:00:00+00:00,sell,2.827833,5793.092077224159,16381.896948013025,6.55275877920521,be_stop,141495.6436797539,,2025-01-15T00:00:00+00:00,2.8335,2.8335,0
d85ad7e2888f47b79e6eead8595df555,521aec0492a4a3fcad91a8ad8c034711,1,4,20,0,c3743acedfbb56a1902167609f3bda40,746a7d73ce49f0a8f8a4f1a3b334c875,flagship,4h,spot,aster,XRP,2025-01-27T04:00:00+00:00,sell,2.827833,5802.0709160717115,16407.287604807818,6.5629150419231275,be_stop,141714.95084167976,141714.95084167976,2025-01-15T00:00:00+00:00,2.8335,2.8335,0
d85ad7e2888f47b79e6eead8595df555,86ec0d3b83330c9446c948d636387edf,1,4,20,0,e9d116280e5aae16e735e05791df1739,3428472c0ac16f7c51325a0f6a9ecaba,flagship,4h,futures,aster,SOL,2025-04-22T16:00:00+00:00,buy,145.60062,164.31745286166606,23924.72301347935,9.56988920539174,entry,117561.35077706916,,2025-04-22T12:00:00+00:00,145.31,145.31,0
d85ad7e2888f47b79e6eead8595df555,521aec0492a4a3fcad91a8ad8c034711,1,4,20,0,b3c92367cdff0cc4113e329f94c8352c,3428472c0ac16f7c51325a0f6a9ecaba,flagship,4h,spot,aster,SOL,2025-04-22T16:00:00+00:00,buy,145.60062,164.57213203980058,23961.804459716826,9.584721783886732,entry,117743.56166017905,141501.19464144466,2025-04-22T12:00:00+00:00,145.31,145.31,0
d85ad7e2888f47b79e6eead8595df555,86ec0d3b83330c9446c948d636387edf,1,4,20,0,9eb52c9ec8607ebc415723de10b7ab84,c23a97abe8ad6112259449c60bd63dfa,flagship,4h,futures,aster,ADA,2025-05-08T04:00:00+00:00,buy,0.7030032,28784.255855812182,20235.423976254704,8.094169590501881,entry,97317.83263122395,,2025-05-08T00:00:00+00:00,0.7016,0.7277,3.720068415051303
d85ad7e2888f47b79e6eead8595df555,521aec0492a4a3fcad91a8ad8c034711,1,4,20,0,c11800b6eaca18dd3fb2e9586ca63d1b,c23a97abe8ad6112259449c60bd63dfa,flagship,4h,spot,aster,ADA,2025-05-08T04:00:00+00:00,buy,0.7030032,28828.86919722482,20266.787298030482,8.106714919212193,entry,97468.66764722936,142865.6767350253,2025-05-08T00:00:00+00:00,0.7016,0.7277,3.720068415051303
d85ad7e2888f47b79e6eead8595df555,86ec0d3b83330c9446c948d636387edf,1,4,20,0,f4f0404f611a9118499ccf1d312fdf05,06b10efae9ea6f80d93b26d1fa4de567,flagship,4h,futures,aster,BNB,2025-05-08T16:00:00+00:00,buy,622.87326,46.54502528415107,28991.651635521604,11.596660654208643,entry,68314.58433504813,,2025-05-08T12:00:00+00:00,621.63,621.63,0
d85ad7e2888f47b79e6eead8595df555,521aec0492a4a3fcad91a8ad8c034711,1,4,20,0,ca24834ca186cc62be7f17e462b92fcc,06b10efae9ea6f80d93b26d1fa4de567,flagship,4h,spot,aster,BNB,2025-05-08T16:00:00+00:00,buy,622.87326,46.61716642667231,29036.586424143934,11.614634569657575,entry,68420.46658851577,144920.8313304762,2025-05-08T12:00:00+00:00,621.63,621.63,0
d85ad7e2888f47b79e6eead8595df555,86ec0d3b83330c9446c948d636387edf,1,4,20,0,3a2b08be3e6dc772f4bb539d365cc649,3428472c0ac16f7c51325a0f6a9ecaba,flagship,4h,futures,aster,SOL,2025-05-10T16:00:00+00:00,sell,145.01938,164.31745286166606,23829.21513717804,9.531686054871216,be_stop,92134.2677861713,,2025-04-22T12:00:00+00:00,145.31,145.31,0
d85ad7e2888f47b79e6eead8595df555,521aec0492a4a3fcad91a8ad8c034711,1,4,20,0,a5580845034c49c1d313642e2853f26b,3428472c0ac16f7c51325a0f6a9ecaba,flagship,4h,spot,aster,SOL,2025-05-10T16:00:00+00:00,sell,145.01938,164.57213203980058,23866.148553690018,9.546459421476008,be_stop,92277.06868278432,146102.32719240763,2025-04-22T12:00:00+00:00,145.31,145.31,0
d85ad7e2888f47b79e6eead8595df555,86ec0d3b83330c9446c948d636387edf,1,4,20,0,f115eea1d876b539ff040d0681a8ffb5,7867c76c67a7660f8d572d4400141492,flagship,4h,futures,aster,SOL,2025-05-13T20:00:00+00:00,buy,181.71269999999998,87.77126590259424,15949.153709578335,6.379661483831335,entry,76178.73441510914,,2025-05-13T16:00:00+00:00,181.35,164.64177099728107,-9.21325007042676
d85ad7e2888f47b79e6eead8595df555,521aec0492a4a3fcad91a8ad8c034711,1,4,20,0,b5a5ac173772dec9f06d7255a81cc2b7,7867c76c67a7660f8d572d4400141492,flagship,4h,spot,aster,SOL,2025-05-13T20:00:00+00:00,buy,181.71269999999998,87.9073044881164,15973.873648257746,6.389549459303098,entry,76296.80548506726,147333.44764023452,2025-05-13T16:00:00+00:00,181.35,164.64177099728107,-9.21325007042676
d85ad7e2888f47b79e6eead8595df555,86ec0d3b83330c9446c948d636387edf,1,4,20,0,ba16289024d0c1131c35f1b4f40ba34e,7867c76c67a7660f8d572d4400141492,flagship,4h,futures,aster,SOL,2025-05-17T00:00:00+00:00,sell,164.31248745528652,87.77126590259424,14421.915027554633,5.768766011021853,stop,90594.88067665274,,2025-05-13T16:00:00+00:00,181.35,164.64177099728107,-9.21325007042676
d85ad7e2888f47b79e6eead8595df555,521aec0492a4a3fcad91a8ad8c034711,1,4,20,0,14e629a39d1a29ac28916ba876a4479c,7867c76c67a7660f8d572d4400141492,flagship,4h,spot,aster,SOL,2025-05-17T00:00:00+00:00,sell,164.31248745528652,87.9073044881164,14444.267865931677,5.777707146372671,stop,90735.29564385257,142474.9485868386,2025-05-13T16:00:00+00:00,181.35,164.64177099728107,-9.21325007042676
d85ad7e2888f47b79e6eead8595df555,86ec0d3b83330c9446c948d636387edf,1,4,20,0,26ce6cff019dd4a7fc5c00abeecd0b6b,c23a97abe8ad6112259449c60bd63dfa,flagship,4h,futures,aster,ADA,2025-05-19T00:00:00+00:00,sell,0.7262446,28784.255855812182,20904.410380301975,8.36176415212079,trend_break,111490.9292928026,,2025-05-08T00:00:00+00:00,0.7016,0.7277,3.720068415051303
d85ad7e2888f47b79e6eead8595df555,521aec0492a4a3fcad91a8ad8c034711,1,4,20,0,613525a54a4f1a8bd827c98eaa849352,c23a97abe8ad6112259449c60bd63dfa,flagship,4h,spot,aster,ADA,2025-05-19T00:00:00+00:00,sell,0.7262446,28828.86919722482,20936.81057859086,8.374724231436344,trend_break,111663.731498212,141453.03318818414,2025-05-08T00:00:00+00:00,0.7016,0.7277,3.720068415051303
d85ad7e2888f47b79e6eead8595df555,86ec0d3b83330c9446c948d636387edf,1,4,20,0,0afde9a87eaa6d951025e7b2122b7d46,06b10efae9ea6f80d93b26d1fa4de567,flagship,4h,futures,aster,BNB,2025-06-05T16:00:00+00:00,sell,620.38674,46.54502528415107,28875.91649925206,11.550366599700824,be_stop,140355.29542545497,,2025-05-08T12:00:00+00:00,621.63,621.63,0
d85ad7e2888f47b79e6eead8595df555,521aec0492a4a3fcad91a8ad8c034711,1,4,20,0,c3ad274aefd2a92ce20679fc350c02a1,06b10efae9ea6f80d93b26d1fa4de567,flagship,4h,spot,aster,BNB,2025-06-05T16:00:00+00:00,sell,620.38674,46.61716642667231,28920.671907480686,11.568268762992275,be_stop,140572.8351369297,140572.8351369297,2025-05-08T12:00:00+00:00,621.63,621.63,0
d85ad7e2888f47b79e6eead8595df555,86ec0d3b83330c9446c948d636387edf,1,4,20,0,4022900c1bb7958e5e5cec44f9345909,a1ca7c35bce27a6ad62b6aae6252dc86,flagship,4h,futures,aster,BNB,2025-06-10T00:00:00+00:00,buy,667.85304,37.224598785789084,24860.561461869547,9.94422458474782,entry,115484.78973900067,,2025-06-09T20:00:00+00:00,666.52,648.66,-2.6795895096921374
d85ad7e2888f47b79e6eead8595df555,521aec0492a4a3fcad91a8ad8c034711,1,4,20,0,66973baaac189d8550522a7a4ddd0b97,a1ca7c35bce27a6ad62b6aae6252dc86,flagship,4h,spot,aster,BNB,2025-06-10T00:00:00+00:00,buy,667.85304,37.28229399746654,24899.09338438178,9.959637353752713,entry,115663.78211519416,140338.32275153743,2025-06-09T20:00:00+00:00,666.52,648.66,-2.6795895096921374
d85ad7e2888f47b79e6eead8595df555,86ec0d3b83330c9446c948d636387edf,1,4,20,0,7c05f89af715bc93146926f86162e0db,a1ca7c35bce27a6ad62b6aae6252dc86,flagship,4h,futures,aster,BNB,2025-06-13T00:00:00+00:00,sell,647.36268,37.224598785789084,24097.816031893166,9.639126412757268,trend_break,139572.9666444811,,2025-06-09T20:00:00+00:00,666.52,648.66,-2.6795895096921374
d85ad7e2888f47b79e6eead8595df555,521aec0492a4a3fcad91a8ad8c034711,1,4,20,0,a2cee3f90212717a7f3dde72e756a784,a1ca7c35bce27a6ad62b6aae6252dc86,flagship,4h,spot,aster,BNB,2025-06-13T00:00:00+00:00,sell,647.36268,37.28229399746654,24135.16575874785,9.65406630349914,trend_break,139789.29380763852,139789.29380763852,2025-06-09T20:00:00+00:00,666.52,648.66,-2.6795895096921374
d85ad7e2888f47b79e6eead8595df555,86ec0d3b83330c9446c948d636387edf,1,4,20,0,a928b9ca0bbce4d6ddc493001c9c2cb5,dd2b47464d434f17688c49b782d4e276,flagship,4h,futures,aster,BTC,2025-06-16T20:00:00+00:00,buy,108992.50992000001,0.2561147857718425,27914.59332889622,11.165837331558489,entry,111647.20747825332,,2025-06-16T16:00:00+00:00,108774.96,105793.20081021282,-2.7412183739595863
d85ad7e2888f47b79e6eead8595df555,521aec0492a4a3fcad91a8ad8c034711,1,4,20,0,dfa19dd816452aeef69fe3536548ade6,dd2b47464d434f17688c49b782d4e276,flagship,4h,spot,aster,BTC,2025-06-16T20:00:00+00:00,buy,108992.50992000001,0.25651174362393014,27957.858761527707,11.183143504611083,entry,111820.2519026062,139222.37286185872,2025-06-16T16:00:00+00:00,108774.96,105793.20081021282,-2.7412183739595863
d85ad7e2888f47b79e6eead8595df555,86ec0d3b83330c9446c948d636387edf,1,4,20,0,ad06c37549b2cfbf70611a8794a42e80,dd2b47464d434f17688c49b782d4e276,flagship,4h,futures,aster,BTC,2025-06-17T08:00:00+00:00,sell,105581.61440859239,0.2561147857718425,27041.012555701916,10.816405022280767,stop,138677.40362893295,,2025-06-16T16:00:00+00:00,108774.96,105793.20081021282,-2.7412183739595863
d85ad7e2888f47b79e6eead8595df555,521aec0492a4a3fcad91a8ad8c034711,1,4,20,0,dc83ce50100e632c018d00ced66e5b7a,dd2b47464d434f17688c49b782d4e276,flagship,4h,spot,aster,BTC,2025-06-17T08:00:00+00:00,sell,105581.61440859239,0.25651174362393014,27082.9240065775,10.833169602631001,stop,138892.34273958107,138892.34273958107,2025-06-16T16:00:00+00:00,108774.96,105793.20081021282,-2.7412183739595863
d85ad7e2888f47b79e6eead8595df555,86ec0d3b83330c9446c948d636387edf,1,4,20,0,79662a458cdee379893f0f1fe0737e22,c14dc4d6dff67591bfa27f373ba8511d,flagship,4h,futures,aster,BNB,2025-07-09T20:00:00+00:00,buy,670.7388,41.350643090554165,27735.48072578659,11.094192290314636,entry,110930.82871085605,,2025-07-09T16:00:00+00:00,669.4,1065.48,59.169405437705414
d85ad7e2888f47b79e6eead8595df555,86ec0d3b83330c9446c948d636387edf,1,4,20,0,1bea1dd39f144e59ee8060bc25931cb8,1c1f0357b203c81442bd983ce959615e,flagship,4h,futures,aster,BTC,2025-07-09T20:00:00+00:00,buy,112124.66172,0.24736289323260746,27735.48072578659,11.094192290314636,entry,83184.25379277914,,2025-07-09T16:00:00+00:00,111900.86,113370.14,1.3130193994934425
d85ad7e2888f47b79e6eead8595df555,86ec0d3b83330c9446c948d636387edf,1,4,20,0,9cdf5336191e725f0e10ef8c390b6563,e384285273cb0ff462a9b6a1fd5c29bb,flagship,4h,futures,aster,ETH,2025-07-09T20:00:00+00:00,buy,2772.4037399999997,10.004127582725953,27735.48072578659,11.094192290314636,entry,55437.67887470224,,2025-07-09T16:00:00+00:00,2766.87,4309.09,55.738795100601045
d85ad7e2888f47b79e6eead8595df555,521aec0492a4a3fcad91a8ad8c034711,1,4,20,0,239040d8595f599bce39e65e244d0b9f,c14dc4d6dff67591bfa27f373ba8511d,flagship,4h,spot,aster,BNB,2025-07-09T20:00:00+00:00,buy,670.7388,41.414733347640265,27778.468547916214,11.111387419166487,entry,111102.76280424569,138773.60274313806,2025-07-09T16:00:00+00:00,669.4,1065.48,59.169405437705414
d85ad7e2888f47b79e6eead8595df555,521aec0492a4a3fcad91a8ad8c034711,1,4,20,0,0a4434eb18ed0ab66e8040499ae90499,1c1f0357b203c81442bd983ce959615e,flagship,4h,spot,aster,BTC,2025-07-09T20:00:00+00:00,buy,112124.66172,0.24753448637318765,27754.720548627614,11.101888219451046,entry,83336.94036739862,138601.7267802599,2025-07-09T16:00:00+00:00,111900.86,113370.14,1.3130193994934425
d85ad7e2888f47b79e6eead8595df555,521aec0492a4a3fcad91a8ad8c034711,1,4,20,0,2c00d1ef33a3130a7e5a273bc8a836b9,e384285273cb0ff462a9b6a1fd5c29bb,flagship,4h,spot,aster,ETH,2025-07-09T20:00:00+00:00,buy,2772.4037399999997,9.998668287776868,27720.34535605198,11.088138142420792,entry,55605.50687320422,138529.70935722554,2025-07-09T16:00:00+00:00,2766.87,4309.09,55.738795100601045
d85ad7e2888f47b79e6eead8595df555,86ec0d3b83330c9446c948d636387edf,1,4,20,0,2d2cbecd7dffbcd732294a363abd97f7,1c1f0357b203c81442bd983ce959615e,flagship,4h,futures,aster,BTC,2025-08-01T16:00:00+00:00,sell,113143.39972,0.24736289323260746,27987.478704912588,11.194991481965035,trend_break,83413.96258813285,,2025-07-09T16:00:00+00:00,111900.86,113370.14,1.3130193994934425
d85ad7e2888f47b79e6eead8595df555,521aec0492a4a3fcad91a8ad8c034711,1,4,20,0,e9b75b525ef769e3067210b41c5f7833,1c1f0357b203c81442bd983ce959615e,flagship,4h,spot,aster,BTC,2025-08-01T16:00:00+00:00,sell,113143.39972,0.24753448637318765,28006.893336206464,11.202757334482586,trend_break,83601.1974520762,150197.674783248,2025-07-09T16:00:00+00:00,111900.86,113370.14,1.3130193994934425
d85ad7e2888f47b79e6eead8595df555,86ec0d3b83330c9446c948d636387edf,1,4,20,0,3ba4fa626781850caf9b91a1cbc0da94,550ec61e3b099d55fcbc9cb3e138f0c3,flagship,4h,futures,aster,BTC,2025-08-11T04:00:00+00:00,buy,121876.10568,0.26213203088232345,31947.631097927075,12.779052439170831,entry,51453.55243776661,,2025-08-11T00:00:00+00:00,121632.84,118305.17318721613,-2.73582924873238
d85ad7e2888f47b79e6eead8595df555,521aec0492a4a3fcad91a8ad8c034711,1,4,20,0,9711c1c489d814ab3fe7c38b02d9c3a7,550ec61e3b099d55fcbc9cb3e138f0c3,flagship,4h,spot,aster,BTC,2025-08-11T04:00:00+00:00,buy,121876.10568,0.2624865685151218,31990.840763929544,12.796336305571819,entry,51597.560351841086,159856.26059932352,2025-08-11T00:00:00+00:00,121632.84,118305.17318721613,-2.73582924873238
d85ad7e2888f47b79e6eead8595df555,86ec0d3b83330c9446c948d636387edf,1,4,20,0,04524c8c7e641154b8173bc023b65fe9,550ec61e3b099d55fcbc9cb3e138f0c3,flagship,4h,futures,aster,BTC,2025-08-11T20:00:00+00:00,sell,118068.5628408417,0.26213203088232345,30949.55216082706,12.379820864330824,stop,82390.72477772934,,2025-08-11T00:00:00+00:00,121632.84,118305.17318721613,-2.73582924873238
d85ad7e2888f47b79e6eead8595df555,521aec0492a4a3fcad91a8ad8c034711,1,4,20,0,34b7819f5bffec17ec57faf15dee3c1b,550ec61e3b099d55fcbc9cb3e138f0c3,flagship,4h,spot,aster,BTC,2025-08-11T20:00:00+00:00,sell,118068.5628408417,0.2624865685151218,30991.411909604558,12.396564763841823,stop,82576.5756966818,158369.3200427575,2025-08-11T00:00:00+00:00,121632.84,118305.17318721613,-2.73582924873238
d85ad7e2888f47b79e6eead8595df555,86ec0d3b83330c9446c948d636387edf,1,4,20,0,2243489a8fe57d4eabad75816622dc2a,a21ec624874beaf5cab407dc9dcda910,flagship,4h,futures,aster,SOL,2025-08-12T20:00:00+00:00,buy,191.1816,128.10506935096146,24491.332126627774,9.79653285065111,entry,57889.59611825091,,2025-08-12T16:00:00+00:00,190.8,178.11365977183772,-6.6490252768146245
d85ad7e2888f47b79e6eead8595df555,521aec0492a4a3fcad91a8ad8c034711,1,4,20,0,24578e792d5a78d3ee91dc44af34ce69,a21ec624874beaf5cab407dc9dcda910,flagship,4h,spot,aster,SOL,2025-08-12T20:00:00+00:00,buy,191.1816,128.27361828776432,24523.555582044042,9.809422232817617,entry,58043.210692404944,163146.49696843844,2025-08-12T16:00:00+00:00,190.8,178.11365977183772,-6.6490252768146245
d85ad7e2888f47b79e6eead8595df555,86ec0d3b83330c9446c948d636387edf,1,4,20,0,6f9261664369a181049baaa71538f2fb,a21ec624874beaf5cab407dc9dcda910,flagship,4h,futures,aster,SOL,2025-08-19T04:00:00+00:00,sell,177.75743245229404,128.10506935096146,22771.628211949974,9.10865128477999,stop,80652.1156789161,,2025-08-12T16:00:00+00:00,190.8,178.11365977183772,-6.6490252768146245
d85ad7e2888f47b79e6eead8595df555,521aec0492a4a3fcad91a8ad8c034711,1,4,20,0,a49e6895900626d60338fa17b4fc27c2,a21ec624874beaf5cab407dc9dcda910,flagship,4h,spot,aster,SOL,2025-08-19T04:00:00+00:00,sell,177.75743245229404,128.27361828776432,22801.589038198617,9.120635615279447,stop,80835.67909498829,157867.55320642053,2025-08-12T16:00:00+00:00,190.8,178.11365977183772,-6.6490252768146245
d85ad7e2888f47b79e6eead8595df555,86ec0d3b83330c9446c948d636387edf,1,4,20,0,d272fb163b2a6e224c7f933b03e7b58e,509d4235f6a79d575971b7010404bb6f,flagship,4h,futures,aster,BTC,2025-08-22T16:00:00+00:00,buy,116766.53694,0.2847299119926759,33246.92578661574,13.298770314646298,entry,47391.89112198572,,2025-08-22T12:00:00+00:00,116533.47,115804.56,-0.625494117698544
d85ad7e2888f47b79e6eead8595df555,86ec0d3b83330c9446c948d636387edf,1,4,20,0,77f58ee8acd22a4798e6f777385cc77e,c14644b94e7aedf9be1ed2488bd7bb6e,flagship,4h,futures,aster,SOL,2025-08-22T16:00:00+00:00,buy,194.388,110.87371553607811,21552.51981562715,8.621007926250861,entry,25830.75029843232,,2025-08-22T12:00:00+00:00,194,217.04,11.876288659793822
d85ad7e2888f47b79e6eead8595df555,521aec0492a4a3fcad91a8ad8c034711,1,4,20,0,b6ad0c62a0f1fe8c47348c42a43a28de,509d4235f6a79d575971b7010404bb6f,flagship,4h,spot,aster,BTC,2025-08-22T16:00:00+00:00,buy,116766.53694,0.285097231025464,33289.81635802656,13.315926543210624,entry,47532.54681041851,166396.85096395214,2025-08-22T12:00:00+00:00,116533.47,115804.56,-0.625494117698544
d85ad7e2888f47b79e6eead8595df555,521aec0492a4a3fcad91a8ad8c034711,1,4,20,0,237bc631822b7510dc2fb263e5fd5b33,c14644b94e7aedf9be1ed2488bd7bb6e,flagship,4h,spot,aster,SOL,2025-08-22T16:00:00+00:00,buy,194.388,110.98191296413617,21573.552097272503,8.629420838909,entry,25950.365292307102,166859.0068179071,2025-08-22T12:00:00+00:00,194,217.04,11.876288659793822
d85ad7e2888f47b79e6eead8595df555,86ec0d3b83330c9446c948d636387edf,1,4,20,0,91505f0936e23ae840cff16d109cc61e,509d4235f6a79d575971b7010404bb6f,flagship,4h,futures,aster,BTC,2025-08-23T00:00:00+00:00,sell,115572.95088,0.2847299119926759,32907.076132796254,13.162830453118502,trend_break,58724.66360077546,,2025-08-22T12:00:00+00:00,116533.47,115804.56,-0.625494117698544
d85ad7e2888f47b79e6eead8595df555,521aec0492a4a3fcad91a8ad8c034711,1,4,20,0,d2821dfd12b2f846a188d35e380a2127,509d4235f6a79d575971b7010404bb6f,flagship,4h,spot,aster,BTC,2025-08-23T00:00:00+00:00,sell,115572.95088,0.285097231025464,32949.52827732997,13.179811310931989,trend_break,58886.713758326136,164458.84337582346,2025-08-22T12:00:00+00:00,116533.47,115804.56,-0.625494117698544
d85ad7e2888f47b79e6eead8595df555,86ec0d3b83330c9446c948d636387edf,1,4,20,0,0af0be69c492a67fd4e8c9dd1bc67d51,a22eb39aef03de001fe698b8f3a82e58,flagship,4h,futures,aster,XRP,2025-09-18T00:00:00+00:00,buy,3.09117,11211.11340041006,34655.457409945564,13.862182963978226,entry,24055.34400786591,,2025-09-17T20:00:00+00:00,3.085,2.9771,-3.4975688816855754
d85ad7e2888f47b79e6eead8595df555,521aec0492a4a3fcad91a8ad8c034711,1,4,20,0,ba44eeca587c7a8a6893127b38036818,a22eb39aef03de001fe698b8f3a82e58,flagship,4h,spot,aster,XRP,2025-09-18T00:00:00+00:00,buy,3.09117,11225.819456846819,34700.91633042118,13.880366532168473,entry,24171.917061372784,173663.91567979287,2025-09-17T20:00:00+00:00,3.085,2.9771,-3.4975688816855754
d85ad7e2888f47b79e6eead8595df555,86ec0d3b83330c9446c948d636387edf,1,4,20,0,7d6b19b5997cd8c4e3bca18e88d6e250,a22eb39aef03de001fe698b8f3a82e58,flagship,4h,futures,aster,XRP,2025-09-20T16:00:00+00:00,sell,2.9711458,11211.11340041006,33309.85249295207,13.323940997180829,trend_break,57351.872559820804,,2025-09-17T20:00:00+00:00,3.085,2.9771,-3.4975688816855754
d85ad7e2888f47b79e6eead8595df555,521aec0492a4a3fcad91a8ad8c034711,1,4,20,0,e91382bef867cf895fcad13fde7a4321,a22eb39aef03de001fe698b8f3a82e58,flagship,4h,spot,aster,XRP,2025-09-20T16:00:00+00:00,sell,2.9711458,11225.819456846819,33353.54633076871,13.341418532307484,trend_break,57512.12197360919,171074.93977873388,2025-09-17T20:00:00+00:00,3.085,2.9771,-3.4975688816855754
d85ad7e2888f47b79e6eead8595df555,86ec0d3b83330c9446c948d636387edf,1,4,20,0,d2d9ce17eafdba83d593126eea772f94,e384285273cb0ff462a9b6a1fd5c29bb,flagship,4h,futures,aster,ETH,2025-09-22T00:00:00+00:00,sell,4300.47182,10.004127582725953,43022.46875319768,17.208987501279072,trend_break,100357.1323255172,,2025-07-09T16:00:00+00:00,2766.87,4309.09,55.738795100601045
d85ad7e2888f47b79e6eead8595df555,521aec0492a4a3fcad91a8ad8c034711,1,4,20,0,c5e2414e4f32f73d926b73d9a2109536,e384285273cb0ff462a9b6a1fd5c29bb,flagship,4h,spot,aster,ETH,2025-09-22T00:00:00+00:00,sell,4300.47182,9.998668287776868,42998.991209112064,17.199596483644825,trend_break,100493.91358623761,168935.863412612,2025-07-09T16:00:00+00:00,2766.87,4309.09,55.738795100601045
d85ad7e2888f47b79e6eead8595df555,86ec0d3b83330c9446c948d636387edf,1,4,20,0,1cf36a826b2d88105d5dbd4e3f9c4151,c14644b94e7aedf9be1ed2488bd7bb6e,flagship,4h,futures,aster,SOL,2025-09-22T16:00:00+00:00,sell,216.60592,110.87371553607811,24015.903157510493,9.606361263004198,trend_break,124363.4291217647,,2025-08-22T12:00:00+00:00,194,217.04,11.876288659793822
d85ad7e2888f47b79e6eead8595df555,521aec0492a4a3fcad91a8ad8c034711,1,4,20,0,1a4eb5b651b2d1ebbf95ff7af1626cfc,c14644b94e7aedf9be1ed2488bd7bb6e,flagship,4h,spot,aster,SOL,2025-09-22T16:00:00+00:00,sell,216.60592,110.98191296413617,24039.33936095664,9.615735744382658,trend_break,124523.63721144987,165164.32919282274,2025-08-22T12:00:00+00:00,194,217.04,11.876288659793822
d85ad7e2888f47b79e6eead8595df555,86ec0d3b83330c9446c948d636387edf,1,4,20,0,925fc7d80a4947b220ced17130669c99,d0d77e541e55c528bc055b2b1633433c,flagship,4h,futures,aster,XRP,2025-10-02T20:00:00+00:00,buy,3.0939756000000003,10947.617323671808,33871.66087757788,13.548664351031153,entry,90478.21957983579,,2025-10-02T16:00:00+00:00,3.0878,2.949923588595942,-4.46519889254674
d85ad7e2888f47b79e6eead8595df555,521aec0492a4a3fcad91a8ad8c034711,1,4,20,0,17aee0c8b29bba1920ec9d86219827d2,d0d77e541e55c528bc055b2b1633433c,flagship,4h,spot,aster,XRP,2025-10-02T20:00:00+00:00,buy,3.0939756000000003,10962.481475873154,33917.65020180353,13.567060080721413,entry,90592.4199495656,168945.70499676984,2025-10-02T16:00:00+00:00,3.0878,2.949923588595942,-4.46519889254674
d85ad7e2888f47b79e6eead8595df555,86ec0d3b83330c9446c948d636387edf,1,4,20,0,1619e58dc135febdf504caffcc67fab0,d0d77e541e55c528bc055b2b1633433c,flagship,4h,futures,aster,XRP,2025-10-04T12:00:00+00:00,sell,2.94402374141875,10947.617323671808,32230.045312856997,12.8920181251428,stop,122695.37287456763,,2025-10-02T16:00:00+00:00,3.0878,2.949923588595942,-4.46519889254674
d85ad7e2888f47b79e6eead8595df555,521aec0492a4a3fcad91a8ad8c034711,1,4,20,0,78fce18c01ba3090f2c98dfa4318f756,d0d77e541e55c528bc055b2b1633433c,flagship,4h,spot,aster,XRP,2025-10-04T12:00:00+00:00,sell,2.94402374141875,10962.481475873154,32273.80572983382,12.909522291933529,stop,122853.31615710749,170132.7898941071,2025-10-02T16:00:00+00:00,3.0878,2.949923588595942,-4.46519889254674
d85ad7e2888f47b79e6eead8595df555,86ec0d3b83330c9446c948d636387edf,1,4,20,0,870c89543ae6080b9190f30a36627597,1c8dca92e4090c178bdbf07dd4c51851,flagship,4h,futures,aster,ETH,2025-10-06T16:00:00+00:00,buy,4687.2357600000005,7.3904162174050745,34640.623175505,13.856249270202001,entry,88040.89344979243,,2025-10-06T12:00:00+00:00,4677.88,4484.716105000544,-4.129304193340911
d85ad7e2888f47b79e6eead8595df555,521aec0492a4a3fcad91a8ad8c034711,1,4,20,0,823900fbd57ba4811e10cb47fa43d9b6,1c8dca92e4090c178bdbf07dd4c51851,flagship,4h,spot,aster,ETH,2025-10-06T16:00:00+00:00,buy,4687.2357600000005,7.400495775556325,34687.86844091654,13.875147376366618,entry,88151.57256881458,173547.0885809008,2025-10-06T12:00:00+00:00,4677.88,4484.716105000544,-4.129304193340911
d85ad7e2888f47b79e6eead8595df555,86ec0d3b83330c9446c948d636387edf,1,4,20,0,82e476d4b20b9f5c8049d0511231d9b9,1c8dca92e4090c178bdbf07dd4c51851,flagship,4h,futures,aster,ETH,2025-10-07T12:00:00+00:00,sell,4475.746672790543,7.3904162174050745,33077.63079558803,13.231052318235214,stop,121105.29319306223,,2025-10-06T12:00:00+00:00,4677.88,4484.716105000544,-4.129304193340911
d85ad7e2888f47b79e6eead8595df555,521aec0492a4a3fcad91a8ad8c034711,1,4,20,0,bbf73f7bb53de26a75beedf91ba13c43,1c8dca92e4090c178bdbf07dd4c51851,flagship,4h,spot,aster,ETH,2025-10-07T12:00:00+00:00,sell,4475.746672790543,7.400495775556325,33122.74434444669,13.249097737778678,stop,121261.06781552348,174360.96817720044,2025-10-06T12:00:00+00:00,4677.88,4484.716105000544,-4.129304193340911
d85ad7e2888f47b79e6eead8595df555,86ec0d3b83330c9446c948d636387edf,1,4,20,0,334f60f44e08b8f797f2fef74b76af28,c14dc4d6dff67591bfa27f373ba8511d,flagship,4h,futures,aster,BNB,2025-10-17T04:00:00+00:00,sell,1063.34904,41.350643090554165,43970.166633723406,17.588066653489363,trend_break,165057.87176013214,,2025-07-09T16:00:00+00:00,669.4,1065.48,59.169405437705414
d85ad7e2888f47b79e6eead8595df555,521aec0492a4a3fcad91a8ad8c034711,1,4,20,0,141348d62ebb31bedd9f0400fd0494ae,c14dc4d6dff67591bfa27f373ba8511d,flagship,4h,spot,aster,BNB,2025-10-17T04:00:00+00:00,sell,1063.34904,41.414733347640265,44038.31694706927,17.615326778827708,trend_break,165281.7694358139,165281.7694358139,2025-07-09T16:00:00+00:00,669.4,1065.48,59.169405437705414
d85ad7e2888f47b79e6eead8595df555,86ec0d3b83330c9446c948d636387edf,1,4,20,0,5cd2ab6d969750f993c546bb474b9fd0,e020d29958b5b1c0fbdff7d2bc5ae440,flagship,4h,futures,aster,SOL,2026-01-02T20:00:00+00:00,buy,131.82312,224.64925623195765,29613.965862176097,11.845586344870439,entry,135432.06031161116,,2026-01-02T16:00:00+00:00,131.56,130.08,-1.1249619945272071
d85ad7e2888f47b79e6eead8595df555,521aec0492a4a3fcad91a8ad8c034711,1,4,20,0,a9c3c8f0bb6c90e18f73719e979304b4,e020d29958b5b1c0fbdff7d2bc5ae440,flagship,4h,spot,aster,SOL,2026-01-02T20:00:00+00:00,buy,131.82312,224.95398841938746,29654.136609887522,11.86165464395501,entry,135615.77117128242,165365.93613974642,2026-01-02T16:00:00+00:00,131.56,130.08,-1.1249619945272071
d85ad7e2888f47b79e6eead8595df555,86ec0d3b83330c9446c948d636387edf,1,4,20,0,2ad7618386539a112d491d51d82d6d0b,e020d29958b5b1c0fbdff7d2bc5ae440,flagship,4h,futures,aster,SOL,2026-01-03T04:00:00+00:00,sell,129.81984,224.64925623195765,29163.930500151746,11.6655722000607,trend_break,164584.32523956284,,2026-01-02T16:00:00+00:00,131.56,130.08,-1.1249619945272071
d85ad7e2888f47b79e6eead8595df555,521aec0492a4a3fcad91a8ad8c034711,1,4,20,0,ea8fc3fb5632bffaaa10f6a684102ec9,e020d29958b5b1c0fbdff7d2bc5ae440,flagship,4h,spot,aster,SOL,2026-01-03T04:00:00+00:00,sell,129.81984,224.95398841938746,29203.490783966732,11.681396313586694,trend_break,164807.58055893556,164807.58055893556,2026-01-02T16:00:00+00:00,131.56,130.08,-1.1249619945272071
d85ad7e2888f47b79e6eead8595df555,86ec0d3b83330c9446c948d636387edf,1,4,20,0,71fe07a2490a03cde2902554950a5d21,42bf89a447ad47748ddb1cb274700313,flagship,4h,futures,aster,SOL,2026-01-12T04:00:00+00:00,buy,142.91526,230.32435478137586,32916.86504791257,13.166746019165029,entry,131654.2934456311,,2026-01-12T00:00:00+00:00,142.63,135.87521532274442,-4.735879322201198
d85ad7e2888f47b79e6eead8595df555,521aec0492a4a3fcad91a8ad8c034711,1,4,20,0,e1aa8895433222991878e4f38a727ae2,42bf89a447ad47748ddb1cb274700313,flagship,4h,spot,aster,SOL,2026-01-12T04:00:00+00:00,buy,142.91526,230.636785125585,32961.51611178711,13.184606444714845,entry,131832.87984070374,164447.22762531272,2026-01-12T00:00:00+00:00,142.63,135.87521532274442,-4.735879322201198
d85ad7e2888f47b79e6eead8595df555,86ec0d3b83330c9446c948d636387edf,1,4,20,0,5af75da72cb584706dd23047610ab097,2a8fbd9d3ab3aa2db764fd1c9449cdca,flagship,4h,futures,aster,ADA,2026-01-13T16:00:00+00:00,buy,0.4070124,66253.35338569453,26965.936369559655,10.786374547823863,entry,104677.57070152363,,2026-01-13T12:00:00+00:00,0.4062,0.3914,-3.6435253569670034
d85ad7e2888f47b79e6eead8595df555,521aec0492a4a3fcad91a8ad8c034711,1,4,20,0,ad3c3f27960db98bafcc9cede5554e9d,2a8fbd9d3ab3aa2db764fd1c9449cdca,flagship,4h,spot,aster,ADA,2026-01-13T16:00:00+00:00,buy,0.4070124,66343.22472397724,27002.515118645315,10.801006047458127,entry,104819.56371601096,165188.9600265955,2026-01-13T12:00:00+00:00,0.4062,0.3914,-3.6435253569670034
d85ad7e2888f47b79e6eead8595df555,86ec0d3b83330c9446c948d636387edf,1,4,20,0,082067242711ae050ba13913e752fc18,53a8af8d387e7c836c00c43d5a9543e1,flagship,4h,futures,aster,BNB,2026-01-13T20:00:00+00:00,buy,946.32888,35.097320044949825,33213.60756913892,13.28544302765557,entry,71450.67768935705,,2026-01-13T16:00:00+00:00,944.44,914.0183185903907,-3.22113436635566
d85ad7e2888f47b79e6eead8595df555,521aec0492a4a3fcad91a8ad8c034711,1,4,20,0,de6a1130482fe8b2abfb450ffb1c603c,53a8af8d387e7c836c00c43d5a9543e1,flagship,4h,spot,aster,BNB,2026-01-13T20:00:00+00:00,buy,946.32888,35.144928852072596,33258.661158261544,13.303464463304618,entry,71547.59909328612,166217.48371580805,2026-01-13T16:00:00+00:00,944.44,914.0183185903907,-3.22113436635566
d85ad7e2888f47b79e6eead8595df555,86ec0d3b83330c9446c948d636387edf,1,4,20,0,70494511da034b4880032a30a9139185,2a8fbd9d3ab3aa2db764fd1c9449cdca,flagship,4h,futures,aster,ADA,2026-01-15T16:00:00+00:00,sell,0.3906172,66253.35338569453,25879.699390130518,10.351879756052208,trend_break,97320.02519973152,,2026-01-13T12:00:00+00:00,0.4062,0.3914,-3.6435253569670034
d85ad7e2888f47b79e6eead8595df555,521aec0492a4a3fcad91a8ad8c034711,1,4,20,0,db8f27db641ee429dea4e3331f59b209,2a8fbd9d3ab3aa2db764fd1c9449cdca,flagship,4h,spot,aster,ADA,2026-01-15T16:00:00+00:00,sell,0.3906172,66343.22472397724,25914.804680650763,10.365921872260305,trend_break,97452.03785206462,162798.8564004487,2026-01-13T12:00:00+00:00,0.4062,0.3914,-3.6435253569670034
d85ad7e2888f47b79e6eead8595df555,86ec0d3b83330c9446c948d636387edf,1,4,20,0,a2cf43d91bc50cefa0fd44952e722274,53a8af8d387e7c836c00c43d5a9543e1,flagship,4h,futures,aster,BNB,2026-01-19T00:00:00+00:00,sell,912.1902819532099,35.097320044949825,32015.43426760483,12.806173707041932,stop,160542.940738798,,2026-01-13T16:00:00+00:00,944.44,914.0183185903907,-3.22113436635566
d85ad7e2888f47b79e6eead8595df555,86ec0d3b83330c9446c948d636387edf,1,4,20,0,2b7e57d945c4be66c4481e8cd682bc37,42bf89a447ad47748ddb1cb274700313,flagship,4h,futures,aster,SOL,2026-01-19T00:00:00+00:00,sell,135.60346489209894,230.32435478137586,31232.78055739164,12.493112222956658,stop,128540.3126449002,,2026-01-12T00:00:00+00:00,142.63,135.87521532274442,-4.735879322201198
d85ad7e2888f47b79e6eead8595df555,521aec0492a4a3fcad91a8ad8c034711,1,4,20,0,90d0a61de260b4c99132f9729dc35d3b,53a8af8d387e7c836c00c43d5a9543e1,flagship,4h,spot,aster,BNB,2026-01-19T00:00:00+00:00,sell,912.1902819532099,35.144928852072596,32058.862558797602,12.823545023519042,stop,160760.7140015647,160760.7140015647,2026-01-13T16:00:00+00:00,944.44,914.0183185903907,-3.22113436635566
d85ad7e2888f47b79e6eead8595df555,521aec0492a4a3fcad91a8ad8c034711,1,4,20,0,47098cbcc80521a9748f24db3e367a25,42bf89a447ad47748ddb1cb274700313,flagship,4h,spot,aster,SOL,2026-01-19T00:00:00+00:00,sell,135.60346489209894,230.636785125585,31275.147194603833,12.510058877841534,stop,128714.67498779061,161235.33200247894,2026-01-12T00:00:00+00:00,142.63,135.87521532274442,-4.735879322201198
d85ad7e2888f47b79e6eead8595df555,86ec0d3b83330c9446c948d636387edf,1,4,20,0,a96759d4f0991830be6d1afc5a678fae,d822a08a7535409bc19bf976810ee763,flagship,4h,futures,aster,BTC,2026-03-04T16:00:00+00:00,buy,73529.48544,0.3218211432400578,23663.343066153986,9.465337226461594,entry,136870.13233541755,,2026-03-04T12:00:00+00:00,73382.72,70962.59,-3.2979562491006087
d85ad7e2888f47b79e6eead8595df555,86ec0d3b83330c9446c948d636387edf,1,4,20,0,9a946717c6ba56af7db038ba54edc469,a79d9379517b300eac2a84d1b1935a14,flagship,4h,futures,aster,SOL,2026-03-04T16:00:00+00:00,buy,93.17598,186.35352451028922,17363.672272700216,6.945468909080087,entry,119499.51459380826,,2026-03-04T12:00:00+00:00,92.99,90.74,-2.419615012366916
d85ad7e2888f47b79e6eead8595df555,521aec0492a4a3fcad91a8ad8c034711,1,4,20,0,2a382e3efbf7ddfc09dec5af7f6e330e,d822a08a7535409bc19bf976810ee763,flagship,4h,spot,aster,BTC,2026-03-04T16:00:00+00:00,buy,73529.48544,0.32225768713334996,23695.441913999734,9.478176765599894,entry,137055.79391079934,160809.42414228292,2026-03-04T12:00:00+00:00,73382.72,70962.59,-3.2979562491006087
d85ad7e2888f47b79e6eead8595df555,521aec0492a4a3fcad91a8ad8c034711,1,4,20,0,afd02b567648c347699d6a30deb4153a,a79d9379517b300eac2a84d1b1935a14,flagship,4h,spot,aster,SOL,2026-03-04T16:00:00+00:00,buy,93.17598,186.66285060855537,17392.494035045744,6.956997614018298,entry,119656.34287813958,160801.35090082226,2026-03-04T12:00:00+00:00,92.99,90.74,-2.419615012366916
d85ad7e2888f47b79e6eead8595df555,86ec0d3b83330c9446c948d636387edf,1,4,20,0,af88981737c8b733f9bed73a8a359b78,a79d9379517b300eac2a84d1b1935a14,flagship,4h,futures,aster,SOL,2026-03-04T20:00:00+00:00,sell,90.55852,186.35352451028922,16875.89937643552,6.750359750574208,trend_break,136368.6636104932,,2026-03-04T12:00:00+00:00,92.99,90.74,-2.419615012366916
d85ad7e2888f47b79e6eead8595df555,521aec0492a4a3fcad91a8ad8c034711,1,4,20,0,534fd28c418754e8a4cd47b5db903267,a79d9379517b300eac2a84d1b1935a14,flagship,4h,spot,aster,SOL,2026-03-04T20:00:00+00:00,sell,90.55852,186.66285060855537,16903.911490091876,6.7615645960367505,trend_break,136553.49280363542,159996.89522744634,2026-03-04T12:00:00+00:00,92.99,90.74,-2.419615012366916
d85ad7e2888f47b79e6eead8595df555,86ec0d3b83330c9446c948d636387edf,1,4,20,0,ad5cb8eedea389e81a200e3dc1566085,d822a08a7535409bc19bf976810ee763,flagship,4h,futures,aster,BTC,2026-03-05T16:00:00+00:00,sell,70820.66481999999,0.3218211432400578,22791.58731739334,9.116634926957337,trend_break,159151.13429295958,,2026-03-04T12:00:00+00:00,73382.72,70962.59,-3.2979562491006087
d85ad7e2888f47b79e6eead8595df555,521aec0492a4a3fcad91a8ad8c034711,1,4,20,0,aacbba156d83795dffe34c76f44adfb4,d822a08a7535409bc19bf976810ee763,flagship,4h,spot,aster,BTC,2026-03-05T16:00:00+00:00,sell,70820.66481999999,0.32225768713334996,22822.5036461394,9.129001458455761,trend_break,159366.86744831636,159366.86744831636,2026-03-04T12:00:00+00:00,73382.72,70962.59,-3.2979562491006087
d85ad7e2888f47b79e6eead8595df555,86ec0d3b83330c9446c948d636387edf,1,4,20,0,05ab59180ccafe519806ef90e807fd39,660acc193b4df7c9f8f0859fdc835780,flagship,4h,futures,aster,SOL,2026-04-16T20:00:00+00:00,buy,90.29022,343.2406392761204,30991.272833181556,12.396509133272623,entry,128147.46495064476,,2026-04-16T16:00:00+00:00,90.11,85.48253316818149,-5.135353270245824
d85ad7e2888f47b79e6eead8595df555,86ec0d3b83330c9446c948d636387edf,1,4,20,0,e7daee999a0e3123ecda5996601f4d15,782ab445962bb791c07a5f25f418556a,flagship,4h,futures,aster,XRP,2026-04-16T20:00:00+00:00,buy,1.466427,21705.974357122395,31830.226858591923,12.73209074343677,entry,96304.5060013094,,2026-04-16T16:00:00+00:00,1.4635,1.3978855554372964,-4.483392180574208
d85ad7e2888f47b79e6eead8595df555,521aec0492a4a3fcad91a8ad8c034711,1,4,20,0,b03ab059e79ea0bc183458c06cc03c98,660acc193b4df7c9f8f0859fdc835780,flagship,4h,spot,aster,SOL,2026-04-16T20:00:00+00:00,buy,90.29022,343.70591014262527,31033.28224207787,12.413312896831147,entry,128321.17189334167,158928.18319154246,2026-04-16T16:00:00+00:00,90.11,85.48253316818149,-5.135353270245824
d85ad7e2888f47b79e6eead8595df555,521aec0492a4a3fcad91a8ad8c034711,1,4,20,0,c849dce855cabafff87356cfec3a25e4,782ab445962bb791c07a5f25f418556a,flagship,4h,spot,aster,XRP,2026-04-16T20:00:00+00:00,buy,1.466427,21675.56696535763,31785.63663830849,12.714254655323396,entry,96522.82100037785,158596.2528621883,2026-04-16T16:00:00+00:00,1.4635,1.3978855554372964,-4.483392180574208
d85ad7e2888f47b79e6eead8595df555,86ec0d3b83330c9446c948d636387edf,1,4,20,0,3fc25b2e429fe546c81372759e73999d,660acc193b4df7c9f8f0859fdc835780,flagship,4h,futures,aster,SOL,2026-04-19T00:00:00+00:00,sell,85.31156810184513,343.2406392761204,29282.397172925605,11.712958869170242,stop,125575.19021536584,,2026-04-16T16:00:00+00:00,90.11,85.48253316818149,-5.135353270245824
d85ad7e2888f47b79e6eead8595df555,521aec0492a4a3fcad91a8ad8c034711,1,4,20,0,b5515656adfea5c8f5d45aaa454ed7da,660acc193b4df7c9f8f0859fdc835780,flagship,4h,spot,aster,SOL,2026-04-19T00:00:00+00:00,sell,85.31156810184513,343.70591014262527,29322.090160139236,11.728836064055695,stop,125833.18232445302,156840.0808683971,2026-04-16T16:00:00+00:00,90.11,85.48253316818149,-5.135353270245824
d85ad7e2888f47b79e6eead8595df555,86ec0d3b83330c9446c948d636387edf,1,4,20,0,353448fc270ccbc6b15ba91acfb3067b,782ab445962bb791c07a5f25f418556a,flagship,4h,futures,aster,XRP,2026-04-19T20:00:00+00:00,sell,1.3950897843264218,21705.974357122395,30281.783084472725,12.11271323378909,stop,155844.86058660477,,2026-04-16T16:00:00+00:00,1.4635,1.3978855554372964,-4.483392180574208
d85ad7e2888f47b79e6eead8595df555,521aec0492a4a3fcad91a8ad8c034711,1,4,20,0,ca14cb7e85002711f77aedb615485b9b,782ab445962bb791c07a5f25f418556a,flagship,4h,spot,aster,XRP,2026-04-19T20:00:00+00:00,sell,1.3950897843264218,21675.56696535763,30239.36204285369,12.095744817141476,stop,156060.44862248958,156060.44862248958,2026-04-16T16:00:00+00:00,1.4635,1.3978855554372964,-4.483392180574208
d85ad7e2888f47b79e6eead8595df555,86ec0d3b83330c9446c948d636387edf,1,4,20,0,6afb57df1821916c49f8cd2ee5a3a79e,93cc7f8cedf99df4923a73a057f74bae,flagship,4h,futures,aster,ADA,2026-05-05T08:00:00+00:00,buy,0.25881659999999995,120428.79829702176,31168.972117320955,12.467588846928383,entry,124663.4208804369,,2026-05-05T04:00:00+00:00,0.2583,0.258,-0.11614401858303092
d85ad7e2888f47b79e6eead8595df555,521aec0492a4a3fcad91a8ad8c034711,1,4,20,0,10ddc73a211c534a78c9fcb45eed81ec,93cc7f8cedf99df4923a73a057f74bae,flagship,4h,spot,aster,ADA,2026-05-05T08:00:00+00:00,buy,0.25881659999999995,120595.39351223191,31212.089724497917,12.484835889799168,entry,124835.87406210187,156009.7832850138,2026-05-05T04:00:00+00:00,0.2583,0.258,-0.11614401858303092
d85ad7e2888f47b79e6eead8595df555,86ec0d3b83330c9446c948d636387edf,1,4,20,0,7d56e8f39f27951fbe8f26761b1cacad,0cfdc7b903dff0974660c95bc6ea3983,flagship,4h,futures,aster,SOL,2026-05-05T20:00:00+00:00,buy,86.70306000000001,360.26326497534797,31235.927478953497,12.4943709915814,entry,93414.99903049182,,2026-05-05T16:00:00+00:00,86.53,87.42,1.028545013290194
d85ad7e2888f47b79e6eead8595df555,521aec0492a4a3fcad91a8ad8c034711,1,4,20,0,85dec16f6fcf296b3c8b23d1af86f60c,0cfdc7b903dff0974660c95bc6ea3983,flagship,4h,spot,aster,SOL,2026-05-05T20:00:00+00:00,buy,86.70306000000001,360.76163527389446,31279.13770885059,12.511655083540237,entry,93544.22469816773,156259.41400257236,2026-05-05T16:00:00+00:00,86.53,87.42,1.028545013290194
d85ad7e2888f47b79e6eead8595df555,86ec0d3b83330c9446c948d636387edf,1,4,20,0,cc29a41cf05684be43e9af7086c80aeb,d20ad756be0654d39cf870bf76f4ae17,flagship,4h,futures,aster,BNB,2026-05-06T12:00:00+00:00,buy,654.31602,48.186184296215856,31528.992327686457,12.611596931074583,entry,61873.39510587428,,2026-05-06T08:00:00+00:00,653.01,637.3428072012056,-2.3992270866900034
d85ad7e2888f47b79e6eead8595df555,86ec0d3b83330c9446c948d636387edf,1,4,20,0,3f3d9e123c053d4d3d34ff4b94d53202,f0b82100c2b1deefe8aff52c2b6948c6,flagship,4h,futures,aster,XRP,2026-05-06T12:00:00+00:00,buy,1.4540022000000001,21684.281033196825,31528.99232768646,12.611596931074585,entry,30331.791181256747,,2026-05-06T08:00:00+00:00,1.4511,1.4072122384653398,-3.0244477661539704
d85ad7e2888f47b79e6eead8595df555,521aec0492a4a3fcad91a8ad8c034711,1,4,20,0,6f0b4e681d8d4f87f8d28bb542e591b3,d20ad756be0654d39cf870bf76f4ae17,flagship,4h,spot,aster,BNB,2026-05-06T12:00:00+00:00,buy,654.31602,48.25284266910093,31572.607968932294,12.629043187572918,entry,61958.98768604787,157577.4917582806,2026-05-06T08:00:00+00:00,653.01,637.3428072012056,-2.3992270866900034
d85ad7e2888f47b79e6eead8595df555,521aec0492a4a3fcad91a8ad8c034711,1,4,20,0,7981e36f82952c56eeb21e7d128449f2,f0b82100c2b1deefe8aff52c2b6948c6,flagship,4h,spot,aster,XRP,2026-05-06T12:00:00+00:00,buy,1.4540022000000001,21675.000458497325,31515.498351656122,12.60619934066245,entry,30430.883135051085,157042.47036288917,2026-05-06T08:00:00+00:00,1.4511,1.4072122384653398,-3.0244477661539704
d85ad7e2888f47b79e6eead8595df555,86ec0d3b83330c9446c948d636387edf,1,4,20,0,c67e9c05a7503645bbe7d37ac56fa34c,f0b82100c2b1deefe8aff52c2b6948c6,flagship,4h,futures,aster,XRP,2026-05-07T00:00:00+00:00,sell,1.4043978139884092,21684.281033196825,30453.356880931944,12.181342752372778,stop,60772.966719436314,,2026-05-06T08:00:00+00:00,1.4511,1.4072122384653398,-3.0244477661539704
d85ad7e2888f47b79e6eead8595df555,521aec0492a4a3fcad91a8ad8c034711,1,4,20,0,eacdb3de551acc1dd02a8ea47ea148ca,f0b82100c2b1deefe8aff52c2b6948c6,flagship,4h,spot,aster,XRP,2026-05-07T00:00:00+00:00,sell,1.4043978139884092,21675.000458497325,30440.32326211141,12.176129304844565,stop,60859.030267857655,155603.23967541545,2026-05-06T08:00:00+00:00,1.4511,1.4072122384653398,-3.0244477661539704
d85ad7e2888f47b79e6eead8595df555,86ec0d3b83330c9446c948d636387edf,1,4,20,0,333b9670ed7b4b182a643d479ae989a2,d20ad756be0654d39cf870bf76f4ae17,flagship,4h,futures,aster,BNB,2026-05-07T20:00:00+00:00,sell,636.0681215868032,48.186184296215856,30649.69573172953,12.259878292691813,stop,91410.40257287315,,2026-05-06T08:00:00+00:00,653.01,637.3428072012056,-2.3992270866900034
d85ad7e2888f47b79e6eead8595df555,521aec0492a4a3fcad91a8ad8c034711,1,4,20,0,6bd1233a6a5d353967a55237992b6b16,d20ad756be0654d39cf870bf76f4ae17,flagship,4h,spot,aster,BNB,2026-05-07T20:00:00+00:00,sell,636.0681215868032,48.25284266910093,30692.094997758573,12.27683799910343,stop,91538.84842761712,155166.0402516031,2026-05-06T08:00:00+00:00,653.01,637.3428072012056,-2.3992270866900034
d85ad7e2888f47b79e6eead8595df555,86ec0d3b83330c9446c948d636387edf,1,4,20,0,f153bc45e7c272efb007e844f619c75a,9e7d7a39c91f0b0d6b03dff23c86db3a,flagship,4h,futures,aster,XRP,2026-05-10T20:00:00+00:00,buy,1.4890722,21517.00677635707,32040.376617884933,12.816150647153973,entry,59357.209804341066,,2026-05-10T16:00:00+00:00,1.4861,1.4339134346469424,-3.511645606154201
d85ad7e2888f47b79e6eead8595df555,521aec0492a4a3fcad91a8ad8c034711,1,4,20,0,58bd69b674b683bd72c590fac495601a,9e7d7a39c91f0b0d6b03dff23c86db3a,flagship,4h,spot,aster,XRP,2026-05-10T20:00:00+00:00,buy,1.4890722,21547.040050835076,32085.0983319851,12.83403933279404,entry,59440.91605629923,160100.82454756898,2026-05-10T16:00:00+00:00,1.4861,1.4339134346469424,-3.511645606154201
d85ad7e2888f47b79e6eead8595df555,86ec0d3b83330c9446c948d636387edf,1,4,20,0,7825061148aba597d26b4e3076a834e0,9e7d7a39c91f0b0d6b03dff23c86db3a,flagship,4h,futures,aster,XRP,2026-05-12T12:00:00+00:00,sell,1.4310456077776486,21517.00677635707,30791.818039827685,12.316727215931074,stop,90136.71111695282,,2026-05-10T16:00:00+00:00,1.4861,1.4339134346469424,-3.511645606154201
d85ad7e2888f47b79e6eead8595df555,521aec0492a4a3fcad91a8ad8c034711,1,4,20,0,854ee12dbe69831c8c0f6872c219472e,9e7d7a39c91f0b0d6b03dff23c86db3a,flagship,4h,spot,aster,XRP,2026-05-12T12:00:00+00:00,sell,1.4310456077776486,21547.040050835076,30834.797025356616,12.333918810142647,stop,90263.37916284571,156623.68811090692,2026-05-10T16:00:00+00:00,1.4861,1.4339134346469424,-3.511645606154201
d85ad7e2888f47b79e6eead8595df555,86ec0d3b83330c9446c948d636387edf,1,4,20,0,5e82e8a3f9d58bb04a685c4c65763a03,93cc7f8cedf99df4923a73a057f74bae,flagship,4h,futures,aster,ADA,2026-05-15T12:00:00+00:00,sell,0.257484,120428.79829702176,31008.48870071035,12.403395480284141,trend_break,121132.79642218289,,2026-05-05T04:00:00+00:00,0.2583,0.258,-0.11614401858303092
d85ad7e2888f47b79e6eead8595df555,521aec0492a4a3fcad91a8ad8c034711,1,4,20,0,6c7f1b025e2a8fa37bb0736ec3e89185,93cc7f8cedf99df4923a73a057f74bae,flagship,4h,spot,aster,ADA,2026-05-15T12:00:00+00:00,sell,0.257484,120595.39351223191,31051.38430310352,12.42055372124141,trend_break,121302.34291222799,153453.41984783747,2026-05-05T04:00:00+00:00,0.2583,0.258,-0.11614401858303092
d85ad7e2888f47b79e6eead8595df555,86ec0d3b83330c9446c948d636387edf,1,4,20,0,e13f98d768cd2defbb557713975cc85f,0cfdc7b903dff0974660c95bc6ea3983,flagship,4h,futures,aster,SOL,2026-05-16T04:00:00+00:00,sell,87.24516,360.26326497534797,31431.22619489663,12.572490477958652,trend_break,152551.45012660156,,2026-05-05T16:00:00+00:00,86.53,87.42,1.028545013290194
d85ad7e2888f47b79e6eead8595df555,521aec0492a4a3fcad91a8ad8c034711,1,4,20,0,f56d6cad00b9560b8d4b162d512d429e,0cfdc7b903dff0974660c95bc6ea3983,flagship,4h,spot,aster,SOL,2026-05-16T04:00:00+00:00,sell,87.24516,360.76163527389446,31474.706591332564,12.589882636533027,trend_break,152764.45962092403,152764.45962092403,2026-05-05T16:00:00+00:00,86.53,87.42,1.028545013290194
d85ad7e2888f47b79e6eead8595df555,86ec0d3b83330c9446c948d636387edf,1,4,20,0,601233f6ff1605da7ac7c2119f384a7d,f234e0a59fb73fe86a4bf313a001e6cf,flagship,4h,futures,aster,ADA,2026-07-21T04:00:00+00:00,buy,0.1732458,160038.4672164571,27725.992283688884,11.090396913475553,entry,124814.3674459992,,2026-07-21T00:00:00+00:00,0.1729,0.16916,-2.1631000578368975
d85ad7e2888f47b79e6eead8595df555,521aec0492a4a3fcad91a8ad8c034711,1,4,20,0,00a423ff6b4672750efe5a061f2712c8,f234e0a59fb73fe86a4bf313a001e6cf,flagship,4h,spot,aster,ADA,2026-07-21T04:00:00+00:00,buy,0.1732458,160261.93092621292,27764.7064328565,11.1058825731426,entry,124988.64730549438,153181.92619403376,2026-07-21T00:00:00+00:00,0.1729,0.16916,-2.1631000578368975
d85ad7e2888f47b79e6eead8595df555,86ec0d3b83330c9446c948d636387edf,1,4,20,0,6a0ba5463f8194bdd016b9a65aae7261,f234e0a59fb73fe86a4bf313a001e6cf,flagship,4h,futures,aster,ADA,2026-07-23T16:00:00+00:00,sell,0.16882168,160038.4672164571,27017.96290010721,10.807185160042884,trend_break,151821.52316094638,,2026-07-21T00:00:00+00:00,0.1729,0.16916,-2.1631000578368975
d85ad7e2888f47b79e6eead8595df555,521aec0492a4a3fcad91a8ad8c034711,1,4,20,0,a1daca26dda12bb427d4e967702b960d,f234e0a59fb73fe86a4bf313a001e6cf,flagship,4h,spot,aster,ADA,2026-07-23T16:00:00+00:00,sell,0.16882168,160261.93092621292,27055.688419007223,10.82227536760289,trend_break,152033.513449134,152033.513449134,2026-07-21T00:00:00+00:00,0.1729,0.16916,-2.1631000578368975
d85ad7e2888f47b79e6eead8595df555,86ec0d3b83330c9446c948d636387edf,1,4,20,0,a8f8e82162150f1a6185816278a825c8,98a0eba024adb6c06b5523c345e60e56,flagship,4h,futures,aster,BNB,2026-07-30T12:00:00+00:00,buy,590.5888199999999,51.41361232030989,30364.304632189276,12.145721852875711,entry,121445.07280690424,,2026-07-30T08:00:00+00:00,589.41,576.59,-2.1750564123445337
d85ad7e2888f47b79e6eead8595df555,521aec0492a4a3fcad91a8ad8c034711,1,4,20,0,7077b26620b34ea5a7a9e9079a312317,98a0eba024adb6c06b5523c345e60e56,flagship,4h,spot,aster,BNB,2026-07-30T12:00:00+00:00,buy,590.5888199999999,51.48540178905996,30406.702689826805,12.162681075930722,entry,121614.64807823129,152023.98579092167,2026-07-30T08:00:00+00:00,589.41,576.59,-2.1750564123445337
d85ad7e2888f47b79e6eead8595df555,86ec0d3b83330c9446c948d636387edf,1,4,20,0,357af32446b3c51a87f4fb610b5e702e,105392c5e010963ead1c447ffd63ed47,flagship,4h,futures,aster,ADA,2026-07-30T16:00:00+00:00,buy,0.172344,150746.91169601376,25980.325749337797,10.392130299735118,entry,95454.3549272667,,2026-07-30T12:00:00+00:00,0.172,,
d85ad7e2888f47b79e6eead8595df555,521aec0492a4a3fcad91a8ad8c034711,1,4,20,0,681590eeb69ef5aad74b1f2149277a6f,105392c5e010963ead1c447ffd63ed47,flagship,4h,spot,aster,ADA,2026-07-30T16:00:00+00:00,buy,0.172344,150957.40149079706,26016.602402529927,10.406640961011972,entry,95587.63903474035,152343.74167133274,2026-07-30T12:00:00+00:00,0.172,,
d85ad7e2888f47b79e6eead8595df555,86ec0d3b83330c9446c948d636387edf,1,4,20,0,b5197eb3a0c2c932ba247056b8ff4f5d,98a0eba024adb6c06b5523c345e60e56,flagship,4h,futures,aster,BNB,2026-08-01T12:00:00+00:00,sell,575.43682,51.41361232030989,29585.285578311945,11.83411423132478,trend_break,125027.80639134732,,2026-07-30T08:00:00+00:00,589.41,576.59,-2.1750564123445337
d85ad7e2888f47b79e6eead8595df555,521aec0492a4a3fcad91a8ad8c034711,1,4,20,0,4238aaa451f57ac351b07a0ea2a35283,98a0eba024adb6c06b5523c345e60e56,flagship,4h,spot,aster,BNB,2026-08-01T12:00:00+00:00,sell,575.43682,51.48540178905996,29626.595881918973,11.85063835276759,trend_break,125202.38427830656,151274.23708978214,2026-07-30T08:00:00+00:00,589.41,576.59,-2.1750564123445337
