signal_id,tier,timeframe,model,symbol,signal_time,entry_time,close_time,raw_entry_px,raw_exit_px,raw_gross_pct,exit_reason,bars_held,status,first_seen_run_id,last_seen_run_id,entry_payload_json,exit_payload_json
06fc81f407f2b037d58f6b2b99bda58d,flagship,4h,trend_breakout/4/regime_pivot_be12,BNB,2019-11-04T00:00:00+00:00,2019-11-04T04:00:00+00:00,2019-11-08T12:00:00+00:00,20.4902,19.561843499652547,-4.530734206339881,stop,27,closed,e84364dd6f58414680f656bdfbe5e20a,d85ad7e2888f47b79e6eead8595df555,"{""atr"":0.30945217,""breadth"":0.75,""discriminator_score"":0.514,""ema200"":18.61786118,""entry_rule"":""enter at next 4h open"",""event"":""entry"",""gate"":""discriminator"",""historical"":true,""indicative_stop"":19.6599435,""model"":""trend_breakout/4/regime_pivot_be12"",""reference_close"":20.5883,""relvol"":3.95,""side"":""long"",""signal_bar_time"":""2019-11-04 00:00:00+00:00"",""stop_atr_mult"":3.0,""symbol"":""BNB"",""timeframe"":""4h"",""venue"":""binanceus"",""z"":2.52}","{""bars_held"":27,""cumulative_pct"":-4.53,""entry_bar_time"":""2019-11-04 00:00:00+00:00"",""event"":""exit"",""exit_reason"":""stop"",""historical"":true,""hold_days"":4.5,""model"":""trend_breakout/4/regime_pivot_be12"",""pct_captured"":-4.53,""side"":""long"",""signal_bar_time"":""2019-11-08 12:00:00+00:00"",""symbol"":""BNB"",""timeframe"":""4h"",""venue"":""binanceus""}"
1bc61a396ebf242377cc8346abea7751,flagship,4h,trend_breakout/4/regime_pivot_be12,ADA,2019-11-05T00:00:00+00:00,2019-11-05T04:00:00+00:00,2019-11-08T12:00:00+00:00,0.04462,0.04247385375306954,-4.80983022620004,stop,21,closed,e84364dd6f58414680f656bdfbe5e20a,d85ad7e2888f47b79e6eead8595df555,"{""atr"":0.00071538,""breadth"":1.0,""discriminator_score"":0.508,""ema200"":0.04035849,""entry_rule"":""enter at next 4h open"",""event"":""entry"",""gate"":""discriminator"",""historical"":true,""indicative_stop"":0.04236385,""model"":""trend_breakout/4/regime_pivot_be12"",""reference_close"":0.04451,""relvol"":5.64,""side"":""long"",""signal_bar_time"":""2019-11-05 00:00:00+00:00"",""stop_atr_mult"":3.0,""symbol"":""ADA"",""timeframe"":""4h"",""venue"":""binanceus"",""z"":3.26}","{""bars_held"":21,""cumulative_pct"":-4.81,""entry_bar_time"":""2019-11-05 00:00:00+00:00"",""event"":""exit"",""exit_reason"":""stop"",""historical"":true,""hold_days"":3.5,""model"":""trend_breakout/4/regime_pivot_be12"",""pct_captured"":-4.81,""side"":""long"",""signal_bar_time"":""2019-11-08 12:00:00+00:00"",""symbol"":""ADA"",""timeframe"":""4h"",""venue"":""binanceus""}"
1d6d7041208ffa13b3a73e41e3a7a1c6,flagship,4h,trend_breakout/4/regime_pivot_be12,BTC,2020-01-06T20:00:00+00:00,2020-01-07T00:00:00+00:00,2020-02-25T12:00:00+00:00,7785.53,9384.67,20.539899017793275,trend_break,298,closed,e84364dd6f58414680f656bdfbe5e20a,d85ad7e2888f47b79e6eead8595df555,"{""atr"":97.3158675,""breadth"":1.0,""discriminator_score"":0.551,""ema200"":7357.63910211,""entry_rule"":""enter at next 4h open"",""event"":""entry"",""gate"":""discriminator"",""historical"":true,""indicative_stop"":7485.58239749,""model"":""trend_breakout/4/regime_pivot_be12"",""reference_close"":7777.53,""relvol"":4.51,""side"":""long"",""signal_bar_time"":""2020-01-06 20:00:00+00:00"",""stop_atr_mult"":3.0,""symbol"":""BTC"",""timeframe"":""4h"",""venue"":""binanceus"",""z"":3.03}","{""bars_held"":298,""cumulative_pct"":20.54,""entry_bar_time"":""2020-01-06 20:00:00+00:00"",""event"":""exit"",""exit_reason"":""trend_break"",""historical"":true,""hold_days"":49.7,""model"":""trend_breakout/4/regime_pivot_be12"",""pct_captured"":20.54,""side"":""long"",""signal_bar_time"":""2020-02-25 12:00:00+00:00"",""symbol"":""BTC"",""timeframe"":""4h"",""venue"":""binanceus""}"
4d4abed9f2e48bb9ecd86c3ec8e7d92a,flagship,4h,trend_breakout/4/regime_pivot_be12,XRP,2020-01-11T16:00:00+00:00,2020-01-11T20:00:00+00:00,2020-01-24T00:00:00+00:00,0.2188,0.2188,0,be_stop,74,closed,5af02e8f4525420d83a664a333615db2,d85ad7e2888f47b79e6eead8595df555,"{""atr"":0.00422432,""breadth"":1.0,""discriminator_score"":0.602,""ema200"":0.20593335,""entry_rule"":""enter at next 4h open"",""event"":""entry"",""gate"":""discriminator"",""historical"":true,""indicative_stop"":0.20612704,""model"":""trend_breakout/4/regime_pivot_be12"",""reference_close"":0.2188,""relvol"":2.38,""side"":""long"",""signal_bar_time"":""2020-01-11 16:00:00+00:00"",""stop_atr_mult"":3.0,""symbol"":""XRP"",""timeframe"":""4h"",""venue"":""binanceus"",""z"":2.58}","{""bars_held"":74,""cumulative_pct"":0.0,""entry_bar_time"":""2020-01-11 16:00:00+00:00"",""event"":""exit"",""exit_reason"":""be_stop"",""historical"":true,""hold_days"":12.3,""model"":""trend_breakout/4/regime_pivot_be12"",""pct_captured"":0.0,""side"":""long"",""signal_bar_time"":""2020-01-24 00:00:00+00:00"",""symbol"":""XRP"",""timeframe"":""4h"",""venue"":""binanceus""}"
e6b4004cac52b8c96b46c34e484a3066,flagship,4h,trend_breakout/4/regime_pivot_be12,BNB,2020-01-14T00:00:00+00:00,2020-01-14T04:00:00+00:00,2020-02-25T04:00:00+00:00,15.5436,20.9206,34.59301577498135,trend_break,253,closed,e84364dd6f58414680f656bdfbe5e20a,d85ad7e2888f47b79e6eead8595df555,"{""atr"":0.23092423,""breadth"":1.0,""discriminator_score"":0.637,""ema200"":14.51838956,""entry_rule"":""enter at next 4h open"",""event"":""entry"",""gate"":""discriminator"",""historical"":true,""indicative_stop"":14.8461273,""model"":""trend_breakout/4/regime_pivot_be12"",""reference_close"":15.5389,""relvol"":5.71,""side"":""long"",""signal_bar_time"":""2020-01-14 00:00:00+00:00"",""stop_atr_mult"":3.0,""symbol"":""BNB"",""timeframe"":""4h"",""venue"":""binanceus"",""z"":2.5}","{""bars_held"":253,""cumulative_pct"":30.06,""entry_bar_time"":""2020-01-14 00:00:00+00:00"",""event"":""exit"",""exit_reason"":""trend_break"",""historical"":true,""hold_days"":42.2,""model"":""trend_breakout/4/regime_pivot_be12"",""pct_captured"":34.59,""side"":""long"",""signal_bar_time"":""2020-02-25 04:00:00+00:00"",""symbol"":""BNB"",""timeframe"":""4h"",""venue"":""binanceus""}"
adfd13da1c83b8e47c4490d3aa2b7d82,flagship,4h,trend_breakout/4/regime_pivot_be12,ETH,2020-01-14T00:00:00+00:00,2020-01-14T04:00:00+00:00,2020-02-26T12:00:00+00:00,149.03,226.46,51.955982017043546,trend_break,261,closed,e84364dd6f58414680f656bdfbe5e20a,d85ad7e2888f47b79e6eead8595df555,"{""atr"":2.44702186,""breadth"":1.0,""discriminator_score"":0.629,""ema200"":139.18817093,""entry_rule"":""enter at next 4h open"",""event"":""entry"",""gate"":""discriminator"",""historical"":true,""indicative_stop"":141.75893442,""model"":""trend_breakout/4/regime_pivot_be12"",""reference_close"":149.1,""relvol"":5.94,""side"":""long"",""signal_bar_time"":""2020-01-14 00:00:00+00:00"",""stop_atr_mult"":3.0,""symbol"":""ETH"",""timeframe"":""4h"",""venue"":""binanceus"",""z"":3.27}","{""bars_held"":261,""cumulative_pct"":51.96,""entry_bar_time"":""2020-01-14 00:00:00+00:00"",""event"":""exit"",""exit_reason"":""trend_break"",""historical"":true,""hold_days"":43.5,""model"":""trend_breakout/4/regime_pivot_be12"",""pct_captured"":51.96,""side"":""long"",""signal_bar_time"":""2020-02-26 12:00:00+00:00"",""symbol"":""ETH"",""timeframe"":""4h"",""venue"":""binanceus""}"
30bde607364e8d1204aae22b4682127b,flagship,4h,trend_breakout/4/regime_pivot_be12,ETH,2020-04-16T08:00:00+00:00,2020-04-16T12:00:00+00:00,2020-05-10T00:00:00+00:00,170.31,186.05,9.241970524337972,trend_break,140,closed,e84364dd6f58414680f656bdfbe5e20a,d85ad7e2888f47b79e6eead8595df555,"{""atr"":4.8123415,""breadth"":0.75,""discriminator_score"":0.548,""ema200"":157.04404334,""entry_rule"":""enter at next 4h open"",""event"":""entry"",""gate"":""discriminator"",""historical"":true,""indicative_stop"":155.31297551,""model"":""trend_breakout/4/regime_pivot_be12"",""reference_close"":169.75,""relvol"":12.75,""side"":""long"",""signal_bar_time"":""2020-04-16 08:00:00+00:00"",""stop_atr_mult"":3.0,""symbol"":""ETH"",""timeframe"":""4h"",""venue"":""binanceus"",""z"":3.03}","{""bars_held"":140,""cumulative_pct"":61.2,""entry_bar_time"":""2020-04-16 08:00:00+00:00"",""event"":""exit"",""exit_reason"":""trend_break"",""historical"":true,""hold_days"":23.3,""model"":""trend_breakout/4/regime_pivot_be12"",""pct_captured"":9.24,""side"":""long"",""signal_bar_time"":""2020-05-10 00:00:00+00:00"",""symbol"":""ETH"",""timeframe"":""4h"",""venue"":""binanceus""}"
8ef880865b7c9d7769e44a9ff6f9f97d,flagship,4h,trend_breakout/4/regime_pivot_be12,ADA,2020-04-23T12:00:00+00:00,2020-04-23T16:00:00+00:00,2020-08-19T00:00:00+00:00,0.04002,0.13136,228.23588205897053,trend_break,701,closed,e84364dd6f58414680f656bdfbe5e20a,d85ad7e2888f47b79e6eead8595df555,"{""atr"":0.00083591,""breadth"":1.0,""discriminator_score"":0.581,""ema200"":0.03463495,""entry_rule"":""enter at next 4h open"",""event"":""entry"",""gate"":""discriminator"",""historical"":true,""indicative_stop"":0.03727228,""model"":""trend_breakout/4/regime_pivot_be12"",""reference_close"":0.03978,""relvol"":3.07,""side"":""long"",""signal_bar_time"":""2020-04-23 12:00:00+00:00"",""stop_atr_mult"":3.0,""symbol"":""ADA"",""timeframe"":""4h"",""venue"":""binanceus"",""z"":2.8}","{""bars_held"":701,""cumulative_pct"":223.43,""entry_bar_time"":""2020-04-23 12:00:00+00:00"",""event"":""exit"",""exit_reason"":""trend_break"",""historical"":true,""hold_days"":116.8,""model"":""trend_breakout/4/regime_pivot_be12"",""pct_captured"":228.24,""side"":""long"",""signal_bar_time"":""2020-08-19 00:00:00+00:00"",""symbol"":""ADA"",""timeframe"":""4h"",""venue"":""binanceus""}"
dfa45d22a4a6e2490341fb1f977fcb4b,flagship,4h,trend_breakout/4/regime_pivot_be12,BTC,2020-04-23T12:00:00+00:00,2020-04-23T16:00:00+00:00,2020-05-24T20:00:00+00:00,7529.64,8716.23,15.7589207452149,trend_break,186,closed,e84364dd6f58414680f656bdfbe5e20a,d85ad7e2888f47b79e6eead8595df555,"{""atr"":143.36494876,""breadth"":1.0,""discriminator_score"":0.512,""ema200"":6974.89582845,""entry_rule"":""enter at next 4h open"",""event"":""entry"",""gate"":""discriminator"",""historical"":true,""indicative_stop"":7095.85515371,""model"":""trend_breakout/4/regime_pivot_be12"",""reference_close"":7525.95,""relvol"":8.55,""side"":""long"",""signal_bar_time"":""2020-04-23 12:00:00+00:00"",""stop_atr_mult"":3.0,""symbol"":""BTC"",""timeframe"":""4h"",""venue"":""binanceus"",""z"":3.15}","{""bars_held"":186,""cumulative_pct"":36.3,""entry_bar_time"":""2020-04-23 12:00:00+00:00"",""event"":""exit"",""exit_reason"":""trend_break"",""historical"":true,""hold_days"":31.0,""model"":""trend_breakout/4/regime_pivot_be12"",""pct_captured"":15.76,""side"":""long"",""signal_bar_time"":""2020-05-24 20:00:00+00:00"",""symbol"":""BTC"",""timeframe"":""4h"",""venue"":""binanceus""}"
0d0be2f0f35682aef38403940b849dfa,flagship,4h,trend_breakout/4/regime_pivot_be12,BNB,2020-04-29T04:00:00+00:00,2020-04-29T08:00:00+00:00,2020-05-10T00:00:00+00:00,16.6377,16.037698244896095,-3.606278242208383,stop,65,closed,e84364dd6f58414680f656bdfbe5e20a,d85ad7e2888f47b79e6eead8595df555,"{""atr"":0.20000059,""breadth"":1.0,""discriminator_score"":0.527,""ema200"":15.17780612,""entry_rule"":""enter at next 4h open"",""event"":""entry"",""gate"":""discriminator"",""historical"":true,""indicative_stop"":16.02539824,""model"":""trend_breakout/4/regime_pivot_be12"",""reference_close"":16.6254,""relvol"":2.89,""side"":""long"",""signal_bar_time"":""2020-04-29 04:00:00+00:00"",""stop_atr_mult"":3.0,""symbol"":""BNB"",""timeframe"":""4h"",""venue"":""binanceus"",""z"":3.0}","{""bars_held"":65,""cumulative_pct"":26.46,""entry_bar_time"":""2020-04-29 04:00:00+00:00"",""event"":""exit"",""exit_reason"":""stop"",""historical"":true,""hold_days"":10.8,""model"":""trend_breakout/4/regime_pivot_be12"",""pct_captured"":-3.61,""side"":""long"",""signal_bar_time"":""2020-05-10 00:00:00+00:00"",""symbol"":""BNB"",""timeframe"":""4h"",""venue"":""binanceus""}"
cfd9e7316f81059a610382950e82326d,flagship,4h,trend_breakout/4/regime_pivot_be12,ETH,2020-05-13T12:00:00+00:00,2020-05-13T16:00:00+00:00,2020-05-26T12:00:00+00:00,198.18,197.34,-0.42385709960641726,trend_break,78,closed,e84364dd6f58414680f656bdfbe5e20a,d85ad7e2888f47b79e6eead8595df555,"{""atr"":4.49181279,""breadth"":1.0,""discriminator_score"":0.523,""ema200"":189.73703745,""entry_rule"":""enter at next 4h open"",""event"":""entry"",""gate"":""discriminator"",""historical"":true,""indicative_stop"":184.40456162,""model"":""trend_breakout/4/regime_pivot_be12"",""reference_close"":197.88,""relvol"":2.21,""side"":""long"",""signal_bar_time"":""2020-05-13 12:00:00+00:00"",""stop_atr_mult"":3.0,""symbol"":""ETH"",""timeframe"":""4h"",""venue"":""binanceus"",""z"":3.49}","{""bars_held"":78,""cumulative_pct"":60.77,""entry_bar_time"":""2020-05-13 12:00:00+00:00"",""event"":""exit"",""exit_reason"":""trend_break"",""historical"":true,""hold_days"":13.0,""model"":""trend_breakout/4/regime_pivot_be12"",""pct_captured"":-0.42,""side"":""long"",""signal_bar_time"":""2020-05-26 12:00:00+00:00"",""symbol"":""ETH"",""timeframe"":""4h"",""venue"":""binanceus""}"
b0c09871fb0a206953a0feb667bc5ba5,flagship,4h,trend_breakout/4/regime_pivot_be12,XRP,2020-07-08T00:00:00+00:00,2020-07-08T04:00:00+00:00,2020-07-16T08:00:00+00:00,0.19992,0.1896603198520363,-5.131892831114293,stop,48,closed,5af02e8f4525420d83a664a333615db2,d85ad7e2888f47b79e6eead8595df555,"{""atr"":0.00341989,""breadth"":1.0,""discriminator_score"":0.534,""ema200"":0.18649775,""entry_rule"":""enter at next 4h open"",""event"":""entry"",""gate"":""discriminator"",""historical"":true,""indicative_stop"":0.18975032,""model"":""trend_breakout/4/regime_pivot_be12"",""reference_close"":0.20001,""relvol"":8.87,""side"":""long"",""signal_bar_time"":""2020-07-08 00:00:00+00:00"",""stop_atr_mult"":3.0,""symbol"":""XRP"",""timeframe"":""4h"",""venue"":""binanceus"",""z"":2.83}","{""bars_held"":48,""cumulative_pct"":-5.13,""entry_bar_time"":""2020-07-08 00:00:00+00:00"",""event"":""exit"",""exit_reason"":""stop"",""historical"":true,""hold_days"":8.0,""model"":""trend_breakout/4/regime_pivot_be12"",""pct_captured"":-5.13,""side"":""long"",""signal_bar_time"":""2020-07-16 08:00:00+00:00"",""symbol"":""XRP"",""timeframe"":""4h"",""venue"":""binanceus""}"
088382017bbd6a085eddfe169a23c154,flagship,4h,trend_breakout/4/regime_pivot_be12,BNB,2020-09-01T16:00:00+00:00,2020-09-01T20:00:00+00:00,2020-09-02T08:00:00+00:00,24.875,23.37708779438918,-6.02175761049576,stop,4,closed,e84364dd6f58414680f656bdfbe5e20a,d85ad7e2888f47b79e6eead8595df555,"{""atr"":0.49930407,""breadth"":0.75,""discriminator_score"":0.585,""ema200"":21.96287706,""entry_rule"":""enter at next 4h open"",""event"":""entry"",""gate"":""discriminator"",""historical"":true,""indicative_stop"":23.37458779,""model"":""trend_breakout/4/regime_pivot_be12"",""reference_close"":24.8725,""relvol"":8.62,""side"":""long"",""signal_bar_time"":""2020-09-01 16:00:00+00:00"",""stop_atr_mult"":3.0,""symbol"":""BNB"",""timeframe"":""4h"",""venue"":""binanceus"",""z"":3.74}","{""bars_held"":4,""cumulative_pct"":20.43,""entry_bar_time"":""2020-09-01 16:00:00+00:00"",""event"":""exit"",""exit_reason"":""stop"",""historical"":true,""hold_days"":0.7,""model"":""trend_breakout/4/regime_pivot_be12"",""pct_captured"":-6.02,""side"":""long"",""signal_bar_time"":""2020-09-02 08:00:00+00:00"",""symbol"":""BNB"",""timeframe"":""4h"",""venue"":""binanceus""}"
24b0a84b58ed8d3ae15061f3fad86916,flagship,4h,trend_breakout/4/regime_pivot_be12,BNB,2020-10-12T08:00:00+00:00,2020-10-12T12:00:00+00:00,2020-10-30T00:00:00+00:00,30.0318,29.0298,-3.336463348850216,trend_break,106,closed,e84364dd6f58414680f656bdfbe5e20a,d85ad7e2888f47b79e6eead8595df555,"{""atr"":0.54487583,""breadth"":0.8,""discriminator_score"":0.539,""ema200"":26.67743517,""entry_rule"":""enter at next 4h open"",""event"":""entry"",""gate"":""discriminator"",""historical"":true,""indicative_stop"":28.32517251,""model"":""trend_breakout/4/regime_pivot_be12"",""reference_close"":29.9598,""relvol"":4.07,""side"":""long"",""signal_bar_time"":""2020-10-12 08:00:00+00:00"",""stop_atr_mult"":3.0,""symbol"":""BNB"",""timeframe"":""4h"",""venue"":""binanceus"",""z"":2.91}","{""bars_held"":106,""cumulative_pct"":17.1,""entry_bar_time"":""2020-10-12 08:00:00+00:00"",""event"":""exit"",""exit_reason"":""trend_break"",""historical"":true,""hold_days"":17.7,""model"":""trend_breakout/4/regime_pivot_be12"",""pct_captured"":-3.34,""side"":""long"",""signal_bar_time"":""2020-10-30 00:00:00+00:00"",""symbol"":""BNB"",""timeframe"":""4h"",""venue"":""binanceus""}"
6ad46e905a6d6bd298047beb57e53b9a,flagship,4h,trend_breakout/4/regime_pivot_be12,BTC,2020-10-21T12:00:00+00:00,2020-10-21T16:00:00+00:00,2021-01-21T12:00:00+00:00,12740.65,31464.12,146.9585146754679,trend_break,552,closed,e84364dd6f58414680f656bdfbe5e20a,d85ad7e2888f47b79e6eead8595df555,"{""atr"":296.28655867,""breadth"":0.8,""discriminator_score"":0.639,""ema200"":11144.4856444,""entry_rule"":""enter at next 4h open"",""event"":""entry"",""gate"":""discriminator"",""historical"":true,""indicative_stop"":11831.86032398,""model"":""trend_breakout/4/regime_pivot_be12"",""reference_close"":12720.72,""relvol"":5.89,""side"":""long"",""signal_bar_time"":""2020-10-21 12:00:00+00:00"",""stop_atr_mult"":3.0,""symbol"":""BTC"",""timeframe"":""4h"",""venue"":""binanceus"",""z"":2.72}","{""bars_held"":552,""cumulative_pct"":183.26,""entry_bar_time"":""2020-10-21 12:00:00+00:00"",""event"":""exit"",""exit_reason"":""trend_break"",""historical"":true,""hold_days"":92.0,""model"":""trend_breakout/4/regime_pivot_be12"",""pct_captured"":146.96,""side"":""long"",""signal_bar_time"":""2021-01-21 12:00:00+00:00"",""symbol"":""BTC"",""timeframe"":""4h"",""venue"":""binanceus""}"
1b2382413524493f660041fdfe3b5b21,flagship,4h,trend_breakout/4/regime_pivot_be12,ETH,2020-10-21T12:00:00+00:00,2020-10-21T16:00:00+00:00,2020-10-30T04:00:00+00:00,392.17,378.24,-3.552031006961265,trend_break,52,closed,e84364dd6f58414680f656bdfbe5e20a,d85ad7e2888f47b79e6eead8595df555,"{""atr"":5.67467802,""breadth"":0.8,""discriminator_score"":0.523,""ema200"":366.90798628,""entry_rule"":""enter at next 4h open"",""event"":""entry"",""gate"":""discriminator"",""historical"":true,""indicative_stop"":374.86596593,""model"":""trend_breakout/4/regime_pivot_be12"",""reference_close"":391.89,""relvol"":4.13,""side"":""long"",""signal_bar_time"":""2020-10-21 12:00:00+00:00"",""stop_atr_mult"":3.0,""symbol"":""ETH"",""timeframe"":""4h"",""venue"":""binanceus"",""z"":2.83}","{""bars_held"":52,""cumulative_pct"":57.22,""entry_bar_time"":""2020-10-21 12:00:00+00:00"",""event"":""exit"",""exit_reason"":""trend_break"",""historical"":true,""hold_days"":8.7,""model"":""trend_breakout/4/regime_pivot_be12"",""pct_captured"":-3.55,""side"":""long"",""signal_bar_time"":""2020-10-30 04:00:00+00:00"",""symbol"":""ETH"",""timeframe"":""4h"",""venue"":""binanceus""}"
164dbd3d193554d3d71edf525975cd0a,flagship,4h,trend_breakout/4/regime_pivot_be12,XRP,2020-10-22T08:00:00+00:00,2020-10-22T12:00:00+00:00,2020-10-23T16:00:00+00:00,0.26165,0.250923758145647,-4.099461820887829,stop,8,closed,5af02e8f4525420d83a664a333615db2,d85ad7e2888f47b79e6eead8595df555,"{""atr"":0.00357541,""breadth"":0.83,""discriminator_score"":0.473,""ema200"":0.24757326,""entry_rule"":""enter at next 4h open"",""event"":""entry"",""gate"":""bull_override"",""historical"":true,""indicative_stop"":0.25089376,""model"":""trend_breakout/4/regime_pivot_be12"",""reference_close"":0.26162,""relvol"":2.71,""side"":""long"",""signal_bar_time"":""2020-10-22 08:00:00+00:00"",""stop_atr_mult"":3.0,""symbol"":""XRP"",""timeframe"":""4h"",""venue"":""binanceus"",""z"":2.61}","{""bars_held"":8,""cumulative_pct"":-9.23,""entry_bar_time"":""2020-10-22 08:00:00+00:00"",""event"":""exit"",""exit_reason"":""stop"",""historical"":true,""hold_days"":1.3,""model"":""trend_breakout/4/regime_pivot_be12"",""pct_captured"":-4.1,""side"":""long"",""signal_bar_time"":""2020-10-23 16:00:00+00:00"",""symbol"":""XRP"",""timeframe"":""4h"",""venue"":""binanceus""}"
2b745f95c04e1cd506e2f41ec129ffe9,flagship,4h,trend_breakout/4/regime_pivot_be12,ADA,2020-11-06T00:00:00+00:00,2020-11-06T04:00:00+00:00,2020-11-07T16:00:00+00:00,0.10192,0.10066,-1.2362637362637319,trend_break,10,closed,e84364dd6f58414680f656bdfbe5e20a,d85ad7e2888f47b79e6eead8595df555,"{""atr"":0.00245196,""breadth"":0.6,""discriminator_score"":0.487,""ema200"":0.09998542,""entry_rule"":""enter at next 4h open"",""event"":""entry"",""gate"":""bull_override"",""historical"":true,""indicative_stop"":0.09419413,""model"":""trend_breakout/4/regime_pivot_be12"",""reference_close"":0.10155,""relvol"":3.55,""side"":""long"",""signal_bar_time"":""2020-11-06 00:00:00+00:00"",""stop_atr_mult"":3.0,""symbol"":""ADA"",""timeframe"":""4h"",""venue"":""binanceus"",""z"":2.69}","{""bars_held"":10,""cumulative_pct"":222.19,""entry_bar_time"":""2020-11-06 00:00:00+00:00"",""event"":""exit"",""exit_reason"":""trend_break"",""historical"":true,""hold_days"":1.7,""model"":""trend_breakout/4/regime_pivot_be12"",""pct_captured"":-1.24,""side"":""long"",""signal_bar_time"":""2020-11-07 16:00:00+00:00"",""symbol"":""ADA"",""timeframe"":""4h"",""venue"":""binanceus""}"
816e9005bc8954c4a094b52253f6d993,flagship,4h,trend_breakout/4/regime_pivot_be12,BNB,2020-11-06T04:00:00+00:00,2020-11-06T08:00:00+00:00,2020-11-07T16:00:00+00:00,28.7855,27.4018,-4.806934046655432,trend_break,9,closed,e84364dd6f58414680f656bdfbe5e20a,d85ad7e2888f47b79e6eead8595df555,"{""atr"":0.61486791,""breadth"":0.8,""discriminator_score"":0.552,""ema200"":28.65472513,""entry_rule"":""enter at next 4h open"",""event"":""entry"",""gate"":""bull_override"",""historical"":true,""indicative_stop"":26.97219628,""model"":""trend_breakout/4/regime_pivot_be12"",""reference_close"":28.8168,""relvol"":3.39,""side"":""long"",""signal_bar_time"":""2020-11-06 04:00:00+00:00"",""stop_atr_mult"":3.0,""symbol"":""BNB"",""timeframe"":""4h"",""venue"":""binanceus"",""z"":2.6}","{""bars_held"":9,""cumulative_pct"":12.29,""entry_bar_time"":""2020-11-06 04:00:00+00:00"",""event"":""exit"",""exit_reason"":""trend_break"",""historical"":true,""hold_days"":1.5,""model"":""trend_breakout/4/regime_pivot_be12"",""pct_captured"":-4.81,""side"":""long"",""signal_bar_time"":""2020-11-07 16:00:00+00:00"",""symbol"":""BNB"",""timeframe"":""4h"",""venue"":""binanceus""}"
b0cdbd6f55754620868a4310ecc3995b,flagship,4h,trend_breakout/4/regime_pivot_be12,XRP,2020-11-06T08:00:00+00:00,2020-11-06T12:00:00+00:00,2020-11-07T16:00:00+00:00,0.25884,0.24527770072381766,-5.239645833790119,stop,8,closed,5af02e8f4525420d83a664a333615db2,d85ad7e2888f47b79e6eead8595df555,"{""atr"":0.00452077,""breadth"":0.83,""discriminator_score"":0.541,""ema200"":0.24567848,""entry_rule"":""enter at next 4h open"",""event"":""entry"",""gate"":""bull_override"",""historical"":true,""indicative_stop"":0.2448277,""model"":""trend_breakout/4/regime_pivot_be12"",""reference_close"":0.25839,""relvol"":2.54,""side"":""long"",""signal_bar_time"":""2020-11-06 08:00:00+00:00"",""stop_atr_mult"":3.0,""symbol"":""XRP"",""timeframe"":""4h"",""venue"":""binanceus"",""z"":2.65}","{""bars_held"":8,""cumulative_pct"":-14.47,""entry_bar_time"":""2020-11-06 08:00:00+00:00"",""event"":""exit"",""exit_reason"":""stop"",""historical"":true,""hold_days"":1.3,""model"":""trend_breakout/4/regime_pivot_be12"",""pct_captured"":-5.24,""side"":""long"",""signal_bar_time"":""2020-11-07 16:00:00+00:00"",""symbol"":""XRP"",""timeframe"":""4h"",""venue"":""binanceus""}"
b30ea5de768696f6c40948dfa95ce64d,flagship,4h,trend_breakout/4/regime_pivot_be12,SOL,2020-11-07T00:00:00+00:00,2020-11-07T04:00:00+00:00,2020-11-07T16:00:00+00:00,2.1616,2.1616,0,be_stop,4,closed,e84364dd6f58414680f656bdfbe5e20a,d85ad7e2888f47b79e6eead8595df555,"{""atr"":0.10086166,""breadth"":1.0,""discriminator_score"":0.218,""ema200"":1.93637655,""entry_rule"":""enter at next 4h open"",""event"":""entry"",""gate"":""bull_override"",""historical"":true,""indicative_stop"":1.80741502,""model"":""trend_breakout/4/regime_pivot_be12"",""reference_close"":2.11,""relvol"":18.35,""side"":""long"",""signal_bar_time"":""2020-11-07 00:00:00+00:00"",""stop_atr_mult"":3.0,""symbol"":""SOL"",""timeframe"":""4h"",""venue"":""binanceus"",""z"":2.73}","{""bars_held"":4,""cumulative_pct"":0.0,""entry_bar_time"":""2020-11-07 00:00:00+00:00"",""event"":""exit"",""exit_reason"":""be_stop"",""historical"":true,""hold_days"":0.7,""model"":""trend_breakout/4/regime_pivot_be12"",""pct_captured"":0.0,""side"":""long"",""signal_bar_time"":""2020-11-07 16:00:00+00:00"",""symbol"":""SOL"",""timeframe"":""4h"",""venue"":""binanceus""}"
7219ce1c42c55473bda9a027e6093ccd,flagship,4h,trend_breakout/4/regime_pivot_be12,XRP,2020-11-13T16:00:00+00:00,2020-11-13T20:00:00+00:00,2020-12-13T00:00:00+00:00,0.26437,0.48871,84.85834247456216,trend_break,176,closed,5af02e8f4525420d83a664a333615db2,d85ad7e2888f47b79e6eead8595df555,"{""atr"":0.00429542,""breadth"":0.83,""discriminator_score"":0.601,""ema200"":0.24909589,""entry_rule"":""enter at next 4h open"",""event"":""entry"",""gate"":""bull_override"",""historical"":true,""indicative_stop"":0.25076374,""model"":""trend_breakout/4/regime_pivot_be12"",""reference_close"":0.26365,""relvol"":4.63,""side"":""long"",""signal_bar_time"":""2020-11-13 16:00:00+00:00"",""stop_atr_mult"":3.0,""symbol"":""XRP"",""timeframe"":""4h"",""venue"":""binanceus"",""z"":3.15}","{""bars_held"":176,""cumulative_pct"":70.39,""entry_bar_time"":""2020-11-13 16:00:00+00:00"",""event"":""exit"",""exit_reason"":""trend_break"",""historical"":true,""hold_days"":29.3,""model"":""trend_breakout/4/regime_pivot_be12"",""pct_captured"":84.86,""side"":""long"",""signal_bar_time"":""2020-12-13 00:00:00+00:00"",""symbol"":""XRP"",""timeframe"":""4h"",""venue"":""binanceus""}"
208443bb939322f412378b616b835ab1,flagship,4h,trend_breakout/4/regime_pivot_be12,ADA,2020-11-17T04:00:00+00:00,2020-11-17T08:00:00+00:00,2020-12-09T04:00:00+00:00,0.10843,0.13348,23.102462418149948,trend_break,132,closed,e84364dd6f58414680f656bdfbe5e20a,d85ad7e2888f47b79e6eead8595df555,"{""atr"":0.00195051,""breadth"":1.0,""discriminator_score"":0.476,""ema200"":0.10248895,""entry_rule"":""enter at next 4h open"",""event"":""entry"",""gate"":""bull_override"",""historical"":true,""indicative_stop"":0.10241848,""model"":""trend_breakout/4/regime_pivot_be12"",""reference_close"":0.10827,""relvol"":3.06,""side"":""long"",""signal_bar_time"":""2020-11-17 04:00:00+00:00"",""stop_atr_mult"":3.0,""symbol"":""ADA"",""timeframe"":""4h"",""venue"":""binanceus"",""z"":2.53}","{""bars_held"":132,""cumulative_pct"":245.29,""entry_bar_time"":""2020-11-17 04:00:00+00:00"",""event"":""exit"",""exit_reason"":""trend_break"",""historical"":true,""hold_days"":22.0,""model"":""trend_breakout/4/regime_pivot_be12"",""pct_captured"":23.1,""side"":""long"",""signal_bar_time"":""2020-12-09 04:00:00+00:00"",""symbol"":""ADA"",""timeframe"":""4h"",""venue"":""binanceus""}"
4f979b454fe11aa637e4a926c5ce4032,flagship,4h,trend_breakout/4/regime_pivot_be12,BNB,2020-11-17T04:00:00+00:00,2020-11-17T08:00:00+00:00,2020-11-18T00:00:00+00:00,28.5439,28.3145,-0.8036743402268121,trend_break,5,closed,e84364dd6f58414680f656bdfbe5e20a,d85ad7e2888f47b79e6eead8595df555,"{""atr"":0.35387239,""breadth"":1.0,""discriminator_score"":0.43,""ema200"":28.3649292,""entry_rule"":""enter at next 4h open"",""event"":""entry"",""gate"":""bull_override"",""historical"":true,""indicative_stop"":27.51658284,""model"":""trend_breakout/4/regime_pivot_be12"",""reference_close"":28.5782,""relvol"":5.08,""side"":""long"",""signal_bar_time"":""2020-11-17 04:00:00+00:00"",""stop_atr_mult"":3.0,""symbol"":""BNB"",""timeframe"":""4h"",""venue"":""binanceus"",""z"":2.86}","{""bars_held"":5,""cumulative_pct"":11.49,""entry_bar_time"":""2020-11-17 04:00:00+00:00"",""event"":""exit"",""exit_reason"":""trend_break"",""historical"":true,""hold_days"":0.8,""model"":""trend_breakout/4/regime_pivot_be12"",""pct_captured"":-0.8,""side"":""long"",""signal_bar_time"":""2020-11-18 00:00:00+00:00"",""symbol"":""BNB"",""timeframe"":""4h"",""venue"":""binanceus""}"
a27edd192ae2cec221dc4f40135432f1,flagship,4h,trend_breakout/4/regime_pivot_be12,ETH,2020-11-17T16:00:00+00:00,2020-11-17T20:00:00+00:00,2020-11-26T08:00:00+00:00,483.44,483.44,0,be_stop,52,closed,e84364dd6f58414680f656bdfbe5e20a,d85ad7e2888f47b79e6eead8595df555,"{""atr"":20.20810496,""breadth"":1.0,""discriminator_score"":0.672,""ema200"":420.77679877,""entry_rule"":""enter at next 4h open"",""event"":""entry"",""gate"":""bull_override"",""historical"":true,""indicative_stop"":422.37568511,""model"":""trend_breakout/4/regime_pivot_be12"",""reference_close"":483.0,""relvol"":6.41,""side"":""long"",""signal_bar_time"":""2020-11-17 16:00:00+00:00"",""stop_atr_mult"":3.0,""symbol"":""ETH"",""timeframe"":""4h"",""venue"":""binanceus"",""z"":2.82}","{""bars_held"":52,""cumulative_pct"":57.22,""entry_bar_time"":""2020-11-17 16:00:00+00:00"",""event"":""exit"",""exit_reason"":""be_stop"",""historical"":true,""hold_days"":8.7,""model"":""trend_breakout/4/regime_pivot_be12"",""pct_captured"":0.0,""side"":""long"",""signal_bar_time"":""2020-11-26 08:00:00+00:00"",""symbol"":""ETH"",""timeframe"":""4h"",""venue"":""binanceus""}"
fe2566979417c9a29357e8b99f39be56,flagship,4h,trend_breakout/4/regime_pivot_be12,BNB,2020-11-21T12:00:00+00:00,2020-11-21T16:00:00+00:00,2020-11-25T00:00:00+00:00,30.4999,30.4999,0,be_stop,21,closed,e84364dd6f58414680f656bdfbe5e20a,d85ad7e2888f47b79e6eead8595df555,"{""atr"":0.59666046,""breadth"":1.0,""discriminator_score"":0.505,""ema200"":28.39443769,""entry_rule"":""enter at next 4h open"",""event"":""entry"",""gate"":""bull_override"",""historical"":true,""indicative_stop"":28.70531863,""model"":""trend_breakout/4/regime_pivot_be12"",""reference_close"":30.4953,""relvol"":3.0,""side"":""long"",""signal_bar_time"":""2020-11-21 12:00:00+00:00"",""stop_atr_mult"":3.0,""symbol"":""BNB"",""timeframe"":""4h"",""venue"":""binanceus"",""z"":3.31}","{""bars_held"":21,""cumulative_pct"":11.49,""entry_bar_time"":""2020-11-21 12:00:00+00:00"",""event"":""exit"",""exit_reason"":""be_stop"",""historical"":true,""hold_days"":3.5,""model"":""trend_breakout/4/regime_pivot_be12"",""pct_captured"":0.0,""side"":""long"",""signal_bar_time"":""2020-11-25 00:00:00+00:00"",""symbol"":""BNB"",""timeframe"":""4h"",""venue"":""binanceus""}"
7299aa1d6f2e00fc8899c81b3ed4613e,flagship,4h,trend_breakout/4/regime_pivot_be12,SOL,2020-11-21T12:00:00+00:00,2020-11-21T16:00:00+00:00,2020-11-22T00:00:00+00:00,2.4017,2.1546271637205643,-10.287414592973132,stop,3,closed,e84364dd6f58414680f656bdfbe5e20a,d85ad7e2888f47b79e6eead8595df555,"{""atr"":0.08235761,""breadth"":1.0,""discriminator_score"":0.461,""ema200"":2.03740144,""entry_rule"":""enter at next 4h open"",""event"":""entry"",""gate"":""bull_override"",""historical"":true,""indicative_stop"":2.13462716,""model"":""trend_breakout/4/regime_pivot_be12"",""reference_close"":2.3817,""relvol"":6.66,""side"":""long"",""signal_bar_time"":""2020-11-21 12:00:00+00:00"",""stop_atr_mult"":3.0,""symbol"":""SOL"",""timeframe"":""4h"",""venue"":""binanceus"",""z"":3.5}","{""bars_held"":3,""cumulative_pct"":-10.29,""entry_bar_time"":""2020-11-21 12:00:00+00:00"",""event"":""exit"",""exit_reason"":""stop"",""historical"":true,""hold_days"":0.5,""model"":""trend_breakout/4/regime_pivot_be12"",""pct_captured"":-10.29,""side"":""long"",""signal_bar_time"":""2020-11-22 00:00:00+00:00"",""symbol"":""SOL"",""timeframe"":""4h"",""venue"":""binanceus""}"
d9064feb18887199309c8bed3771ed85,flagship,4h,trend_breakout/4/regime_pivot_be12,ADA,2020-12-16T12:00:00+00:00,2020-12-16T16:00:00+00:00,2020-12-21T12:00:00+00:00,0.16206,0.14922891688089995,-7.9174892750216275,stop,30,closed,e84364dd6f58414680f656bdfbe5e20a,d85ad7e2888f47b79e6eead8595df555,"{""atr"":0.00427703,""breadth"":0.8,""discriminator_score"":0.524,""ema200"":0.14160694,""entry_rule"":""enter at next 4h open"",""event"":""entry"",""gate"":""bull_override"",""historical"":true,""indicative_stop"":0.14908892,""model"":""trend_breakout/4/regime_pivot_be12"",""reference_close"":0.16192,""relvol"":3.76,""side"":""long"",""signal_bar_time"":""2020-12-16 12:00:00+00:00"",""stop_atr_mult"":3.0,""symbol"":""ADA"",""timeframe"":""4h"",""venue"":""binanceus"",""z"":2.79}","{""bars_held"":30,""cumulative_pct"":237.37,""entry_bar_time"":""2020-12-16 12:00:00+00:00"",""event"":""exit"",""exit_reason"":""stop"",""historical"":true,""hold_days"":5.0,""model"":""trend_breakout/4/regime_pivot_be12"",""pct_captured"":-7.92,""side"":""long"",""signal_bar_time"":""2020-12-21 12:00:00+00:00"",""symbol"":""ADA"",""timeframe"":""4h"",""venue"":""binanceus""}"
25a5e480ff2d4c8bf9734dd694956972,flagship,4h,trend_breakout/4/regime_pivot_be12,ETH,2020-12-16T12:00:00+00:00,2020-12-16T16:00:00+00:00,2020-12-23T20:00:00+00:00,620.72,586.8633005833497,-5.454423800852293,stop,44,closed,e84364dd6f58414680f656bdfbe5e20a,d85ad7e2888f47b79e6eead8595df555,"{""atr"":11.28556647,""breadth"":0.8,""discriminator_score"":0.521,""ema200"":544.78385856,""entry_rule"":""enter at next 4h open"",""event"":""entry"",""gate"":""bull_override"",""historical"":true,""indicative_stop"":586.01330058,""model"":""trend_breakout/4/regime_pivot_be12"",""reference_close"":619.87,""relvol"":5.81,""side"":""long"",""signal_bar_time"":""2020-12-16 12:00:00+00:00"",""stop_atr_mult"":3.0,""symbol"":""ETH"",""timeframe"":""4h"",""venue"":""binanceus"",""z"":3.89}","{""bars_held"":44,""cumulative_pct"":51.77,""entry_bar_time"":""2020-12-16 12:00:00+00:00"",""event"":""exit"",""exit_reason"":""stop"",""historical"":true,""hold_days"":7.3,""model"":""trend_breakout/4/regime_pivot_be12"",""pct_captured"":-5.45,""side"":""long"",""signal_bar_time"":""2020-12-23 20:00:00+00:00"",""symbol"":""ETH"",""timeframe"":""4h"",""venue"":""binanceus""}"
bf23d67aeecfefa817d567bce6be70fe,flagship,4h,trend_breakout/4/regime_pivot_be12,XRP,2020-12-16T20:00:00+00:00,2020-12-17T00:00:00+00:00,2020-12-17T20:00:00+00:00,0.56932,0.56932,0,be_stop,6,closed,5af02e8f4525420d83a664a333615db2,d85ad7e2888f47b79e6eead8595df555,"{""atr"":0.02541141,""breadth"":0.83,""discriminator_score"":0.449,""ema200"":0.49471024,""entry_rule"":""enter at next 4h open"",""event"":""entry"",""gate"":""bull_override"",""historical"":true,""indicative_stop"":0.49513578,""model"":""trend_breakout/4/regime_pivot_be12"",""reference_close"":0.57137,""relvol"":4.21,""side"":""long"",""signal_bar_time"":""2020-12-16 20:00:00+00:00"",""stop_atr_mult"":3.0,""symbol"":""XRP"",""timeframe"":""4h"",""venue"":""binanceus"",""z"":2.82}","{""bars_held"":6,""cumulative_pct"":70.39,""entry_bar_time"":""2020-12-16 20:00:00+00:00"",""event"":""exit"",""exit_reason"":""be_stop"",""historical"":true,""hold_days"":1.0,""model"":""trend_breakout/4/regime_pivot_be12"",""pct_captured"":0.0,""side"":""long"",""signal_bar_time"":""2020-12-17 20:00:00+00:00"",""symbol"":""XRP"",""timeframe"":""4h"",""venue"":""binanceus""}"
17e45014b5d15295100b682a19ed8cd0,flagship,4h,trend_breakout/4/regime_pivot_be12,BNB,2020-12-17T08:00:00+00:00,2020-12-17T12:00:00+00:00,2020-12-17T20:00:00+00:00,31.4061,29.903717500890426,-4.783728317459257,stop,3,closed,e84364dd6f58414680f656bdfbe5e20a,d85ad7e2888f47b79e6eead8595df555,"{""atr"":0.50079417,""breadth"":0.8,""discriminator_score"":0.489,""ema200"":29.14566553,""entry_rule"":""enter at next 4h open"",""event"":""entry"",""gate"":""bull_override"",""historical"":true,""indicative_stop"":29.8887175,""model"":""trend_breakout/4/regime_pivot_be12"",""reference_close"":31.3911,""relvol"":3.14,""side"":""long"",""signal_bar_time"":""2020-12-17 08:00:00+00:00"",""stop_atr_mult"":3.0,""symbol"":""BNB"",""timeframe"":""4h"",""venue"":""binanceus"",""z"":2.52}","{""bars_held"":3,""cumulative_pct"":6.7,""entry_bar_time"":""2020-12-17 08:00:00+00:00"",""event"":""exit"",""exit_reason"":""stop"",""historical"":true,""hold_days"":0.5,""model"":""trend_breakout/4/regime_pivot_be12"",""pct_captured"":-4.78,""side"":""long"",""signal_bar_time"":""2020-12-17 20:00:00+00:00"",""symbol"":""BNB"",""timeframe"":""4h"",""venue"":""binanceus""}"
be8b6082d66615d6aab2c9082a9ef18d,flagship,4h,trend_breakout/4/regime_pivot_be12,BNB,2020-12-19T12:00:00+00:00,2020-12-19T16:00:00+00:00,2020-12-21T12:00:00+00:00,33.93,31.770709191667535,-6.36395758423951,stop,12,closed,e84364dd6f58414680f656bdfbe5e20a,d85ad7e2888f47b79e6eead8595df555,"{""atr"":0.7197636,""breadth"":0.8,""discriminator_score"":0.586,""ema200"":29.39762083,""entry_rule"":""enter at next 4h open"",""event"":""entry"",""gate"":""bull_override"",""historical"":true,""indicative_stop"":31.70070919,""model"":""trend_breakout/4/regime_pivot_be12"",""reference_close"":33.86,""relvol"":2.92,""side"":""long"",""signal_bar_time"":""2020-12-19 12:00:00+00:00"",""stop_atr_mult"":3.0,""symbol"":""BNB"",""timeframe"":""4h"",""venue"":""binanceus"",""z"":3.1}","{""bars_held"":12,""cumulative_pct"":0.34,""entry_bar_time"":""2020-12-19 12:00:00+00:00"",""event"":""exit"",""exit_reason"":""stop"",""historical"":true,""hold_days"":2.0,""model"":""trend_breakout/4/regime_pivot_be12"",""pct_captured"":-6.36,""side"":""long"",""signal_bar_time"":""2020-12-21 12:00:00+00:00"",""symbol"":""BNB"",""timeframe"":""4h"",""venue"":""binanceus""}"
d3311b257d38a2072490cec3b91336a7,flagship,4h,trend_breakout/4/regime_pivot_be12,ETH,2020-12-27T12:00:00+00:00,2020-12-27T16:00:00+00:00,2021-02-23T04:00:00+00:00,698.91,1589.37,127.40696226982013,trend_break,346,closed,e84364dd6f58414680f656bdfbe5e20a,d85ad7e2888f47b79e6eead8595df555,"{""atr"":22.99264632,""breadth"":0.8,""discriminator_score"":0.559,""ema200"":585.50475442,""entry_rule"":""enter at next 4h open"",""event"":""entry"",""gate"":""bull_override"",""historical"":true,""indicative_stop"":629.00206105,""model"":""trend_breakout/4/regime_pivot_be12"",""reference_close"":697.98,""relvol"":3.72,""side"":""long"",""signal_bar_time"":""2020-12-27 12:00:00+00:00"",""stop_atr_mult"":3.0,""symbol"":""ETH"",""timeframe"":""4h"",""venue"":""binanceus"",""z"":2.99}","{""bars_held"":346,""cumulative_pct"":179.17,""entry_bar_time"":""2020-12-27 12:00:00+00:00"",""event"":""exit"",""exit_reason"":""trend_break"",""historical"":true,""hold_days"":57.7,""model"":""trend_breakout/4/regime_pivot_be12"",""pct_captured"":127.41,""side"":""long"",""signal_bar_time"":""2021-02-23 04:00:00+00:00"",""symbol"":""ETH"",""timeframe"":""4h"",""venue"":""binanceus""}"
e18e25ae3ccd4dada40b3251f0358745,flagship,4h,trend_breakout/4/regime_pivot_be12,ADA,2020-12-28T20:00:00+00:00,2020-12-29T00:00:00+00:00,2021-03-24T20:00:00+00:00,0.17701,1.06772,503.19755945991756,trend_break,516,closed,e84364dd6f58414680f656bdfbe5e20a,d85ad7e2888f47b79e6eead8595df555,"{""atr"":0.00788818,""breadth"":0.8,""discriminator_score"":0.616,""ema200"":0.15047,""entry_rule"":""enter at next 4h open"",""event"":""entry"",""gate"":""bull_override"",""historical"":true,""indicative_stop"":0.15315545,""model"":""trend_breakout/4/regime_pivot_be12"",""reference_close"":0.17682,""relvol"":2.02,""side"":""long"",""signal_bar_time"":""2020-12-28 20:00:00+00:00"",""stop_atr_mult"":3.0,""symbol"":""ADA"",""timeframe"":""4h"",""venue"":""binanceus"",""z"":2.55}","{""bars_held"":516,""cumulative_pct"":740.57,""entry_bar_time"":""2020-12-28 20:00:00+00:00"",""event"":""exit"",""exit_reason"":""trend_break"",""historical"":true,""hold_days"":86.0,""model"":""trend_breakout/4/regime_pivot_be12"",""pct_captured"":503.2,""side"":""long"",""signal_bar_time"":""2021-03-24 20:00:00+00:00"",""symbol"":""ADA"",""timeframe"":""4h"",""venue"":""binanceus""}"
64641fd796e78a5220ac0052e9c8805a,flagship,4h,trend_breakout/4/regime_pivot_be12,BNB,2020-12-29T00:00:00+00:00,2020-12-29T04:00:00+00:00,2021-01-11T00:00:00+00:00,39.521,39.521,0,be_stop,78,closed,e84364dd6f58414680f656bdfbe5e20a,d85ad7e2888f47b79e6eead8595df555,"{""atr"":1.3096988,""breadth"":0.8,""discriminator_score"":0.597,""ema200"":31.1808211,""entry_rule"":""enter at next 4h open"",""event"":""entry"",""gate"":""bull_override"",""historical"":true,""indicative_stop"":35.52020361,""model"":""trend_breakout/4/regime_pivot_be12"",""reference_close"":39.4493,""relvol"":3.47,""side"":""long"",""signal_bar_time"":""2020-12-29 00:00:00+00:00"",""stop_atr_mult"":3.0,""symbol"":""BNB"",""timeframe"":""4h"",""venue"":""binanceus"",""z"":3.36}","{""bars_held"":78,""cumulative_pct"":0.34,""entry_bar_time"":""2020-12-29 00:00:00+00:00"",""event"":""exit"",""exit_reason"":""be_stop"",""historical"":true,""hold_days"":13.0,""model"":""trend_breakout/4/regime_pivot_be12"",""pct_captured"":0.0,""side"":""long"",""signal_bar_time"":""2021-01-11 00:00:00+00:00"",""symbol"":""BNB"",""timeframe"":""4h"",""venue"":""binanceus""}"
a2ce414a6639f43563f7988c96b5b845,flagship,4h,trend_breakout/4/regime_pivot_be12,SOL,2021-01-01T20:00:00+00:00,2021-01-02T00:00:00+00:00,2021-03-25T08:00:00+00:00,1.8166,13.1208,622.272376967962,trend_break,495,closed,e84364dd6f58414680f656bdfbe5e20a,d85ad7e2888f47b79e6eead8595df555,"{""atr"":0.07495634,""breadth"":1.0,""discriminator_score"":0.434,""ema200"":1.63813127,""entry_rule"":""enter at next 4h open"",""event"":""entry"",""gate"":""bull_override"",""historical"":true,""indicative_stop"":1.62063098,""model"":""trend_breakout/4/regime_pivot_be12"",""reference_close"":1.8455,""relvol"":4.42,""side"":""long"",""signal_bar_time"":""2021-01-01 20:00:00+00:00"",""stop_atr_mult"":3.0,""symbol"":""SOL"",""timeframe"":""4h"",""venue"":""binanceus"",""z"":2.86}","{""bars_held"":495,""cumulative_pct"":611.98,""entry_bar_time"":""2021-01-01 20:00:00+00:00"",""event"":""exit"",""exit_reason"":""trend_break"",""historical"":true,""hold_days"":82.5,""model"":""trend_breakout/4/regime_pivot_be12"",""pct_captured"":622.27,""side"":""long"",""signal_bar_time"":""2021-03-25 08:00:00+00:00"",""symbol"":""SOL"",""timeframe"":""4h"",""venue"":""binanceus""}"
172b911e1885b99fb7a32a2872e28400,flagship,4h,trend_breakout/4/regime_pivot_be12,XRP,2021-01-07T08:00:00+00:00,2021-01-07T12:00:00+00:00,2021-01-07T12:00:00+00:00,0.35855,0.33602,-6.283642448751914,trend_break,1,closed,5af02e8f4525420d83a664a333615db2,d85ad7e2888f47b79e6eead8595df555,"{""atr"":0.02382174,""breadth"":1.0,""discriminator_score"":0.051,""ema200"":0.35436202,""entry_rule"":""enter at next 4h open"",""event"":""entry"",""gate"":""bull_override"",""historical"":true,""indicative_stop"":0.28708477,""model"":""trend_breakout/4/regime_pivot_be12"",""reference_close"":0.35855,""relvol"":3.68,""side"":""long"",""signal_bar_time"":""2021-01-07 08:00:00+00:00"",""stop_atr_mult"":3.0,""symbol"":""XRP"",""timeframe"":""4h"",""venue"":""binanceus"",""z"":3.68}","{""bars_held"":1,""cumulative_pct"":64.1,""entry_bar_time"":""2021-01-07 08:00:00+00:00"",""event"":""exit"",""exit_reason"":""trend_break"",""historical"":true,""hold_days"":0.2,""model"":""trend_breakout/4/regime_pivot_be12"",""pct_captured"":-6.28,""side"":""long"",""signal_bar_time"":""2021-01-07 12:00:00+00:00"",""symbol"":""XRP"",""timeframe"":""4h"",""venue"":""binanceus""}"
689d60637cfede5614ebae7d3f5f73c3,flagship,4h,trend_breakout/4/regime_pivot_be12,BNB,2021-01-17T16:00:00+00:00,2021-01-17T20:00:00+00:00,2021-01-20T08:00:00+00:00,45.6969,40.71747908405806,-10.89662737722239,stop,16,closed,e84364dd6f58414680f656bdfbe5e20a,d85ad7e2888f47b79e6eead8595df555,"{""atr"":1.65980697,""breadth"":1.0,""discriminator_score"":0.652,""ema200"":37.74203258,""entry_rule"":""enter at next 4h open"",""event"":""entry"",""gate"":""discriminator"",""historical"":true,""indicative_stop"":40.45117908,""model"":""trend_breakout/4/regime_pivot_be12"",""reference_close"":45.4306,""relvol"":3.11,""side"":""long"",""signal_bar_time"":""2021-01-17 16:00:00+00:00"",""stop_atr_mult"":3.0,""symbol"":""BNB"",""timeframe"":""4h"",""venue"":""binanceus"",""z"":2.62}","{""bars_held"":16,""cumulative_pct"":-10.56,""entry_bar_time"":""2021-01-17 16:00:00+00:00"",""event"":""exit"",""exit_reason"":""stop"",""historical"":true,""hold_days"":2.7,""model"":""trend_breakout/4/regime_pivot_be12"",""pct_captured"":-10.9,""side"":""long"",""signal_bar_time"":""2021-01-20 08:00:00+00:00"",""symbol"":""BNB"",""timeframe"":""4h"",""venue"":""binanceus""}"
44bd053d88342c1fa3d5bab7e1c9082b,flagship,4h,trend_breakout/4/regime_pivot_be12,BNB,2021-01-29T08:00:00+00:00,2021-01-29T12:00:00+00:00,2021-03-25T12:00:00+00:00,43.7918,231.0883,427.69765115843603,trend_break,331,closed,e84364dd6f58414680f656bdfbe5e20a,d85ad7e2888f47b79e6eead8595df555,"{""atr"":1.05674014,""breadth"":1.0,""discriminator_score"":0.458,""ema200"":39.80535528,""entry_rule"":""enter at next 4h open"",""event"":""entry"",""gate"":""bull_override"",""historical"":true,""indicative_stop"":40.68447959,""model"":""trend_breakout/4/regime_pivot_be12"",""reference_close"":43.8547,""relvol"":6.32,""side"":""long"",""signal_bar_time"":""2021-01-29 08:00:00+00:00"",""stop_atr_mult"":3.0,""symbol"":""BNB"",""timeframe"":""4h"",""venue"":""binanceus"",""z"":2.54}","{""bars_held"":331,""cumulative_pct"":417.14,""entry_bar_time"":""2021-01-29 08:00:00+00:00"",""event"":""exit"",""exit_reason"":""trend_break"",""historical"":true,""hold_days"":55.2,""model"":""trend_breakout/4/regime_pivot_be12"",""pct_captured"":427.7,""side"":""long"",""signal_bar_time"":""2021-03-25 12:00:00+00:00"",""symbol"":""BNB"",""timeframe"":""4h"",""venue"":""binanceus""}"
809a570c06ae732ee7912129f1b0341e,flagship,4h,trend_breakout/4/regime_pivot_be12,BTC,2021-01-29T08:00:00+00:00,2021-01-29T12:00:00+00:00,2021-01-31T16:00:00+00:00,37023.02,32297.72596121973,-12.763124236705348,stop,14,closed,e84364dd6f58414680f656bdfbe5e20a,d85ad7e2888f47b79e6eead8595df555,"{""atr"":1575.09801293,""breadth"":1.0,""discriminator_score"":0.428,""ema200"":32030.21671742,""entry_rule"":""enter at next 4h open"",""event"":""entry"",""gate"":""bull_override"",""historical"":true,""indicative_stop"":32314.47596122,""model"":""trend_breakout/4/regime_pivot_be12"",""reference_close"":37039.77,""relvol"":9.83,""side"":""long"",""signal_bar_time"":""2021-01-29 08:00:00+00:00"",""stop_atr_mult"":3.0,""symbol"":""BTC"",""timeframe"":""4h"",""venue"":""binanceus"",""z"":3.5}","{""bars_held"":14,""cumulative_pct"":170.49,""entry_bar_time"":""2021-01-29 08:00:00+00:00"",""event"":""exit"",""exit_reason"":""stop"",""historical"":true,""hold_days"":2.3,""model"":""trend_breakout/4/regime_pivot_be12"",""pct_captured"":-12.76,""side"":""long"",""signal_bar_time"":""2021-01-31 16:00:00+00:00"",""symbol"":""BTC"",""timeframe"":""4h"",""venue"":""binanceus""}"
e51bd6f0f17aef1d7e2008a7fc3e5623,flagship,4h,trend_breakout/4/regime_pivot_be12,BTC,2021-02-08T12:00:00+00:00,2021-02-08T16:00:00+00:00,2021-02-28T00:00:00+00:00,43688.71,44618.12,2.1273459436087716,trend_break,117,closed,e84364dd6f58414680f656bdfbe5e20a,d85ad7e2888f47b79e6eead8595df555,"{""atr"":1411.91544317,""breadth"":1.0,""discriminator_score"":0.556,""ema200"":34204.82550356,""entry_rule"":""enter at next 4h open"",""event"":""entry"",""gate"":""bull_override"",""historical"":true,""indicative_stop"":39452.96367048,""model"":""trend_breakout/4/regime_pivot_be12"",""reference_close"":43688.71,""relvol"":3.58,""side"":""long"",""signal_bar_time"":""2021-02-08 12:00:00+00:00"",""stop_atr_mult"":3.0,""symbol"":""BTC"",""timeframe"":""4h"",""venue"":""binanceus"",""z"":3.37}","{""bars_held"":117,""cumulative_pct"":172.62,""entry_bar_time"":""2021-02-08 12:00:00+00:00"",""event"":""exit"",""exit_reason"":""trend_break"",""historical"":true,""hold_days"":19.5,""model"":""trend_breakout/4/regime_pivot_be12"",""pct_captured"":2.13,""side"":""long"",""signal_bar_time"":""2021-02-28 00:00:00+00:00"",""symbol"":""BTC"",""timeframe"":""4h"",""venue"":""binanceus""}"
8cd94d34ec903daf4ed226e1e40d4282,flagship,4h,trend_breakout/4/regime_pivot_be12,SOL,2021-04-03T00:00:00+00:00,2021-04-03T04:00:00+00:00,2021-05-19T20:00:00+00:00,21.06,35.0311,66.33950617283952,trend_break,281,closed,e84364dd6f58414680f656bdfbe5e20a,d85ad7e2888f47b79e6eead8595df555,"{""atr"":0.66577132,""breadth"":1.0,""discriminator_score"":0.78,""ema200"":15.13241548,""entry_rule"":""enter at next 4h open"",""event"":""entry"",""gate"":""discriminator"",""historical"":true,""indicative_stop"":19.06268603,""model"":""trend_breakout/4/regime_pivot_be12"",""reference_close"":21.06,""relvol"":2.2,""side"":""long"",""signal_bar_time"":""2021-04-03 00:00:00+00:00"",""stop_atr_mult"":3.0,""symbol"":""SOL"",""timeframe"":""4h"",""venue"":""binanceus"",""z"":3.22}","{""bars_held"":281,""cumulative_pct"":678.32,""entry_bar_time"":""2021-04-03 00:00:00+00:00"",""event"":""exit"",""exit_reason"":""trend_break"",""historical"":true,""hold_days"":46.8,""model"":""trend_breakout/4/regime_pivot_be12"",""pct_captured"":66.34,""side"":""long"",""signal_bar_time"":""2021-05-19 20:00:00+00:00"",""symbol"":""SOL"",""timeframe"":""4h"",""venue"":""binanceus""}"
64e55ba4cb656a13c80f6d4251f77a6a,flagship,4h,trend_breakout/4/regime_pivot_be12,ADA,2021-04-06T12:00:00+00:00,2021-04-06T16:00:00+00:00,2021-04-18T00:00:00+00:00,1.27465,1.27465,0,be_stop,69,closed,e84364dd6f58414680f656bdfbe5e20a,d85ad7e2888f47b79e6eead8595df555,"{""atr"":0.04628413,""breadth"":1.0,""discriminator_score"":0.516,""ema200"":1.1435566,""entry_rule"":""enter at next 4h open"",""event"":""entry"",""gate"":""discriminator"",""historical"":true,""indicative_stop"":1.13771762,""model"":""trend_breakout/4/regime_pivot_be12"",""reference_close"":1.27657,""relvol"":22.37,""side"":""long"",""signal_bar_time"":""2021-04-06 12:00:00+00:00"",""stop_atr_mult"":3.0,""symbol"":""ADA"",""timeframe"":""4h"",""venue"":""binanceus"",""z"":3.42}","{""bars_held"":69,""cumulative_pct"":740.57,""entry_bar_time"":""2021-04-06 12:00:00+00:00"",""event"":""exit"",""exit_reason"":""be_stop"",""historical"":true,""hold_days"":11.5,""model"":""trend_breakout/4/regime_pivot_be12"",""pct_captured"":0.0,""side"":""long"",""signal_bar_time"":""2021-04-18 00:00:00+00:00"",""symbol"":""ADA"",""timeframe"":""4h"",""venue"":""binanceus""}"
0ee4239db1b088c6bfeca0446c8b7688,flagship,4h,trend_breakout/4/regime_pivot_be12,BTC,2021-04-10T04:00:00+00:00,2021-04-10T08:00:00+00:00,2021-04-18T00:00:00+00:00,60491.6,57415.025151607755,-5.085953832254797,stop,47,closed,e84364dd6f58414680f656bdfbe5e20a,d85ad7e2888f47b79e6eead8595df555,"{""atr"":1025.52494946,""breadth"":1.0,""discriminator_score"":0.509,""ema200"":55777.3268581,""entry_rule"":""enter at next 4h open"",""event"":""entry"",""gate"":""discriminator"",""historical"":true,""indicative_stop"":57389.90515161,""model"":""trend_breakout/4/regime_pivot_be12"",""reference_close"":60466.48,""relvol"":2.93,""side"":""long"",""signal_bar_time"":""2021-04-10 04:00:00+00:00"",""stop_atr_mult"":3.0,""symbol"":""BTC"",""timeframe"":""4h"",""venue"":""binanceus"",""z"":2.54}","{""bars_held"":47,""cumulative_pct"":167.54,""entry_bar_time"":""2021-04-10 04:00:00+00:00"",""event"":""exit"",""exit_reason"":""stop"",""historical"":true,""hold_days"":7.8,""model"":""trend_breakout/4/regime_pivot_be12"",""pct_captured"":-5.09,""side"":""long"",""signal_bar_time"":""2021-04-18 00:00:00+00:00"",""symbol"":""BTC"",""timeframe"":""4h"",""venue"":""binanceus""}"
14428a0e49a3e6fc065c7094230ebb9b,flagship,4h,trend_breakout/4/regime_pivot_be12,ETH,2021-04-13T08:00:00+00:00,2021-04-13T12:00:00+00:00,2021-04-18T00:00:00+00:00,2228.75,2228.75,0,be_stop,28,closed,e84364dd6f58414680f656bdfbe5e20a,d85ad7e2888f47b79e6eead8595df555,"{""atr"":63.95753771,""breadth"":1.0,""discriminator_score"":0.765,""ema200"":1912.34510106,""entry_rule"":""enter at next 4h open"",""event"":""entry"",""gate"":""discriminator"",""historical"":true,""indicative_stop"":2036.83738688,""model"":""trend_breakout/4/regime_pivot_be12"",""reference_close"":2228.71,""relvol"":3.18,""side"":""long"",""signal_bar_time"":""2021-04-13 08:00:00+00:00"",""stop_atr_mult"":3.0,""symbol"":""ETH"",""timeframe"":""4h"",""venue"":""binanceus"",""z"":3.46}","{""bars_held"":28,""cumulative_pct"":179.17,""entry_bar_time"":""2021-04-13 08:00:00+00:00"",""event"":""exit"",""exit_reason"":""be_stop"",""historical"":true,""hold_days"":4.7,""model"":""trend_breakout/4/regime_pivot_be12"",""pct_captured"":0.0,""side"":""long"",""signal_bar_time"":""2021-04-18 00:00:00+00:00"",""symbol"":""ETH"",""timeframe"":""4h"",""venue"":""binanceus""}"
f1b364dc75ffa4d635a918a34a614101,flagship,4h,trend_breakout/4/regime_pivot_be12,ETH,2021-05-03T20:00:00+00:00,2021-05-04T00:00:00+00:00,2021-05-04T16:00:00+00:00,3434.81,3161.4674577371034,-7.9580105526330875,stop,5,closed,e84364dd6f58414680f656bdfbe5e20a,d85ad7e2888f47b79e6eead8595df555,"{""atr"":91.11418075,""breadth"":1.0,""discriminator_score"":0.657,""ema200"":2388.28428488,""entry_rule"":""enter at next 4h open"",""event"":""entry"",""gate"":""discriminator"",""historical"":true,""indicative_stop"":3155.86745774,""model"":""trend_breakout/4/regime_pivot_be12"",""reference_close"":3429.21,""relvol"":3.61,""side"":""long"",""signal_bar_time"":""2021-05-03 20:00:00+00:00"",""stop_atr_mult"":3.0,""symbol"":""ETH"",""timeframe"":""4h"",""venue"":""binanceus"",""z"":2.65}","{""bars_held"":5,""cumulative_pct"":171.22,""entry_bar_time"":""2021-05-03 20:00:00+00:00"",""event"":""exit"",""exit_reason"":""stop"",""historical"":true,""hold_days"":0.8,""model"":""trend_breakout/4/regime_pivot_be12"",""pct_captured"":-7.96,""side"":""long"",""signal_bar_time"":""2021-05-04 16:00:00+00:00"",""symbol"":""ETH"",""timeframe"":""4h"",""venue"":""binanceus""}"
77244e77d85fdcfb8e7bc11cd7cdeaeb,flagship,4h,trend_breakout/4/regime_pivot_be12,ETH,2021-05-08T16:00:00+00:00,2021-05-08T20:00:00+00:00,2021-05-12T20:00:00+00:00,3814.14,3814.14,0,be_stop,25,closed,e84364dd6f58414680f656bdfbe5e20a,d85ad7e2888f47b79e6eead8595df555,"{""atr"":127.28543282,""breadth"":1.0,""discriminator_score"":0.803,""ema200"":2657.71468496,""entry_rule"":""enter at next 4h open"",""event"":""entry"",""gate"":""discriminator"",""historical"":true,""indicative_stop"":3430.50370155,""model"":""trend_breakout/4/regime_pivot_be12"",""reference_close"":3812.36,""relvol"":2.23,""side"":""long"",""signal_bar_time"":""2021-05-08 16:00:00+00:00"",""stop_atr_mult"":3.0,""symbol"":""ETH"",""timeframe"":""4h"",""venue"":""binanceus"",""z"":3.19}","{""bars_held"":25,""cumulative_pct"":171.22,""entry_bar_time"":""2021-05-08 16:00:00+00:00"",""event"":""exit"",""exit_reason"":""be_stop"",""historical"":true,""hold_days"":4.2,""model"":""trend_breakout/4/regime_pivot_be12"",""pct_captured"":0.0,""side"":""long"",""signal_bar_time"":""2021-05-12 20:00:00+00:00"",""symbol"":""ETH"",""timeframe"":""4h"",""venue"":""binanceus""}"
2dab02ab54bd591e3a11846c2752a708,flagship,4h,trend_breakout/4/regime_pivot_be12,BTC,2021-07-26T00:00:00+00:00,2021-07-26T04:00:00+00:00,2021-09-07T12:00:00+00:00,38271.31,46678.18,21.966507025758997,trend_break,261,closed,e84364dd6f58414680f656bdfbe5e20a,d85ad7e2888f47b79e6eead8595df555,"{""atr"":885.22948808,""breadth"":0.8,""discriminator_score"":0.528,""ema200"":33678.42555921,""entry_rule"":""enter at next 4h open"",""event"":""entry"",""gate"":""discriminator"",""historical"":true,""indicative_stop"":35652.86153575,""model"":""trend_breakout/4/regime_pivot_be12"",""reference_close"":38308.55,""relvol"":17.92,""side"":""long"",""signal_bar_time"":""2021-07-26 00:00:00+00:00"",""stop_atr_mult"":3.0,""symbol"":""BTC"",""timeframe"":""4h"",""venue"":""binanceus"",""z"":3.29}","{""bars_held"":261,""cumulative_pct"":189.5,""entry_bar_time"":""2021-07-26 00:00:00+00:00"",""event"":""exit"",""exit_reason"":""trend_break"",""historical"":true,""hold_days"":43.5,""model"":""trend_breakout/4/regime_pivot_be12"",""pct_captured"":21.97,""side"":""long"",""signal_bar_time"":""2021-09-07 12:00:00+00:00"",""symbol"":""BTC"",""timeframe"":""4h"",""venue"":""binanceus""}"
2c3705963f108a1a9fd3bf6f396b8c3c,flagship,4h,trend_breakout/4/regime_pivot_be12,ADA,2021-08-10T08:00:00+00:00,2021-08-10T12:00:00+00:00,2021-09-07T16:00:00+00:00,1.57158,2.37041,50.82973822522558,trend_break,170,closed,e84364dd6f58414680f656bdfbe5e20a,d85ad7e2888f47b79e6eead8595df555,"{""atr"":0.04160065,""breadth"":1.0,""discriminator_score"":0.618,""ema200"":1.33767871,""entry_rule"":""enter at next 4h open"",""event"":""entry"",""gate"":""bull_override"",""historical"":true,""indicative_stop"":1.44939805,""model"":""trend_breakout/4/regime_pivot_be12"",""reference_close"":1.5742,""relvol"":2.26,""side"":""long"",""signal_bar_time"":""2021-08-10 08:00:00+00:00"",""stop_atr_mult"":3.0,""symbol"":""ADA"",""timeframe"":""4h"",""venue"":""binanceus"",""z"":3.35}","{""bars_held"":170,""cumulative_pct"":791.4,""entry_bar_time"":""2021-08-10 08:00:00+00:00"",""event"":""exit"",""exit_reason"":""trend_break"",""historical"":true,""hold_days"":28.3,""model"":""trend_breakout/4/regime_pivot_be12"",""pct_captured"":50.83,""side"":""long"",""signal_bar_time"":""2021-09-07 16:00:00+00:00"",""symbol"":""ADA"",""timeframe"":""4h"",""venue"":""binanceus""}"
cd175fdfde26ba36a8328aefe88ce123,flagship,4h,trend_breakout/4/regime_pivot_be12,BNB,2021-08-23T04:00:00+00:00,2021-08-23T08:00:00+00:00,2021-09-07T12:00:00+00:00,485.3478,447.34769298509224,-7.8294590013404335,stop,92,closed,e84364dd6f58414680f656bdfbe5e20a,d85ad7e2888f47b79e6eead8595df555,"{""atr"":12.66670234,""breadth"":1.0,""discriminator_score"":0.662,""ema200"":375.54067158,""entry_rule"":""enter at next 4h open"",""event"":""entry"",""gate"":""bull_override"",""historical"":true,""indicative_stop"":447.26089299,""model"":""trend_breakout/4/regime_pivot_be12"",""reference_close"":485.261,""relvol"":2.22,""side"":""long"",""signal_bar_time"":""2021-08-23 04:00:00+00:00"",""stop_atr_mult"":3.0,""symbol"":""BNB"",""timeframe"":""4h"",""venue"":""binanceus"",""z"":2.81}","{""bars_held"":92,""cumulative_pct"":409.31,""entry_bar_time"":""2021-08-23 04:00:00+00:00"",""event"":""exit"",""exit_reason"":""stop"",""historical"":true,""hold_days"":15.3,""model"":""trend_breakout/4/regime_pivot_be12"",""pct_captured"":-7.83,""side"":""long"",""signal_bar_time"":""2021-09-07 12:00:00+00:00"",""symbol"":""BNB"",""timeframe"":""4h"",""venue"":""binanceus""}"
878c4aecce7e96951e6c5980ca6dfffa,flagship,4h,trend_breakout/4/regime_pivot_be12,ADA,2021-10-07T08:00:00+00:00,2021-10-07T12:00:00+00:00,2021-10-07T20:00:00+00:00,2.32504,2.27802,-2.022330798609906,trend_break,3,closed,e84364dd6f58414680f656bdfbe5e20a,d85ad7e2888f47b79e6eead8595df555,"{""atr"":0.06084276,""breadth"":1.0,""discriminator_score"":0.432,""ema200"":2.27979156,""entry_rule"":""enter at next 4h open"",""event"":""entry"",""gate"":""bull_override"",""historical"":true,""indicative_stop"":2.14252172,""model"":""trend_breakout/4/regime_pivot_be12"",""reference_close"":2.32505,""relvol"":6.04,""side"":""long"",""signal_bar_time"":""2021-10-07 08:00:00+00:00"",""stop_atr_mult"":3.0,""symbol"":""ADA"",""timeframe"":""4h"",""venue"":""binanceus"",""z"":3.05}","{""bars_held"":3,""cumulative_pct"":789.38,""entry_bar_time"":""2021-10-07 08:00:00+00:00"",""event"":""exit"",""exit_reason"":""trend_break"",""historical"":true,""hold_days"":0.5,""model"":""trend_breakout/4/regime_pivot_be12"",""pct_captured"":-2.02,""side"":""long"",""signal_bar_time"":""2021-10-07 20:00:00+00:00"",""symbol"":""ADA"",""timeframe"":""4h"",""venue"":""binanceus""}"
faf9f132a246e4ab84a27d4d1cb43a17,flagship,4h,trend_breakout/4/regime_pivot_be12,BNB,2021-10-13T00:00:00+00:00,2021-10-13T04:00:00+00:00,2021-10-27T20:00:00+00:00,461.1164,448.352,-2.768151382167283,trend_break,89,closed,e84364dd6f58414680f656bdfbe5e20a,d85ad7e2888f47b79e6eead8595df555,"{""atr"":12.34148484,""breadth"":0.8,""discriminator_score"":0.58,""ema200"":410.02661852,""entry_rule"":""enter at next 4h open"",""event"":""entry"",""gate"":""discriminator"",""historical"":true,""indicative_stop"":423.67004547,""model"":""trend_breakout/4/regime_pivot_be12"",""reference_close"":460.6945,""relvol"":11.12,""side"":""long"",""signal_bar_time"":""2021-10-13 00:00:00+00:00"",""stop_atr_mult"":3.0,""symbol"":""BNB"",""timeframe"":""4h"",""venue"":""binanceus"",""z"":2.9}","{""bars_held"":89,""cumulative_pct"":406.54,""entry_bar_time"":""2021-10-13 00:00:00+00:00"",""event"":""exit"",""exit_reason"":""trend_break"",""historical"":true,""hold_days"":14.8,""model"":""trend_breakout/4/regime_pivot_be12"",""pct_captured"":-2.77,""side"":""long"",""signal_bar_time"":""2021-10-27 20:00:00+00:00"",""symbol"":""BNB"",""timeframe"":""4h"",""venue"":""binanceus""}"
079024453c4928e0e5c43b9a755269d0,flagship,4h,trend_breakout/4/regime_pivot_be12,SOL,2021-10-15T04:00:00+00:00,2021-10-15T08:00:00+00:00,2021-11-18T08:00:00+00:00,161.6729,207.4909,28.339938233309358,trend_break,205,closed,e84364dd6f58414680f656bdfbe5e20a,d85ad7e2888f47b79e6eead8595df555,"{""atr"":5.12627734,""breadth"":0.8,""discriminator_score"":0.379,""ema200"":146.50107355,""entry_rule"":""enter at next 4h open"",""event"":""entry"",""gate"":""bull_override"",""historical"":true,""indicative_stop"":146.00016799,""model"":""trend_breakout/4/regime_pivot_be12"",""reference_close"":161.379,""relvol"":4.18,""side"":""long"",""signal_bar_time"":""2021-10-15 04:00:00+00:00"",""stop_atr_mult"":3.0,""symbol"":""SOL"",""timeframe"":""4h"",""venue"":""binanceus"",""z"":2.85}","{""bars_held"":205,""cumulative_pct"":706.66,""entry_bar_time"":""2021-10-15 04:00:00+00:00"",""event"":""exit"",""exit_reason"":""trend_break"",""historical"":true,""hold_days"":34.2,""model"":""trend_breakout/4/regime_pivot_be12"",""pct_captured"":28.34,""side"":""long"",""signal_bar_time"":""2021-11-18 08:00:00+00:00"",""symbol"":""SOL"",""timeframe"":""4h"",""venue"":""binanceus""}"
c6d34ca11dca1429bab2d9ab7df450da,flagship,4h,trend_breakout/4/regime_pivot_be12,BNB,2021-11-05T08:00:00+00:00,2021-11-05T12:00:00+00:00,2021-11-17T00:00:00+00:00,607.9772,567.3054759767423,-6.689679156267337,stop,70,closed,e84364dd6f58414680f656bdfbe5e20a,d85ad7e2888f47b79e6eead8595df555,"{""atr"":13.55724134,""breadth"":0.8,""discriminator_score"":0.732,""ema200"":484.65114319,""entry_rule"":""enter at next 4h open"",""event"":""entry"",""gate"":""discriminator"",""historical"":true,""indicative_stop"":567.64577598,""model"":""trend_breakout/4/regime_pivot_be12"",""reference_close"":608.3175,""relvol"":2.29,""side"":""long"",""signal_bar_time"":""2021-11-05 08:00:00+00:00"",""stop_atr_mult"":3.0,""symbol"":""BNB"",""timeframe"":""4h"",""venue"":""binanceus"",""z"":2.95}","{""bars_held"":70,""cumulative_pct"":399.85,""entry_bar_time"":""2021-11-05 08:00:00+00:00"",""event"":""exit"",""exit_reason"":""stop"",""historical"":true,""hold_days"":11.7,""model"":""trend_breakout/4/regime_pivot_be12"",""pct_captured"":-6.69,""side"":""long"",""signal_bar_time"":""2021-11-17 00:00:00+00:00"",""symbol"":""BNB"",""timeframe"":""4h"",""venue"":""binanceus""}"
a97252fc1e3f0182ceb268339caebdc7,flagship,4h,trend_breakout/4/regime_pivot_be12,ADA,2022-03-23T12:00:00+00:00,2022-03-23T16:00:00+00:00,2022-04-06T16:00:00+00:00,1.07185,1.07185,0,be_stop,85,closed,e84364dd6f58414680f656bdfbe5e20a,d85ad7e2888f47b79e6eead8595df555,"{""atr"":0.02980029,""breadth"":1.0,""discriminator_score"":0.508,""ema200"":0.90384591,""entry_rule"":""enter at next 4h open"",""event"":""entry"",""gate"":""discriminator"",""historical"":true,""indicative_stop"":0.98250912,""model"":""trend_breakout/4/regime_pivot_be12"",""reference_close"":1.07191,""relvol"":7.49,""side"":""long"",""signal_bar_time"":""2022-03-23 12:00:00+00:00"",""stop_atr_mult"":3.0,""symbol"":""ADA"",""timeframe"":""4h"",""venue"":""binanceus"",""z"":2.87}","{""bars_held"":85,""cumulative_pct"":789.38,""entry_bar_time"":""2022-03-23 12:00:00+00:00"",""event"":""exit"",""exit_reason"":""be_stop"",""historical"":true,""hold_days"":14.2,""model"":""trend_breakout/4/regime_pivot_be12"",""pct_captured"":0.0,""side"":""long"",""signal_bar_time"":""2022-04-06 16:00:00+00:00"",""symbol"":""ADA"",""timeframe"":""4h"",""venue"":""binanceus""}"
94699c55c0b6548f8ae35aa551a27484,flagship,4h,trend_breakout/4/regime_pivot_be12,ETH,2022-03-27T20:00:00+00:00,2022-03-28T00:00:00+00:00,2022-04-02T04:00:00+00:00,3293.99,3148.639562151169,-4.4125949941812515,stop,32,closed,e84364dd6f58414680f656bdfbe5e20a,d85ad7e2888f47b79e6eead8595df555,"{""atr"":48.45014595,""breadth"":1.0,""discriminator_score"":0.528,""ema200"":2864.08444566,""entry_rule"":""enter at next 4h open"",""event"":""entry"",""gate"":""discriminator"",""historical"":true,""indicative_stop"":3152.06956215,""model"":""trend_breakout/4/regime_pivot_be12"",""reference_close"":3297.42,""relvol"":4.59,""side"":""long"",""signal_bar_time"":""2022-03-27 20:00:00+00:00"",""stop_atr_mult"":3.0,""symbol"":""ETH"",""timeframe"":""4h"",""venue"":""binanceus"",""z"":3.75}","{""bars_held"":32,""cumulative_pct"":166.8,""entry_bar_time"":""2022-03-27 20:00:00+00:00"",""event"":""exit"",""exit_reason"":""stop"",""historical"":true,""hold_days"":5.3,""model"":""trend_breakout/4/regime_pivot_be12"",""pct_captured"":-4.41,""side"":""long"",""signal_bar_time"":""2022-04-02 04:00:00+00:00"",""symbol"":""ETH"",""timeframe"":""4h"",""venue"":""binanceus""}"
16c645af6f582759aca6bf07937474b3,flagship,4h,trend_breakout/4/regime_pivot_be12,BTC,2022-07-18T12:00:00+00:00,2022-07-18T16:00:00+00:00,2022-07-18T16:00:00+00:00,22669.27,21600.75,-4.713517462185591,trend_break,1,closed,e84364dd6f58414680f656bdfbe5e20a,d85ad7e2888f47b79e6eead8595df555,"{""atr"":516.44806244,""breadth"":1.0,""discriminator_score"":0.501,""ema200"":21828.22351468,""entry_rule"":""enter at next 4h open"",""event"":""entry"",""gate"":""discriminator"",""historical"":true,""indicative_stop"":21119.79581267,""model"":""trend_breakout/4/regime_pivot_be12"",""reference_close"":22669.14,""relvol"":2.14,""side"":""long"",""signal_bar_time"":""2022-07-18 12:00:00+00:00"",""stop_atr_mult"":3.0,""symbol"":""BTC"",""timeframe"":""4h"",""venue"":""binanceus"",""z"":2.65}","{""bars_held"":1,""cumulative_pct"":184.79,""entry_bar_time"":""2022-07-18 12:00:00+00:00"",""event"":""exit"",""exit_reason"":""trend_break"",""historical"":true,""hold_days"":0.2,""model"":""trend_breakout/4/regime_pivot_be12"",""pct_captured"":-4.71,""side"":""long"",""signal_bar_time"":""2022-07-18 16:00:00+00:00"",""symbol"":""BTC"",""timeframe"":""4h"",""venue"":""binanceus""}"
52f573b3f9395a63bab5640eac0f1d81,flagship,4h,trend_breakout/4/regime_pivot_be12,ADA,2022-07-23T20:00:00+00:00,2022-07-24T00:00:00+00:00,2022-07-25T20:00:00+00:00,0.51735,0.47478,-8.228472020875621,trend_break,12,closed,e84364dd6f58414680f656bdfbe5e20a,d85ad7e2888f47b79e6eead8595df555,"{""atr"":0.01649709,""breadth"":1.0,""discriminator_score"":0.619,""ema200"":0.48144215,""entry_rule"":""enter at next 4h open"",""event"":""entry"",""gate"":""discriminator"",""historical"":true,""indicative_stop"":0.46847872,""model"":""trend_breakout/4/regime_pivot_be12"",""reference_close"":0.51797,""relvol"":2.41,""side"":""long"",""signal_bar_time"":""2022-07-23 20:00:00+00:00"",""stop_atr_mult"":3.0,""symbol"":""ADA"",""timeframe"":""4h"",""venue"":""binanceus"",""z"":2.56}","{""bars_held"":12,""cumulative_pct"":781.15,""entry_bar_time"":""2022-07-23 20:00:00+00:00"",""event"":""exit"",""exit_reason"":""trend_break"",""historical"":true,""hold_days"":2.0,""model"":""trend_breakout/4/regime_pivot_be12"",""pct_captured"":-8.23,""side"":""long"",""signal_bar_time"":""2022-07-25 20:00:00+00:00"",""symbol"":""ADA"",""timeframe"":""4h"",""venue"":""binanceus""}"
97bb79acfa2cfdd25c5d788fc13b0ad4,flagship,4h,trend_breakout/4/regime_pivot_be12,ADA,2022-08-14T00:00:00+00:00,2022-08-14T04:00:00+00:00,2022-08-15T04:00:00+00:00,0.59087,0.5534560255604953,-6.332014561494859,stop,7,closed,e84364dd6f58414680f656bdfbe5e20a,d85ad7e2888f47b79e6eead8595df555,"{""atr"":0.01247132,""breadth"":1.0,""discriminator_score"":0.538,""ema200"":0.50978278,""entry_rule"":""enter at next 4h open"",""event"":""entry"",""gate"":""discriminator"",""historical"":true,""indicative_stop"":0.55344603,""model"":""trend_breakout/4/regime_pivot_be12"",""reference_close"":0.59086,""relvol"":6.12,""side"":""long"",""signal_bar_time"":""2022-08-14 00:00:00+00:00"",""stop_atr_mult"":3.0,""symbol"":""ADA"",""timeframe"":""4h"",""venue"":""binanceus"",""z"":3.05}","{""bars_held"":7,""cumulative_pct"":774.82,""entry_bar_time"":""2022-08-14 00:00:00+00:00"",""event"":""exit"",""exit_reason"":""stop"",""historical"":true,""hold_days"":1.2,""model"":""trend_breakout/4/regime_pivot_be12"",""pct_captured"":-6.33,""side"":""long"",""signal_bar_time"":""2022-08-15 04:00:00+00:00"",""symbol"":""ADA"",""timeframe"":""4h"",""venue"":""binanceus""}"
0c4799c2285f35ebdd4f2fad067549df,flagship,4h,trend_breakout/4/regime_pivot_be12,SOL,2022-09-12T08:00:00+00:00,2022-09-12T12:00:00+00:00,2022-09-13T12:00:00+00:00,37.7109,34.684477362194286,-8.025325934426697,stop,7,closed,e84364dd6f58414680f656bdfbe5e20a,d85ad7e2888f47b79e6eead8595df555,"{""atr"":1.00880755,""breadth"":1.0,""discriminator_score"":0.519,""ema200"":35.16107604,""entry_rule"":""enter at next 4h open"",""event"":""entry"",""gate"":""discriminator"",""historical"":true,""indicative_stop"":34.66977736,""model"":""trend_breakout/4/regime_pivot_be12"",""reference_close"":37.6962,""relvol"":7.28,""side"":""long"",""signal_bar_time"":""2022-09-12 08:00:00+00:00"",""stop_atr_mult"":3.0,""symbol"":""SOL"",""timeframe"":""4h"",""venue"":""binanceus"",""z"":3.9}","{""bars_held"":7,""cumulative_pct"":698.64,""entry_bar_time"":""2022-09-12 08:00:00+00:00"",""event"":""exit"",""exit_reason"":""stop"",""historical"":true,""hold_days"":1.2,""model"":""trend_breakout/4/regime_pivot_be12"",""pct_captured"":-8.03,""side"":""long"",""signal_bar_time"":""2022-09-13 12:00:00+00:00"",""symbol"":""SOL"",""timeframe"":""4h"",""venue"":""binanceus""}"
cbb777b6beb3c0550c8761d0a8053a2a,flagship,4h,trend_breakout/4/regime_pivot_be12,ETH,2022-10-25T12:00:00+00:00,2022-10-25T16:00:00+00:00,2022-11-08T12:00:00+00:00,1409.08,1462.04,3.7584807108184126,trend_break,84,closed,e84364dd6f58414680f656bdfbe5e20a,d85ad7e2888f47b79e6eead8595df555,"{""atr"":20.43702299,""breadth"":0.6,""discriminator_score"":0.51,""ema200"":1347.46366724,""entry_rule"":""enter at next 4h open"",""event"":""entry"",""gate"":""discriminator"",""historical"":true,""indicative_stop"":1346.51893103,""model"":""trend_breakout/4/regime_pivot_be12"",""reference_close"":1407.83,""relvol"":8.73,""side"":""long"",""signal_bar_time"":""2022-10-25 12:00:00+00:00"",""stop_atr_mult"":3.0,""symbol"":""ETH"",""timeframe"":""4h"",""venue"":""binanceus"",""z"":2.99}","{""bars_held"":84,""cumulative_pct"":170.56,""entry_bar_time"":""2022-10-25 12:00:00+00:00"",""event"":""exit"",""exit_reason"":""trend_break"",""historical"":true,""hold_days"":14.0,""model"":""trend_breakout/4/regime_pivot_be12"",""pct_captured"":3.76,""side"":""long"",""signal_bar_time"":""2022-11-08 12:00:00+00:00"",""symbol"":""ETH"",""timeframe"":""4h"",""venue"":""binanceus""}"
3d21cedb2b2db1a838b6f7416beffaa5,flagship,4h,trend_breakout/4/regime_pivot_be12,SOL,2022-11-05T12:00:00+00:00,2022-11-05T16:00:00+00:00,2022-11-06T16:00:00+00:00,37.2696,33.98958912866161,-8.800767572870072,stop,7,closed,e84364dd6f58414680f656bdfbe5e20a,d85ad7e2888f47b79e6eead8595df555,"{""atr"":1.09333696,""breadth"":1.0,""discriminator_score"":0.609,""ema200"":31.7230878,""entry_rule"":""enter at next 4h open"",""event"":""entry"",""gate"":""discriminator"",""historical"":true,""indicative_stop"":33.95198913,""model"":""trend_breakout/4/regime_pivot_be12"",""reference_close"":37.232,""relvol"":5.99,""side"":""long"",""signal_bar_time"":""2022-11-05 12:00:00+00:00"",""stop_atr_mult"":3.0,""symbol"":""SOL"",""timeframe"":""4h"",""venue"":""binanceus"",""z"":2.61}","{""bars_held"":7,""cumulative_pct"":689.84,""entry_bar_time"":""2022-11-05 12:00:00+00:00"",""event"":""exit"",""exit_reason"":""stop"",""historical"":true,""hold_days"":1.2,""model"":""trend_breakout/4/regime_pivot_be12"",""pct_captured"":-8.8,""side"":""long"",""signal_bar_time"":""2022-11-06 16:00:00+00:00"",""symbol"":""SOL"",""timeframe"":""4h"",""venue"":""binanceus""}"
52120d90cbcc0b440b6a8f7c96d639f0,flagship,4h,trend_breakout/4/regime_pivot_be12,ADA,2023-01-08T20:00:00+00:00,2023-01-09T00:00:00+00:00,2023-02-09T20:00:00+00:00,0.29673,0.362,21.996427728911794,trend_break,191,closed,e84364dd6f58414680f656bdfbe5e20a,d85ad7e2888f47b79e6eead8595df555,"{""atr"":0.00476491,""breadth"":1.0,""discriminator_score"":0.59,""ema200"":0.27637829,""entry_rule"":""enter at next 4h open"",""event"":""entry"",""gate"":""discriminator"",""historical"":true,""indicative_stop"":0.28244527,""model"":""trend_breakout/4/regime_pivot_be12"",""reference_close"":0.29674,""relvol"":2.97,""side"":""long"",""signal_bar_time"":""2023-01-08 20:00:00+00:00"",""stop_atr_mult"":3.0,""symbol"":""ADA"",""timeframe"":""4h"",""venue"":""binanceus"",""z"":2.71}","{""bars_held"":191,""cumulative_pct"":796.82,""entry_bar_time"":""2023-01-08 20:00:00+00:00"",""event"":""exit"",""exit_reason"":""trend_break"",""historical"":true,""hold_days"":31.8,""model"":""trend_breakout/4/regime_pivot_be12"",""pct_captured"":22.0,""side"":""long"",""signal_bar_time"":""2023-02-09 20:00:00+00:00"",""symbol"":""ADA"",""timeframe"":""4h"",""venue"":""binanceus""}"
fb36d4f54c7fa680aa7c4b6d91d40506,flagship,4h,trend_breakout/4/regime_pivot_be12,ETH,2023-01-08T20:00:00+00:00,2023-01-09T00:00:00+00:00,2023-02-09T20:00:00+00:00,1290.26,1545.61,19.79058484336489,trend_break,191,closed,e84364dd6f58414680f656bdfbe5e20a,d85ad7e2888f47b79e6eead8595df555,"{""atr"":10.8537136,""breadth"":1.0,""discriminator_score"":0.523,""ema200"":1236.44317632,""entry_rule"":""enter at next 4h open"",""event"":""entry"",""gate"":""discriminator"",""historical"":true,""indicative_stop"":1256.7388592,""model"":""trend_breakout/4/regime_pivot_be12"",""reference_close"":1289.3,""relvol"":2.82,""side"":""long"",""signal_bar_time"":""2023-01-08 20:00:00+00:00"",""stop_atr_mult"":3.0,""symbol"":""ETH"",""timeframe"":""4h"",""venue"":""binanceus"",""z"":2.63}","{""bars_held"":191,""cumulative_pct"":190.35,""entry_bar_time"":""2023-01-08 20:00:00+00:00"",""event"":""exit"",""exit_reason"":""trend_break"",""historical"":true,""hold_days"":31.8,""model"":""trend_breakout/4/regime_pivot_be12"",""pct_captured"":19.79,""side"":""long"",""signal_bar_time"":""2023-02-09 20:00:00+00:00"",""symbol"":""ETH"",""timeframe"":""4h"",""venue"":""binanceus""}"
9ce0ca0c41e9b56c5d32c2c96763e6e0,flagship,4h,trend_breakout/4/regime_pivot_be12,SOL,2023-01-08T20:00:00+00:00,2023-01-09T00:00:00+00:00,2023-02-09T20:00:00+00:00,14.4326,20.4488,41.684796918088196,trend_break,191,closed,e84364dd6f58414680f656bdfbe5e20a,d85ad7e2888f47b79e6eead8595df555,"{""atr"":0.4471413,""breadth"":1.0,""discriminator_score"":0.536,""ema200"":12.80212353,""entry_rule"":""enter at next 4h open"",""event"":""entry"",""gate"":""discriminator"",""historical"":true,""indicative_stop"":13.1011761,""model"":""trend_breakout/4/regime_pivot_be12"",""reference_close"":14.4426,""relvol"":2.62,""side"":""long"",""signal_bar_time"":""2023-01-08 20:00:00+00:00"",""stop_atr_mult"":3.0,""symbol"":""SOL"",""timeframe"":""4h"",""venue"":""binanceus"",""z"":3.43}","{""bars_held"":191,""cumulative_pct"":731.52,""entry_bar_time"":""2023-01-08 20:00:00+00:00"",""event"":""exit"",""exit_reason"":""trend_break"",""historical"":true,""hold_days"":31.8,""model"":""trend_breakout/4/regime_pivot_be12"",""pct_captured"":41.68,""side"":""long"",""signal_bar_time"":""2023-02-09 20:00:00+00:00"",""symbol"":""SOL"",""timeframe"":""4h"",""venue"":""binanceus""}"
042e448ca9491ca84d6b5438987ec185,flagship,4h,trend_breakout/4/regime_pivot_be12,BTC,2023-02-14T16:00:00+00:00,2023-02-14T20:00:00+00:00,2023-03-03T00:00:00+00:00,22212.89,22212.89,0,be_stop,98,closed,e84364dd6f58414680f656bdfbe5e20a,d85ad7e2888f47b79e6eead8595df555,"{""atr"":257.56850047,""breadth"":0.8,""discriminator_score"":0.564,""ema200"":21711.89375197,""entry_rule"":""enter at next 4h open"",""event"":""entry"",""gate"":""discriminator"",""historical"":true,""indicative_stop"":21442.57449859,""model"":""trend_breakout/4/regime_pivot_be12"",""reference_close"":22215.28,""relvol"":3.62,""side"":""long"",""signal_bar_time"":""2023-02-14 16:00:00+00:00"",""stop_atr_mult"":3.0,""symbol"":""BTC"",""timeframe"":""4h"",""venue"":""binanceus"",""z"":2.63}","{""bars_held"":98,""cumulative_pct"":184.79,""entry_bar_time"":""2023-02-14 16:00:00+00:00"",""event"":""exit"",""exit_reason"":""be_stop"",""historical"":true,""hold_days"":16.3,""model"":""trend_breakout/4/regime_pivot_be12"",""pct_captured"":0.0,""side"":""long"",""signal_bar_time"":""2023-03-03 00:00:00+00:00"",""symbol"":""BTC"",""timeframe"":""4h"",""venue"":""binanceus""}"
bde1f5a013ee5199b31ee87c2c8273a8,flagship,4h,trend_breakout/4/regime_pivot_be12,ETH,2023-02-15T20:00:00+00:00,2023-02-16T00:00:00+00:00,2023-02-24T16:00:00+00:00,1674.44,1587.4832991997591,-5.193181051589846,stop,53,closed,e84364dd6f58414680f656bdfbe5e20a,d85ad7e2888f47b79e6eead8595df555,"{""atr"":28.98556693,""breadth"":1.0,""discriminator_score"":0.529,""ema200"":1543.84792846,""entry_rule"":""enter at next 4h open"",""event"":""entry"",""gate"":""discriminator"",""historical"":true,""indicative_stop"":1587.8932992,""model"":""trend_breakout/4/regime_pivot_be12"",""reference_close"":1674.85,""relvol"":2.39,""side"":""long"",""signal_bar_time"":""2023-02-15 20:00:00+00:00"",""stop_atr_mult"":3.0,""symbol"":""ETH"",""timeframe"":""4h"",""venue"":""binanceus"",""z"":2.85}","{""bars_held"":53,""cumulative_pct"":185.16,""entry_bar_time"":""2023-02-15 20:00:00+00:00"",""event"":""exit"",""exit_reason"":""stop"",""historical"":true,""hold_days"":8.8,""model"":""trend_breakout/4/regime_pivot_be12"",""pct_captured"":-5.19,""side"":""long"",""signal_bar_time"":""2023-02-24 16:00:00+00:00"",""symbol"":""ETH"",""timeframe"":""4h"",""venue"":""binanceus""}"
b633fec732207e8994a4bfbc0498ffe1,flagship,4h,trend_breakout/4/regime_pivot_be12,BNB,2023-03-13T04:00:00+00:00,2023-03-13T08:00:00+00:00,2023-03-27T16:00:00+00:00,305.1,306.2,0.3605375286791057,trend_break,87,closed,e84364dd6f58414680f656bdfbe5e20a,d85ad7e2888f47b79e6eead8595df555,"{""atr"":6.09847662,""breadth"":0.6,""discriminator_score"":0.502,""ema200"":296.01476119,""entry_rule"":""enter at next 4h open"",""event"":""entry"",""gate"":""discriminator"",""historical"":true,""indicative_stop"":286.40457015,""model"":""trend_breakout/4/regime_pivot_be12"",""reference_close"":304.7,""relvol"":7.42,""side"":""long"",""signal_bar_time"":""2023-03-13 04:00:00+00:00"",""stop_atr_mult"":3.0,""symbol"":""BNB"",""timeframe"":""4h"",""venue"":""binanceus"",""z"":3.55}","{""bars_held"":87,""cumulative_pct"":400.21,""entry_bar_time"":""2023-03-13 04:00:00+00:00"",""event"":""exit"",""exit_reason"":""trend_break"",""historical"":true,""hold_days"":14.5,""model"":""trend_breakout/4/regime_pivot_be12"",""pct_captured"":0.36,""side"":""long"",""signal_bar_time"":""2023-03-27 16:00:00+00:00"",""symbol"":""BNB"",""timeframe"":""4h"",""venue"":""binanceus""}"
4393a26a16a47fa4359cc332cc6d68f3,flagship,4h,trend_breakout/4/regime_pivot_be12,SOL,2023-03-18T00:00:00+00:00,2023-03-18T04:00:00+00:00,2023-03-22T16:00:00+00:00,22.7,21.19,-6.6519823788546155,trend_break,28,closed,e84364dd6f58414680f656bdfbe5e20a,d85ad7e2888f47b79e6eead8595df555,"{""atr"":0.85933282,""breadth"":1.0,""discriminator_score"":0.5,""ema200"":20.90074879,""entry_rule"":""enter at next 4h open"",""event"":""entry"",""gate"":""bull_override"",""historical"":true,""indicative_stop"":20.10200153,""model"":""trend_breakout/4/regime_pivot_be12"",""reference_close"":22.68,""relvol"":3.56,""side"":""long"",""signal_bar_time"":""2023-03-18 00:00:00+00:00"",""stop_atr_mult"":3.0,""symbol"":""SOL"",""timeframe"":""4h"",""venue"":""binanceus"",""z"":2.72}","{""bars_held"":28,""cumulative_pct"":724.87,""entry_bar_time"":""2023-03-18 00:00:00+00:00"",""event"":""exit"",""exit_reason"":""trend_break"",""historical"":true,""hold_days"":4.7,""model"":""trend_breakout/4/regime_pivot_be12"",""pct_captured"":-6.65,""side"":""long"",""signal_bar_time"":""2023-03-22 16:00:00+00:00"",""symbol"":""SOL"",""timeframe"":""4h"",""venue"":""binanceus""}"
da346dd2944db63d08355c78a6c5c331,flagship,4h,trend_breakout/4/regime_pivot_be12,ADA,2023-03-21T16:00:00+00:00,2023-03-21T20:00:00+00:00,2023-03-25T16:00:00+00:00,0.3636,0.3489,-4.042904290429039,trend_break,24,closed,e84364dd6f58414680f656bdfbe5e20a,d85ad7e2888f47b79e6eead8595df555,"{""atr"":0.00960695,""breadth"":1.0,""discriminator_score"":0.52,""ema200"":0.345673,""entry_rule"":""enter at next 4h open"",""event"":""entry"",""gate"":""bull_override"",""historical"":true,""indicative_stop"":0.33347916,""model"":""trend_breakout/4/regime_pivot_be12"",""reference_close"":0.3623,""relvol"":4.33,""side"":""long"",""signal_bar_time"":""2023-03-21 16:00:00+00:00"",""stop_atr_mult"":3.0,""symbol"":""ADA"",""timeframe"":""4h"",""venue"":""binanceus"",""z"":2.92}","{""bars_held"":24,""cumulative_pct"":792.77,""entry_bar_time"":""2023-03-21 16:00:00+00:00"",""event"":""exit"",""exit_reason"":""trend_break"",""historical"":true,""hold_days"":4.0,""model"":""trend_breakout/4/regime_pivot_be12"",""pct_captured"":-4.04,""side"":""long"",""signal_bar_time"":""2023-03-25 16:00:00+00:00"",""symbol"":""ADA"",""timeframe"":""4h"",""venue"":""binanceus""}"
74e0f43fc9b881fba9f688bf1db9361f,flagship,4h,trend_breakout/4/regime_pivot_be12,ETH,2023-04-04T08:00:00+00:00,2023-04-04T12:00:00+00:00,2023-04-21T16:00:00+00:00,1864.92,1864.92,0,be_stop,104,closed,e84364dd6f58414680f656bdfbe5e20a,d85ad7e2888f47b79e6eead8595df555,"{""atr"":28.52525484,""breadth"":0.6,""discriminator_score"":0.538,""ema200"":1719.91659256,""entry_rule"":""enter at next 4h open"",""event"":""entry"",""gate"":""discriminator"",""historical"":true,""indicative_stop"":1778.57423547,""model"":""trend_breakout/4/regime_pivot_be12"",""reference_close"":1864.15,""relvol"":3.06,""side"":""long"",""signal_bar_time"":""2023-04-04 08:00:00+00:00"",""stop_atr_mult"":3.0,""symbol"":""ETH"",""timeframe"":""4h"",""venue"":""binanceus"",""z"":2.95}","{""bars_held"":104,""cumulative_pct"":185.16,""entry_bar_time"":""2023-04-04 08:00:00+00:00"",""event"":""exit"",""exit_reason"":""be_stop"",""historical"":true,""hold_days"":17.3,""model"":""trend_breakout/4/regime_pivot_be12"",""pct_captured"":0.0,""side"":""long"",""signal_bar_time"":""2023-04-21 16:00:00+00:00"",""symbol"":""ETH"",""timeframe"":""4h"",""venue"":""binanceus""}"
9f5d829a4d0639a7708933d9e12d4d57,flagship,4h,trend_breakout/4/regime_pivot_be12,BNB,2023-04-25T20:00:00+00:00,2023-04-26T00:00:00+00:00,2023-04-26T20:00:00+00:00,338.3,327.01959120785773,-3.334439489252816,stop,6,closed,e84364dd6f58414680f656bdfbe5e20a,d85ad7e2888f47b79e6eead8595df555,"{""atr"":3.76013626,""breadth"":0.6,""discriminator_score"":0.574,""ema200"":323.23210385,""entry_rule"":""enter at next 4h open"",""event"":""entry"",""gate"":""discriminator"",""historical"":true,""indicative_stop"":327.01959121,""model"":""trend_breakout/4/regime_pivot_be12"",""reference_close"":338.3,""relvol"":3.21,""side"":""long"",""signal_bar_time"":""2023-04-25 20:00:00+00:00"",""stop_atr_mult"":3.0,""symbol"":""BNB"",""timeframe"":""4h"",""venue"":""binanceus"",""z"":3.54}","{""bars_held"":6,""cumulative_pct"":396.88,""entry_bar_time"":""2023-04-25 20:00:00+00:00"",""event"":""exit"",""exit_reason"":""stop"",""historical"":true,""hold_days"":1.0,""model"":""trend_breakout/4/regime_pivot_be12"",""pct_captured"":-3.33,""side"":""long"",""signal_bar_time"":""2023-04-26 20:00:00+00:00"",""symbol"":""BNB"",""timeframe"":""4h"",""venue"":""binanceus""}"
5336420e769709022a617c3cf84c5f3c,flagship,4h,trend_breakout/4/regime_pivot_be12,BTC,2023-04-26T08:00:00+00:00,2023-04-26T12:00:00+00:00,2023-04-26T16:00:00+00:00,28956.23,27760.583637187447,-4.129150662266989,stop,2,closed,e84364dd6f58414680f656bdfbe5e20a,d85ad7e2888f47b79e6eead8595df555,"{""atr"":398.5487876,""breadth"":1.0,""discriminator_score"":0.587,""ema200"":28048.09722579,""entry_rule"":""enter at next 4h open"",""event"":""entry"",""gate"":""discriminator"",""historical"":true,""indicative_stop"":27756.19363719,""model"":""trend_breakout/4/regime_pivot_be12"",""reference_close"":28951.84,""relvol"":3.0,""side"":""long"",""signal_bar_time"":""2023-04-26 08:00:00+00:00"",""stop_atr_mult"":3.0,""symbol"":""BTC"",""timeframe"":""4h"",""venue"":""binanceus"",""z"":2.89}","{""bars_held"":2,""cumulative_pct"":180.66,""entry_bar_time"":""2023-04-26 08:00:00+00:00"",""event"":""exit"",""exit_reason"":""stop"",""historical"":true,""hold_days"":0.3,""model"":""trend_breakout/4/regime_pivot_be12"",""pct_captured"":-4.13,""side"":""long"",""signal_bar_time"":""2023-04-26 16:00:00+00:00"",""symbol"":""BTC"",""timeframe"":""4h"",""venue"":""binanceus""}"
199d1db3accfb7274e8b08204b5cfc68,flagship,4h,trend_breakout/4/regime_pivot_be12,ETH,2023-04-26T08:00:00+00:00,2023-04-26T12:00:00+00:00,2023-04-26T16:00:00+00:00,1914.23,1821.0007067180693,-4.870328710861848,stop,2,closed,e84364dd6f58414680f656bdfbe5e20a,d85ad7e2888f47b79e6eead8595df555,"{""atr"":31.07643109,""breadth"":1.0,""discriminator_score"":0.576,""ema200"":1876.96394752,""entry_rule"":""enter at next 4h open"",""event"":""entry"",""gate"":""discriminator"",""historical"":true,""indicative_stop"":1821.06070672,""model"":""trend_breakout/4/regime_pivot_be12"",""reference_close"":1914.29,""relvol"":2.05,""side"":""long"",""signal_bar_time"":""2023-04-26 08:00:00+00:00"",""stop_atr_mult"":3.0,""symbol"":""ETH"",""timeframe"":""4h"",""venue"":""binanceus"",""z"":2.73}","{""bars_held"":2,""cumulative_pct"":180.29,""entry_bar_time"":""2023-04-26 08:00:00+00:00"",""event"":""exit"",""exit_reason"":""stop"",""historical"":true,""hold_days"":0.3,""model"":""trend_breakout/4/regime_pivot_be12"",""pct_captured"":-4.87,""side"":""long"",""signal_bar_time"":""2023-04-26 16:00:00+00:00"",""symbol"":""ETH"",""timeframe"":""4h"",""venue"":""binanceus""}"
c44c00e951610a95a0870ae598fdd86e,flagship,4h,trend_breakout/4/regime_pivot_be12,ETH,2023-06-30T16:00:00+00:00,2023-06-30T20:00:00+00:00,2023-07-06T20:00:00+00:00,1928.7,1848.77,-4.14424223570281,trend_break,37,closed,e84364dd6f58414680f656bdfbe5e20a,d85ad7e2888f47b79e6eead8595df555,"{""atr"":32.66002687,""breadth"":0.6,""discriminator_score"":0.673,""ema200"":1828.79208377,""entry_rule"":""enter at next 4h open"",""event"":""entry"",""gate"":""discriminator"",""historical"":true,""indicative_stop"":1830.7799194,""model"":""trend_breakout/4/regime_pivot_be12"",""reference_close"":1928.76,""relvol"":5.18,""side"":""long"",""signal_bar_time"":""2023-06-30 16:00:00+00:00"",""stop_atr_mult"":3.0,""symbol"":""ETH"",""timeframe"":""4h"",""venue"":""binanceus"",""z"":2.66}","{""bars_held"":37,""cumulative_pct"":176.15,""entry_bar_time"":""2023-06-30 16:00:00+00:00"",""event"":""exit"",""exit_reason"":""trend_break"",""historical"":true,""hold_days"":6.2,""model"":""trend_breakout/4/regime_pivot_be12"",""pct_captured"":-4.14,""side"":""long"",""signal_bar_time"":""2023-07-06 20:00:00+00:00"",""symbol"":""ETH"",""timeframe"":""4h"",""venue"":""binanceus""}"
22487a4c6889957f1ee7c734cc8c69eb,flagship,4h,trend_breakout/4/regime_pivot_be12,BTC,2023-07-03T12:00:00+00:00,2023-07-03T16:00:00+00:00,2023-07-06T12:00:00+00:00,31047,30143.200279100685,-2.911069413789791,stop,18,closed,e84364dd6f58414680f656bdfbe5e20a,d85ad7e2888f47b79e6eead8595df555,"{""atr"":301.26657363,""breadth"":0.6,""discriminator_score"":0.544,""ema200"":28671.58874483,""entry_rule"":""enter at next 4h open"",""event"":""entry"",""gate"":""discriminator"",""historical"":true,""indicative_stop"":30143.2002791,""model"":""trend_breakout/4/regime_pivot_be12"",""reference_close"":31047.0,""relvol"":2.5,""side"":""long"",""signal_bar_time"":""2023-07-03 12:00:00+00:00"",""stop_atr_mult"":3.0,""symbol"":""BTC"",""timeframe"":""4h"",""venue"":""binanceus"",""z"":2.51}","{""bars_held"":18,""cumulative_pct"":177.75,""entry_bar_time"":""2023-07-03 12:00:00+00:00"",""event"":""exit"",""exit_reason"":""stop"",""historical"":true,""hold_days"":3.0,""model"":""trend_breakout/4/regime_pivot_be12"",""pct_captured"":-2.91,""side"":""long"",""signal_bar_time"":""2023-07-06 12:00:00+00:00"",""symbol"":""BTC"",""timeframe"":""4h"",""venue"":""binanceus""}"
c105cd2492a622d1be72d1c9079ec378,flagship,4h,trend_breakout/4/regime_pivot_be12,BTC,2023-07-13T16:00:00+00:00,2023-07-13T20:00:00+00:00,2023-07-14T16:00:00+00:00,31624.97,30579.58203243245,-3.3055777367300365,stop,6,closed,e84364dd6f58414680f656bdfbe5e20a,d85ad7e2888f47b79e6eead8595df555,"{""atr"":348.46265586,""breadth"":1.0,""discriminator_score"":0.535,""ema200"":29506.8069327,""entry_rule"":""enter at next 4h open"",""event"":""entry"",""gate"":""discriminator"",""historical"":true,""indicative_stop"":30584.17203243,""model"":""trend_breakout/4/regime_pivot_be12"",""reference_close"":31629.56,""relvol"":6.31,""side"":""long"",""signal_bar_time"":""2023-07-13 16:00:00+00:00"",""stop_atr_mult"":3.0,""symbol"":""BTC"",""timeframe"":""4h"",""venue"":""binanceus"",""z"":3.52}","{""bars_held"":6,""cumulative_pct"":174.44,""entry_bar_time"":""2023-07-13 16:00:00+00:00"",""event"":""exit"",""exit_reason"":""stop"",""historical"":true,""hold_days"":1.0,""model"":""trend_breakout/4/regime_pivot_be12"",""pct_captured"":-3.31,""side"":""long"",""signal_bar_time"":""2023-07-14 16:00:00+00:00"",""symbol"":""BTC"",""timeframe"":""4h"",""venue"":""binanceus""}"
d64d31bf7d2269d530547e829d970aae,flagship,4h,trend_breakout/4/regime_pivot_be12,BNB,2023-07-14T00:00:00+00:00,2023-07-14T04:00:00+00:00,2023-07-14T16:00:00+00:00,258.2,240.73483299928188,-6.76420100724946,stop,4,closed,e84364dd6f58414680f656bdfbe5e20a,d85ad7e2888f47b79e6eead8595df555,"{""atr"":5.82172233,""breadth"":1.0,""discriminator_score"":0.604,""ema200"":248.77471995,""entry_rule"":""enter at next 4h open"",""event"":""entry"",""gate"":""discriminator"",""historical"":true,""indicative_stop"":240.734833,""model"":""trend_breakout/4/regime_pivot_be12"",""reference_close"":258.2,""relvol"":6.79,""side"":""long"",""signal_bar_time"":""2023-07-14 00:00:00+00:00"",""stop_atr_mult"":3.0,""symbol"":""BNB"",""timeframe"":""4h"",""venue"":""binanceus"",""z"":2.69}","{""bars_held"":4,""cumulative_pct"":390.12,""entry_bar_time"":""2023-07-14 00:00:00+00:00"",""event"":""exit"",""exit_reason"":""stop"",""historical"":true,""hold_days"":0.7,""model"":""trend_breakout/4/regime_pivot_be12"",""pct_captured"":-6.76,""side"":""long"",""signal_bar_time"":""2023-07-14 16:00:00+00:00"",""symbol"":""BNB"",""timeframe"":""4h"",""venue"":""binanceus""}"
3ebf6a65f67d0aa811e7a67b6c99c133,flagship,4h,trend_breakout/4/regime_pivot_be12,XRP,2023-07-19T00:00:00+00:00,2023-07-19T04:00:00+00:00,2023-08-03T04:00:00+00:00,0.7996,0.6687555500427939,-16.363738113707615,stop,91,closed,5af02e8f4525420d83a664a333615db2,d85ad7e2888f47b79e6eead8595df555,"{""atr"":0.04361482,""breadth"":0.83,""discriminator_score"":0.961,""ema200"":0.43813934,""entry_rule"":""enter at next 4h open"",""event"":""entry"",""gate"":""discriminator"",""historical"":true,""indicative_stop"":0.66935555,""model"":""trend_breakout/4/regime_pivot_be12"",""reference_close"":0.8002,""relvol"":2.94,""side"":""long"",""signal_bar_time"":""2023-07-19 00:00:00+00:00"",""stop_atr_mult"":3.0,""symbol"":""XRP"",""timeframe"":""4h"",""venue"":""binanceus"",""z"":2.54}","{""bars_held"":91,""cumulative_pct"":47.74,""entry_bar_time"":""2023-07-19 00:00:00+00:00"",""event"":""exit"",""exit_reason"":""stop"",""historical"":true,""hold_days"":15.2,""model"":""trend_breakout/4/regime_pivot_be12"",""pct_captured"":-16.36,""side"":""long"",""signal_bar_time"":""2023-08-03 04:00:00+00:00"",""symbol"":""XRP"",""timeframe"":""4h"",""venue"":""binanceus""}"
e4e62576aef8896b7c6a50c71fb85efc,flagship,4h,trend_breakout/4/regime_pivot_be12,BTC,2023-08-08T12:00:00+00:00,2023-08-08T16:00:00+00:00,2023-08-09T16:00:00+00:00,29534.37,29430.62,-0.35128563771632537,trend_break,7,closed,e84364dd6f58414680f656bdfbe5e20a,d85ad7e2888f47b79e6eead8595df555,"{""atr"":187.51649873,""breadth"":0.5,""discriminator_score"":0.516,""ema200"":29435.25228104,""entry_rule"":""enter at next 4h open"",""event"":""entry"",""gate"":""discriminator"",""historical"":true,""indicative_stop"":28967.4605038,""model"":""trend_breakout/4/regime_pivot_be12"",""reference_close"":29530.01,""relvol"":3.09,""side"":""long"",""signal_bar_time"":""2023-08-08 12:00:00+00:00"",""stop_atr_mult"":3.0,""symbol"":""BTC"",""timeframe"":""4h"",""venue"":""binanceus"",""z"":2.87}","{""bars_held"":7,""cumulative_pct"":174.09,""entry_bar_time"":""2023-08-08 12:00:00+00:00"",""event"":""exit"",""exit_reason"":""trend_break"",""historical"":true,""hold_days"":1.2,""model"":""trend_breakout/4/regime_pivot_be12"",""pct_captured"":-0.35,""side"":""long"",""signal_bar_time"":""2023-08-09 16:00:00+00:00"",""symbol"":""BTC"",""timeframe"":""4h"",""venue"":""binanceus""}"
6c8db9fad02c4527d7e7f3332eaf1e45,flagship,4h,trend_breakout/4/regime_pivot_be12,XRP,2023-09-29T12:00:00+00:00,2023-09-29T16:00:00+00:00,2023-10-02T16:00:00+00:00,0.5325,0.5109999414837885,-4.037569674405916,stop,19,closed,e84364dd6f58414680f656bdfbe5e20a,d85ad7e2888f47b79e6eead8595df555,"{""atr"":0.00716669,""breadth"":0.83,""discriminator_score"":0.516,""ema200"":0.51768685,""entry_rule"":""enter at next 4h open"",""event"":""entry"",""gate"":""discriminator"",""historical"":true,""indicative_stop"":0.51079994,""model"":""trend_breakout/4/regime_pivot_be12"",""reference_close"":0.5323,""relvol"":5.92,""side"":""long"",""signal_bar_time"":""2023-09-29 12:00:00+00:00"",""stop_atr_mult"":3.0,""symbol"":""XRP"",""timeframe"":""4h"",""venue"":""binanceus"",""z"":3.65}","{""bars_held"":19,""cumulative_pct"":43.7,""entry_bar_time"":""2023-09-29 12:00:00+00:00"",""event"":""exit"",""exit_reason"":""stop"",""historical"":true,""hold_days"":3.2,""model"":""trend_breakout/4/regime_pivot_be12"",""pct_captured"":-4.04,""side"":""long"",""signal_bar_time"":""2023-10-02 16:00:00+00:00"",""symbol"":""XRP"",""timeframe"":""4h"",""venue"":""binanceus""}"
99d804815f6d79de761b231b61c00f6f,flagship,4h,trend_breakout/4/regime_pivot_be12,BNB,2023-10-01T20:00:00+00:00,2023-10-02T00:00:00+00:00,2023-10-02T16:00:00+00:00,218.2,215,-1.466544454628771,trend_break,5,closed,e84364dd6f58414680f656bdfbe5e20a,d85ad7e2888f47b79e6eead8595df555,"{""atr"":1.8743556,""breadth"":1.0,""discriminator_score"":0.656,""ema200"":215.67866463,""entry_rule"":""enter at next 4h open"",""event"":""entry"",""gate"":""discriminator"",""historical"":true,""indicative_stop"":212.37693319,""model"":""trend_breakout/4/regime_pivot_be12"",""reference_close"":218.0,""relvol"":7.34,""side"":""long"",""signal_bar_time"":""2023-10-01 20:00:00+00:00"",""stop_atr_mult"":3.0,""symbol"":""BNB"",""timeframe"":""4h"",""venue"":""binanceus"",""z"":2.69}","{""bars_held"":5,""cumulative_pct"":388.65,""entry_bar_time"":""2023-10-01 20:00:00+00:00"",""event"":""exit"",""exit_reason"":""trend_break"",""historical"":true,""hold_days"":0.8,""model"":""trend_breakout/4/regime_pivot_be12"",""pct_captured"":-1.47,""side"":""long"",""signal_bar_time"":""2023-10-02 16:00:00+00:00"",""symbol"":""BNB"",""timeframe"":""4h"",""venue"":""binanceus""}"
e4610b5cf6211197cdd7bda7743855fd,flagship,4h,trend_breakout/4/regime_pivot_be12,BTC,2023-10-01T20:00:00+00:00,2023-10-02T00:00:00+00:00,2023-10-02T20:00:00+00:00,27994.99,27296.90836967756,-2.493594855088155,stop,6,closed,e84364dd6f58414680f656bdfbe5e20a,d85ad7e2888f47b79e6eead8595df555,"{""atr"":232.69387677,""breadth"":1.0,""discriminator_score"":0.522,""ema200"":26700.71968203,""entry_rule"":""enter at next 4h open"",""event"":""entry"",""gate"":""discriminator"",""historical"":true,""indicative_stop"":27296.90836968,""model"":""trend_breakout/4/regime_pivot_be12"",""reference_close"":27994.99,""relvol"":4.84,""side"":""long"",""signal_bar_time"":""2023-10-01 20:00:00+00:00"",""stop_atr_mult"":3.0,""symbol"":""BTC"",""timeframe"":""4h"",""venue"":""binanceus"",""z"":4.02}","{""bars_held"":6,""cumulative_pct"":171.6,""entry_bar_time"":""2023-10-01 20:00:00+00:00"",""event"":""exit"",""exit_reason"":""stop"",""historical"":true,""hold_days"":1.0,""model"":""trend_breakout/4/regime_pivot_be12"",""pct_captured"":-2.49,""side"":""long"",""signal_bar_time"":""2023-10-02 20:00:00+00:00"",""symbol"":""BTC"",""timeframe"":""4h"",""venue"":""binanceus""}"
2496b64f55654be2c7f00ffc740995cf,flagship,4h,trend_breakout/4/regime_pivot_be12,ETH,2023-10-01T20:00:00+00:00,2023-10-02T00:00:00+00:00,2023-10-02T16:00:00+00:00,1728.9,1677.3704518165634,-2.9804817041723997,stop,5,closed,e84364dd6f58414680f656bdfbe5e20a,d85ad7e2888f47b79e6eead8595df555,"{""atr"":17.17651606,""breadth"":1.0,""discriminator_score"":0.604,""ema200"":1645.14823158,""entry_rule"":""enter at next 4h open"",""event"":""entry"",""gate"":""discriminator"",""historical"":true,""indicative_stop"":1681.57045182,""model"":""trend_breakout/4/regime_pivot_be12"",""reference_close"":1733.1,""relvol"":2.45,""side"":""long"",""signal_bar_time"":""2023-10-01 20:00:00+00:00"",""stop_atr_mult"":3.0,""symbol"":""ETH"",""timeframe"":""4h"",""venue"":""binanceus"",""z"":3.55}","{""bars_held"":5,""cumulative_pct"":173.16,""entry_bar_time"":""2023-10-01 20:00:00+00:00"",""event"":""exit"",""exit_reason"":""stop"",""historical"":true,""hold_days"":0.8,""model"":""trend_breakout/4/regime_pivot_be12"",""pct_captured"":-2.98,""side"":""long"",""signal_bar_time"":""2023-10-02 16:00:00+00:00"",""symbol"":""ETH"",""timeframe"":""4h"",""venue"":""binanceus""}"
f0248e772ed9f7461b61bd0090d94af0,flagship,4h,trend_breakout/4/regime_pivot_be12,XRP,2023-10-03T20:00:00+00:00,2023-10-04T00:00:00+00:00,2023-10-09T04:00:00+00:00,0.5382,0.5131378895518933,-4.656653743609562,stop,32,closed,e84364dd6f58414680f656bdfbe5e20a,d85ad7e2888f47b79e6eead8595df555,"{""atr"":0.00835404,""breadth"":0.83,""discriminator_score"":0.595,""ema200"":0.51778426,""entry_rule"":""enter at next 4h open"",""event"":""entry"",""gate"":""discriminator"",""historical"":true,""indicative_stop"":0.51313789,""model"":""trend_breakout/4/regime_pivot_be12"",""reference_close"":0.5382,""relvol"":3.86,""side"":""long"",""signal_bar_time"":""2023-10-03 20:00:00+00:00"",""stop_atr_mult"":3.0,""symbol"":""XRP"",""timeframe"":""4h"",""venue"":""binanceus"",""z"":3.04}","{""bars_held"":32,""cumulative_pct"":39.05,""entry_bar_time"":""2023-10-03 20:00:00+00:00"",""event"":""exit"",""exit_reason"":""stop"",""historical"":true,""hold_days"":5.3,""model"":""trend_breakout/4/regime_pivot_be12"",""pct_captured"":-4.66,""side"":""long"",""signal_bar_time"":""2023-10-09 04:00:00+00:00"",""symbol"":""XRP"",""timeframe"":""4h"",""venue"":""binanceus""}"
2e0f44942cf6b8f33b9800d9d0e4162d,flagship,4h,trend_breakout/4/regime_pivot_be12,XRP,2023-10-19T20:00:00+00:00,2023-10-20T00:00:00+00:00,2023-11-17T12:00:00+00:00,0.521,0.5893,13.109404990403073,trend_break,172,closed,e84364dd6f58414680f656bdfbe5e20a,d85ad7e2888f47b79e6eead8595df555,"{""atr"":0.00671639,""breadth"":0.5,""discriminator_score"":0.538,""ema200"":0.50509273,""entry_rule"":""enter at next 4h open"",""event"":""entry"",""gate"":""discriminator"",""historical"":true,""indicative_stop"":0.49875083,""model"":""trend_breakout/4/regime_pivot_be12"",""reference_close"":0.5189,""relvol"":10.32,""side"":""long"",""signal_bar_time"":""2023-10-19 20:00:00+00:00"",""stop_atr_mult"":3.0,""symbol"":""XRP"",""timeframe"":""4h"",""venue"":""binanceus"",""z"":3.56}","{""bars_held"":172,""cumulative_pct"":52.16,""entry_bar_time"":""2023-10-19 20:00:00+00:00"",""event"":""exit"",""exit_reason"":""trend_break"",""historical"":true,""hold_days"":28.7,""model"":""trend_breakout/4/regime_pivot_be12"",""pct_captured"":13.11,""side"":""long"",""signal_bar_time"":""2023-11-17 12:00:00+00:00"",""symbol"":""XRP"",""timeframe"":""4h"",""venue"":""binanceus""}"
3ae5d55dc1d2089af787d391e58c31b2,flagship,4h,trend_breakout/4/regime_pivot_be12,ETH,2023-10-20T08:00:00+00:00,2023-10-20T12:00:00+00:00,2023-10-20T12:00:00+00:00,1608.63,1603.58,-0.31393173072740144,trend_break,1,closed,e84364dd6f58414680f656bdfbe5e20a,d85ad7e2888f47b79e6eead8595df555,"{""atr"":16.45356512,""breadth"":0.83,""discriminator_score"":0.599,""ema200"":1606.4058744,""entry_rule"":""enter at next 4h open"",""event"":""entry"",""gate"":""discriminator"",""historical"":true,""indicative_stop"":1558.63930464,""model"":""trend_breakout/4/regime_pivot_be12"",""reference_close"":1608.0,""relvol"":3.24,""side"":""long"",""signal_bar_time"":""2023-10-20 08:00:00+00:00"",""stop_atr_mult"":3.0,""symbol"":""ETH"",""timeframe"":""4h"",""venue"":""binanceus"",""z"":2.63}","{""bars_held"":1,""cumulative_pct"":172.85,""entry_bar_time"":""2023-10-20 08:00:00+00:00"",""event"":""exit"",""exit_reason"":""trend_break"",""historical"":true,""hold_days"":0.2,""model"":""trend_breakout/4/regime_pivot_be12"",""pct_captured"":-0.31,""side"":""long"",""signal_bar_time"":""2023-10-20 12:00:00+00:00"",""symbol"":""ETH"",""timeframe"":""4h"",""venue"":""binanceus""}"
3e89ce478f58ada60005bb528ae299e7,flagship,4h,trend_breakout/4/regime_pivot_be12,ETH,2023-10-23T00:00:00+00:00,2023-10-23T04:00:00+00:00,2023-12-18T08:00:00+00:00,1692.32,2142.03,26.57357946487664,trend_break,338,closed,e84364dd6f58414680f656bdfbe5e20a,d85ad7e2888f47b79e6eead8595df555,"{""atr"":17.49129405,""breadth"":1.0,""discriminator_score"":0.579,""ema200"":1609.45718473,""entry_rule"":""enter at next 4h open"",""event"":""entry"",""gate"":""discriminator"",""historical"":true,""indicative_stop"":1638.59611785,""model"":""trend_breakout/4/regime_pivot_be12"",""reference_close"":1691.07,""relvol"":2.89,""side"":""long"",""signal_bar_time"":""2023-10-23 00:00:00+00:00"",""stop_atr_mult"":3.0,""symbol"":""ETH"",""timeframe"":""4h"",""venue"":""binanceus"",""z"":2.7}","{""bars_held"":338,""cumulative_pct"":199.42,""entry_bar_time"":""2023-10-23 00:00:00+00:00"",""event"":""exit"",""exit_reason"":""trend_break"",""historical"":true,""hold_days"":56.3,""model"":""trend_breakout/4/regime_pivot_be12"",""pct_captured"":26.57,""side"":""long"",""signal_bar_time"":""2023-12-18 08:00:00+00:00"",""symbol"":""ETH"",""timeframe"":""4h"",""venue"":""binanceus""}"
279c9bfad223454b4778013a2ef2d839,flagship,4h,trend_breakout/4/regime_pivot_be12,ADA,2023-10-23T20:00:00+00:00,2023-10-24T00:00:00+00:00,2024-01-03T20:00:00+00:00,0.2798,0.5578,99.3566833452466,trend_break,432,closed,e84364dd6f58414680f656bdfbe5e20a,d85ad7e2888f47b79e6eead8595df555,"{""atr"":0.00412289,""breadth"":1.0,""discriminator_score"":0.588,""ema200"":0.25334446,""entry_rule"":""enter at next 4h open"",""event"":""entry"",""gate"":""bull_override"",""historical"":true,""indicative_stop"":0.26733132,""model"":""trend_breakout/4/regime_pivot_be12"",""reference_close"":0.2797,""relvol"":12.62,""side"":""long"",""signal_bar_time"":""2023-10-23 20:00:00+00:00"",""stop_atr_mult"":3.0,""symbol"":""ADA"",""timeframe"":""4h"",""venue"":""binanceus"",""z"":2.9}","{""bars_held"":432,""cumulative_pct"":892.13,""entry_bar_time"":""2023-10-23 20:00:00+00:00"",""event"":""exit"",""exit_reason"":""trend_break"",""historical"":true,""hold_days"":72.0,""model"":""trend_breakout/4/regime_pivot_be12"",""pct_captured"":99.36,""side"":""long"",""signal_bar_time"":""2024-01-03 20:00:00+00:00"",""symbol"":""ADA"",""timeframe"":""4h"",""venue"":""binanceus""}"
1b83cb1be949b9e308dcb7aedd1a8f56,flagship,4h,trend_breakout/4/regime_pivot_be12,BNB,2023-12-12T00:00:00+00:00,2023-12-12T04:00:00+00:00,2023-12-18T00:00:00+00:00,253.2,237.46182909267628,-6.215707309369556,stop,36,closed,e84364dd6f58414680f656bdfbe5e20a,d85ad7e2888f47b79e6eead8595df555,"{""atr"":5.24605697,""breadth"":1.0,""discriminator_score"":0.606,""ema200"":234.49289569,""entry_rule"":""enter at next 4h open"",""event"":""entry"",""gate"":""discriminator"",""historical"":true,""indicative_stop"":237.06182909,""model"":""trend_breakout/4/regime_pivot_be12"",""reference_close"":252.8,""relvol"":2.59,""side"":""long"",""signal_bar_time"":""2023-12-12 00:00:00+00:00"",""stop_atr_mult"":3.0,""symbol"":""BNB"",""timeframe"":""4h"",""venue"":""binanceus"",""z"":2.8}","{""bars_held"":36,""cumulative_pct"":382.43,""entry_bar_time"":""2023-12-12 00:00:00+00:00"",""event"":""exit"",""exit_reason"":""stop"",""historical"":true,""hold_days"":6.0,""model"":""trend_breakout/4/regime_pivot_be12"",""pct_captured"":-6.22,""side"":""long"",""signal_bar_time"":""2023-12-18 00:00:00+00:00"",""symbol"":""BNB"",""timeframe"":""4h"",""venue"":""binanceus""}"
bca034481feaf825afdbb953a62d4dcc,flagship,4h,trend_breakout/4/regime_pivot_be12,BNB,2023-12-26T08:00:00+00:00,2023-12-26T12:00:00+00:00,2024-01-08T00:00:00+00:00,289.8,289.8,0,be_stop,76,closed,e84364dd6f58414680f656bdfbe5e20a,d85ad7e2888f47b79e6eead8595df555,"{""atr"":5.51435945,""breadth"":1.0,""discriminator_score"":0.64,""ema200"":248.20944297,""entry_rule"":""enter at next 4h open"",""event"":""entry"",""gate"":""discriminator"",""historical"":true,""indicative_stop"":273.35692165,""model"":""trend_breakout/4/regime_pivot_be12"",""reference_close"":289.9,""relvol"":7.87,""side"":""long"",""signal_bar_time"":""2023-12-26 08:00:00+00:00"",""stop_atr_mult"":3.0,""symbol"":""BNB"",""timeframe"":""4h"",""venue"":""binanceus"",""z"":3.99}","{""bars_held"":76,""cumulative_pct"":382.43,""entry_bar_time"":""2023-12-26 08:00:00+00:00"",""event"":""exit"",""exit_reason"":""be_stop"",""historical"":true,""hold_days"":12.7,""model"":""trend_breakout/4/regime_pivot_be12"",""pct_captured"":0.0,""side"":""long"",""signal_bar_time"":""2024-01-08 00:00:00+00:00"",""symbol"":""BNB"",""timeframe"":""4h"",""venue"":""binanceus""}"
d9eb4e05cbd38199a3d69520e0301999,flagship,4h,trend_breakout/4/regime_pivot_be12,ETH,2024-01-08T16:00:00+00:00,2024-01-08T20:00:00+00:00,2024-01-22T08:00:00+00:00,2354.1,2385.25,1.3232233125185955,trend_break,82,closed,e84364dd6f58414680f656bdfbe5e20a,d85ad7e2888f47b79e6eead8595df555,"{""atr"":37.91909797,""breadth"":0.67,""discriminator_score"":0.563,""ema200"":2239.7078443,""entry_rule"":""enter at next 4h open"",""event"":""entry"",""gate"":""discriminator"",""historical"":true,""indicative_stop"":2240.34270608,""model"":""trend_breakout/4/regime_pivot_be12"",""reference_close"":2354.1,""relvol"":4.99,""side"":""long"",""signal_bar_time"":""2024-01-08 16:00:00+00:00"",""stop_atr_mult"":3.0,""symbol"":""ETH"",""timeframe"":""4h"",""venue"":""binanceus"",""z"":3.68}","{""bars_held"":82,""cumulative_pct"":200.75,""entry_bar_time"":""2024-01-08 16:00:00+00:00"",""event"":""exit"",""exit_reason"":""trend_break"",""historical"":true,""hold_days"":13.7,""model"":""trend_breakout/4/regime_pivot_be12"",""pct_captured"":1.32,""side"":""long"",""signal_bar_time"":""2024-01-22 08:00:00+00:00"",""symbol"":""ETH"",""timeframe"":""4h"",""venue"":""binanceus""}"
54c1e9f2bf19fddc6546e0769d469d2b,flagship,4h,trend_breakout/4/regime_pivot_be12,BNB,2024-02-04T12:00:00+00:00,2024-02-04T16:00:00+00:00,2024-02-05T12:00:00+00:00,306,300.6,-1.764705882352935,trend_break,6,closed,e84364dd6f58414680f656bdfbe5e20a,d85ad7e2888f47b79e6eead8595df555,"{""atr"":3.90389597,""breadth"":0.5,""discriminator_score"":0.554,""ema200"":300.48261347,""entry_rule"":""enter at next 4h open"",""event"":""entry"",""gate"":""discriminator"",""historical"":true,""indicative_stop"":293.68831208,""model"":""trend_breakout/4/regime_pivot_be12"",""reference_close"":305.4,""relvol"":5.09,""side"":""long"",""signal_bar_time"":""2024-02-04 12:00:00+00:00"",""stop_atr_mult"":3.0,""symbol"":""BNB"",""timeframe"":""4h"",""venue"":""binanceus"",""z"":2.66}","{""bars_held"":6,""cumulative_pct"":380.67,""entry_bar_time"":""2024-02-04 12:00:00+00:00"",""event"":""exit"",""exit_reason"":""trend_break"",""historical"":true,""hold_days"":1.0,""model"":""trend_breakout/4/regime_pivot_be12"",""pct_captured"":-1.76,""side"":""long"",""signal_bar_time"":""2024-02-05 12:00:00+00:00"",""symbol"":""BNB"",""timeframe"":""4h"",""venue"":""binanceus""}"
6eed9a0772a3524adac0bf39938530de,flagship,4h,trend_breakout/4/regime_pivot_be12,BNB,2024-02-15T00:00:00+00:00,2024-02-15T04:00:00+00:00,2024-04-13T16:00:00+00:00,342.3,552.5,61.408121530820914,trend_break,352,closed,e84364dd6f58414680f656bdfbe5e20a,d85ad7e2888f47b79e6eead8595df555,"{""atr"":4.9967596,""breadth"":1.0,""discriminator_score"":0.621,""ema200"":308.92030981,""entry_rule"":""enter at next 4h open"",""event"":""entry"",""gate"":""bull_override"",""historical"":true,""indicative_stop"":327.50972119,""model"":""trend_breakout/4/regime_pivot_be12"",""reference_close"":342.5,""relvol"":4.93,""side"":""long"",""signal_bar_time"":""2024-02-15 00:00:00+00:00"",""stop_atr_mult"":3.0,""symbol"":""BNB"",""timeframe"":""4h"",""venue"":""binanceus"",""z"":2.67}","{""bars_held"":352,""cumulative_pct"":442.08,""entry_bar_time"":""2024-02-15 00:00:00+00:00"",""event"":""exit"",""exit_reason"":""trend_break"",""historical"":true,""hold_days"":58.7,""model"":""trend_breakout/4/regime_pivot_be12"",""pct_captured"":61.41,""side"":""long"",""signal_bar_time"":""2024-04-13 16:00:00+00:00"",""symbol"":""BNB"",""timeframe"":""4h"",""venue"":""binanceus""}"
9271eec2c317a2256702e11ea5ad6bb2,flagship,4h,trend_breakout/4/regime_pivot_be12,XRP,2024-02-15T00:00:00+00:00,2024-02-15T04:00:00+00:00,2024-02-21T08:00:00+00:00,0.5526,0.5379,-2.6601520086862007,trend_break,38,closed,e84364dd6f58414680f656bdfbe5e20a,d85ad7e2888f47b79e6eead8595df555,"{""atr"":0.00753446,""breadth"":1.0,""discriminator_score"":0.576,""ema200"":0.53509791,""entry_rule"":""enter at next 4h open"",""event"":""entry"",""gate"":""bull_override"",""historical"":true,""indicative_stop"":0.52979662,""model"":""trend_breakout/4/regime_pivot_be12"",""reference_close"":0.5524,""relvol"":2.05,""side"":""long"",""signal_bar_time"":""2024-02-15 00:00:00+00:00"",""stop_atr_mult"":3.0,""symbol"":""XRP"",""timeframe"":""4h"",""venue"":""binanceus"",""z"":3.05}","{""bars_held"":38,""cumulative_pct"":49.49,""entry_bar_time"":""2024-02-15 00:00:00+00:00"",""event"":""exit"",""exit_reason"":""trend_break"",""historical"":true,""hold_days"":6.3,""model"":""trend_breakout/4/regime_pivot_be12"",""pct_captured"":-2.66,""side"":""long"",""signal_bar_time"":""2024-02-21 08:00:00+00:00"",""symbol"":""XRP"",""timeframe"":""4h"",""venue"":""binanceus""}"
ed10a12dec2f20fe8e1db6515dc62b71,flagship,4h,trend_breakout/4/regime_pivot_be12,SOL,2024-02-26T16:00:00+00:00,2024-02-26T20:00:00+00:00,2024-04-05T08:00:00+00:00,109.65,169.91,54.95668034655721,trend_break,232,closed,e84364dd6f58414680f656bdfbe5e20a,d85ad7e2888f47b79e6eead8595df555,"{""atr"":2.38564052,""breadth"":1.0,""discriminator_score"":0.501,""ema200"":103.18238608,""entry_rule"":""enter at next 4h open"",""event"":""entry"",""gate"":""discriminator"",""historical"":true,""indicative_stop"":102.39307843,""model"":""trend_breakout/4/regime_pivot_be12"",""reference_close"":109.55,""relvol"":5.31,""side"":""long"",""signal_bar_time"":""2024-02-26 16:00:00+00:00"",""stop_atr_mult"":3.0,""symbol"":""SOL"",""timeframe"":""4h"",""venue"":""binanceus"",""z"":3.32}","{""bars_held"":232,""cumulative_pct"":779.83,""entry_bar_time"":""2024-02-26 16:00:00+00:00"",""event"":""exit"",""exit_reason"":""trend_break"",""historical"":true,""hold_days"":38.7,""model"":""trend_breakout/4/regime_pivot_be12"",""pct_captured"":54.96,""side"":""long"",""signal_bar_time"":""2024-04-05 08:00:00+00:00"",""symbol"":""SOL"",""timeframe"":""4h"",""venue"":""binanceus""}"
0b4a6886fd915b9954179001da7ebaf9,flagship,4h,trend_breakout/4/regime_pivot_be12,XRP,2024-02-27T16:00:00+00:00,2024-02-27T20:00:00+00:00,2024-02-28T16:00:00+00:00,0.593,0.5635652356947419,-4.963703930060381,stop,6,closed,e84364dd6f58414680f656bdfbe5e20a,d85ad7e2888f47b79e6eead8595df555,"{""atr"":0.00981159,""breadth"":1.0,""discriminator_score"":0.514,""ema200"":0.54335475,""entry_rule"":""enter at next 4h open"",""event"":""entry"",""gate"":""bull_override"",""historical"":true,""indicative_stop"":0.56346524,""model"":""trend_breakout/4/regime_pivot_be12"",""reference_close"":0.5929,""relvol"":15.95,""side"":""long"",""signal_bar_time"":""2024-02-27 16:00:00+00:00"",""stop_atr_mult"":3.0,""symbol"":""XRP"",""timeframe"":""4h"",""venue"":""binanceus"",""z"":3.61}","{""bars_held"":6,""cumulative_pct"":44.53,""entry_bar_time"":""2024-02-27 16:00:00+00:00"",""event"":""exit"",""exit_reason"":""stop"",""historical"":true,""hold_days"":1.0,""model"":""trend_breakout/4/regime_pivot_be12"",""pct_captured"":-4.96,""side"":""long"",""signal_bar_time"":""2024-02-28 16:00:00+00:00"",""symbol"":""XRP"",""timeframe"":""4h"",""venue"":""binanceus""}"
1bd738c82857a38e265662ed8146fb63,flagship,4h,trend_breakout/4/regime_pivot_be12,XRP,2024-03-02T00:00:00+00:00,2024-03-02T04:00:00+00:00,2024-03-05T16:00:00+00:00,0.631,0.580725811044669,-7.967383352667346,stop,22,closed,e84364dd6f58414680f656bdfbe5e20a,d85ad7e2888f47b79e6eead8595df555,"{""atr"":0.01675806,""breadth"":1.0,""discriminator_score"":0.664,""ema200"":0.55196283,""entry_rule"":""enter at next 4h open"",""event"":""entry"",""gate"":""bull_override"",""historical"":true,""indicative_stop"":0.58082581,""model"":""trend_breakout/4/regime_pivot_be12"",""reference_close"":0.6311,""relvol"":4.15,""side"":""long"",""signal_bar_time"":""2024-03-02 00:00:00+00:00"",""stop_atr_mult"":3.0,""symbol"":""XRP"",""timeframe"":""4h"",""venue"":""binanceus"",""z"":2.96}","{""bars_held"":22,""cumulative_pct"":36.56,""entry_bar_time"":""2024-03-02 00:00:00+00:00"",""event"":""exit"",""exit_reason"":""stop"",""historical"":true,""hold_days"":3.7,""model"":""trend_breakout/4/regime_pivot_be12"",""pct_captured"":-7.97,""side"":""long"",""signal_bar_time"":""2024-03-05 16:00:00+00:00"",""symbol"":""XRP"",""timeframe"":""4h"",""venue"":""binanceus""}"
2f3776388f52543f0dca057bdae43ab4,flagship,4h,trend_breakout/4/regime_pivot_be12,XRP,2024-03-11T12:00:00+00:00,2024-03-11T16:00:00+00:00,2024-03-15T04:00:00+00:00,0.675,0.624888435767485,-7.423935441854079,stop,22,closed,e84364dd6f58414680f656bdfbe5e20a,d85ad7e2888f47b79e6eead8595df555,"{""atr"":0.01670385,""breadth"":1.0,""discriminator_score"":0.543,""ema200"":0.58356707,""entry_rule"":""enter at next 4h open"",""event"":""entry"",""gate"":""bull_override"",""historical"":true,""indicative_stop"":0.62488844,""model"":""trend_breakout/4/regime_pivot_be12"",""reference_close"":0.675,""relvol"":4.95,""side"":""long"",""signal_bar_time"":""2024-03-11 12:00:00+00:00"",""stop_atr_mult"":3.0,""symbol"":""XRP"",""timeframe"":""4h"",""venue"":""binanceus"",""z"":3.91}","{""bars_held"":22,""cumulative_pct"":29.14,""entry_bar_time"":""2024-03-11 12:00:00+00:00"",""event"":""exit"",""exit_reason"":""stop"",""historical"":true,""hold_days"":3.7,""model"":""trend_breakout/4/regime_pivot_be12"",""pct_captured"":-7.42,""side"":""long"",""signal_bar_time"":""2024-03-15 04:00:00+00:00"",""symbol"":""XRP"",""timeframe"":""4h"",""venue"":""binanceus""}"
fc05b9bb5a8f5bbe5713d937cd698573,flagship,4h,trend_breakout/4/regime_pivot_be12,BTC,2024-03-25T12:00:00+00:00,2024-03-25T16:00:00+00:00,2024-04-02T08:00:00+00:00,69872.24,65775.28427528088,-5.863495609585623,stop,47,closed,e84364dd6f58414680f656bdfbe5e20a,d85ad7e2888f47b79e6eead8595df555,"{""atr"":1365.65190824,""breadth"":1.0,""discriminator_score"":0.527,""ema200"":63034.63805051,""entry_rule"":""enter at next 4h open"",""event"":""entry"",""gate"":""discriminator"",""historical"":true,""indicative_stop"":65692.15427528,""model"":""trend_breakout/4/regime_pivot_be12"",""reference_close"":69789.11,""relvol"":5.01,""side"":""long"",""signal_bar_time"":""2024-03-25 12:00:00+00:00"",""stop_atr_mult"":3.0,""symbol"":""BTC"",""timeframe"":""4h"",""venue"":""binanceus"",""z"":2.96}","{""bars_held"":47,""cumulative_pct"":165.73,""entry_bar_time"":""2024-03-25 12:00:00+00:00"",""event"":""exit"",""exit_reason"":""stop"",""historical"":true,""hold_days"":7.8,""model"":""trend_breakout/4/regime_pivot_be12"",""pct_captured"":-5.86,""side"":""long"",""signal_bar_time"":""2024-04-02 08:00:00+00:00"",""symbol"":""BTC"",""timeframe"":""4h"",""venue"":""binanceus""}"
2365e2b0469f7af0037a406564c5647f,flagship,4h,trend_breakout/4/regime_pivot_be12,ETH,2024-03-25T12:00:00+00:00,2024-03-25T16:00:00+00:00,2024-04-01T12:00:00+00:00,3579.25,3459.81,-3.3370119438429824,trend_break,42,closed,e84364dd6f58414680f656bdfbe5e20a,d85ad7e2888f47b79e6eead8595df555,"{""atr"":78.85462195,""breadth"":1.0,""discriminator_score"":0.509,""ema200"":3413.88845705,""entry_rule"":""enter at next 4h open"",""event"":""entry"",""gate"":""discriminator"",""historical"":true,""indicative_stop"":3343.66613416,""model"":""trend_breakout/4/regime_pivot_be12"",""reference_close"":3580.23,""relvol"":3.53,""side"":""long"",""signal_bar_time"":""2024-03-25 12:00:00+00:00"",""stop_atr_mult"":3.0,""symbol"":""ETH"",""timeframe"":""4h"",""venue"":""binanceus"",""z"":3.09}","{""bars_held"":42,""cumulative_pct"":197.41,""entry_bar_time"":""2024-03-25 12:00:00+00:00"",""event"":""exit"",""exit_reason"":""trend_break"",""historical"":true,""hold_days"":7.0,""model"":""trend_breakout/4/regime_pivot_be12"",""pct_captured"":-3.34,""side"":""long"",""signal_bar_time"":""2024-04-01 12:00:00+00:00"",""symbol"":""ETH"",""timeframe"":""4h"",""venue"":""binanceus""}"
e31645883ac6a45ff3c1e5fdcc368ecc,flagship,4h,trend_breakout/4/regime_pivot_be12,ADA,2024-05-20T20:00:00+00:00,2024-05-21T00:00:00+00:00,2024-05-22T12:00:00+00:00,0.5021,0.47538471743039135,-5.32070953387943,stop,10,closed,e84364dd6f58414680f656bdfbe5e20a,d85ad7e2888f47b79e6eead8595df555,"{""atr"":0.00890509,""breadth"":1.0,""discriminator_score"":0.529,""ema200"":0.47730739,""entry_rule"":""enter at next 4h open"",""event"":""entry"",""gate"":""discriminator"",""historical"":true,""indicative_stop"":0.47488472,""model"":""trend_breakout/4/regime_pivot_be12"",""reference_close"":0.5016,""relvol"":8.57,""side"":""long"",""signal_bar_time"":""2024-05-20 20:00:00+00:00"",""stop_atr_mult"":3.0,""symbol"":""ADA"",""timeframe"":""4h"",""venue"":""binanceus"",""z"":2.64}","{""bars_held"":10,""cumulative_pct"":886.81,""entry_bar_time"":""2024-05-20 20:00:00+00:00"",""event"":""exit"",""exit_reason"":""stop"",""historical"":true,""hold_days"":1.7,""model"":""trend_breakout/4/regime_pivot_be12"",""pct_captured"":-5.32,""side"":""long"",""signal_bar_time"":""2024-05-22 12:00:00+00:00"",""symbol"":""ADA"",""timeframe"":""4h"",""venue"":""binanceus""}"
e1e8d21d2d7e9fcb6a827af0a7a61caa,flagship,4h,trend_breakout/4/regime_pivot_be12,XRP,2024-07-16T12:00:00+00:00,2024-07-16T16:00:00+00:00,2024-08-01T12:00:00+00:00,0.5837,0.5837,0,be_stop,96,closed,e84364dd6f58414680f656bdfbe5e20a,d85ad7e2888f47b79e6eead8595df555,"{""atr"":0.01720879,""breadth"":1.0,""discriminator_score"":0.703,""ema200"":0.48207536,""entry_rule"":""enter at next 4h open"",""event"":""entry"",""gate"":""discriminator"",""historical"":true,""indicative_stop"":0.53267364,""model"":""trend_breakout/4/regime_pivot_be12"",""reference_close"":0.5843,""relvol"":8.81,""side"":""long"",""signal_bar_time"":""2024-07-16 12:00:00+00:00"",""stop_atr_mult"":3.0,""symbol"":""XRP"",""timeframe"":""4h"",""venue"":""binanceus"",""z"":2.86}","{""bars_held"":96,""cumulative_pct"":29.14,""entry_bar_time"":""2024-07-16 12:00:00+00:00"",""event"":""exit"",""exit_reason"":""be_stop"",""historical"":true,""hold_days"":16.0,""model"":""trend_breakout/4/regime_pivot_be12"",""pct_captured"":0.0,""side"":""long"",""signal_bar_time"":""2024-08-01 12:00:00+00:00"",""symbol"":""XRP"",""timeframe"":""4h"",""venue"":""binanceus""}"
9ac94a2884ea02f7a23ff0fb7777f306,flagship,4h,trend_breakout/4/regime_pivot_be12,SOL,2024-07-19T12:00:00+00:00,2024-07-19T16:00:00+00:00,2024-08-01T04:00:00+00:00,168.54,168.54,0,be_stop,76,closed,e84364dd6f58414680f656bdfbe5e20a,d85ad7e2888f47b79e6eead8595df555,"{""atr"":3.72094305,""breadth"":1.0,""discriminator_score"":0.598,""ema200"":146.95122405,""entry_rule"":""enter at next 4h open"",""event"":""entry"",""gate"":""discriminator"",""historical"":true,""indicative_stop"":157.37717086,""model"":""trend_breakout/4/regime_pivot_be12"",""reference_close"":168.54,""relvol"":3.01,""side"":""long"",""signal_bar_time"":""2024-07-19 12:00:00+00:00"",""stop_atr_mult"":3.0,""symbol"":""SOL"",""timeframe"":""4h"",""venue"":""binanceus"",""z"":3.12}","{""bars_held"":76,""cumulative_pct"":779.83,""entry_bar_time"":""2024-07-19 12:00:00+00:00"",""event"":""exit"",""exit_reason"":""be_stop"",""historical"":true,""hold_days"":12.7,""model"":""trend_breakout/4/regime_pivot_be12"",""pct_captured"":0.0,""side"":""long"",""signal_bar_time"":""2024-08-01 04:00:00+00:00"",""symbol"":""SOL"",""timeframe"":""4h"",""venue"":""binanceus""}"
c9c74395a40e32f63e43f0b050ffa370,flagship,4h,trend_breakout/4/regime_pivot_be12,XRP,2024-08-23T20:00:00+00:00,2024-08-24T00:00:00+00:00,2024-08-26T16:00:00+00:00,0.6111,0.5862627352428574,-4.064353584870317,stop,17,closed,e84364dd6f58414680f656bdfbe5e20a,d85ad7e2888f47b79e6eead8595df555,"{""atr"":0.00827909,""breadth"":0.83,""discriminator_score"":0.518,""ema200"":0.57104784,""entry_rule"":""enter at next 4h open"",""event"":""entry"",""gate"":""discriminator"",""historical"":true,""indicative_stop"":0.58616274,""model"":""trend_breakout/4/regime_pivot_be12"",""reference_close"":0.611,""relvol"":6.27,""side"":""long"",""signal_bar_time"":""2024-08-23 20:00:00+00:00"",""stop_atr_mult"":3.0,""symbol"":""XRP"",""timeframe"":""4h"",""venue"":""binanceus"",""z"":2.76}","{""bars_held"":17,""cumulative_pct"":25.08,""entry_bar_time"":""2024-08-23 20:00:00+00:00"",""event"":""exit"",""exit_reason"":""stop"",""historical"":true,""hold_days"":2.8,""model"":""trend_breakout/4/regime_pivot_be12"",""pct_captured"":-4.06,""side"":""long"",""signal_bar_time"":""2024-08-26 16:00:00+00:00"",""symbol"":""XRP"",""timeframe"":""4h"",""venue"":""binanceus""}"
b45ad7b4c139d5480a8c14af8caaf521,flagship,4h,trend_breakout/4/regime_pivot_be12,ADA,2024-09-19T00:00:00+00:00,2024-09-19T04:00:00+00:00,2024-09-22T12:00:00+00:00,0.3491,0.3474,-0.4869664852477862,trend_break,21,closed,e84364dd6f58414680f656bdfbe5e20a,d85ad7e2888f47b79e6eead8595df555,"{""atr"":0.00632255,""breadth"":0.67,""discriminator_score"":0.527,""ema200"":0.34690443,""entry_rule"":""enter at next 4h open"",""event"":""entry"",""gate"":""discriminator"",""historical"":true,""indicative_stop"":0.32923234,""model"":""trend_breakout/4/regime_pivot_be12"",""reference_close"":0.3482,""relvol"":3.95,""side"":""long"",""signal_bar_time"":""2024-09-19 00:00:00+00:00"",""stop_atr_mult"":3.0,""symbol"":""ADA"",""timeframe"":""4h"",""venue"":""binanceus"",""z"":2.82}","{""bars_held"":21,""cumulative_pct"":886.32,""entry_bar_time"":""2024-09-19 00:00:00+00:00"",""event"":""exit"",""exit_reason"":""trend_break"",""historical"":true,""hold_days"":3.5,""model"":""trend_breakout/4/regime_pivot_be12"",""pct_captured"":-0.49,""side"":""long"",""signal_bar_time"":""2024-09-22 12:00:00+00:00"",""symbol"":""ADA"",""timeframe"":""4h"",""venue"":""binanceus""}"
ee4769bd182a73377220a93a3f4e2933,flagship,4h,trend_breakout/4/regime_pivot_be12,BTC,2024-09-23T00:00:00+00:00,2024-09-23T04:00:00+00:00,2024-10-01T16:00:00+00:00,64377.99,62072.04089933283,-3.5818904887635727,stop,52,closed,e84364dd6f58414680f656bdfbe5e20a,d85ad7e2888f47b79e6eead8595df555,"{""atr"":768.64970022,""breadth"":1.0,""discriminator_score"":0.578,""ema200"":59885.13922881,""entry_rule"":""enter at next 4h open"",""event"":""entry"",""gate"":""discriminator"",""historical"":true,""indicative_stop"":61999.58089933,""model"":""trend_breakout/4/regime_pivot_be12"",""reference_close"":64305.53,""relvol"":4.47,""side"":""long"",""signal_bar_time"":""2024-09-23 00:00:00+00:00"",""stop_atr_mult"":3.0,""symbol"":""BTC"",""timeframe"":""4h"",""venue"":""binanceus"",""z"":2.93}","{""bars_held"":52,""cumulative_pct"":162.15,""entry_bar_time"":""2024-09-23 00:00:00+00:00"",""event"":""exit"",""exit_reason"":""stop"",""historical"":true,""hold_days"":8.7,""model"":""trend_breakout/4/regime_pivot_be12"",""pct_captured"":-3.58,""side"":""long"",""signal_bar_time"":""2024-10-01 16:00:00+00:00"",""symbol"":""BTC"",""timeframe"":""4h"",""venue"":""binanceus""}"
979a30a59ed01d02636b6bec98ace862,flagship,4h,trend_breakout/4/regime_pivot_be12,ETH,2024-09-23T00:00:00+00:00,2024-09-23T04:00:00+00:00,2024-10-01T12:00:00+00:00,2674,2537.087844585197,-5.120125482976922,stop,51,closed,e84364dd6f58414680f656bdfbe5e20a,d85ad7e2888f47b79e6eead8595df555,"{""atr"":45.63738514,""breadth"":1.0,""discriminator_score"":0.568,""ema200"":2499.45331544,""entry_rule"":""enter at next 4h open"",""event"":""entry"",""gate"":""discriminator"",""historical"":true,""indicative_stop"":2534.30784459,""model"":""trend_breakout/4/regime_pivot_be12"",""reference_close"":2671.22,""relvol"":2.91,""side"":""long"",""signal_bar_time"":""2024-09-23 00:00:00+00:00"",""stop_atr_mult"":3.0,""symbol"":""ETH"",""timeframe"":""4h"",""venue"":""binanceus"",""z"":2.67}","{""bars_held"":51,""cumulative_pct"":192.29,""entry_bar_time"":""2024-09-23 00:00:00+00:00"",""event"":""exit"",""exit_reason"":""stop"",""historical"":true,""hold_days"":8.5,""model"":""trend_breakout/4/regime_pivot_be12"",""pct_captured"":-5.12,""side"":""long"",""signal_bar_time"":""2024-10-01 12:00:00+00:00"",""symbol"":""ETH"",""timeframe"":""4h"",""venue"":""binanceus""}"
400085310f10d021ea58fd48175451df,flagship,4h,trend_breakout/4/regime_pivot_be12,ADA,2024-09-24T16:00:00+00:00,2024-09-24T20:00:00+00:00,2024-10-01T12:00:00+00:00,0.3881,0.36770460916329295,-5.255189599769916,stop,41,closed,e84364dd6f58414680f656bdfbe5e20a,d85ad7e2888f47b79e6eead8595df555,"{""atr"":0.00679846,""breadth"":1.0,""discriminator_score"":0.597,""ema200"":0.34986078,""entry_rule"":""enter at next 4h open"",""event"":""entry"",""gate"":""discriminator"",""historical"":true,""indicative_stop"":0.36690461,""model"":""trend_breakout/4/regime_pivot_be12"",""reference_close"":0.3873,""relvol"":4.38,""side"":""long"",""signal_bar_time"":""2024-09-24 16:00:00+00:00"",""stop_atr_mult"":3.0,""symbol"":""ADA"",""timeframe"":""4h"",""venue"":""binanceus"",""z"":3.09}","{""bars_held"":41,""cumulative_pct"":881.07,""entry_bar_time"":""2024-09-24 16:00:00+00:00"",""event"":""exit"",""exit_reason"":""stop"",""historical"":true,""hold_days"":6.8,""model"":""trend_breakout/4/regime_pivot_be12"",""pct_captured"":-5.26,""side"":""long"",""signal_bar_time"":""2024-10-01 12:00:00+00:00"",""symbol"":""ADA"",""timeframe"":""4h"",""venue"":""binanceus""}"
a2034b5a4a3ed4cc2c85c862554f0a57,flagship,4h,trend_breakout/4/regime_pivot_be12,XRP,2024-09-28T04:00:00+00:00,2024-09-28T08:00:00+00:00,2024-10-01T16:00:00+00:00,0.608,0.5853539702518685,-3.724675945416356,stop,21,closed,e84364dd6f58414680f656bdfbe5e20a,d85ad7e2888f47b79e6eead8595df555,"{""atr"":0.00754868,""breadth"":1.0,""discriminator_score"":0.528,""ema200"":0.57477742,""entry_rule"":""enter at next 4h open"",""event"":""entry"",""gate"":""discriminator"",""historical"":true,""indicative_stop"":0.58525397,""model"":""trend_breakout/4/regime_pivot_be12"",""reference_close"":0.6079,""relvol"":5.34,""side"":""long"",""signal_bar_time"":""2024-09-28 04:00:00+00:00"",""stop_atr_mult"":3.0,""symbol"":""XRP"",""timeframe"":""4h"",""venue"":""binanceus"",""z"":3.63}","{""bars_held"":21,""cumulative_pct"":21.35,""entry_bar_time"":""2024-09-28 04:00:00+00:00"",""event"":""exit"",""exit_reason"":""stop"",""historical"":true,""hold_days"":3.5,""model"":""trend_breakout/4/regime_pivot_be12"",""pct_captured"":-3.72,""side"":""long"",""signal_bar_time"":""2024-10-01 16:00:00+00:00"",""symbol"":""XRP"",""timeframe"":""4h"",""venue"":""binanceus""}"
559146a312ef26bd22d9f94331639fc1,flagship,4h,trend_breakout/4/regime_pivot_be12,BNB,2024-10-28T20:00:00+00:00,2024-10-29T00:00:00+00:00,2024-10-31T00:00:00+00:00,599.9,580.3182231762546,-3.2641734995408234,stop,13,closed,e84364dd6f58414680f656bdfbe5e20a,d85ad7e2888f47b79e6eead8595df555,"{""atr"":6.52725894,""breadth"":0.67,""discriminator_score"":0.51,""ema200"":579.67498613,""entry_rule"":""enter at next 4h open"",""event"":""entry"",""gate"":""discriminator"",""historical"":true,""indicative_stop"":580.31822318,""model"":""trend_breakout/4/regime_pivot_be12"",""reference_close"":599.9,""relvol"":3.15,""side"":""long"",""signal_bar_time"":""2024-10-28 20:00:00+00:00"",""stop_atr_mult"":3.0,""symbol"":""BNB"",""timeframe"":""4h"",""venue"":""binanceus"",""z"":2.64}","{""bars_held"":13,""cumulative_pct"":438.81,""entry_bar_time"":""2024-10-28 20:00:00+00:00"",""event"":""exit"",""exit_reason"":""stop"",""historical"":true,""hold_days"":2.2,""model"":""trend_breakout/4/regime_pivot_be12"",""pct_captured"":-3.26,""side"":""long"",""signal_bar_time"":""2024-10-31 00:00:00+00:00"",""symbol"":""BNB"",""timeframe"":""4h"",""venue"":""binanceus""}"
430f1d6146cb32addd4203e976ace8cd,flagship,4h,trend_breakout/4/regime_pivot_be12,ETH,2024-10-29T00:00:00+00:00,2024-10-29T04:00:00+00:00,2024-10-31T16:00:00+00:00,2606.95,2510.38,-3.704328813364266,trend_break,16,closed,e84364dd6f58414680f656bdfbe5e20a,d85ad7e2888f47b79e6eead8595df555,"{""atr"":39.30121993,""breadth"":0.67,""discriminator_score"":0.58,""ema200"":2539.12523027,""entry_rule"":""enter at next 4h open"",""event"":""entry"",""gate"":""discriminator"",""historical"":true,""indicative_stop"":2484.96634021,""model"":""trend_breakout/4/regime_pivot_be12"",""reference_close"":2602.87,""relvol"":2.13,""side"":""long"",""signal_bar_time"":""2024-10-29 00:00:00+00:00"",""stop_atr_mult"":3.0,""symbol"":""ETH"",""timeframe"":""4h"",""venue"":""binanceus"",""z"":2.97}","{""bars_held"":16,""cumulative_pct"":188.59,""entry_bar_time"":""2024-10-29 00:00:00+00:00"",""event"":""exit"",""exit_reason"":""trend_break"",""historical"":true,""hold_days"":2.7,""model"":""trend_breakout/4/regime_pivot_be12"",""pct_captured"":-3.7,""side"":""long"",""signal_bar_time"":""2024-10-31 16:00:00+00:00"",""symbol"":""ETH"",""timeframe"":""4h"",""venue"":""binanceus""}"
d7bc8506c7c967e6929b1f8568e3ddc3,flagship,4h,trend_breakout/4/regime_pivot_be12,ADA,2024-11-06T00:00:00+00:00,2024-11-06T04:00:00+00:00,2024-12-18T20:00:00+00:00,0.3579,0.9676,170.3548477228276,trend_break,257,closed,e84364dd6f58414680f656bdfbe5e20a,d85ad7e2888f47b79e6eead8595df555,"{""atr"":0.00742329,""breadth"":1.0,""discriminator_score"":0.582,""ema200"":0.34833752,""entry_rule"":""enter at next 4h open"",""event"":""entry"",""gate"":""discriminator"",""historical"":true,""indicative_stop"":0.33383012,""model"":""trend_breakout/4/regime_pivot_be12"",""reference_close"":0.3561,""relvol"":18.17,""side"":""long"",""signal_bar_time"":""2024-11-06 00:00:00+00:00"",""stop_atr_mult"":3.0,""symbol"":""ADA"",""timeframe"":""4h"",""venue"":""binanceus"",""z"":3.09}","{""bars_held"":257,""cumulative_pct"":1051.42,""entry_bar_time"":""2024-11-06 00:00:00+00:00"",""event"":""exit"",""exit_reason"":""trend_break"",""historical"":true,""hold_days"":42.8,""model"":""trend_breakout/4/regime_pivot_be12"",""pct_captured"":170.35,""side"":""long"",""signal_bar_time"":""2024-12-18 20:00:00+00:00"",""symbol"":""ADA"",""timeframe"":""4h"",""venue"":""binanceus""}"
5e88ef2788166277bd1e6c4a4c202286,flagship,4h,trend_breakout/4/regime_pivot_be12,BNB,2024-11-06T00:00:00+00:00,2024-11-06T04:00:00+00:00,2024-11-15T20:00:00+00:00,581.9,581.9,0,be_stop,59,closed,e84364dd6f58414680f656bdfbe5e20a,d85ad7e2888f47b79e6eead8595df555,"{""atr"":9.11059413,""breadth"":1.0,""discriminator_score"":0.618,""ema200"":577.0947469,""entry_rule"":""enter at next 4h open"",""event"":""entry"",""gate"":""discriminator"",""historical"":true,""indicative_stop"":553.86821761,""model"":""trend_breakout/4/regime_pivot_be12"",""reference_close"":581.2,""relvol"":6.4,""side"":""long"",""signal_bar_time"":""2024-11-06 00:00:00+00:00"",""stop_atr_mult"":3.0,""symbol"":""BNB"",""timeframe"":""4h"",""venue"":""binanceus"",""z"":3.39}","{""bars_held"":59,""cumulative_pct"":438.81,""entry_bar_time"":""2024-11-06 00:00:00+00:00"",""event"":""exit"",""exit_reason"":""be_stop"",""historical"":true,""hold_days"":9.8,""model"":""trend_breakout/4/regime_pivot_be12"",""pct_captured"":0.0,""side"":""long"",""signal_bar_time"":""2024-11-15 20:00:00+00:00"",""symbol"":""BNB"",""timeframe"":""4h"",""venue"":""binanceus""}"
473a4094bad24b736978aaf32fe6598f,flagship,4h,trend_breakout/4/regime_pivot_be12,ETH,2024-11-06T00:00:00+00:00,2024-11-06T04:00:00+00:00,2024-12-19T12:00:00+00:00,2579,3613.82,40.12485459480419,trend_break,261,closed,e84364dd6f58414680f656bdfbe5e20a,d85ad7e2888f47b79e6eead8595df555,"{""atr"":50.10587226,""breadth"":1.0,""discriminator_score"":0.606,""ema200"":2530.00058737,""entry_rule"":""enter at next 4h open"",""event"":""entry"",""gate"":""discriminator"",""historical"":true,""indicative_stop"":2421.68238323,""model"":""trend_breakout/4/regime_pivot_be12"",""reference_close"":2572.0,""relvol"":7.57,""side"":""long"",""signal_bar_time"":""2024-11-06 00:00:00+00:00"",""stop_atr_mult"":3.0,""symbol"":""ETH"",""timeframe"":""4h"",""venue"":""binanceus"",""z"":3.45}","{""bars_held"":261,""cumulative_pct"":228.71,""entry_bar_time"":""2024-11-06 00:00:00+00:00"",""event"":""exit"",""exit_reason"":""trend_break"",""historical"":true,""hold_days"":43.5,""model"":""trend_breakout/4/regime_pivot_be12"",""pct_captured"":40.12,""side"":""long"",""signal_bar_time"":""2024-12-19 12:00:00+00:00"",""symbol"":""ETH"",""timeframe"":""4h"",""venue"":""binanceus""}"
965a3bbced3d1a9dce98b6eb2bd9abe2,flagship,4h,trend_breakout/4/regime_pivot_be12,SOL,2024-11-06T00:00:00+00:00,2024-11-06T04:00:00+00:00,2024-12-09T16:00:00+00:00,184.06,222.03,20.629142670868195,trend_break,202,closed,e84364dd6f58414680f656bdfbe5e20a,d85ad7e2888f47b79e6eead8595df555,"{""atr"":4.57569941,""breadth"":1.0,""discriminator_score"":0.588,""ema200"":161.33389941,""entry_rule"":""enter at next 4h open"",""event"":""entry"",""gate"":""discriminator"",""historical"":true,""indicative_stop"":170.33290177,""model"":""trend_breakout/4/regime_pivot_be12"",""reference_close"":184.06,""relvol"":9.31,""side"":""long"",""signal_bar_time"":""2024-11-06 00:00:00+00:00"",""stop_atr_mult"":3.0,""symbol"":""SOL"",""timeframe"":""4h"",""venue"":""binanceus"",""z"":3.95}","{""bars_held"":202,""cumulative_pct"":800.46,""entry_bar_time"":""2024-11-06 00:00:00+00:00"",""event"":""exit"",""exit_reason"":""trend_break"",""historical"":true,""hold_days"":33.7,""model"":""trend_breakout/4/regime_pivot_be12"",""pct_captured"":20.63,""side"":""long"",""signal_bar_time"":""2024-12-09 16:00:00+00:00"",""symbol"":""SOL"",""timeframe"":""4h"",""venue"":""binanceus""}"
1dbec95a0cfa47df1e1ec48accf81668,flagship,4h,trend_breakout/4/regime_pivot_be12,XRP,2024-11-06T00:00:00+00:00,2024-11-06T04:00:00+00:00,2024-11-06T12:00:00+00:00,0.5322,0.5306,-0.3006388575723551,trend_break,3,closed,e84364dd6f58414680f656bdfbe5e20a,d85ad7e2888f47b79e6eead8595df555,"{""atr"":0.00795798,""breadth"":1.0,""discriminator_score"":0.556,""ema200"":0.53153,""entry_rule"":""enter at next 4h open"",""event"":""entry"",""gate"":""discriminator"",""historical"":true,""indicative_stop"":0.50832607,""model"":""trend_breakout/4/regime_pivot_be12"",""reference_close"":0.5322,""relvol"":6.02,""side"":""long"",""signal_bar_time"":""2024-11-06 00:00:00+00:00"",""stop_atr_mult"":3.0,""symbol"":""XRP"",""timeframe"":""4h"",""venue"":""binanceus"",""z"":3.4}","{""bars_held"":3,""cumulative_pct"":21.05,""entry_bar_time"":""2024-11-06 00:00:00+00:00"",""event"":""exit"",""exit_reason"":""trend_break"",""historical"":true,""hold_days"":0.5,""model"":""trend_breakout/4/regime_pivot_be12"",""pct_captured"":-0.3,""side"":""long"",""signal_bar_time"":""2024-11-06 12:00:00+00:00"",""symbol"":""XRP"",""timeframe"":""4h"",""venue"":""binanceus""}"
94e1592e3b233f4aa114e8fb19fe619b,flagship,4h,trend_breakout/4/regime_pivot_be12,XRP,2024-11-07T00:00:00+00:00,2024-11-07T04:00:00+00:00,2024-12-20T08:00:00+00:00,0.5611,1.9682,250.77526287649258,trend_break,260,closed,e84364dd6f58414680f656bdfbe5e20a,d85ad7e2888f47b79e6eead8595df555,"{""atr"":0.01056653,""breadth"":1.0,""discriminator_score"":0.536,""ema200"":0.5320256,""entry_rule"":""enter at next 4h open"",""event"":""entry"",""gate"":""discriminator"",""historical"":true,""indicative_stop"":0.5283004,""model"":""trend_breakout/4/regime_pivot_be12"",""reference_close"":0.56,""relvol"":5.69,""side"":""long"",""signal_bar_time"":""2024-11-07 00:00:00+00:00"",""stop_atr_mult"":3.0,""symbol"":""XRP"",""timeframe"":""4h"",""venue"":""binanceus"",""z"":2.6}","{""bars_held"":260,""cumulative_pct"":271.83,""entry_bar_time"":""2024-11-07 00:00:00+00:00"",""event"":""exit"",""exit_reason"":""trend_break"",""historical"":true,""hold_days"":43.3,""model"":""trend_breakout/4/regime_pivot_be12"",""pct_captured"":250.78,""side"":""long"",""signal_bar_time"":""2024-12-20 08:00:00+00:00"",""symbol"":""XRP"",""timeframe"":""4h"",""venue"":""binanceus""}"
75db89637d4ec4cc00f3d2eef96c8926,flagship,4h,trend_breakout/4/regime_pivot_be12,BNB,2024-11-22T00:00:00+00:00,2024-11-22T04:00:00+00:00,2024-11-26T16:00:00+00:00,635.65,609.45,-4.121765122315724,trend_break,28,closed,e84364dd6f58414680f656bdfbe5e20a,d85ad7e2888f47b79e6eead8595df555,"{""atr"":14.70330895,""breadth"":1.0,""discriminator_score"":0.568,""ema200"":602.23297796,""entry_rule"":""enter at next 4h open"",""event"":""entry"",""gate"":""bull_override"",""historical"":true,""indicative_stop"":592.89007314,""model"":""trend_breakout/4/regime_pivot_be12"",""reference_close"":637.0,""relvol"":2.96,""side"":""long"",""signal_bar_time"":""2024-11-22 00:00:00+00:00"",""stop_atr_mult"":3.0,""symbol"":""BNB"",""timeframe"":""4h"",""venue"":""binanceus"",""z"":2.95}","{""bars_held"":28,""cumulative_pct"":434.69,""entry_bar_time"":""2024-11-22 00:00:00+00:00"",""event"":""exit"",""exit_reason"":""trend_break"",""historical"":true,""hold_days"":4.7,""model"":""trend_breakout/4/regime_pivot_be12"",""pct_captured"":-4.12,""side"":""long"",""signal_bar_time"":""2024-11-26 16:00:00+00:00"",""symbol"":""BNB"",""timeframe"":""4h"",""venue"":""binanceus""}"
de72208ee20632128914d7d71b0f5e8a,flagship,4h,trend_breakout/4/regime_pivot_be12,BNB,2024-12-03T16:00:00+00:00,2024-12-03T20:00:00+00:00,2024-12-05T00:00:00+00:00,691.45,691.45,0,be_stop,8,closed,e84364dd6f58414680f656bdfbe5e20a,d85ad7e2888f47b79e6eead8595df555,"{""atr"":18.23979078,""breadth"":1.0,""discriminator_score"":0.6,""ema200"":624.96875896,""entry_rule"":""enter at next 4h open"",""event"":""entry"",""gate"":""discriminator"",""historical"":true,""indicative_stop"":636.48062766,""model"":""trend_breakout/4/regime_pivot_be12"",""reference_close"":691.2,""relvol"":8.48,""side"":""long"",""signal_bar_time"":""2024-12-03 16:00:00+00:00"",""stop_atr_mult"":3.0,""symbol"":""BNB"",""timeframe"":""4h"",""venue"":""binanceus"",""z"":3.43}","{""bars_held"":8,""cumulative_pct"":434.69,""entry_bar_time"":""2024-12-03 16:00:00+00:00"",""event"":""exit"",""exit_reason"":""be_stop"",""historical"":true,""hold_days"":1.3,""model"":""trend_breakout/4/regime_pivot_be12"",""pct_captured"":0.0,""side"":""long"",""signal_bar_time"":""2024-12-05 00:00:00+00:00"",""symbol"":""BNB"",""timeframe"":""4h"",""venue"":""binanceus""}"
fe58286f298800543de0cd21ad09e5eb,flagship,4h,trend_breakout/4/regime_pivot_be12,ADA,2025-01-07T08:00:00+00:00,2025-01-07T12:00:00+00:00,2025-01-07T12:00:00+00:00,1.1321,1.0516833055306025,-7.103320772846711,stop,1,closed,e84364dd6f58414680f656bdfbe5e20a,d85ad7e2888f47b79e6eead8595df555,"{""atr"":0.02680556,""breadth"":1.0,""discriminator_score"":0.574,""ema200"":0.96591627,""entry_rule"":""enter at next 4h open"",""event"":""entry"",""gate"":""discriminator"",""historical"":true,""indicative_stop"":1.05088331,""model"":""trend_breakout/4/regime_pivot_be12"",""reference_close"":1.1313,""relvol"":3.17,""side"":""long"",""signal_bar_time"":""2025-01-07 08:00:00+00:00"",""stop_atr_mult"":3.0,""symbol"":""ADA"",""timeframe"":""4h"",""venue"":""binanceus"",""z"":2.6}","{""bars_held"":1,""cumulative_pct"":1044.32,""entry_bar_time"":""2025-01-07 08:00:00+00:00"",""event"":""exit"",""exit_reason"":""stop"",""historical"":true,""hold_days"":0.2,""model"":""trend_breakout/4/regime_pivot_be12"",""pct_captured"":-7.1,""side"":""long"",""signal_bar_time"":""2025-01-07 12:00:00+00:00"",""symbol"":""ADA"",""timeframe"":""4h"",""venue"":""binanceus""}"
746a7d73ce49f0a8f8a4f1a3b334c875,flagship,4h,trend_breakout/4/regime_pivot_be12,XRP,2025-01-15T00:00:00+00:00,2025-01-15T04:00:00+00:00,2025-01-27T04:00:00+00:00,2.8335,2.8335,0,be_stop,73,closed,e84364dd6f58414680f656bdfbe5e20a,d85ad7e2888f47b79e6eead8595df555,"{""atr"":0.08206488,""breadth"":0.67,""discriminator_score"":0.726,""ema200"":2.27754555,""entry_rule"":""enter at next 4h open"",""event"":""entry"",""gate"":""discriminator"",""historical"":true,""indicative_stop"":2.57110536,""model"":""trend_breakout/4/regime_pivot_be12"",""reference_close"":2.8173,""relvol"":4.54,""side"":""long"",""signal_bar_time"":""2025-01-15 00:00:00+00:00"",""stop_atr_mult"":3.0,""symbol"":""XRP"",""timeframe"":""4h"",""venue"":""binanceus"",""z"":2.85}","{""bars_held"":73,""cumulative_pct"":271.83,""entry_bar_time"":""2025-01-15 00:00:00+00:00"",""event"":""exit"",""exit_reason"":""be_stop"",""historical"":true,""hold_days"":12.2,""model"":""trend_breakout/4/regime_pivot_be12"",""pct_captured"":0.0,""side"":""long"",""signal_bar_time"":""2025-01-27 04:00:00+00:00"",""symbol"":""XRP"",""timeframe"":""4h"",""venue"":""binanceus""}"
28bc1e93cd24d3ead80332c0cfee8530,flagship,4h,trend_breakout/4/regime_pivot_be12,BTC,2025-01-17T16:00:00+00:00,2025-01-17T20:00:00+00:00,2025-01-19T20:00:00+00:00,105799.99,101439.31814214101,-4.1216184026661935,stop,13,closed,e84364dd6f58414680f656bdfbe5e20a,d85ad7e2888f47b79e6eead8595df555,"{""atr"":1453.55728595,""breadth"":1.0,""discriminator_score"":0.55,""ema200"":96532.63480162,""entry_rule"":""enter at next 4h open"",""event"":""entry"",""gate"":""discriminator"",""historical"":true,""indicative_stop"":101400.44814214,""model"":""trend_breakout/4/regime_pivot_be12"",""reference_close"":105761.12,""relvol"":2.12,""side"":""long"",""signal_bar_time"":""2025-01-17 16:00:00+00:00"",""stop_atr_mult"":3.0,""symbol"":""BTC"",""timeframe"":""4h"",""venue"":""binanceus"",""z"":2.52}","{""bars_held"":13,""cumulative_pct"":158.03,""entry_bar_time"":""2025-01-17 16:00:00+00:00"",""event"":""exit"",""exit_reason"":""stop"",""historical"":true,""hold_days"":2.2,""model"":""trend_breakout/4/regime_pivot_be12"",""pct_captured"":-4.12,""side"":""long"",""signal_bar_time"":""2025-01-19 20:00:00+00:00"",""symbol"":""BTC"",""timeframe"":""4h"",""venue"":""binanceus""}"
3428472c0ac16f7c51325a0f6a9ecaba,flagship,4h,trend_breakout/4/regime_pivot_be12,SOL,2025-04-22T12:00:00+00:00,2025-04-22T16:00:00+00:00,2025-05-10T16:00:00+00:00,145.31,145.31,0,be_stop,109,closed,e84364dd6f58414680f656bdfbe5e20a,d85ad7e2888f47b79e6eead8595df555,"{""atr"":2.86464229,""breadth"":0.67,""discriminator_score"":0.533,""ema200"":131.00736366,""entry_rule"":""enter at next 4h open"",""event"":""entry"",""gate"":""discriminator"",""historical"":true,""indicative_stop"":136.62607314,""model"":""trend_breakout/4/regime_pivot_be12"",""reference_close"":145.22,""relvol"":2.86,""side"":""long"",""signal_bar_time"":""2025-04-22 12:00:00+00:00"",""stop_atr_mult"":3.0,""symbol"":""SOL"",""timeframe"":""4h"",""venue"":""binanceus"",""z"":3.07}","{""bars_held"":109,""cumulative_pct"":800.46,""entry_bar_time"":""2025-04-22 12:00:00+00:00"",""event"":""exit"",""exit_reason"":""be_stop"",""historical"":true,""hold_days"":18.2,""model"":""trend_breakout/4/regime_pivot_be12"",""pct_captured"":0.0,""side"":""long"",""signal_bar_time"":""2025-05-10 16:00:00+00:00"",""symbol"":""SOL"",""timeframe"":""4h"",""venue"":""binanceus""}"
c23a97abe8ad6112259449c60bd63dfa,flagship,4h,trend_breakout/4/regime_pivot_be12,ADA,2025-05-08T00:00:00+00:00,2025-05-08T04:00:00+00:00,2025-05-19T00:00:00+00:00,0.7016,0.7277,3.720068415051303,trend_break,66,closed,e84364dd6f58414680f656bdfbe5e20a,d85ad7e2888f47b79e6eead8595df555,"{""atr"":0.0164695,""breadth"":1.0,""discriminator_score"":0.556,""ema200"":0.67820879,""entry_rule"":""enter at next 4h open"",""event"":""entry"",""gate"":""discriminator"",""historical"":true,""indicative_stop"":0.65209151,""model"":""trend_breakout/4/regime_pivot_be12"",""reference_close"":0.7015,""relvol"":5.12,""side"":""long"",""signal_bar_time"":""2025-05-08 00:00:00+00:00"",""stop_atr_mult"":3.0,""symbol"":""ADA"",""timeframe"":""4h"",""venue"":""binanceus"",""z"":2.54}","{""bars_held"":66,""cumulative_pct"":1048.04,""entry_bar_time"":""2025-05-08 00:00:00+00:00"",""event"":""exit"",""exit_reason"":""trend_break"",""historical"":true,""hold_days"":11.0,""model"":""trend_breakout/4/regime_pivot_be12"",""pct_captured"":3.72,""side"":""long"",""signal_bar_time"":""2025-05-19 00:00:00+00:00"",""symbol"":""ADA"",""timeframe"":""4h"",""venue"":""binanceus""}"
06b10efae9ea6f80d93b26d1fa4de567,flagship,4h,trend_breakout/4/regime_pivot_be12,BNB,2025-05-08T12:00:00+00:00,2025-05-08T16:00:00+00:00,2025-06-05T16:00:00+00:00,621.63,621.63,0,be_stop,169,closed,e84364dd6f58414680f656bdfbe5e20a,d85ad7e2888f47b79e6eead8595df555,"{""atr"":5.67266037,""breadth"":1.0,""discriminator_score"":0.552,""ema200"":598.77456139,""entry_rule"":""enter at next 4h open"",""event"":""entry"",""gate"":""discriminator"",""historical"":true,""indicative_stop"":603.49201889,""model"":""trend_breakout/4/regime_pivot_be12"",""reference_close"":620.51,""relvol"":2.15,""side"":""long"",""signal_bar_time"":""2025-05-08 12:00:00+00:00"",""stop_atr_mult"":3.0,""symbol"":""BNB"",""timeframe"":""4h"",""venue"":""binanceus"",""z"":2.62}","{""bars_held"":169,""cumulative_pct"":434.69,""entry_bar_time"":""2025-05-08 12:00:00+00:00"",""event"":""exit"",""exit_reason"":""be_stop"",""historical"":true,""hold_days"":28.2,""model"":""trend_breakout/4/regime_pivot_be12"",""pct_captured"":0.0,""side"":""long"",""signal_bar_time"":""2025-06-05 16:00:00+00:00"",""symbol"":""BNB"",""timeframe"":""4h"",""venue"":""binanceus""}"
7867c76c67a7660f8d572d4400141492,flagship,4h,trend_breakout/4/regime_pivot_be12,SOL,2025-05-13T16:00:00+00:00,2025-05-13T20:00:00+00:00,2025-05-17T00:00:00+00:00,181.35,164.64177099728107,-9.21325007042676,stop,20,closed,e84364dd6f58414680f656bdfbe5e20a,d85ad7e2888f47b79e6eead8595df555,"{""atr"":5.56940967,""breadth"":1.0,""discriminator_score"":0.701,""ema200"":149.7787019,""entry_rule"":""enter at next 4h open"",""event"":""entry"",""gate"":""discriminator"",""historical"":true,""indicative_stop"":165.501771,""model"":""trend_breakout/4/regime_pivot_be12"",""reference_close"":182.21,""relvol"":6.2,""side"":""long"",""signal_bar_time"":""2025-05-13 16:00:00+00:00"",""stop_atr_mult"":3.0,""symbol"":""SOL"",""timeframe"":""4h"",""venue"":""binanceus"",""z"":2.79}","{""bars_held"":20,""cumulative_pct"":791.24,""entry_bar_time"":""2025-05-13 16:00:00+00:00"",""event"":""exit"",""exit_reason"":""stop"",""historical"":true,""hold_days"":3.3,""model"":""trend_breakout/4/regime_pivot_be12"",""pct_captured"":-9.21,""side"":""long"",""signal_bar_time"":""2025-05-17 00:00:00+00:00"",""symbol"":""SOL"",""timeframe"":""4h"",""venue"":""binanceus""}"
a1ca7c35bce27a6ad62b6aae6252dc86,flagship,4h,trend_breakout/4/regime_pivot_be12,BNB,2025-06-09T20:00:00+00:00,2025-06-10T00:00:00+00:00,2025-06-13T00:00:00+00:00,666.52,648.66,-2.6795895096921374,trend_break,19,closed,e84364dd6f58414680f656bdfbe5e20a,d85ad7e2888f47b79e6eead8595df555,"{""atr"":12.54324199,""breadth"":0.83,""discriminator_score"":0.646,""ema200"":650.88463354,""entry_rule"":""enter at next 4h open"",""event"":""entry"",""gate"":""discriminator"",""historical"":true,""indicative_stop"":626.58027404,""model"":""trend_breakout/4/regime_pivot_be12"",""reference_close"":664.21,""relvol"":4.19,""side"":""long"",""signal_bar_time"":""2025-06-09 20:00:00+00:00"",""stop_atr_mult"":3.0,""symbol"":""BNB"",""timeframe"":""4h"",""venue"":""binanceus"",""z"":2.83}","{""bars_held"":19,""cumulative_pct"":432.01,""entry_bar_time"":""2025-06-09 20:00:00+00:00"",""event"":""exit"",""exit_reason"":""trend_break"",""historical"":true,""hold_days"":3.2,""model"":""trend_breakout/4/regime_pivot_be12"",""pct_captured"":-2.68,""side"":""long"",""signal_bar_time"":""2025-06-13 00:00:00+00:00"",""symbol"":""BNB"",""timeframe"":""4h"",""venue"":""binanceus""}"
dd2b47464d434f17688c49b782d4e276,flagship,4h,trend_breakout/4/regime_pivot_be12,BTC,2025-06-16T16:00:00+00:00,2025-06-16T20:00:00+00:00,2025-06-17T08:00:00+00:00,108774.96,105793.20081021282,-2.7412183739595863,stop,4,closed,e84364dd6f58414680f656bdfbe5e20a,d85ad7e2888f47b79e6eead8595df555,"{""atr"":993.91972993,""breadth"":0.83,""discriminator_score"":0.549,""ema200"":104764.20983035,""entry_rule"":""enter at next 4h open"",""event"":""entry"",""gate"":""discriminator"",""historical"":true,""indicative_stop"":105525.20081021,""model"":""trend_breakout/4/regime_pivot_be12"",""reference_close"":108506.96,""relvol"":4.77,""side"":""long"",""signal_bar_time"":""2025-06-16 16:00:00+00:00"",""stop_atr_mult"":3.0,""symbol"":""BTC"",""timeframe"":""4h"",""venue"":""binanceus"",""z"":2.89}","{""bars_held"":4,""cumulative_pct"":155.29,""entry_bar_time"":""2025-06-16 16:00:00+00:00"",""event"":""exit"",""exit_reason"":""stop"",""historical"":true,""hold_days"":0.7,""model"":""trend_breakout/4/regime_pivot_be12"",""pct_captured"":-2.74,""side"":""long"",""signal_bar_time"":""2025-06-17 08:00:00+00:00"",""symbol"":""BTC"",""timeframe"":""4h"",""venue"":""binanceus""}"
c14dc4d6dff67591bfa27f373ba8511d,flagship,4h,trend_breakout/4/regime_pivot_be12,BNB,2025-07-09T16:00:00+00:00,2025-07-09T20:00:00+00:00,2025-10-17T04:00:00+00:00,669.4,1065.48,59.169405437705414,trend_break,597,closed,e84364dd6f58414680f656bdfbe5e20a,d85ad7e2888f47b79e6eead8595df555,"{""atr"":4.12248419,""breadth"":1.0,""discriminator_score"":0.529,""ema200"":651.82643323,""entry_rule"":""enter at next 4h open"",""event"":""entry"",""gate"":""discriminator"",""historical"":true,""indicative_stop"":656.37254744,""model"":""trend_breakout/4/regime_pivot_be12"",""reference_close"":668.74,""relvol"":2.89,""side"":""long"",""signal_bar_time"":""2025-07-09 16:00:00+00:00"",""stop_atr_mult"":3.0,""symbol"":""BNB"",""timeframe"":""4h"",""venue"":""binanceus"",""z"":3.3}","{""bars_held"":597,""cumulative_pct"":491.18,""entry_bar_time"":""2025-07-09 16:00:00+00:00"",""event"":""exit"",""exit_reason"":""trend_break"",""historical"":true,""hold_days"":99.5,""model"":""trend_breakout/4/regime_pivot_be12"",""pct_captured"":59.17,""side"":""long"",""signal_bar_time"":""2025-10-17 04:00:00+00:00"",""symbol"":""BNB"",""timeframe"":""4h"",""venue"":""binanceus""}"
1c1f0357b203c81442bd983ce959615e,flagship,4h,trend_breakout/4/regime_pivot_be12,BTC,2025-07-09T16:00:00+00:00,2025-07-09T20:00:00+00:00,2025-08-01T16:00:00+00:00,111900.86,113370.14,1.3130193994934425,trend_break,138,closed,e84364dd6f58414680f656bdfbe5e20a,d85ad7e2888f47b79e6eead8595df555,"{""atr"":917.1497506,""breadth"":1.0,""discriminator_score"":0.563,""ema200"":106602.23667791,""entry_rule"":""enter at next 4h open"",""event"":""entry"",""gate"":""discriminator"",""historical"":true,""indicative_stop"":108940.15074821,""model"":""trend_breakout/4/regime_pivot_be12"",""reference_close"":111691.6,""relvol"":14.96,""side"":""long"",""signal_bar_time"":""2025-07-09 16:00:00+00:00"",""stop_atr_mult"":3.0,""symbol"":""BTC"",""timeframe"":""4h"",""venue"":""binanceus"",""z"":3.7}","{""bars_held"":138,""cumulative_pct"":156.6,""entry_bar_time"":""2025-07-09 16:00:00+00:00"",""event"":""exit"",""exit_reason"":""trend_break"",""historical"":true,""hold_days"":23.0,""model"":""trend_breakout/4/regime_pivot_be12"",""pct_captured"":1.31,""side"":""long"",""signal_bar_time"":""2025-08-01 16:00:00+00:00"",""symbol"":""BTC"",""timeframe"":""4h"",""venue"":""binanceus""}"
e384285273cb0ff462a9b6a1fd5c29bb,flagship,4h,trend_breakout/4/regime_pivot_be12,ETH,2025-07-09T16:00:00+00:00,2025-07-09T20:00:00+00:00,2025-09-22T00:00:00+00:00,2766.87,4309.09,55.738795100601045,trend_break,446,closed,e84364dd6f58414680f656bdfbe5e20a,d85ad7e2888f47b79e6eead8595df555,"{""atr"":42.90020864,""breadth"":1.0,""discriminator_score"":0.537,""ema200"":2498.81915156,""entry_rule"":""enter at next 4h open"",""event"":""entry"",""gate"":""discriminator"",""historical"":true,""indicative_stop"":2633.17937407,""model"":""trend_breakout/4/regime_pivot_be12"",""reference_close"":2761.88,""relvol"":5.41,""side"":""long"",""signal_bar_time"":""2025-07-09 16:00:00+00:00"",""stop_atr_mult"":3.0,""symbol"":""ETH"",""timeframe"":""4h"",""venue"":""binanceus"",""z"":3.34}","{""bars_held"":446,""cumulative_pct"":284.45,""entry_bar_time"":""2025-07-09 16:00:00+00:00"",""event"":""exit"",""exit_reason"":""trend_break"",""historical"":true,""hold_days"":74.3,""model"":""trend_breakout/4/regime_pivot_be12"",""pct_captured"":55.74,""side"":""long"",""signal_bar_time"":""2025-09-22 00:00:00+00:00"",""symbol"":""ETH"",""timeframe"":""4h"",""venue"":""binanceus""}"
550ec61e3b099d55fcbc9cb3e138f0c3,flagship,4h,trend_breakout/4/regime_pivot_be12,BTC,2025-08-11T00:00:00+00:00,2025-08-11T04:00:00+00:00,2025-08-11T20:00:00+00:00,121632.84,118305.17318721613,-2.73582924873238,stop,5,closed,e84364dd6f58414680f656bdfbe5e20a,d85ad7e2888f47b79e6eead8595df555,"{""atr"":1109.22227093,""breadth"":1.0,""discriminator_score"":0.572,""ema200"":115290.83560385,""entry_rule"":""enter at next 4h open"",""event"":""entry"",""gate"":""discriminator"",""historical"":true,""indicative_stop"":117870.86318722,""model"":""trend_breakout/4/regime_pivot_be12"",""reference_close"":121198.53,""relvol"":14.29,""side"":""long"",""signal_bar_time"":""2025-08-11 00:00:00+00:00"",""stop_atr_mult"":3.0,""symbol"":""BTC"",""timeframe"":""4h"",""venue"":""binanceus"",""z"":3.08}","{""bars_held"":5,""cumulative_pct"":153.87,""entry_bar_time"":""2025-08-11 00:00:00+00:00"",""event"":""exit"",""exit_reason"":""stop"",""historical"":true,""hold_days"":0.8,""model"":""trend_breakout/4/regime_pivot_be12"",""pct_captured"":-2.74,""side"":""long"",""signal_bar_time"":""2025-08-11 20:00:00+00:00"",""symbol"":""BTC"",""timeframe"":""4h"",""venue"":""binanceus""}"
a21ec624874beaf5cab407dc9dcda910,flagship,4h,trend_breakout/4/regime_pivot_be12,SOL,2025-08-12T16:00:00+00:00,2025-08-12T20:00:00+00:00,2025-08-19T04:00:00+00:00,190.8,178.11365977183772,-6.6490252768146245,stop,39,closed,e84364dd6f58414680f656bdfbe5e20a,d85ad7e2888f47b79e6eead8595df555,"{""atr"":4.22878008,""breadth"":1.0,""discriminator_score"":0.573,""ema200"":172.5466016,""entry_rule"":""enter at next 4h open"",""event"":""entry"",""gate"":""discriminator"",""historical"":true,""indicative_stop"":178.11365977,""model"":""trend_breakout/4/regime_pivot_be12"",""reference_close"":190.8,""relvol"":5.72,""side"":""long"",""signal_bar_time"":""2025-08-12 16:00:00+00:00"",""stop_atr_mult"":3.0,""symbol"":""SOL"",""timeframe"":""4h"",""venue"":""binanceus"",""z"":2.65}","{""bars_held"":39,""cumulative_pct"":784.59,""entry_bar_time"":""2025-08-12 16:00:00+00:00"",""event"":""exit"",""exit_reason"":""stop"",""historical"":true,""hold_days"":6.5,""model"":""trend_breakout/4/regime_pivot_be12"",""pct_captured"":-6.65,""side"":""long"",""signal_bar_time"":""2025-08-19 04:00:00+00:00"",""symbol"":""SOL"",""timeframe"":""4h"",""venue"":""binanceus""}"
509d4235f6a79d575971b7010404bb6f,flagship,4h,trend_breakout/4/regime_pivot_be12,BTC,2025-08-22T12:00:00+00:00,2025-08-22T16:00:00+00:00,2025-08-23T00:00:00+00:00,116533.47,115804.56,-0.625494117698544,trend_break,3,closed,e84364dd6f58414680f656bdfbe5e20a,d85ad7e2888f47b79e6eead8595df555,"{""atr"":1325.83045253,""breadth"":1.0,""discriminator_score"":0.633,""ema200"":115969.09043676,""entry_rule"":""enter at next 4h open"",""event"":""entry"",""gate"":""discriminator"",""historical"":true,""indicative_stop"":112442.50864241,""model"":""trend_breakout/4/regime_pivot_be12"",""reference_close"":116420.0,""relvol"":6.57,""side"":""long"",""signal_bar_time"":""2025-08-22 12:00:00+00:00"",""stop_atr_mult"":3.0,""symbol"":""BTC"",""timeframe"":""4h"",""venue"":""binanceus"",""z"":2.69}","{""bars_held"":3,""cumulative_pct"":153.24,""entry_bar_time"":""2025-08-22 12:00:00+00:00"",""event"":""exit"",""exit_reason"":""trend_break"",""historical"":true,""hold_days"":0.5,""model"":""trend_breakout/4/regime_pivot_be12"",""pct_captured"":-0.63,""side"":""long"",""signal_bar_time"":""2025-08-23 00:00:00+00:00"",""symbol"":""BTC"",""timeframe"":""4h"",""venue"":""binanceus""}"
c14644b94e7aedf9be1ed2488bd7bb6e,flagship,4h,trend_breakout/4/regime_pivot_be12,SOL,2025-08-22T12:00:00+00:00,2025-08-22T16:00:00+00:00,2025-09-22T16:00:00+00:00,194,217.04,11.876288659793822,trend_break,187,closed,e84364dd6f58414680f656bdfbe5e20a,d85ad7e2888f47b79e6eead8595df555,"{""atr"":4.98774131,""breadth"":1.0,""discriminator_score"":0.595,""ema200"":179.22188944,""entry_rule"":""enter at next 4h open"",""event"":""entry"",""gate"":""discriminator"",""historical"":true,""indicative_stop"":178.57677608,""model"":""trend_breakout/4/regime_pivot_be12"",""reference_close"":193.54,""relvol"":14.12,""side"":""long"",""signal_bar_time"":""2025-08-22 12:00:00+00:00"",""stop_atr_mult"":3.0,""symbol"":""SOL"",""timeframe"":""4h"",""venue"":""binanceus"",""z"":2.54}","{""bars_held"":187,""cumulative_pct"":796.47,""entry_bar_time"":""2025-08-22 12:00:00+00:00"",""event"":""exit"",""exit_reason"":""trend_break"",""historical"":true,""hold_days"":31.2,""model"":""trend_breakout/4/regime_pivot_be12"",""pct_captured"":11.88,""side"":""long"",""signal_bar_time"":""2025-09-22 16:00:00+00:00"",""symbol"":""SOL"",""timeframe"":""4h"",""venue"":""binanceus""}"
a22eb39aef03de001fe698b8f3a82e58,flagship,4h,trend_breakout/4/regime_pivot_be12,XRP,2025-09-17T20:00:00+00:00,2025-09-18T00:00:00+00:00,2025-09-20T16:00:00+00:00,3.085,2.9771,-3.4975688816855754,trend_break,17,closed,e84364dd6f58414680f656bdfbe5e20a,d85ad7e2888f47b79e6eead8595df555,"{""atr"":0.04233921,""breadth"":1.0,""discriminator_score"":0.621,""ema200"":2.97136243,""entry_rule"":""enter at next 4h open"",""event"":""entry"",""gate"":""discriminator"",""historical"":true,""indicative_stop"":2.95628236,""model"":""trend_breakout/4/regime_pivot_be12"",""reference_close"":3.0833,""relvol"":2.51,""side"":""long"",""signal_bar_time"":""2025-09-17 20:00:00+00:00"",""stop_atr_mult"":3.0,""symbol"":""XRP"",""timeframe"":""4h"",""venue"":""binanceus"",""z"":2.59}","{""bars_held"":17,""cumulative_pct"":268.33,""entry_bar_time"":""2025-09-17 20:00:00+00:00"",""event"":""exit"",""exit_reason"":""trend_break"",""historical"":true,""hold_days"":2.8,""model"":""trend_breakout/4/regime_pivot_be12"",""pct_captured"":-3.5,""side"":""long"",""signal_bar_time"":""2025-09-20 16:00:00+00:00"",""symbol"":""XRP"",""timeframe"":""4h"",""venue"":""binanceus""}"
d0d77e541e55c528bc055b2b1633433c,flagship,4h,trend_breakout/4/regime_pivot_be12,XRP,2025-10-02T16:00:00+00:00,2025-10-02T20:00:00+00:00,2025-10-04T12:00:00+00:00,3.0878,2.949923588595942,-4.46519889254674,stop,11,closed,e84364dd6f58414680f656bdfbe5e20a,d85ad7e2888f47b79e6eead8595df555,"{""atr"":0.0459588,""breadth"":1.0,""discriminator_score"":0.511,""ema200"":2.92267024,""entry_rule"":""enter at next 4h open"",""event"":""entry"",""gate"":""discriminator"",""historical"":true,""indicative_stop"":2.94412359,""model"":""trend_breakout/4/regime_pivot_be12"",""reference_close"":3.082,""relvol"":5.61,""side"":""long"",""signal_bar_time"":""2025-10-02 16:00:00+00:00"",""stop_atr_mult"":3.0,""symbol"":""XRP"",""timeframe"":""4h"",""venue"":""binanceus"",""z"":2.61}","{""bars_held"":11,""cumulative_pct"":263.86,""entry_bar_time"":""2025-10-02 16:00:00+00:00"",""event"":""exit"",""exit_reason"":""stop"",""historical"":true,""hold_days"":1.8,""model"":""trend_breakout/4/regime_pivot_be12"",""pct_captured"":-4.47,""side"":""long"",""signal_bar_time"":""2025-10-04 12:00:00+00:00"",""symbol"":""XRP"",""timeframe"":""4h"",""venue"":""binanceus""}"
1c8dca92e4090c178bdbf07dd4c51851,flagship,4h,trend_breakout/4/regime_pivot_be12,ETH,2025-10-06T12:00:00+00:00,2025-10-06T16:00:00+00:00,2025-10-07T12:00:00+00:00,4677.88,4484.716105000544,-4.129304193340911,stop,6,closed,e84364dd6f58414680f656bdfbe5e20a,d85ad7e2888f47b79e6eead8595df555,"{""atr"":64.387965,""breadth"":1.0,""discriminator_score"":0.543,""ema200"":4325.53154902,""entry_rule"":""enter at next 4h open"",""event"":""entry"",""gate"":""discriminator"",""historical"":true,""indicative_stop"":4469.366105,""model"":""trend_breakout/4/regime_pivot_be12"",""reference_close"":4662.53,""relvol"":5.72,""side"":""long"",""signal_bar_time"":""2025-10-06 12:00:00+00:00"",""stop_atr_mult"":3.0,""symbol"":""ETH"",""timeframe"":""4h"",""venue"":""binanceus"",""z"":3.0}","{""bars_held"":6,""cumulative_pct"":280.32,""entry_bar_time"":""2025-10-06 12:00:00+00:00"",""event"":""exit"",""exit_reason"":""stop"",""historical"":true,""hold_days"":1.0,""model"":""trend_breakout/4/regime_pivot_be12"",""pct_captured"":-4.13,""side"":""long"",""signal_bar_time"":""2025-10-07 12:00:00+00:00"",""symbol"":""ETH"",""timeframe"":""4h"",""venue"":""binanceus""}"
e020d29958b5b1c0fbdff7d2bc5ae440,flagship,4h,trend_breakout/4/regime_pivot_be12,SOL,2026-01-02T16:00:00+00:00,2026-01-02T20:00:00+00:00,2026-01-03T04:00:00+00:00,131.56,130.08,-1.1249619945272071,trend_break,3,closed,e84364dd6f58414680f656bdfbe5e20a,d85ad7e2888f47b79e6eead8595df555,"{""atr"":2.44423118,""breadth"":0.83,""discriminator_score"":0.519,""ema200"":130.63560524,""entry_rule"":""enter at next 4h open"",""event"":""entry"",""gate"":""discriminator"",""historical"":true,""indicative_stop"":124.34730646,""model"":""trend_breakout/4/regime_pivot_be12"",""reference_close"":131.68,""relvol"":5.1,""side"":""long"",""signal_bar_time"":""2026-01-02 16:00:00+00:00"",""stop_atr_mult"":3.0,""symbol"":""SOL"",""timeframe"":""4h"",""venue"":""binanceus"",""z"":2.91}","{""bars_held"":3,""cumulative_pct"":795.35,""entry_bar_time"":""2026-01-02 16:00:00+00:00"",""event"":""exit"",""exit_reason"":""trend_break"",""historical"":true,""hold_days"":0.5,""model"":""trend_breakout/4/regime_pivot_be12"",""pct_captured"":-1.12,""side"":""long"",""signal_bar_time"":""2026-01-03 04:00:00+00:00"",""symbol"":""SOL"",""timeframe"":""4h"",""venue"":""binanceus""}"
42bf89a447ad47748ddb1cb274700313,flagship,4h,trend_breakout/4/regime_pivot_be12,SOL,2026-01-12T00:00:00+00:00,2026-01-12T04:00:00+00:00,2026-01-19T00:00:00+00:00,142.63,135.87521532274442,-4.735879322201198,stop,42,closed,e84364dd6f58414680f656bdfbe5e20a,d85ad7e2888f47b79e6eead8595df555,"{""atr"":2.25159489,""breadth"":1.0,""discriminator_score"":0.539,""ema200"":133.27643578,""entry_rule"":""enter at next 4h open"",""event"":""entry"",""gate"":""discriminator"",""historical"":true,""indicative_stop"":135.78521532,""model"":""trend_breakout/4/regime_pivot_be12"",""reference_close"":142.54,""relvol"":7.32,""side"":""long"",""signal_bar_time"":""2026-01-12 00:00:00+00:00"",""stop_atr_mult"":3.0,""symbol"":""SOL"",""timeframe"":""4h"",""venue"":""binanceus"",""z"":2.58}","{""bars_held"":42,""cumulative_pct"":790.61,""entry_bar_time"":""2026-01-12 00:00:00+00:00"",""event"":""exit"",""exit_reason"":""stop"",""historical"":true,""hold_days"":7.0,""model"":""trend_breakout/4/regime_pivot_be12"",""pct_captured"":-4.74,""side"":""long"",""signal_bar_time"":""2026-01-19 00:00:00+00:00"",""symbol"":""SOL"",""timeframe"":""4h"",""venue"":""binanceus""}"
2a8fbd9d3ab3aa2db764fd1c9449cdca,flagship,4h,trend_breakout/4/regime_pivot_be12,ADA,2026-01-13T12:00:00+00:00,2026-01-13T16:00:00+00:00,2026-01-15T16:00:00+00:00,0.4062,0.3914,-3.6435253569670034,trend_break,13,closed,e84364dd6f58414680f656bdfbe5e20a,d85ad7e2888f47b79e6eead8595df555,"{""atr"":0.00828007,""breadth"":1.0,""discriminator_score"":0.529,""ema200"":0.39540061,""entry_rule"":""enter at next 4h open"",""event"":""entry"",""gate"":""discriminator"",""historical"":true,""indicative_stop"":0.38035978,""model"":""trend_breakout/4/regime_pivot_be12"",""reference_close"":0.4052,""relvol"":6.03,""side"":""long"",""signal_bar_time"":""2026-01-13 12:00:00+00:00"",""stop_atr_mult"":3.0,""symbol"":""ADA"",""timeframe"":""4h"",""venue"":""binanceus"",""z"":3.35}","{""bars_held"":13,""cumulative_pct"":1044.39,""entry_bar_time"":""2026-01-13 12:00:00+00:00"",""event"":""exit"",""exit_reason"":""trend_break"",""historical"":true,""hold_days"":2.2,""model"":""trend_breakout/4/regime_pivot_be12"",""pct_captured"":-3.64,""side"":""long"",""signal_bar_time"":""2026-01-15 16:00:00+00:00"",""symbol"":""ADA"",""timeframe"":""4h"",""venue"":""binanceus""}"
53a8af8d387e7c836c00c43d5a9543e1,flagship,4h,trend_breakout/4/regime_pivot_be12,BNB,2026-01-13T16:00:00+00:00,2026-01-13T20:00:00+00:00,2026-01-19T00:00:00+00:00,944.44,914.0183185903907,-3.22113436635566,stop,32,closed,e84364dd6f58414680f656bdfbe5e20a,d85ad7e2888f47b79e6eead8595df555,"{""atr"":10.14056047,""breadth"":1.0,""discriminator_score"":0.623,""ema200"":886.34261284,""entry_rule"":""enter at next 4h open"",""event"":""entry"",""gate"":""discriminator"",""historical"":true,""indicative_stop"":910.20831859,""model"":""trend_breakout/4/regime_pivot_be12"",""reference_close"":940.63,""relvol"":9.2,""side"":""long"",""signal_bar_time"":""2026-01-13 16:00:00+00:00"",""stop_atr_mult"":3.0,""symbol"":""BNB"",""timeframe"":""4h"",""venue"":""binanceus"",""z"":3.85}","{""bars_held"":32,""cumulative_pct"":487.96,""entry_bar_time"":""2026-01-13 16:00:00+00:00"",""event"":""exit"",""exit_reason"":""stop"",""historical"":true,""hold_days"":5.3,""model"":""trend_breakout/4/regime_pivot_be12"",""pct_captured"":-3.22,""side"":""long"",""signal_bar_time"":""2026-01-19 00:00:00+00:00"",""symbol"":""BNB"",""timeframe"":""4h"",""venue"":""binanceus""}"
d822a08a7535409bc19bf976810ee763,flagship,4h,trend_breakout/4/regime_pivot_be12,BTC,2026-03-04T12:00:00+00:00,2026-03-04T16:00:00+00:00,2026-03-05T16:00:00+00:00,73382.72,70962.59,-3.2979562491006087,trend_break,7,closed,e84364dd6f58414680f656bdfbe5e20a,d85ad7e2888f47b79e6eead8595df555,"{""atr"":1659.53976935,""breadth"":0.5,""discriminator_score"":0.528,""ema200"":71168.61730337,""entry_rule"":""enter at next 4h open"",""event"":""entry"",""gate"":""discriminator"",""historical"":true,""indicative_stop"":68398.48069195,""model"":""trend_breakout/4/regime_pivot_be12"",""reference_close"":73377.1,""relvol"":2.33,""side"":""long"",""signal_bar_time"":""2026-03-04 12:00:00+00:00"",""stop_atr_mult"":3.0,""symbol"":""BTC"",""timeframe"":""4h"",""venue"":""binanceus"",""z"":2.93}","{""bars_held"":7,""cumulative_pct"":149.94,""entry_bar_time"":""2026-03-04 12:00:00+00:00"",""event"":""exit"",""exit_reason"":""trend_break"",""historical"":true,""hold_days"":1.2,""model"":""trend_breakout/4/regime_pivot_be12"",""pct_captured"":-3.3,""side"":""long"",""signal_bar_time"":""2026-03-05 16:00:00+00:00"",""symbol"":""BTC"",""timeframe"":""4h"",""venue"":""binanceus""}"
a79d9379517b300eac2a84d1b1935a14,flagship,4h,trend_breakout/4/regime_pivot_be12,SOL,2026-03-04T12:00:00+00:00,2026-03-04T16:00:00+00:00,2026-03-04T20:00:00+00:00,92.99,90.74,-2.419615012366916,trend_break,2,closed,e84364dd6f58414680f656bdfbe5e20a,d85ad7e2888f47b79e6eead8595df555,"{""atr"":2.86592372,""breadth"":0.5,""discriminator_score"":0.548,""ema200"":91.67854647,""entry_rule"":""enter at next 4h open"",""event"":""entry"",""gate"":""discriminator"",""historical"":true,""indicative_stop"":84.30222885,""model"":""trend_breakout/4/regime_pivot_be12"",""reference_close"":92.9,""relvol"":3.36,""side"":""long"",""signal_bar_time"":""2026-03-04 12:00:00+00:00"",""stop_atr_mult"":3.0,""symbol"":""SOL"",""timeframe"":""4h"",""venue"":""binanceus"",""z"":2.91}","{""bars_held"":2,""cumulative_pct"":788.19,""entry_bar_time"":""2026-03-04 12:00:00+00:00"",""event"":""exit"",""exit_reason"":""trend_break"",""historical"":true,""hold_days"":0.3,""model"":""trend_breakout/4/regime_pivot_be12"",""pct_captured"":-2.42,""side"":""long"",""signal_bar_time"":""2026-03-04 20:00:00+00:00"",""symbol"":""SOL"",""timeframe"":""4h"",""venue"":""binanceus""}"
660acc193b4df7c9f8f0859fdc835780,flagship,4h,trend_breakout/4/regime_pivot_be12,SOL,2026-04-16T16:00:00+00:00,2026-04-16T20:00:00+00:00,2026-04-19T00:00:00+00:00,90.11,85.48253316818149,-5.135353270245824,stop,14,closed,e84364dd6f58414680f656bdfbe5e20a,d85ad7e2888f47b79e6eead8595df555,"{""atr"":1.54248894,""breadth"":1.0,""discriminator_score"":0.5,""ema200"":84.92344223,""entry_rule"":""enter at next 4h open"",""event"":""entry"",""gate"":""discriminator"",""historical"":true,""indicative_stop"":85.35253317,""model"":""trend_breakout/4/regime_pivot_be12"",""reference_close"":89.98,""relvol"":5.19,""side"":""long"",""signal_bar_time"":""2026-04-16 16:00:00+00:00"",""stop_atr_mult"":3.0,""symbol"":""SOL"",""timeframe"":""4h"",""venue"":""binanceus"",""z"":3.0}","{""bars_held"":14,""cumulative_pct"":783.06,""entry_bar_time"":""2026-04-16 16:00:00+00:00"",""event"":""exit"",""exit_reason"":""stop"",""historical"":true,""hold_days"":2.3,""model"":""trend_breakout/4/regime_pivot_be12"",""pct_captured"":-5.14,""side"":""long"",""signal_bar_time"":""2026-04-19 00:00:00+00:00"",""symbol"":""SOL"",""timeframe"":""4h"",""venue"":""binanceus""}"
782ab445962bb791c07a5f25f418556a,flagship,4h,trend_breakout/4/regime_pivot_be12,XRP,2026-04-16T16:00:00+00:00,2026-04-16T20:00:00+00:00,2026-04-19T20:00:00+00:00,1.4635,1.3978855554372964,-4.483392180574208,stop,19,closed,e84364dd6f58414680f656bdfbe5e20a,d85ad7e2888f47b79e6eead8595df555,"{""atr"":0.02187148,""breadth"":1.0,""discriminator_score"":0.542,""ema200"":1.37275103,""entry_rule"":""enter at next 4h open"",""event"":""entry"",""gate"":""discriminator"",""historical"":true,""indicative_stop"":1.39998556,""model"":""trend_breakout/4/regime_pivot_be12"",""reference_close"":1.4656,""relvol"":7.65,""side"":""long"",""signal_bar_time"":""2026-04-16 16:00:00+00:00"",""stop_atr_mult"":3.0,""symbol"":""XRP"",""timeframe"":""4h"",""venue"":""binanceus"",""z"":2.83}","{""bars_held"":19,""cumulative_pct"":259.38,""entry_bar_time"":""2026-04-16 16:00:00+00:00"",""event"":""exit"",""exit_reason"":""stop"",""historical"":true,""hold_days"":3.2,""model"":""trend_breakout/4/regime_pivot_be12"",""pct_captured"":-4.48,""side"":""long"",""signal_bar_time"":""2026-04-19 20:00:00+00:00"",""symbol"":""XRP"",""timeframe"":""4h"",""venue"":""binanceus""}"
93cc7f8cedf99df4923a73a057f74bae,flagship,4h,trend_breakout/4/regime_pivot_be12,ADA,2026-05-05T04:00:00+00:00,2026-05-05T08:00:00+00:00,2026-05-15T12:00:00+00:00,0.2583,0.258,-0.11614401858303092,trend_break,62,closed,e84364dd6f58414680f656bdfbe5e20a,d85ad7e2888f47b79e6eead8595df555,"{""atr"":0.00304508,""breadth"":0.83,""discriminator_score"":0.512,""ema200"":0.25107953,""entry_rule"":""enter at next 4h open"",""event"":""entry"",""gate"":""discriminator"",""historical"":true,""indicative_stop"":0.24886476,""model"":""trend_breakout/4/regime_pivot_be12"",""reference_close"":0.258,""relvol"":11.55,""side"":""long"",""signal_bar_time"":""2026-05-05 04:00:00+00:00"",""stop_atr_mult"":3.0,""symbol"":""ADA"",""timeframe"":""4h"",""venue"":""binanceus"",""z"":3.28}","{""bars_held"":62,""cumulative_pct"":1044.28,""entry_bar_time"":""2026-05-05 04:00:00+00:00"",""event"":""exit"",""exit_reason"":""trend_break"",""historical"":true,""hold_days"":10.3,""model"":""trend_breakout/4/regime_pivot_be12"",""pct_captured"":-0.12,""side"":""long"",""signal_bar_time"":""2026-05-15 12:00:00+00:00"",""symbol"":""ADA"",""timeframe"":""4h"",""venue"":""binanceus""}"
0cfdc7b903dff0974660c95bc6ea3983,flagship,4h,trend_breakout/4/regime_pivot_be12,SOL,2026-05-05T16:00:00+00:00,2026-05-05T20:00:00+00:00,2026-05-16T04:00:00+00:00,86.53,87.42,1.028545013290194,trend_break,63,closed,e84364dd6f58414680f656bdfbe5e20a,d85ad7e2888f47b79e6eead8595df555,"{""atr"":0.91456038,""breadth"":1.0,""discriminator_score"":0.503,""ema200"":85.02656737,""entry_rule"":""enter at next 4h open"",""event"":""entry"",""gate"":""discriminator"",""historical"":true,""indicative_stop"":83.78631887,""model"":""trend_breakout/4/regime_pivot_be12"",""reference_close"":86.53,""relvol"":2.2,""side"":""long"",""signal_bar_time"":""2026-05-05 16:00:00+00:00"",""stop_atr_mult"":3.0,""symbol"":""SOL"",""timeframe"":""4h"",""venue"":""binanceus"",""z"":3.0}","{""bars_held"":63,""cumulative_pct"":784.08,""entry_bar_time"":""2026-05-05 16:00:00+00:00"",""event"":""exit"",""exit_reason"":""trend_break"",""historical"":true,""hold_days"":10.5,""model"":""trend_breakout/4/regime_pivot_be12"",""pct_captured"":1.03,""side"":""long"",""signal_bar_time"":""2026-05-16 04:00:00+00:00"",""symbol"":""SOL"",""timeframe"":""4h"",""venue"":""binanceus""}"
d20ad756be0654d39cf870bf76f4ae17,flagship,4h,trend_breakout/4/regime_pivot_be12,BNB,2026-05-06T08:00:00+00:00,2026-05-06T12:00:00+00:00,2026-05-07T20:00:00+00:00,653.01,637.3428072012056,-2.3992270866900034,stop,9,closed,e84364dd6f58414680f656bdfbe5e20a,d85ad7e2888f47b79e6eead8595df555,"{""atr"":5.2223976,""breadth"":1.0,""discriminator_score"":0.503,""ema200"":624.69008754,""entry_rule"":""enter at next 4h open"",""event"":""entry"",""gate"":""discriminator"",""historical"":true,""indicative_stop"":636.5328072,""model"":""trend_breakout/4/regime_pivot_be12"",""reference_close"":652.2,""relvol"":3.25,""side"":""long"",""signal_bar_time"":""2026-05-06 08:00:00+00:00"",""stop_atr_mult"":3.0,""symbol"":""BNB"",""timeframe"":""4h"",""venue"":""binanceus"",""z"":3.05}","{""bars_held"":9,""cumulative_pct"":485.56,""entry_bar_time"":""2026-05-06 08:00:00+00:00"",""event"":""exit"",""exit_reason"":""stop"",""historical"":true,""hold_days"":1.5,""model"":""trend_breakout/4/regime_pivot_be12"",""pct_captured"":-2.4,""side"":""long"",""signal_bar_time"":""2026-05-07 20:00:00+00:00"",""symbol"":""BNB"",""timeframe"":""4h"",""venue"":""binanceus""}"
f0b82100c2b1deefe8aff52c2b6948c6,flagship,4h,trend_breakout/4/regime_pivot_be12,XRP,2026-05-06T08:00:00+00:00,2026-05-06T12:00:00+00:00,2026-05-07T00:00:00+00:00,1.4511,1.4072122384653398,-3.0244477661539704,stop,4,closed,e84364dd6f58414680f656bdfbe5e20a,d85ad7e2888f47b79e6eead8595df555,"{""atr"":0.01462925,""breadth"":1.0,""discriminator_score"":0.513,""ema200"":1.3981378,""entry_rule"":""enter at next 4h open"",""event"":""entry"",""gate"":""discriminator"",""historical"":true,""indicative_stop"":1.40721224,""model"":""trend_breakout/4/regime_pivot_be12"",""reference_close"":1.4511,""relvol"":5.19,""side"":""long"",""signal_bar_time"":""2026-05-06 08:00:00+00:00"",""stop_atr_mult"":3.0,""symbol"":""XRP"",""timeframe"":""4h"",""venue"":""binanceus"",""z"":2.92}","{""bars_held"":4,""cumulative_pct"":256.35,""entry_bar_time"":""2026-05-06 08:00:00+00:00"",""event"":""exit"",""exit_reason"":""stop"",""historical"":true,""hold_days"":0.7,""model"":""trend_breakout/4/regime_pivot_be12"",""pct_captured"":-3.02,""side"":""long"",""signal_bar_time"":""2026-05-07 00:00:00+00:00"",""symbol"":""XRP"",""timeframe"":""4h"",""venue"":""binanceus""}"
9e7d7a39c91f0b0d6b03dff23c86db3a,flagship,4h,trend_breakout/4/regime_pivot_be12,XRP,2026-05-10T16:00:00+00:00,2026-05-10T20:00:00+00:00,2026-05-12T12:00:00+00:00,1.4861,1.4339134346469424,-3.511645606154201,stop,11,closed,e84364dd6f58414680f656bdfbe5e20a,d85ad7e2888f47b79e6eead8595df555,"{""atr"":0.01739552,""breadth"":1.0,""discriminator_score"":0.599,""ema200"":1.40229235,""entry_rule"":""enter at next 4h open"",""event"":""entry"",""gate"":""discriminator"",""historical"":true,""indicative_stop"":1.43351343,""model"":""trend_breakout/4/regime_pivot_be12"",""reference_close"":1.4857,""relvol"":8.08,""side"":""long"",""signal_bar_time"":""2026-05-10 16:00:00+00:00"",""stop_atr_mult"":3.0,""symbol"":""XRP"",""timeframe"":""4h"",""venue"":""binanceus"",""z"":2.98}","{""bars_held"":11,""cumulative_pct"":252.84,""entry_bar_time"":""2026-05-10 16:00:00+00:00"",""event"":""exit"",""exit_reason"":""stop"",""historical"":true,""hold_days"":1.8,""model"":""trend_breakout/4/regime_pivot_be12"",""pct_captured"":-3.51,""side"":""long"",""signal_bar_time"":""2026-05-12 12:00:00+00:00"",""symbol"":""XRP"",""timeframe"":""4h"",""venue"":""binanceus""}"
f234e0a59fb73fe86a4bf313a001e6cf,flagship,4h,trend_breakout/4/regime_pivot_be12,ADA,2026-07-21T00:00:00+00:00,2026-07-21T04:00:00+00:00,2026-07-23T16:00:00+00:00,0.1729,0.16916,-2.1631000578368975,trend_break,16,closed,e84364dd6f58414680f656bdfbe5e20a,d85ad7e2888f47b79e6eead8595df555,"{""atr"":0.00317105,""breadth"":0.83,""discriminator_score"":0.514,""ema200"":0.16947607,""entry_rule"":""enter at next 4h open"",""event"":""entry"",""gate"":""discriminator"",""historical"":true,""indicative_stop"":0.16295685,""model"":""trend_breakout/4/regime_pivot_be12"",""reference_close"":0.17247,""relvol"":2.43,""side"":""long"",""signal_bar_time"":""2026-07-21 00:00:00+00:00"",""stop_atr_mult"":3.0,""symbol"":""ADA"",""timeframe"":""4h"",""venue"":""binanceus"",""z"":2.96}","{""bars_held"":16,""cumulative_pct"":1042.12,""entry_bar_time"":""2026-07-21 00:00:00+00:00"",""event"":""exit"",""exit_reason"":""trend_break"",""historical"":true,""hold_days"":2.7,""model"":""trend_breakout/4/regime_pivot_be12"",""pct_captured"":-2.16,""side"":""long"",""signal_bar_time"":""2026-07-23 16:00:00+00:00"",""symbol"":""ADA"",""timeframe"":""4h"",""venue"":""binanceus""}"
98a0eba024adb6c06b5523c345e60e56,flagship,4h,trend_breakout/4/regime_pivot_be12,BNB,2026-07-30T08:00:00+00:00,2026-07-30T12:00:00+00:00,2026-08-01T12:00:00+00:00,589.41,576.59,-2.1750564123445337,trend_break,13,closed,5af02e8f4525420d83a664a333615db2,d85ad7e2888f47b79e6eead8595df555,"{""atr"":5.3751152,""breadth"":0.5,""discriminator_score"":0.63,""ema200"":575.27640059,""entry_rule"":""enter at next 4h open"",""event"":""entry"",""gate"":""discriminator"",""historical"":true,""indicative_stop"":572.91465441,""model"":""trend_breakout/4/regime_pivot_be12"",""reference_close"":589.04,""relvol"":10.39,""side"":""long"",""signal_bar_time"":""2026-07-30 08:00:00+00:00"",""stop_atr_mult"":3.0,""symbol"":""BNB"",""timeframe"":""4h"",""venue"":""binanceus"",""z"":3.47}","{""bars_held"":13,""cumulative_pct"":483.38,""entry_bar_time"":""2026-07-30 08:00:00+00:00"",""event"":""exit"",""exit_reason"":""trend_break"",""historical"":true,""hold_days"":2.2,""model"":""trend_breakout/4/regime_pivot_be12"",""pct_captured"":-2.18,""side"":""long"",""signal_bar_time"":""2026-08-01 12:00:00+00:00"",""symbol"":""BNB"",""timeframe"":""4h"",""venue"":""binanceus""}"
105392c5e010963ead1c447ffd63ed47,flagship,4h,trend_breakout/4/regime_pivot_be12,ADA,2026-07-30T12:00:00+00:00,2026-07-30T16:00:00+00:00,,0.172,,,,,open,5af02e8f4525420d83a664a333615db2,d85ad7e2888f47b79e6eead8595df555,"{""atr"":0.00335524,""breadth"":0.67,""discriminator_score"":0.565,""ema200"":0.16778582,""entry_rule"":""enter at next 4h open"",""event"":""entry"",""gate"":""discriminator"",""historical"":true,""indicative_stop"":0.16137427,""model"":""trend_breakout/4/regime_pivot_be12"",""reference_close"":0.17144,""relvol"":9.17,""side"":""long"",""signal_bar_time"":""2026-07-30 12:00:00+00:00"",""stop_atr_mult"":3.0,""symbol"":""ADA"",""timeframe"":""4h"",""venue"":""binanceus"",""z"":2.57}",
