run_id,account_id,leverage,fee_bps_per_side,adverse_fill_bps_per_side,funding_included,bot_trade_id,signal_id,tier,timeframe,market,venue,symbol,native_aster_listing,entry_time,close_time,entry_fill_px,exit_fill_px,quantity,cost_basis,proceeds_net,fees,adverse_fill_cost,pnl,compounded_trade_return_pct,exit_reason,status,signal_time,raw_entry_px,raw_exit_px,raw_gross_pct,signal_bars_held
d85ad7e2888f47b79e6eead8595df555,86ec0d3b83330c9446c948d636387edf,1,4,20,0,8137457e3eea4aa7560fca0665958aa7,06fc81f407f2b037d58f6b2b99bda58d,flagship,4h,futures,aster,BNB,1,2019-11-04T04:00:00+00:00,2019-11-08T12:00:00+00:00,20.5311804,19.522719812653243,97.4128111991067,2000.8,1901.002313995369,1.5607052076812202,7.803164303140125,-99.79768600463103,-4.987889144573722,stop,closed,2019-11-04T00:00:00+00:00,20.4902,19.561843499652547,-4.530734206339881,27
d85ad7e2888f47b79e6eead8595df555,521aec0492a4a3fcad91a8ad8c034711,1,4,20,0,e0df723c2e4db3a81d56754af404966b,06fc81f407f2b037d58f6b2b99bda58d,flagship,4h,spot,aster,BNB,0,2019-11-04T04:00:00+00:00,2019-11-08T12:00:00+00:00,20.5311804,19.522719812653243,97.4128111991067,2000.8,1901.002313995369,1.5607052076812202,7.803164303140125,-99.79768600463103,-4.987889144573722,stop,closed,2019-11-04T00:00:00+00:00,20.4902,19.561843499652547,-4.530734206339881,27
d85ad7e2888f47b79e6eead8595df555,86ec0d3b83330c9446c948d636387edf,1,4,20,0,b02dc8c214871db5237a6e93e9a50d92,1bc61a396ebf242377cc8346abea7751,flagship,4h,futures,aster,ADA,1,2019-11-05T04:00:00+00:00,2019-11-08T12:00:00+00:00,0.04470924,0.042388906045563404,44661.80273652909,1997.593975483088,1892.4076940402083,1.5559840869617416,7.779537031767412,-105.18628144287959,-5.265648712093351,stop,closed,2019-11-05T00:00:00+00:00,0.04462,0.04247385375306954,-4.80983022620004,21
d85ad7e2888f47b79e6eead8595df555,521aec0492a4a3fcad91a8ad8c034711,1,4,20,0,d0df3bf12f40af45c766a0c115405a69,1bc61a396ebf242377cc8346abea7751,flagship,4h,spot,aster,ADA,1,2019-11-05T04:00:00+00:00,2019-11-08T12:00:00+00:00,0.04470924,0.042388906045563404,44661.80273652909,1997.593975483088,1892.4076940402083,1.5559840869617416,7.779537031767412,-105.18628144287959,-5.265648712093351,stop,closed,2019-11-05T00:00:00+00:00,0.04462,0.04247385375306954,-4.80983022620004,21
d85ad7e2888f47b79e6eead8595df555,86ec0d3b83330c9446c948d636387edf,1,4,20,0,742943b870e25d860c452ecda97de700,1d6d7041208ffa13b3a73e41e3a7a1c6,flagship,4h,futures,aster,BTC,1,2020-01-07T00:00:00+00:00,2020-02-25T12:00:00+00:00,7801.10106,9365.90066,0.2511188089275308,1959.786807793102,2351.0130367454653,1.7243828099133087,8.623520346094978,391.2262289523633,19.962693258095737,trend_break,closed,2020-01-06T20:00:00+00:00,7785.53,9384.67,20.539899017793275,298
d85ad7e2888f47b79e6eead8595df555,521aec0492a4a3fcad91a8ad8c034711,1,4,20,0,d6fe008675a8fef71a0f9e0968f72b41,1d6d7041208ffa13b3a73e41e3a7a1c6,flagship,4h,spot,aster,BTC,1,2020-01-07T00:00:00+00:00,2020-02-25T12:00:00+00:00,7801.10106,9365.90066,0.2511188089275308,1959.786807793102,2351.0130367454653,1.7243828099133087,8.623520346094978,391.2262289523633,19.962693258095737,trend_break,closed,2020-01-06T20:00:00+00:00,7785.53,9384.67,20.539899017793275,298
d85ad7e2888f47b79e6eead8595df555,86ec0d3b83330c9446c948d636387edf,1,4,20,0,d23cf5cb23a6b0837bed12a6e629f3d1,4d4abed9f2e48bb9ecd86c3ec8e7d92a,flagship,4h,futures,aster,XRP,1,2020-01-11T20:00:00+00:00,2020-01-24T00:00:00+00:00,0.2192376,0.21836239999999998,7757.581503035212,1701.4338519500445,1693.2865295522968,1.3578870662912834,6.789435331456418,-8.147322397747757,-0.4788503760172611,be_stop,closed,2020-01-11T16:00:00+00:00,0.2188,0.2188,0,74
d85ad7e2888f47b79e6eead8595df555,521aec0492a4a3fcad91a8ad8c034711,1,4,20,0,914581ce6dfb0ae9aaf2067a002ec423,4d4abed9f2e48bb9ecd86c3ec8e7d92a,flagship,4h,spot,aster,XRP,0,2020-01-11T20:00:00+00:00,2020-01-24T00:00:00+00:00,0.2192376,0.21836239999999998,7757.581503035212,1701.4338519500445,1693.2865295522968,1.3578870662912834,6.789435331456418,-8.147322397747757,-0.4788503760172611,be_stop,closed,2020-01-11T16:00:00+00:00,0.2188,0.2188,0,74
d85ad7e2888f47b79e6eead8595df555,86ec0d3b83330c9446c948d636387edf,1,4,20,0,d371e725b25fc73de39f927af64c28b8,e6b4004cac52b8c96b46c34e484a3066,flagship,4h,futures,aster,BNB,1,2020-01-14T04:00:00+00:00,2020-02-25T04:00:00+00:00,15.5746872,20.8787588,127.8754516688764,1992.4168083655884,2668.8127595507935,1.8646003488547982,9.325752089488486,676.3959511852051,33.948516612849886,trend_break,closed,2020-01-14T00:00:00+00:00,15.5436,20.9206,34.59301577498135,253
d85ad7e2888f47b79e6eead8595df555,86ec0d3b83330c9446c948d636387edf,1,4,20,0,4f784b58bb202018306f80e8ae94d354,adfd13da1c83b8e47c4490d3aa2b7d82,flagship,4h,futures,aster,ETH,1,2020-01-14T04:00:00+00:00,2020-02-26T12:00:00+00:00,149.32806,226.00708,13.337213115214032,1992.4168083655884,3013.098869670624,2.002369900723478,10.015980305263433,1020.6820613050356,51.228340225774225,trend_break,closed,2020-01-14T00:00:00+00:00,149.03,226.46,51.955982017043546,261
d85ad7e2888f47b79e6eead8595df555,521aec0492a4a3fcad91a8ad8c034711,1,4,20,0,7507e0058bbcb1d738604f72cd5a7714,e6b4004cac52b8c96b46c34e484a3066,flagship,4h,spot,aster,BNB,0,2020-01-14T04:00:00+00:00,2020-02-25T04:00:00+00:00,15.5746872,20.8787588,127.8754516688764,1992.4168083655884,2668.8127595507935,1.8646003488547982,9.325752089488486,676.3959511852051,33.948516612849886,trend_break,closed,2020-01-14T00:00:00+00:00,15.5436,20.9206,34.59301577498135,253
d85ad7e2888f47b79e6eead8595df555,521aec0492a4a3fcad91a8ad8c034711,1,4,20,0,c47ec259692f8ad5441336cc5f1af6cf,adfd13da1c83b8e47c4490d3aa2b7d82,flagship,4h,spot,aster,ETH,1,2020-01-14T04:00:00+00:00,2020-02-26T12:00:00+00:00,149.32806,226.00708,13.32482752791898,1990.5665528365687,3010.300758944152,2.00051040226693,10.006678976916596,1019.7342061075835,51.22834022577424,trend_break,closed,2020-01-14T00:00:00+00:00,149.03,226.46,51.955982017043546,261
d85ad7e2888f47b79e6eead8595df555,86ec0d3b83330c9446c948d636387edf,1,4,20,0,3ffc5c0bf9a9e3b4e8033a2bf1b2022a,30bde607364e8d1204aae22b4682127b,flagship,4h,futures,aster,ETH,1,2020-04-16T12:00:00+00:00,2020-05-10T00:00:00+00:00,170.65062,185.67790000000002,8.209080770073212,1401.4450769322884,1523.63518036625,1.1700518405442595,5.85077604644658,122.19010343396167,8.718864937713528,trend_break,closed,2020-04-16T08:00:00+00:00,170.31,186.05,9.241970524337972,140
d85ad7e2888f47b79e6eead8595df555,521aec0492a4a3fcad91a8ad8c034711,1,4,20,0,13ea2951baf174a0341de17caa539af9,30bde607364e8d1204aae22b4682127b,flagship,4h,spot,aster,ETH,1,2020-04-16T12:00:00+00:00,2020-05-10T00:00:00+00:00,170.65062,185.67790000000002,8.208425535837389,1401.3332160772486,1523.513566514341,1.1699584490860575,5.850309047902025,122.18035043709233,8.718864937713509,trend_break,closed,2020-04-16T08:00:00+00:00,170.31,186.05,9.241970524337972,140
d85ad7e2888f47b79e6eead8595df555,86ec0d3b83330c9446c948d636387edf,1,4,20,0,a48566cd0eb4d8599aee48d0dc992a88,8ef880865b7c9d7769e44a9ff6f9f97d,flagship,4h,futures,aster,ADA,1,2020-04-23T16:00:00+00:00,2020-08-19T00:00:00+00:00,0.04010004,0.13109728,47871.82244043334,1920.4298595321684,6273.355364299539,3.2782110821272195,16.40854585968293,4352.9255047673705,226.66412330350752,trend_break,closed,2020-04-23T12:00:00+00:00,0.04002,0.13136,228.23588205897053,701
d85ad7e2888f47b79e6eead8595df555,86ec0d3b83330c9446c948d636387edf,1,4,20,0,f3e4bb32d52afc0aaf34a92d412c4ec6,dfa45d22a4a6e2490341fb1f977fcb4b,flagship,4h,futures,aster,BTC,1,2020-04-23T16:00:00+00:00,2020-05-24T20:00:00+00:00,7544.699280000001,8698.79754,0.27912281380159026,2106.7400513973603,2427.061632916729,1.8135722153502334,9.069185894109683,320.3215815193689,15.204608717952922,trend_break,closed,2020-04-23T12:00:00+00:00,7529.64,8716.23,15.7589207452149,186
d85ad7e2888f47b79e6eead8595df555,521aec0492a4a3fcad91a8ad8c034711,1,4,20,0,cb414a8194921410b7553b3494b775be,8ef880865b7c9d7769e44a9ff6f9f97d,flagship,4h,spot,aster,ADA,1,2020-04-23T16:00:00+00:00,2020-08-19T00:00:00+00:00,0.04010004,0.13109728,47868.00139665599,1920.2765742342517,6272.854636224947,3.277949421145506,16.407236158717808,4352.5780619906955,226.66412330350755,trend_break,closed,2020-04-23T12:00:00+00:00,0.04002,0.13136,228.23588205897053,701
d85ad7e2888f47b79e6eead8595df555,521aec0492a4a3fcad91a8ad8c034711,1,4,20,0,05ecc96bdadf551e678615301c3cb9d4,dfa45d22a4a6e2490341fb1f977fcb4b,flagship,4h,spot,aster,BTC,1,2020-04-23T16:00:00+00:00,2020-05-24T20:00:00+00:00,7544.699280000001,8698.79754,0.2789493848765219,2105.4310589236316,2425.553613259222,1.8124453784730958,9.063550886567882,320.1225543355904,15.204608717952892,trend_break,closed,2020-04-23T12:00:00+00:00,7529.64,8716.23,15.7589207452149,186
d85ad7e2888f47b79e6eead8595df555,86ec0d3b83330c9446c948d636387edf,1,4,20,0,61399c6dd9826e5e9336631fef1a7638,0d0be2f0f35682aef38403940b849dfa,flagship,4h,futures,aster,BNB,1,2020-04-29T08:00:00+00:00,2020-05-10T00:00:00+00:00,16.6709754,16.005622848406304,153.65589151258834,2562.6182249064177,2458.37450468693,2.0083807341830213,10.041534895696747,-104.24372021948784,-4.067859941302596,stop,closed,2020-04-29T04:00:00+00:00,16.6377,16.037698244896095,-3.606278242208383,65
d85ad7e2888f47b79e6eead8595df555,521aec0492a4a3fcad91a8ad8c034711,1,4,20,0,cc2d464638b7f526d67967dbb7a97a24,0d0be2f0f35682aef38403940b849dfa,flagship,4h,spot,aster,BNB,0,2020-04-29T08:00:00+00:00,2020-05-10T00:00:00+00:00,16.6709754,16.005622848406304,153.64258820162146,2562.396357024882,2458.16166208007,2.008206851403886,10.04066551372911,-104.23469494481196,-4.0678599413025855,stop,closed,2020-04-29T04:00:00+00:00,16.6377,16.037698244896095,-3.606278242208383,65
d85ad7e2888f47b79e6eead8595df555,86ec0d3b83330c9446c948d636387edf,1,4,20,0,3a571cf45d3eebd17f1651b120f18bac,cfd9e7316f81059a610382950e82326d,flagship,4h,futures,aster,ETH,1,2020-05-13T16:00:00+00:00,2020-05-26T12:00:00+00:00,198.57636,196.94532,9.560012121479105,1899.151765602654,1882.0465266099936,1.5124768220431117,7.5623519885748305,-17.10523899266036,-0.9006778343084335,trend_break,closed,2020-05-13T12:00:00+00:00,198.18,197.34,-0.42385709960641726,78
d85ad7e2888f47b79e6eead8595df555,521aec0492a4a3fcad91a8ad8c034711,1,4,20,0,e2171f6ca69dbee3254e76dbee23c854,cfd9e7316f81059a610382950e82326d,flagship,4h,spot,aster,ETH,1,2020-05-13T16:00:00+00:00,2020-05-26T12:00:00+00:00,198.57636,196.94532,9.559070215833135,1898.964650591936,1881.861096902702,1.5123278044017137,7.561606903532644,-17.103553689234104,-0.9006778343084304,trend_break,closed,2020-05-13T12:00:00+00:00,198.18,197.34,-0.42385709960641726,78
d85ad7e2888f47b79e6eead8595df555,86ec0d3b83330c9446c948d636387edf,1,4,20,0,510e74a8d219e3db51a1b5d35bf82799,b0c09871fb0a206953a0feb667bc5ba5,flagship,4h,futures,aster,XRP,1,2020-07-08T04:00:00+00:00,2020-07-16T08:00:00+00:00,0.20031984,0.1892809992123322,16242.322988528125,3254.961006107192,3073.1333795481182,2.5312090668353253,12.655378770021738,-181.8276265590739,-5.586169119012972,stop,closed,2020-07-08T00:00:00+00:00,0.19992,0.1896603198520363,-5.131892831114293,48
d85ad7e2888f47b79e6eead8595df555,521aec0492a4a3fcad91a8ad8c034711,1,4,20,0,13dc73c519c1ae444f1050a88697fbd7,b0c09871fb0a206953a0feb667bc5ba5,flagship,4h,spot,aster,XRP,0,2020-07-08T04:00:00+00:00,2020-07-16T08:00:00+00:00,0.20031984,0.1892809992123322,16240.858820139985,3254.6675868091556,3072.856351148298,2.530980890342218,12.6542379476438,-181.81123566085762,-5.586169119012967,stop,closed,2020-07-08T00:00:00+00:00,0.19992,0.1896603198520363,-5.131892831114293,48
d85ad7e2888f47b79e6eead8595df555,86ec0d3b83330c9446c948d636387edf,1,4,20,0,2d18cf55ecaea46dabf3a4524ee31e45,088382017bbd6a085eddfe169a23c154,flagship,4h,futures,aster,BNB,1,2020-09-01T20:00:00+00:00,2020-09-02T08:00:00+00:00,24.92475,23.330333618800402,109.05020979404351,2719.1364362507115,2543.160104584932,2.1048907969037183,10.523800593957493,-175.97633166577953,-6.4717727775523075,stop,closed,2020-09-01T16:00:00+00:00,24.875,23.37708779438918,-6.02175761049576,4
d85ad7e2888f47b79e6eead8595df555,521aec0492a4a3fcad91a8ad8c034711,1,4,20,0,3b2bc3c28e9376a9dc3400548c484a45,088382017bbd6a085eddfe169a23c154,flagship,4h,spot,aster,BNB,0,2020-09-01T20:00:00+00:00,2020-09-02T08:00:00+00:00,24.92475,23.330333618800402,109.04036923986618,2718.891064788639,2542.930613006346,2.1047008541978456,10.522850939389272,-175.96045178229315,-6.471772777552305,stop,closed,2020-09-01T16:00:00+00:00,24.875,23.37708779438918,-6.02175761049576,4
d85ad7e2888f47b79e6eead8595df555,86ec0d3b83330c9446c948d636387edf,1,4,20,0,6a57009c806585ff3ef1114818ac1d1c,24b0a84b58ed8d3ae15061f3fad86916,flagship,4h,futures,aster,BNB,1,2020-10-12T12:00:00+00:00,2020-10-30T00:00:00+00:00,30.0918636,28.9717404,98.85517673124119,2975.9263889481435,2862.860914846659,2.3354972047216176,11.67708981205975,-113.0654741014846,-3.7993370575758147,trend_break,closed,2020-10-12T08:00:00+00:00,30.0318,29.0298,-3.336463348850216,106
d85ad7e2888f47b79e6eead8595df555,521aec0492a4a3fcad91a8ad8c034711,1,4,20,0,6545acb1244422f9b8ca19da3cd5d00b,24b0a84b58ed8d3ae15061f3fad86916,flagship,4h,spot,aster,BNB,0,2020-10-12T12:00:00+00:00,2020-10-30T00:00:00+00:00,30.0918636,28.9717404,98.84625616406235,2975.6578450827674,2862.602573867876,2.3352864523826957,11.67603608611877,-113.05527121489149,-3.7993370575758143,trend_break,closed,2020-10-12T08:00:00+00:00,30.0318,29.0298,-3.336463348850216,106
d85ad7e2888f47b79e6eead8595df555,86ec0d3b83330c9446c948d636387edf,1,4,20,0,5e8b9d0a6ce13f80fe0b18e8b2292c17,6ad46e905a6d6bd298047beb57e53b9a,flagship,4h,futures,aster,BTC,1,2020-10-21T16:00:00+00:00,2021-01-21T12:00:00+00:00,12766.1313,31401.191759999998,0.18156997115950888,2318.8732703962874,5699.232876844512,3.207783829678765,16.052517628025445,3380.359606448225,145.77595289933777,trend_break,closed,2020-10-21T12:00:00+00:00,12740.65,31464.12,146.9585146754679,552
d85ad7e2888f47b79e6eead8595df555,86ec0d3b83330c9446c948d636387edf,1,4,20,0,186216d09fba5b53e79fbd00b134c1fb,1b2382413524493f660041fdfe3b5b21,flagship,4h,futures,aster,ETH,1,2020-10-21T16:00:00+00:00,2020-10-30T04:00:00+00:00,392.95434,377.48352,8.23062578680109,3235.553827888939,3105.682823566923,2.536474287057539,12.681912824818856,-129.87100432201578,-4.013872469145447,trend_break,closed,2020-10-21T12:00:00+00:00,392.17,378.24,-3.552031006961265,52
d85ad7e2888f47b79e6eead8595df555,521aec0492a4a3fcad91a8ad8c034711,1,4,20,0,95bfbd3c9c6c4295eafb0cf2fc1c1408,6ad46e905a6d6bd298047beb57e53b9a,flagship,4h,spot,aster,BTC,1,2020-10-21T16:00:00+00:00,2021-01-21T12:00:00+00:00,12766.1313,31401.191759999998,0.1815535865130094,2318.6640181803514,5698.718585216834,3.207494363288698,16.051069068965365,3380.0545670364827,145.77595289933782,trend_break,closed,2020-10-21T12:00:00+00:00,12740.65,31464.12,146.9585146754679,552
d85ad7e2888f47b79e6eead8595df555,521aec0492a4a3fcad91a8ad8c034711,1,4,20,0,0fcd00f10f9b375192fa80839a456c97,1b2382413524493f660041fdfe3b5b21,flagship,4h,spot,aster,ETH,1,2020-10-21T16:00:00+00:00,2020-10-30T04:00:00+00:00,392.95434,377.48352,8.221722114882862,3232.0536918721264,3102.323178546072,2.533730396682011,12.668193869053813,-129.73051332605428,-4.013872469145446,trend_break,closed,2020-10-21T12:00:00+00:00,392.17,378.24,-3.552031006961265,52
d85ad7e2888f47b79e6eead8595df555,86ec0d3b83330c9446c948d636387edf,1,4,20,0,e6b8ae1b021fa96c051326126d3f1c87,164dbd3d193554d3d71edf525975cd0a,flagship,4h,futures,aster,XRP,1,2020-10-22T12:00:00+00:00,2020-10-23T16:00:00+00:00,0.2621733,0.2504219106293557,12555.656780815387,3293.074675082504,3142.9538756341117,2.5743878128607847,12.871400364258836,-150.12079944839252,-4.558681908561075,stop,closed,2020-10-22T08:00:00+00:00,0.26165,0.250923758145647,-4.099461820887829,8
d85ad7e2888f47b79e6eead8595df555,521aec0492a4a3fcad91a8ad8c034711,1,4,20,0,8f83f4805dd08d20d16cb04da383abf8,164dbd3d193554d3d71edf525975cd0a,flagship,4h,spot,aster,XRP,0,2020-10-22T12:00:00+00:00,2020-10-23T16:00:00+00:00,0.2621733,0.2504219106293557,12554.397839368674,3292.7444822245793,3142.638735218264,2.5741296819183654,12.870109763561583,-150.10574700631514,-4.5586819085610815,stop,closed,2020-10-22T08:00:00+00:00,0.26165,0.250923758145647,-4.099461820887829,8
d85ad7e2888f47b79e6eead8595df555,86ec0d3b83330c9446c948d636387edf,1,4,20,0,96de26cdf5d0fa28d7de947b2e4676b8,2b745f95c04e1cd506e2f41ec129ffe9,flagship,4h,futures,aster,ADA,1,2020-11-06T04:00:00+00:00,2020-11-07T16:00:00+00:00,0.10212384,0.10045868,22165.627411648227,2264.5444428816922,2225.8389792775392,1.79614746337311,8.980625602103395,-38.70546360415301,-1.7091942587313187,trend_break,closed,2020-11-06T00:00:00+00:00,0.10192,0.10066,-1.2362637362637319,10
d85ad7e2888f47b79e6eead8595df555,521aec0492a4a3fcad91a8ad8c034711,1,4,20,0,a5126636bac19e91bbf84d5d0cddec94,2b745f95c04e1cd506e2f41ec129ffe9,flagship,4h,spot,aster,ADA,1,2020-11-06T04:00:00+00:00,2020-11-07T16:00:00+00:00,0.10212384,0.10045868,22163.803966309908,2264.3581511548173,2225.655871638164,1.7959997041124227,8.979886814990124,-38.70227951665311,-1.7091942587313336,trend_break,closed,2020-11-06T00:00:00+00:00,0.10192,0.10066,-1.2362637362637319,10
d85ad7e2888f47b79e6eead8595df555,86ec0d3b83330c9446c948d636387edf,1,4,20,0,1b3c6e8f43b57e955e6cb5c1e1ebcf5b,816e9005bc8954c4a094b52253f6d993,flagship,4h,futures,aster,BNB,1,2020-11-06T08:00:00+00:00,2020-11-07T16:00:00+00:00,28.843071,27.346996400000002,88.66422058866249,2558.371348962293,2423.73024119846,1.9928194123381653,9.963606322962711,-134.64110776383268,-5.262766400915362,trend_break,closed,2020-11-06T04:00:00+00:00,28.7855,27.4018,-4.806934046655432,9
d85ad7e2888f47b79e6eead8595df555,521aec0492a4a3fcad91a8ad8c034711,1,4,20,0,948a4fd08e24da8ce2594da3eedf4d37,816e9005bc8954c4a094b52253f6d993,flagship,4h,spot,aster,BNB,0,2020-11-06T08:00:00+00:00,2020-11-07T16:00:00+00:00,28.843071,27.346996400000002,88.65692794053415,2558.1609224576023,2423.530888949157,1.992655502582223,9.962786814546348,-134.6300335084452,-5.262766400915362,trend_break,closed,2020-11-06T04:00:00+00:00,28.7855,27.4018,-4.806934046655432,9
d85ad7e2888f47b79e6eead8595df555,86ec0d3b83330c9446c948d636387edf,1,4,20,0,76a27e0345a2668e78a43da8d8825d58,b0cdbd6f55754620868a4310ecc3995b,flagship,4h,futures,aster,XRP,1,2020-11-06T12:00:00+00:00,2020-11-07T16:00:00+00:00,0.25935768000000003,0.24478714532237003,12034.31295829924,3122.4399658541315,2944.666776932086,2.4268146416946026,12.133420356657314,-177.7731889220454,-5.693406146030296,stop,closed,2020-11-06T08:00:00+00:00,0.25884,0.24527770072381766,-5.239645833790119,8
d85ad7e2888f47b79e6eead8595df555,521aec0492a4a3fcad91a8ad8c034711,1,4,20,0,d9ae2e44c241bfc99d484412d50220c0,b0cdbd6f55754620868a4310ecc3995b,flagship,4h,spot,aster,XRP,0,2020-11-06T12:00:00+00:00,2020-11-07T16:00:00+00:00,0.25935768000000003,0.24478714532237003,12033.323325679152,3122.183194366205,2944.424624487834,2.426615074428847,12.132422574015315,-177.75856987837096,-5.693406146030309,stop,closed,2020-11-06T08:00:00+00:00,0.25884,0.24527770072381766,-5.239645833790119,8
d85ad7e2888f47b79e6eead8595df555,86ec0d3b83330c9446c948d636387edf,1,4,20,0,140d55139fb8fdc3cdaf62e4b352a578,b30ea5de768696f6c40948dfa95ce64d,flagship,4h,futures,aster,SOL,1,2020-11-07T04:00:00+00:00,2020-11-07T16:00:00+00:00,2.1659232,2.1572768,544.6520221358331,1180.1463204511829,1174.4951853581485,0.9418558488390536,4.709279244195268,-5.651135093034327,-0.4788503760172582,be_stop,closed,2020-11-07T00:00:00+00:00,2.1616,2.1616,0,4
d85ad7e2888f47b79e6eead8595df555,521aec0492a4a3fcad91a8ad8c034711,1,4,20,0,2dfb07bbc5a3ed1e0e089b57e96e1786,b30ea5de768696f6c40948dfa95ce64d,flagship,4h,spot,aster,SOL,1,2020-11-07T04:00:00+00:00,2020-11-07T16:00:00+00:00,2.1659232,2.1572768,544.607230373144,1180.0492661269986,1174.3985957789605,0.9417783913396706,4.708891956698352,-5.6506703480381475,-0.4788503760172682,be_stop,closed,2020-11-07T00:00:00+00:00,2.1616,2.1616,0,4
d85ad7e2888f47b79e6eead8595df555,86ec0d3b83330c9446c948d636387edf,1,4,20,0,c134908ae5b7057c6cc6f4c6e719d600,7219ce1c42c55473bda9a027e6093ccd,flagship,4h,futures,aster,XRP,1,2020-11-13T20:00:00+00:00,2020-12-13T00:00:00+00:00,0.26489874,0.48773257999999997,12145.664798717726,3218.6582501633366,5921.466893522539,3.6564830918945828,18.29331449323669,2702.8086433592025,83.97314760652343,trend_break,closed,2020-11-13T16:00:00+00:00,0.26437,0.48871,84.85834247456216,176
d85ad7e2888f47b79e6eead8595df555,521aec0492a4a3fcad91a8ad8c034711,1,4,20,0,3986ea5285c22e318a660d1f71d72cff,7219ce1c42c55473bda9a027e6093ccd,flagship,4h,spot,aster,XRP,0,2020-11-13T20:00:00+00:00,2020-12-13T00:00:00+00:00,0.26489874,0.48773257999999997,12144.664995656824,3218.393297653627,5920.979452050764,3.656182098655596,18.29180862985848,2702.586154397137,83.97314760652341,trend_break,closed,2020-11-13T16:00:00+00:00,0.26437,0.48871,84.85834247456216,176
d85ad7e2888f47b79e6eead8595df555,86ec0d3b83330c9446c948d636387edf,1,4,20,0,d2e33bdec7a3d51f742b92392934294f,208443bb939322f412378b616b835ab1,flagship,4h,futures,aster,ADA,1,2020-11-17T08:00:00+00:00,2020-12-09T04:00:00+00:00,0.10864686,0.13321303999999998,28368.165434528466,3083.344943261422,3777.4979529337547,2.744448662071404,13.725085800533561,694.1530096723327,22.512985813974133,trend_break,closed,2020-11-17T04:00:00+00:00,0.10843,0.13348,23.102462418149948,132
d85ad7e2888f47b79e6eead8595df555,86ec0d3b83330c9446c948d636387edf,1,4,20,0,2a862be3865578bfbf055584e20bc8e5,4f979b454fe11aa637e4a926c5ce4032,flagship,4h,futures,aster,BNB,1,2020-11-17T08:00:00+00:00,2020-11-18T00:00:00+00:00,28.600987800000002,28.257870999999998,116.3099144220814,3327.9090747823566,3285.3558895371116,2.6452996004660845,13.226391276352945,-42.553185245245004,-1.278676318643951,trend_break,closed,2020-11-17T04:00:00+00:00,28.5439,28.3145,-0.8036743402268121,5
d85ad7e2888f47b79e6eead8595df555,521aec0492a4a3fcad91a8ad8c034711,1,4,20,0,f873651e16c586b326583642205454eb,208443bb939322f412378b616b835ab1,flagship,4h,spot,aster,ADA,1,2020-11-17T08:00:00+00:00,2020-12-09T04:00:00+00:00,0.10864686,0.13321303999999998,28365.828629274063,3083.0909551534783,3777.1867845191005,2.744222590277345,13.723955207415376,694.0958293656222,22.512985813974133,trend_break,closed,2020-11-17T04:00:00+00:00,0.10843,0.13348,23.102462418149948,132
d85ad7e2888f47b79e6eead8595df555,521aec0492a4a3fcad91a8ad8c034711,1,4,20,0,5489071178110c2d9e1898abb1a93c7e,4f979b454fe11aa637e4a926c5ce4032,flagship,4h,spot,aster,BNB,0,2020-11-17T08:00:00+00:00,2020-11-18T00:00:00+00:00,28.600987800000002,28.257870999999998,116.81996189808214,3342.5027715655297,3299.762980175504,2.656899887433773,13.284392243171828,-42.73979139002586,-1.2786763186439425,trend_break,closed,2020-11-17T04:00:00+00:00,28.5439,28.3145,-0.8036743402268121,5
d85ad7e2888f47b79e6eead8595df555,86ec0d3b83330c9446c948d636387edf,1,4,20,0,6bb323e5f6ae6f9284ecb3759a372a8f,a27edd192ae2cec221dc4f40135432f1,flagship,4h,futures,aster,ETH,1,2020-11-17T20:00:00+00:00,2020-11-26T08:00:00+00:00,484.40688,482.47312,2.7665024915895704,1340.6488855993152,1334.2291833695517,1.0699503716272494,5.349751858136248,-6.419702229763516,-0.4788503760172592,be_stop,closed,2020-11-17T16:00:00+00:00,483.44,483.44,0,52
d85ad7e2888f47b79e6eead8595df555,521aec0492a4a3fcad91a8ad8c034711,1,4,20,0,85f4f8d298d2ce3203592136d6104449,a27edd192ae2cec221dc4f40135432f1,flagship,4h,spot,aster,ETH,1,2020-11-17T20:00:00+00:00,2020-11-26T08:00:00+00:00,484.40688,482.47312,2.7662709838148847,1340.5366967829004,1334.1175317697061,1.0698608355323742,5.349304177661871,-6.419165013194288,-0.47885037601726094,be_stop,closed,2020-11-17T16:00:00+00:00,483.44,483.44,0,52
d85ad7e2888f47b79e6eead8595df555,86ec0d3b83330c9446c948d636387edf,1,4,20,0,06b60f8d1f56a8b712c5b0e22e042641,fe2566979417c9a29357e8b99f39be56,flagship,4h,futures,aster,BNB,1,2020-11-21T16:00:00+00:00,2020-11-25T00:00:00+00:00,30.5608998,30.4389002,105.91713557517635,3238.217736602946,3222.7115187949653,2.584369634663457,12.921848173317285,-15.506217807980647,-0.47885037601725483,be_stop,closed,2020-11-21T12:00:00+00:00,30.4999,30.4999,0,21
d85ad7e2888f47b79e6eead8595df555,86ec0d3b83330c9446c948d636387edf,1,4,20,0,f4ea5da6f866c37a99226f1bbce8a972,7299aa1d6f2e00fc8899c81b3ed4613e,flagship,4h,futures,aster,SOL,1,2020-11-21T16:00:00+00:00,2020-11-22T00:00:00+00:00,2.4065034,2.1503179093931233,767.3433583980061,1847.353046712601,1649.3721533506118,1.3986586268677277,6.992534775538799,-197.98089336198927,-10.717003645529473,stop,closed,2020-11-21T12:00:00+00:00,2.4017,2.1546271637205643,-10.287414592973132,3
d85ad7e2888f47b79e6eead8595df555,521aec0492a4a3fcad91a8ad8c034711,1,4,20,0,96c4699d86b8db5268d3ca0b0e20ffba,fe2566979417c9a29357e8b99f39be56,flagship,4h,spot,aster,BNB,0,2020-11-21T16:00:00+00:00,2020-11-25T00:00:00+00:00,30.5608998,30.4389002,105.90733655270317,3237.9181498722282,3222.4133666364337,2.5841305392990335,12.920652696495166,-15.504783235794548,-0.4788503760172685,be_stop,closed,2020-11-21T12:00:00+00:00,30.4999,30.4999,0,21
d85ad7e2888f47b79e6eead8595df555,521aec0492a4a3fcad91a8ad8c034711,1,4,20,0,4c02828b1d4335eefe80078c11268933,7299aa1d6f2e00fc8899c81b3ed4613e,flagship,4h,spot,aster,SOL,1,2020-11-21T16:00:00+00:00,2020-11-22T00:00:00+00:00,2.4065034,2.1503179093931233,766.1039618165706,1844.3692415805933,1646.7081227233768,1.396399543366498,6.981240582917565,-197.66111885721648,-10.717003645529473,stop,closed,2020-11-21T12:00:00+00:00,2.4017,2.1546271637205643,-10.287414592973132,3
d85ad7e2888f47b79e6eead8595df555,86ec0d3b83330c9446c948d636387edf,1,4,20,0,662ca478d0296cb1d44ee84db19d19e2,d9064feb18887199309c8bed3771ed85,flagship,4h,futures,aster,ADA,1,2020-12-16T16:00:00+00:00,2020-12-21T12:00:00+00:00,0.16238412000000002,0.14893045904713814,15573.31065524523,2529.869889577116,2318.4125686474517,1.939279460403192,9.695598012242133,-211.4573209296641,-8.358426723874347,stop,closed,2020-12-16T12:00:00+00:00,0.16206,0.14922891688089995,-7.9174892750216275,30
d85ad7e2888f47b79e6eead8595df555,86ec0d3b83330c9446c948d636387edf,1,4,20,0,b9a0c404f19621d08582eb64b696d99e,25a5e480ff2d4c8bf9734dd694956972,flagship,4h,futures,aster,ETH,1,2020-12-16T16:00:00+00:00,2020-12-23T20:00:00+00:00,621.96144,585.689573982183,5.902006010625704,3672.2884853203213,3455.3606886492503,2.8510254173044283,14.254327796748314,-216.92779667107106,-5.907155647989599,stop,closed,2020-12-16T12:00:00+00:00,620.72,586.8633005833497,-5.454423800852293,44
d85ad7e2888f47b79e6eead8595df555,521aec0492a4a3fcad91a8ad8c034711,1,4,20,0,208cdfbad0254649068dba7a73077e11,d9064feb18887199309c8bed3771ed85,flagship,4h,spot,aster,ADA,1,2020-12-16T16:00:00+00:00,2020-12-21T12:00:00+00:00,0.16238412000000002,0.14893045904713814,15572.112039497972,2529.6751755593136,2318.234129658149,1.9391302017804732,9.69485178064669,-211.44104590116467,-8.358426723874334,stop,closed,2020-12-16T12:00:00+00:00,0.16206,0.14922891688089995,-7.9174892750216275,30
d85ad7e2888f47b79e6eead8595df555,521aec0492a4a3fcad91a8ad8c034711,1,4,20,0,b316ee563bcbbc17d06ec6860730b815,25a5e480ff2d4c8bf9734dd694956972,flagship,4h,spot,aster,ETH,1,2020-12-16T16:00:00+00:00,2020-12-23T20:00:00+00:00,621.96144,585.689573982183,5.907202001320028,3675.521483857132,3458.402708930394,2.8535353946766855,14.266876979933219,-217.11877492673784,-5.907155647989603,stop,closed,2020-12-16T12:00:00+00:00,620.72,586.8633005833497,-5.454423800852293,44
d85ad7e2888f47b79e6eead8595df555,86ec0d3b83330c9446c948d636387edf,1,4,20,0,aad2dbe997f52b93779c0cd0f3802cd4,bf23d67aeecfefa817d567bce6be70fe,flagship,4h,futures,aster,XRP,1,2020-12-17T00:00:00+00:00,2020-12-17T20:00:00+00:00,0.57045864,0.5681813600000001,2664.8470195508667,1520.7930805836734,1513.5107571988542,1.2137205641365596,6.0686028206827975,-7.282323384819165,-0.47885037601724506,be_stop,closed,2020-12-16T20:00:00+00:00,0.56932,0.56932,0,6
d85ad7e2888f47b79e6eead8595df555,521aec0492a4a3fcad91a8ad8c034711,1,4,20,0,d8cefe53ca2e9f208034d308cd26d022,bf23d67aeecfefa817d567bce6be70fe,flagship,4h,spot,aster,XRP,0,2020-12-17T00:00:00+00:00,2020-12-17T20:00:00+00:00,0.57045864,0.5681813600000001,2664.6520253686026,1520.6817999732048,1513.400009456007,1.2136317528662826,6.068158764331412,-7.2817905171978055,-0.4788503760172651,be_stop,closed,2020-12-16T20:00:00+00:00,0.56932,0.56932,0,6
d85ad7e2888f47b79e6eead8595df555,86ec0d3b83330c9446c948d636387edf,1,4,20,0,c5d0138a18e3f589146ba86c8d88a2e8,17e45014b5d15295100b682a19ed8cd0,flagship,4h,futures,aster,BNB,1,2020-12-17T12:00:00+00:00,2020-12-17T20:00:00+00:00,31.4689122,29.843910065888647,133.23303979876547,4194.375911099082,3974.604379616296,3.2675574756503103,16.336986710302366,-219.7715314827865,-5.239671792440706,stop,closed,2020-12-17T08:00:00+00:00,31.4061,29.903717500890426,-4.783728317459257,3
d85ad7e2888f47b79e6eead8595df555,521aec0492a4a3fcad91a8ad8c034711,1,4,20,0,a86d3346c20d3c3bcd045fccdc38e234,17e45014b5d15295100b682a19ed8cd0,flagship,4h,spot,aster,BNB,0,2020-12-17T12:00:00+00:00,2020-12-17T20:00:00+00:00,31.4689122,29.843910065888647,133.22428549142808,4194.100312374699,3974.343221360534,3.2673427751343747,16.33591326033196,-219.75709101416487,-5.239671792440712,stop,closed,2020-12-17T08:00:00+00:00,31.4061,29.903717500890426,-4.783728317459257,3
d85ad7e2888f47b79e6eead8595df555,86ec0d3b83330c9446c948d636387edf,1,4,20,0,a3f64a5861b48b72adaffcf2df1a4d10,be8b6082d66615d6aab2c9082a9ef18d,flagship,4h,futures,aster,BNB,1,2020-12-19T16:00:00+00:00,2020-12-21T12:00:00+00:00,33.99786,31.7071677732842,95.416073503038,3245.239885629478,3024.163301448512,2.5077263038139357,12.537807394867748,-221.07658418096617,-6.8123341254350445,stop,closed,2020-12-19T12:00:00+00:00,33.93,31.770709191667535,-6.36395758423951,12
d85ad7e2888f47b79e6eead8595df555,521aec0492a4a3fcad91a8ad8c034711,1,4,20,0,89ea43c97482ee825e35df3ac1ee9a66,be8b6082d66615d6aab2c9082a9ef18d,flagship,4h,spot,aster,BNB,0,2020-12-19T16:00:00+00:00,2020-12-21T12:00:00+00:00,33.99786,31.7071677732842,95.40966534005723,3245.02193465607,3023.960198023641,2.507557884403285,12.536965353162845,-221.06173663242862,-6.812334125435066,stop,closed,2020-12-19T12:00:00+00:00,33.93,31.770709191667535,-6.36395758423951,12
d85ad7e2888f47b79e6eead8595df555,86ec0d3b83330c9446c948d636387edf,1,4,20,0,9145ee6a82af5ea666cfca29c9338aa3,d3311b257d38a2072490cec3b91336a7,flagship,4h,futures,aster,ETH,1,2020-12-27T16:00:00+00:00,2021-02-23T04:00:00+00:00,700.30782,1586.1912599999998,2.9370149342492717,2057.6372517219156,4656.8039522279905,2.686192778042888,13.441425067487845,2599.166700506075,126.31802317590164,trend_break,closed,2020-12-27T12:00:00+00:00,698.91,1589.37,127.40696226982013,346
d85ad7e2888f47b79e6eead8595df555,521aec0492a4a3fcad91a8ad8c034711,1,4,20,0,cf1de2f08950e565085d6346f8d9181a,d3311b257d38a2072490cec3b91336a7,flagship,4h,spot,aster,ETH,1,2020-12-27T16:00:00+00:00,2021-02-23T04:00:00+00:00,700.30782,1586.1912599999998,2.936755945361397,2057.4558072296663,4656.393310639971,2.685955906901346,13.440239789303153,2598.9375034103045,126.31802317590166,trend_break,closed,2020-12-27T12:00:00+00:00,698.91,1589.37,127.40696226982013,346
d85ad7e2888f47b79e6eead8595df555,86ec0d3b83330c9446c948d636387edf,1,4,20,0,a787e3cbcede10d51f04a3d4327c544d,e18e25ae3ccd4dada40b3251f0358745,flagship,4h,futures,aster,ADA,1,2020-12-29T00:00:00+00:00,2021-03-24T20:00:00+00:00,0.17736402,1.06558456,8510.090166968926,1509.9875560971107,9064.593397855459,4.231041795482397,21.185529067062465,7554.605841758348,500.3091456783167,trend_break,closed,2020-12-28T20:00:00+00:00,0.17701,1.06772,503.19755945991756,516
d85ad7e2888f47b79e6eead8595df555,521aec0492a4a3fcad91a8ad8c034711,1,4,20,0,3c00564118288642273fcb434cd66242,e18e25ae3ccd4dada40b3251f0358745,flagship,4h,spot,aster,ADA,1,2020-12-29T00:00:00+00:00,2021-03-24T20:00:00+00:00,0.17736402,1.06558456,8509.33983951744,1509.8544217715614,9063.79418032315,4.230668748106253,21.183661156885087,7553.939758551588,500.3091456783167,trend_break,closed,2020-12-28T20:00:00+00:00,0.17701,1.06772,503.19755945991756,516
d85ad7e2888f47b79e6eead8595df555,86ec0d3b83330c9446c948d636387edf,1,4,20,0,d1169bf5e81c0b4ce2ac5c97054222d3,64641fd796e78a5220ac0052e9c8805a,flagship,4h,futures,aster,BNB,1,2020-12-29T04:00:00+00:00,2021-01-11T00:00:00+00:00,39.600042,39.441958,51.43402417715456,2037.604233451394,2027.8471579177683,1.6261792556042605,8.130896278021302,-9.757075533625766,-0.4788503760172677,be_stop,closed,2020-12-29T00:00:00+00:00,39.521,39.521,0,78
d85ad7e2888f47b79e6eead8595df555,521aec0492a4a3fcad91a8ad8c034711,1,4,20,0,e9d70ac0a05797f2adc79d75a0ed2303,64641fd796e78a5220ac0052e9c8805a,flagship,4h,spot,aster,BNB,0,2020-12-29T04:00:00+00:00,2021-01-11T00:00:00+00:00,39.600042,39.441958,51.42948930775448,2037.4245806002787,2027.668365335006,1.6260358775454118,8.13017938772706,-9.756215265272658,-0.47885037601726693,be_stop,closed,2020-12-29T00:00:00+00:00,39.521,39.521,0,78
d85ad7e2888f47b79e6eead8595df555,86ec0d3b83330c9446c948d636387edf,1,4,20,0,218d7087d8d35f615ba5dde7eaccac8b,a2ce414a6639f43563f7988c96b5b845,flagship,4h,futures,aster,SOL,1,2021-01-02T00:00:00+00:00,2021-03-25T08:00:00+00:00,1.8202332,13.094558399999999,917.4380956951057,1670.6192612413004,12008.641343775364,5.4733592012773435,27.408279621272143,10338.022082534064,618.813772974982,trend_break,closed,2021-01-01T20:00:00+00:00,1.8166,13.1208,622.272376967962,495
d85ad7e2888f47b79e6eead8595df555,521aec0492a4a3fcad91a8ad8c034711,1,4,20,0,77099672756f7c176d19f521a8ca4d4c,a2ce414a6639f43563f7988c96b5b845,flagship,4h,spot,aster,SOL,1,2021-01-02T00:00:00+00:00,2021-03-25T08:00:00+00:00,1.8202332,13.094558399999999,917.357157395939,1670.4718757313735,12007.581916430643,5.472876330131531,27.405861605772195,10337.11004069927,618.8137729749823,trend_break,closed,2021-01-01T20:00:00+00:00,1.8166,13.1208,622.272376967962,495
d85ad7e2888f47b79e6eead8595df555,86ec0d3b83330c9446c948d636387edf,1,4,20,0,b39a6312d8f3cca19dc5123e92c64ba2,172b911e1885b99fb7a32a2872e28400,flagship,4h,futures,aster,XRP,1,2021-01-07T12:00:00+00:00,2021-01-07T12:00:00+00:00,0.3592671,0.33534796,3632.793705424893,1305.665316750034,1217.7626582317928,1.0093572870645338,5.0464590479539355,-87.9026585182412,-6.732403579275739,trend_break,closed,2021-01-07T08:00:00+00:00,0.35855,0.33602,-6.283642448751914,1
d85ad7e2888f47b79e6eead8595df555,521aec0492a4a3fcad91a8ad8c034711,1,4,20,0,a8c6fff17bd7e44aefd1f3ee91e4d353,172b911e1885b99fb7a32a2872e28400,flagship,4h,spot,aster,XRP,0,2021-01-07T12:00:00+00:00,2021-01-07T12:00:00+00:00,0.3592671,0.33534796,3632.472742302387,1305.5499591352082,1217.6550669571566,1.009268108737095,5.046013185241938,-87.89489217805158,-6.732403579275729,trend_break,closed,2021-01-07T08:00:00+00:00,0.35855,0.33602,-6.283642448751914,1
d85ad7e2888f47b79e6eead8595df555,86ec0d3b83330c9446c948d636387edf,1,4,20,0,a3533e0e0bcf1aae5e626c0575af0de8,689d60637cfede5614ebae7d3f5f73c3,flagship,4h,futures,aster,BNB,1,2021-01-17T20:00:00+00:00,2021-01-20T08:00:00+00:00,45.7882938,40.636044125889946,53.96744203114852,2472.0655221932398,2192.146146396863,1.8656401788383425,9.327125987753194,-279.9193757963767,-11.323299212070626,stop,closed,2021-01-17T16:00:00+00:00,45.6969,40.71747908405806,-10.89662737722239,16
d85ad7e2888f47b79e6eead8595df555,521aec0492a4a3fcad91a8ad8c034711,1,4,20,0,b5e2c34eaaf6c0d3de4eb1965845796b,689d60637cfede5614ebae7d3f5f73c3,flagship,4h,spot,aster,BNB,0,2021-01-17T20:00:00+00:00,2021-01-20T08:00:00+00:00,45.7882938,40.636044125889946,53.96267650510602,2471.8472296045716,2191.9525717311676,1.8654754358651058,9.32630236780525,-279.89465787340396,-11.323299212070623,stop,closed,2021-01-17T16:00:00+00:00,45.6969,40.71747908405806,-10.89662737722239,16
d85ad7e2888f47b79e6eead8595df555,86ec0d3b83330c9446c948d636387edf,1,4,20,0,a9ef47714ea2046676413f3dfb49781b,44bd053d88342c1fa3d5bab7e1c9082b,flagship,4h,futures,aster,BNB,1,2021-01-29T12:00:00+00:00,2021-03-25T12:00:00+00:00,43.879383600000004,230.6261234,82.225663200433,3609.4546219031386,18955.800593530737,9.028558946098443,45.20439704620269,15346.3459716276,425.1707689716296,trend_break,closed,2021-01-29T08:00:00+00:00,43.7918,231.0883,427.69765115843603,331
d85ad7e2888f47b79e6eead8595df555,86ec0d3b83330c9446c948d636387edf,1,4,20,0,46d0c6abbb8cf502b2886b9cd700201e,809a570c06ae732ee7912129f1b0341e,flagship,4h,futures,aster,BTC,1,2021-01-29T12:00:00+00:00,2021-01-31T16:00:00+00:00,37097.06604,32233.13050929729,0.055165556531485735,2047.2988858993922,1777.4473198640783,1.5298555508317109,7.648235060256857,-269.8515660353139,-13.18085834432359,stop,closed,2021-01-29T08:00:00+00:00,37023.02,32297.72596121973,-12.763124236705348,14
d85ad7e2888f47b79e6eead8595df555,521aec0492a4a3fcad91a8ad8c034711,1,4,20,0,61cb7a972d508df334b25fb9942684ed,44bd053d88342c1fa3d5bab7e1c9082b,flagship,4h,spot,aster,BNB,0,2021-01-29T12:00:00+00:00,2021-03-25T12:00:00+00:00,43.879383600000004,230.6261234,82.21840737758738,3609.136113516748,18954.127880588694,9.027762240766867,45.200408083583916,15344.991767071946,425.1707689716296,trend_break,closed,2021-01-29T08:00:00+00:00,43.7918,231.0883,427.69765115843603,331
d85ad7e2888f47b79e6eead8595df555,521aec0492a4a3fcad91a8ad8c034711,1,4,20,0,1a4dc79f03967c037754e71af447ff13,809a570c06ae732ee7912129f1b0341e,flagship,4h,spot,aster,BTC,1,2021-01-29T12:00:00+00:00,2021-01-31T16:00:00+00:00,37097.06604,32233.13050929729,0.05508955576380339,2044.4783526393903,1774.9985570976316,1.5277478915671847,7.637698200438125,-269.4797955417587,-13.180858344323596,stop,closed,2021-01-29T08:00:00+00:00,37023.02,32297.72596121973,-12.763124236705348,14
d85ad7e2888f47b79e6eead8595df555,86ec0d3b83330c9446c948d636387edf,1,4,20,0,4e12e51b7c75a3da9bb06d260a1507c8,e51bd6f0f17aef1d7e2008a7fc3e5623,flagship,4h,futures,aster,BTC,1,2021-02-08T16:00:00+00:00,2021-02-28T00:00:00+00:00,43776.087419999996,44528.883760000004,0.08533777283100348,3737.24810519958,3798.4757684223487,3.01429982816286,15.071816395932085,61.22766322276857,1.6383087635413713,trend_break,closed,2021-02-08T12:00:00+00:00,43688.71,44618.12,2.1273459436087716,117
d85ad7e2888f47b79e6eead8595df555,521aec0492a4a3fcad91a8ad8c034711,1,4,20,0,eccc54cdd1cbfae432191e0e520edd0c,e51bd6f0f17aef1d7e2008a7fc3e5623,flagship,4h,spot,aster,BTC,1,2021-02-08T16:00:00+00:00,2021-02-28T00:00:00+00:00,43776.087419999996,44528.883760000004,0.0853310630644673,3736.954260382194,3798.1771095195686,3.0140628258666196,15.070631359506388,61.222849137374396,1.6383087635413784,trend_break,closed,2021-02-08T12:00:00+00:00,43688.71,44618.12,2.1273459436087716,117
d85ad7e2888f47b79e6eead8595df555,86ec0d3b83330c9446c948d636387edf,1,4,20,0,19fc8114427cf9eb827e3931bb2c9fcb,8cd94d34ec903daf4ed226e1e40d4282,flagship,4h,futures,aster,SOL,1,2021-04-03T04:00:00+00:00,2021-05-19T20:00:00+00:00,21.10212,34.9610378,281.47539328664305,5942.103417192408,9836.735595718408,6.312159756258452,31.576528864760853,3894.6321785259997,65.54298882206562,trend_break,closed,2021-04-03T00:00:00+00:00,21.06,35.0311,66.33950617283952,281
d85ad7e2888f47b79e6eead8595df555,521aec0492a4a3fcad91a8ad8c034711,1,4,20,0,5498c23437d64eb03b15fe0d080f1276,8cd94d34ec903daf4ed226e1e40d4282,flagship,4h,spot,aster,SOL,1,2021-04-03T04:00:00+00:00,2021-05-19T20:00:00+00:00,21.10212,34.9610378,281.4522999716905,5941.615904361921,9835.928552407926,6.311641882594328,31.573938205884176,3894.312648046005,65.54298882206558,trend_break,closed,2021-04-03T00:00:00+00:00,21.06,35.0311,66.33950617283952,281
d85ad7e2888f47b79e6eead8595df555,86ec0d3b83330c9446c948d636387edf,1,4,20,0,665416b5711d786016fca6c135b6826b,64e55ba4cb656a13c80f6d4251f77a6a,flagship,4h,futures,aster,ADA,1,2021-04-06T16:00:00+00:00,2021-04-18T00:00:00+00:00,1.2771993000000001,1.2721007,4111.478319418804,5253.277702419485,5228.122362388217,4.1925566718777425,20.962783359388716,-25.15534003126777,-0.4788503760172826,be_stop,closed,2021-04-06T12:00:00+00:00,1.27465,1.27465,0,69
d85ad7e2888f47b79e6eead8595df555,521aec0492a4a3fcad91a8ad8c034711,1,4,20,0,71d0389a2798edb0ecccdef2c5b67ef3,64e55ba4cb656a13c80f6d4251f77a6a,flagship,4h,spot,aster,ADA,1,2021-04-06T16:00:00+00:00,2021-04-18T00:00:00+00:00,1.2771993000000001,1.2721007,4111.140998054253,5252.84670347816,5227.693427286945,4.192212698535883,20.961063492679415,-25.1532761912149,-0.47885037601725017,be_stop,closed,2021-04-06T12:00:00+00:00,1.27465,1.27465,0,69
d85ad7e2888f47b79e6eead8595df555,86ec0d3b83330c9446c948d636387edf,1,4,20,0,d5bc6b0a9f36bbd3e0463a7ff46e1440,0ee4239db1b088c6bfeca0446c8b7688,flagship,4h,futures,aster,BTC,1,2021-04-10T08:00:00+00:00,2021-04-18T00:00:00+00:00,60612.5832,57300.19510130454,0.18818520614263864,11410.954020915568,10778.735807541547,8.875776196592899,44.376565119476254,-632.2182133740207,-5.54045009922224,stop,closed,2021-04-10T04:00:00+00:00,60491.6,57415.025151607755,-5.085953832254797,47
d85ad7e2888f47b79e6eead8595df555,521aec0492a4a3fcad91a8ad8c034711,1,4,20,0,0c0e574835803a625cc4f4057a04f856,0ee4239db1b088c6bfeca0446c8b7688,flagship,4h,spot,aster,BTC,1,2021-04-10T08:00:00+00:00,2021-04-18T00:00:00+00:00,60612.5832,57300.19510130454,0.1881697667104946,11410.01782272063,10777.851478940429,8.875047994057098,44.37292429679953,-632.1663437802017,-5.540450099222251,stop,closed,2021-04-10T04:00:00+00:00,60491.6,57415.025151607755,-5.085953832254797,47
d85ad7e2888f47b79e6eead8595df555,86ec0d3b83330c9446c948d636387edf,1,4,20,0,2b2a2bada3a2e93a447a8dc9a83e35cc,14428a0e49a3e6fc065c7094230ebb9b,flagship,4h,futures,aster,ETH,1,2021-04-13T12:00:00+00:00,2021-04-18T00:00:00+00:00,2233.2075,2224.2925,3.0731948931765696,6865.827117157375,6832.9500781901725,5.479506494533824,27.39753247266912,-32.87703896720268,-0.478850376017254,be_stop,closed,2021-04-13T08:00:00+00:00,2228.75,2228.75,0,28
d85ad7e2888f47b79e6eead8595df555,521aec0492a4a3fcad91a8ad8c034711,1,4,20,0,0f1ec6fd54630bb066df239368c349a4,14428a0e49a3e6fc065c7094230ebb9b,flagship,4h,spot,aster,ETH,1,2021-04-13T12:00:00+00:00,2021-04-18T00:00:00+00:00,2233.2075,2224.2925,3.0729427565448373,6865.263818511,6832.389476901483,5.479056934919445,27.395284674597224,-32.874341609516705,-0.4788503760172582,be_stop,closed,2021-04-13T08:00:00+00:00,2228.75,2228.75,0,28
d85ad7e2888f47b79e6eead8595df555,86ec0d3b83330c9446c948d636387edf,1,4,20,0,62b6819abb31374bfc03188cd8db57c7,f1b364dc75ffa4d635a918a34a614101,flagship,4h,futures,aster,ETH,1,2021-05-04T00:00:00+00:00,2021-05-04T16:00:00+00:00,3441.67962,3155.144522821629,2.276944311915339,7839.647439327624,7181.214739159742,6.008240483481396,30.038712874419744,-658.4327001678821,-8.398753965195574,stop,closed,2021-05-03T20:00:00+00:00,3434.81,3161.4674577371034,-7.9580105526330875,5
d85ad7e2888f47b79e6eead8595df555,521aec0492a4a3fcad91a8ad8c034711,1,4,20,0,bb83eddac779f4886d2aa726c18e0d67,f1b364dc75ffa4d635a918a34a614101,flagship,4h,spot,aster,ETH,1,2021-05-04T00:00:00+00:00,2021-05-04T16:00:00+00:00,3441.67962,3155.144522821629,2.27675750271859,7839.004244747381,7180.62556490981,6.00774754451371,30.03624838383291,-658.3786798375704,-8.39875396519558,stop,closed,2021-05-03T20:00:00+00:00,3434.81,3161.4674577371034,-7.9580105526330875,5
d85ad7e2888f47b79e6eead8595df555,86ec0d3b83330c9446c948d636387edf,1,4,20,0,7e8b7893d08c2372242eee4999049f58,77244e77d85fdcfb8e7bc11cd7cdeaeb,flagship,4h,futures,aster,ETH,1,2021-05-08T20:00:00+00:00,2021-05-12T20:00:00+00:00,3821.76828,3806.51172,1.6174198581056207,6183.876470713822,6154.264954981367,4.935252622075978,24.67626311037989,-29.61151573245479,-0.47885037601724045,be_stop,closed,2021-05-08T16:00:00+00:00,3814.14,3814.14,0,25
d85ad7e2888f47b79e6eead8595df555,521aec0492a4a3fcad91a8ad8c034711,1,4,20,0,f68725292e7598118faabb0847cbfd7a,77244e77d85fdcfb8e7bc11cd7cdeaeb,flagship,4h,spot,aster,ETH,1,2021-05-08T20:00:00+00:00,2021-05-12T20:00:00+00:00,3821.76828,3806.51172,1.6172871588108169,6183.36912189978,6153.760035609028,4.934847715125351,24.674238575626756,-29.609086290752202,-0.47885037601725927,be_stop,closed,2021-05-08T16:00:00+00:00,3814.14,3814.14,0,25
d85ad7e2888f47b79e6eead8595df555,86ec0d3b83330c9446c948d636387edf,1,4,20,0,87acf248cb3dcd891c8389379da2bf04,2dab02ab54bd591e3a11846c2752a708,flagship,4h,futures,aster,BTC,1,2021-07-26T04:00:00+00:00,2021-09-07T12:00:00+00:00,38347.85262,46584.82364,0.22115089523175843,8484.054201903384,10298.154542018705,7.513174955731247,37.57331152596262,1814.1003401153212,21.382469948251046,trend_break,closed,2021-07-26T00:00:00+00:00,38271.31,46678.18,21.966507025758997,261
d85ad7e2888f47b79e6eead8595df555,521aec0492a4a3fcad91a8ad8c034711,1,4,20,0,1913cb497fbd50e396e9ab921c37a423,2dab02ab54bd591e3a11846c2752a708,flagship,4h,spot,aster,BTC,1,2021-07-26T04:00:00+00:00,2021-09-07T12:00:00+00:00,38347.85262,46584.82364,0.22113275116873396,8483.35813773425,10297.309642137787,7.512558546198887,37.570228868161706,1813.951504403536,21.38246994825105,trend_break,closed,2021-07-26T00:00:00+00:00,38271.31,46678.18,21.966507025758997,261
d85ad7e2888f47b79e6eead8595df555,86ec0d3b83330c9446c948d636387edf,1,4,20,0,bf8ba67895cbeebf2bbd97f9005d48f9,2c3705963f108a1a9fd3bf6f396b8c3c,flagship,4h,futures,aster,ADA,1,2021-08-10T12:00:00+00:00,2021-09-07T16:00:00+00:00,1.57472316,2.3656691800000003,4825.724526498412,7602.219847727346,11411.501356393985,7.606099183665789,38.045915652422956,3809.2815086666387,50.10748945658824,trend_break,closed,2021-08-10T08:00:00+00:00,1.57158,2.37041,50.82973822522558,170
d85ad7e2888f47b79e6eead8595df555,521aec0492a4a3fcad91a8ad8c034711,1,4,20,0,e91bc1e4e3d3f9c340e5545d939859c9,2c3705963f108a1a9fd3bf6f396b8c3c,flagship,4h,spot,aster,ADA,1,2021-08-10T12:00:00+00:00,2021-09-07T16:00:00+00:00,1.57472316,2.3656691800000003,4825.328605650542,7601.596132612387,11410.56511329356,7.605475150275312,38.04279422037676,3808.968980681173,50.10748945658826,trend_break,closed,2021-08-10T08:00:00+00:00,1.57158,2.37041,50.82973822522558,170
d85ad7e2888f47b79e6eead8595df555,86ec0d3b83330c9446c948d636387edf,1,4,20,0,e2f81c48867f2d67103d04dd7763440a,cd175fdfde26ba36a8328aefe88ce123,flagship,4h,futures,aster,BNB,1,2021-08-23T08:00:00+00:00,2021-09-07T12:00:00+00:00,486.3184956,446.45299759912206,17.735365061963336,8628.486070273151,7914.839692670099,6.617217180511632,33.08339011947695,-713.6463776030523,-8.270817983489662,stop,closed,2021-08-23T04:00:00+00:00,485.3478,447.34769298509224,-7.8294590013404335,92
d85ad7e2888f47b79e6eead8595df555,521aec0492a4a3fcad91a8ad8c034711,1,4,20,0,559d7d92a3d305848f32a6f7b433fd76,cd175fdfde26ba36a8328aefe88ce123,flagship,4h,spot,aster,BNB,0,2021-08-23T08:00:00+00:00,2021-09-07T12:00:00+00:00,486.3184956,446.45299759912206,17.733909984962146,8627.778156362607,7914.190329030575,6.616674278772784,33.080675831955034,-713.5878273320313,-8.270817983489662,stop,closed,2021-08-23T04:00:00+00:00,485.3478,447.34769298509224,-7.8294590013404335,92
d85ad7e2888f47b79e6eead8595df555,86ec0d3b83330c9446c948d636387edf,1,4,20,0,2e4e38b72e0a2056013d5f0ddfe854dc,878c4aecce7e96951e6c5980ca6dfffa,flagship,4h,futures,aster,ADA,1,2021-10-07T12:00:00+00:00,2021-10-07T20:00:00+00:00,2.32969008,2.27346396,3486.0748611630297,8124.722611797764,7922.295372492665,6.418775832362016,32.09322350085019,-202.42723930509965,-2.491497235993739,trend_break,closed,2021-10-07T08:00:00+00:00,2.32504,2.27802,-2.022330798609906,3
d85ad7e2888f47b79e6eead8595df555,521aec0492a4a3fcad91a8ad8c034711,1,4,20,0,ed7d934cb66d999b4b1bfac38650ae3b,878c4aecce7e96951e6c5980ca6dfffa,flagship,4h,spot,aster,ADA,1,2021-10-07T12:00:00+00:00,2021-10-07T20:00:00+00:00,2.32969008,2.27346396,3485.7888502837945,8124.056028562954,7921.645397160726,6.418249211508322,32.09059045037465,-202.41063140222832,-2.4914972359937337,trend_break,closed,2021-10-07T08:00:00+00:00,2.32504,2.27802,-2.022330798609906,3
d85ad7e2888f47b79e6eead8595df555,86ec0d3b83330c9446c948d636387edf,1,4,20,0,c658eb0ab071886434435059ce852f1f,faf9f132a246e4ab84a27d4d1cb43a17,flagship,4h,futures,aster,BNB,1,2021-10-13T04:00:00+00:00,2021-10-27T20:00:00+00:00,462.0386328,447.455296,17.131569215357697,7918.612996709632,7662.545129652684,6.232423276873922,31.16124168756124,-256.06786705694776,-3.2337464548823123,trend_break,closed,2021-10-13T00:00:00+00:00,461.1164,448.352,-2.768151382167283,89
d85ad7e2888f47b79e6eead8595df555,521aec0492a4a3fcad91a8ad8c034711,1,4,20,0,9c5bdc3cf4dcbe6b891a0850c50d67b8,faf9f132a246e4ab84a27d4d1cb43a17,flagship,4h,spot,aster,BNB,0,2021-10-13T04:00:00+00:00,2021-10-27T20:00:00+00:00,462.0386328,447.455296,17.130163676070932,7917.963323493849,7661.916465221485,6.231911945094722,31.1586851004287,-256.04685827236426,-3.233746454882315,trend_break,closed,2021-10-13T00:00:00+00:00,461.1164,448.352,-2.768151382167283,89
d85ad7e2888f47b79e6eead8595df555,86ec0d3b83330c9446c948d636387edf,1,4,20,0,faf24fe17539fb054b083f607431dfe0,079024453c4928e0e5c43b9a755269d0,flagship,4h,futures,aster,SOL,1,2021-10-15T08:00:00+00:00,2021-11-18T08:00:00+00:00,161.9962458,207.07591820000002,41.23395232875494,6682.417374945168,8535.143116076162,6.08732160649857,30.444165061404043,1852.7257411309938,27.72538195649888,trend_break,closed,2021-10-15T04:00:00+00:00,161.6729,207.4909,28.339938233309358,205
d85ad7e2888f47b79e6eead8595df555,521aec0492a4a3fcad91a8ad8c034711,1,4,20,0,5e4b8dc4e7a2b0608fab5a28b091f654,079024453c4928e0e5c43b9a755269d0,flagship,4h,spot,aster,SOL,1,2021-10-15T08:00:00+00:00,2021-11-18T08:00:00+00:00,161.9962458,207.07591820000002,41.230569338019066,6681.869123933662,8534.442860377634,6.086822179413899,30.441667305973205,1852.573736443972,27.725381956498858,trend_break,closed,2021-10-15T04:00:00+00:00,161.6729,207.4909,28.339938233309358,205
d85ad7e2888f47b79e6eead8595df555,86ec0d3b83330c9446c948d636387edf,1,4,20,0,2ee4ae4424e2c56a847168a389fcea9a,c6d34ca11dca1429bab2d9ab7df450da,flagship,4h,futures,aster,BNB,1,2021-11-05T12:00:00+00:00,2021-11-17T00:00:00+00:00,609.1931544,566.1708650247888,16.254465969975147,9906.07024109555,9199.123936713328,7.641965782429375,38.20718452353057,-706.9463043822216,-7.1364959784904345,stop,closed,2021-11-05T08:00:00+00:00,607.9772,567.3054759767423,-6.689679156267337,70
d85ad7e2888f47b79e6eead8595df555,521aec0492a4a3fcad91a8ad8c034711,1,4,20,0,92a58b847436efdba3268a09c02ecf70,c6d34ca11dca1429bab2d9ab7df450da,flagship,4h,spot,aster,BNB,0,2021-11-05T12:00:00+00:00,2021-11-17T00:00:00+00:00,609.1931544,566.1708650247888,16.25313239158434,9905.257509306286,9198.369205495517,7.641338806406321,38.20404986037103,-706.8883038107688,-7.1364959784904745,stop,closed,2021-11-05T08:00:00+00:00,607.9772,567.3054759767423,-6.689679156267337,70
d85ad7e2888f47b79e6eead8595df555,86ec0d3b83330c9446c948d636387edf,1,4,20,0,9ac36a069c5ab0823d32cbf322ada394,a97252fc1e3f0182ceb268339caebdc7,flagship,4h,futures,aster,ADA,1,2022-03-23T16:00:00+00:00,2022-04-06T16:00:00+00:00,1.0739937,1.0697063,7194.183569549757,7729.598433472085,7692.585222308781,6.168868527217525,30.844342636087624,-37.01321116330382,-0.4788503760172406,be_stop,closed,2022-03-23T12:00:00+00:00,1.07185,1.07185,0,85
d85ad7e2888f47b79e6eead8595df555,521aec0492a4a3fcad91a8ad8c034711,1,4,20,0,4f99fb5cdbb39bc30b1cc462fcbd633c,a97252fc1e3f0182ceb268339caebdc7,flagship,4h,spot,aster,ADA,1,2022-03-23T16:00:00+00:00,2022-04-06T16:00:00+00:00,1.0739937,1.0697063,7193.593331287511,7728.964267732065,7691.954093273791,6.168362409712415,30.841812048562076,-37.01017445827438,-0.47885037601725633,be_stop,closed,2022-03-23T12:00:00+00:00,1.07185,1.07185,0,85
d85ad7e2888f47b79e6eead8595df555,86ec0d3b83330c9446c948d636387edf,1,4,20,0,df9e79b2d1c7fb33ac583245e0e39def,94699c55c0b6548f8ae35aa551a27484,flagship,4h,futures,aster,ETH,1,2022-03-28T00:00:00+00:00,2022-04-02T04:00:00+00:00,3300.5779799999996,3142.3422830268664,3.950900898820346,13045.472610411764,12410.11691723186,10.182135783288267,50.908381855739165,-635.355693179903,-4.870315642476742,stop,closed,2022-03-27T20:00:00+00:00,3293.99,3148.639562151169,-4.4125949941812515,32
d85ad7e2888f47b79e6eead8595df555,521aec0492a4a3fcad91a8ad8c034711,1,4,20,0,524a5809e3657743305cf41b04d6aff5,94699c55c0b6548f8ae35aa551a27484,flagship,4h,spot,aster,ETH,1,2022-03-28T00:00:00+00:00,2022-04-02T04:00:00+00:00,3300.5779799999996,3142.3422830268664,3.9505767518399026,13044.402310076875,12409.098743901603,10.181300402028867,50.9042051379018,-635.3035661752729,-4.8703156424767515,stop,closed,2022-03-27T20:00:00+00:00,3293.99,3148.639562151169,-4.4125949941812515,32
d85ad7e2888f47b79e6eead8595df555,86ec0d3b83330c9446c948d636387edf,1,4,20,0,f6b4109d1f7672520b3f5cf3d79da998,16c645af6f582759aca6bf07937474b3,flagship,4h,futures,aster,BTC,1,2022-07-18T16:00:00+00:00,2022-07-18T16:00:00+00:00,22714.60854,21557.5485,0.4107906423091626,9334.68101140057,8852.096939247955,7.274635130749487,36.371419901678955,-482.5840721526147,-5.169797142111534,trend_break,closed,2022-07-18T12:00:00+00:00,22669.27,21600.75,-4.713517462185591,1
d85ad7e2888f47b79e6eead8595df555,521aec0492a4a3fcad91a8ad8c034711,1,4,20,0,680193883ab6bd1e458f629d506a570d,16c645af6f582759aca6bf07937474b3,flagship,4h,spot,aster,BTC,1,2022-07-18T16:00:00+00:00,2022-07-18T16:00:00+00:00,22714.60854,21557.5485,0.4107569394779073,9333.91515856327,8851.37067944875,7.274038291934277,36.3684358516515,-482.5444791145201,-5.169797142111544,trend_break,closed,2022-07-18T12:00:00+00:00,22669.27,21600.75,-4.713517462185591,1
d85ad7e2888f47b79e6eead8595df555,86ec0d3b83330c9446c948d636387edf,1,4,20,0,1baa32fa764599bea50e081f71064a85,52f573b3f9395a63bab5640eac0f1d81,flagship,4h,futures,aster,ADA,1,2022-07-24T00:00:00+00:00,2022-07-25T20:00:00+00:00,0.5183847,0.47383043999999996,12762.650686315534,6618.609232369365,6044.913457307086,5.065318094997465,25.32441725082846,-573.6957750622787,-8.667920327680443,trend_break,closed,2022-07-23T20:00:00+00:00,0.51735,0.47478,-8.228472020875621,12
d85ad7e2888f47b79e6eead8595df555,521aec0492a4a3fcad91a8ad8c034711,1,4,20,0,e7a0a0848ae4332d0dc5646dab604042,52f573b3f9395a63bab5640eac0f1d81,flagship,4h,spot,aster,ADA,1,2022-07-24T00:00:00+00:00,2022-07-25T20:00:00+00:00,0.5183847,0.47383043999999996,12761.60358977012,6618.066216421268,6044.417509548736,5.064902516979306,25.32233953903726,-573.6487068725319,-8.667920327680454,trend_break,closed,2022-07-23T20:00:00+00:00,0.51735,0.47478,-8.228472020875621,12
d85ad7e2888f47b79e6eead8595df555,86ec0d3b83330c9446c948d636387edf,1,4,20,0,2d86699797c31018feb0235fe81c05ae,97bb79acfa2cfdd25c5d788fc13b0ad4,flagship,4h,futures,aster,ADA,1,2022-08-14T04:00:00+00:00,2022-08-15T04:00:00+00:00,0.59205174,0.5523491135093743,16729.427659249766,9908.648629564897,9236.788343290975,7.658068516787507,38.28783892642221,-671.8602862739226,-6.780544061974927,stop,closed,2022-08-14T00:00:00+00:00,0.59087,0.5534560255604953,-6.332014561494859,7
d85ad7e2888f47b79e6eead8595df555,521aec0492a4a3fcad91a8ad8c034711,1,4,20,0,aaae47a6dd7a28c193ddce8da5f93198,97bb79acfa2cfdd25c5d788fc13b0ad4,flagship,4h,spot,aster,ADA,1,2022-08-14T04:00:00+00:00,2022-08-15T04:00:00+00:00,0.59205174,0.5523491135093743,16728.05511319023,9907.835686234805,9236.030521941577,7.657440219634701,38.2846976460678,-671.8051642932278,-6.780544061974937,stop,closed,2022-08-14T00:00:00+00:00,0.59087,0.5534560255604953,-6.332014561494859,7
d85ad7e2888f47b79e6eead8595df555,86ec0d3b83330c9446c948d636387edf,1,4,20,0,fa9c5b1272b2c0bfef5adc71d845eabd,0c4799c2285f35ebdd4f2fad067549df,flagship,4h,futures,aster,SOL,1,2022-09-12T12:00:00+00:00,2022-09-13T12:00:00+00:00,37.7863218,34.6151084074699,204.60102915496427,7734.212776391966,7079.453889757206,5.925362853095864,29.62433742873391,-654.7588866347605,-8.465747007030334,stop,closed,2022-09-12T08:00:00+00:00,37.7109,34.684477362194286,-8.025325934426697,7
d85ad7e2888f47b79e6eead8595df555,521aec0492a4a3fcad91a8ad8c034711,1,4,20,0,d913301e418d9b53c32817dec9d9a27b,0c4799c2285f35ebdd4f2fad067549df,flagship,4h,spot,aster,SOL,1,2022-09-12T12:00:00+00:00,2022-09-13T12:00:00+00:00,37.7863218,34.6151084074699,204.58424290608212,7733.57823207365,7078.8730643555255,5.92487671372511,29.62190693508927,-654.7051677181244,-8.465747007030334,stop,closed,2022-09-12T08:00:00+00:00,37.7109,34.684477362194286,-8.025325934426697,7
d85ad7e2888f47b79e6eead8595df555,86ec0d3b83330c9446c948d636387edf,1,4,20,0,3d4ce72ff09a2ef5885369221d1838c1,cbb777b6beb3c0550c8761d0a8053a2a,flagship,4h,futures,aster,ETH,1,2022-10-25T16:00:00+00:00,2022-11-08T12:00:00+00:00,1411.89816,1459.11592,8.6960948494938,12282.911517312648,12683.534992551717,9.986644301564873,49.93506368855728,400.6234752390683,3.2616328357848485,trend_break,closed,2022-10-25T12:00:00+00:00,1409.08,1462.04,3.7584807108184126,84
d85ad7e2888f47b79e6eead8595df555,521aec0492a4a3fcad91a8ad8c034711,1,4,20,0,235bad2f17f1417080153778dcdf6812,cbb777b6beb3c0550c8761d0a8053a2a,flagship,4h,spot,aster,ETH,1,2022-10-25T16:00:00+00:00,2022-11-08T12:00:00+00:00,1411.89816,1459.11592,8.69538138870111,12281.903780398625,12682.494386959606,9.985824959172337,49.93096682545506,400.59060656098154,3.261632835784843,trend_break,closed,2022-10-25T12:00:00+00:00,1409.08,1462.04,3.7584807108184126,84
d85ad7e2888f47b79e6eead8595df555,86ec0d3b83330c9446c948d636387edf,1,4,20,0,18982abba921c7a317010de69f856ef5,3d21cedb2b2db1a838b6f7416beffaa5,flagship,4h,futures,aster,SOL,1,2022-11-05T16:00:00+00:00,2022-11-06T16:00:00+00:00,37.344139199999994,33.92160995040429,192.62732125087666,7196.378899115261,6531.615165720556,5.491092142311727,27.452933432727356,-664.763733394705,-9.237475440272224,stop,closed,2022-11-05T12:00:00+00:00,37.2696,33.98958912866161,-8.800767572870072,7
d85ad7e2888f47b79e6eead8595df555,521aec0492a4a3fcad91a8ad8c034711,1,4,20,0,e6594d332cd68446ba074c74b52ddac0,3d21cedb2b2db1a838b6f7416beffaa5,flagship,4h,spot,aster,SOL,1,2022-11-05T16:00:00+00:00,2022-11-06T16:00:00+00:00,37.344139199999994,33.92160995040429,192.6115173706647,7195.788480739804,6531.0792870975265,5.490641632166611,27.450681089349374,-664.7091936422776,-9.23747544027223,stop,closed,2022-11-05T12:00:00+00:00,37.2696,33.98958912866161,-8.800767572870072,7
d85ad7e2888f47b79e6eead8595df555,86ec0d3b83330c9446c948d636387edf,1,4,20,0,757f79180873cd14604af2b85a57eb57,52120d90cbcc0b440b6a8f7c96d639f0,flagship,4h,futures,aster,ADA,1,2023-01-09T00:00:00+00:00,2023-02-09T20:00:00+00:00,0.29732346,0.361276,41117.41557680866,12230.062334460867,14848.793535755152,10.831963078192707,54.17055032582233,2618.7312012942857,21.412247376004288,trend_break,closed,2023-01-08T20:00:00+00:00,0.29673,0.362,21.996427728911794,191
d85ad7e2888f47b79e6eead8595df555,86ec0d3b83330c9446c948d636387edf,1,4,20,0,045300f21f54b84c912d7b3aeb8aab53,fb36d4f54c7fa680aa7c4b6d91d40506,flagship,4h,futures,aster,ETH,1,2023-01-09T00:00:00+00:00,2023-02-09T20:00:00+00:00,1292.84052,1542.5187799999999,9.456055929895085,12230.062334460865,14580.309399050891,10.724526448859269,53.63229065982314,2350.2470645900266,19.216967177409174,trend_break,closed,2023-01-08T20:00:00+00:00,1290.26,1545.61,19.79058484336489,191
d85ad7e2888f47b79e6eead8595df555,86ec0d3b83330c9446c948d636387edf,1,4,20,0,3c8519549ea02ed1d864a87d3bdd7a67,9ce0ca0c41e9b56c5d32c2c96763e6e0,flagship,4h,futures,aster,SOL,1,2023-01-09T00:00:00+00:00,2023-02-09T20:00:00+00:00,14.461465200000001,20.407902399999998,454.7693942418578,6579.262421561249,9277.177056430077,6.343008472419465,31.725986296615876,2697.914634868828,41.00633873528664,trend_break,closed,2023-01-08T20:00:00+00:00,14.4326,20.4488,41.684796918088196,191
d85ad7e2888f47b79e6eead8595df555,521aec0492a4a3fcad91a8ad8c034711,1,4,20,0,e673476bc0b9fb196fa6c7ad41dda3e1,52120d90cbcc0b440b6a8f7c96d639f0,flagship,4h,spot,aster,ADA,1,2023-01-09T00:00:00+00:00,2023-02-09T20:00:00+00:00,0.29732346,0.361276,41114.04214719243,12229.058933495397,14847.575284092783,10.83107438262327,54.16610596724013,2618.516350597387,21.412247376004295,trend_break,closed,2023-01-08T20:00:00+00:00,0.29673,0.362,21.996427728911794,191
d85ad7e2888f47b79e6eead8595df555,521aec0492a4a3fcad91a8ad8c034711,1,4,20,0,467c716dafb582c25746543cb78e1f69,fb36d4f54c7fa680aa7c4b6d91d40506,flagship,4h,spot,aster,ETH,1,2023-01-09T00:00:00+00:00,2023-02-09T20:00:00+00:00,1292.84052,1542.5187799999999,9.657139735914654,12490.13561451572,14890.3608759711,10.952584384650063,54.77278572577658,2400.22526145538,19.216967177409177,trend_break,closed,2023-01-08T20:00:00+00:00,1290.26,1545.61,19.79058484336489,191
d85ad7e2888f47b79e6eead8595df555,521aec0492a4a3fcad91a8ad8c034711,1,4,20,0,82db3781f10e7ca9b41c22cbaaeff5b3,9ce0ca0c41e9b56c5d32c2c96763e6e0,flagship,4h,spot,aster,SOL,1,2023-01-09T00:00:00+00:00,2023-02-09T20:00:00+00:00,14.461465200000001,20.407902399999998,465.65450255395615,6736.7400024609115,9499.23042758559,6.494831209659614,32.485361930771134,2762.490425124678,41.00633873528663,trend_break,closed,2023-01-08T20:00:00+00:00,14.4326,20.4488,41.684796918088196,191
d85ad7e2888f47b79e6eead8595df555,86ec0d3b83330c9446c948d636387edf,1,4,20,0,aac0dcddadcae76739b8cda3f7123190,042e448ca9491ca84d6b5438987ec185,flagship,4h,futures,aster,BTC,1,2023-02-14T20:00:00+00:00,2023-03-03T00:00:00+00:00,22257.31578,22168.464219999998,0.6181585857746802,13764.054266043555,13698.145040435384,10.984870934694829,54.92435467347414,-65.90922560817125,-0.47885037601727437,be_stop,closed,2023-02-14T16:00:00+00:00,22212.89,22212.89,0,98
d85ad7e2888f47b79e6eead8595df555,521aec0492a4a3fcad91a8ad8c034711,1,4,20,0,55e2b748d0752361ec0b56b03431be5d,042e448ca9491ca84d6b5438987ec185,flagship,4h,spot,aster,BTC,1,2023-02-14T20:00:00+00:00,2023-03-03T00:00:00+00:00,22257.31578,22168.464219999998,0.6191409516509349,13785.92783949386,13719.913872196974,11.00232788281403,55.01163941407014,-66.01396729688531,-0.47885037601726615,be_stop,closed,2023-02-14T16:00:00+00:00,22212.89,22212.89,0,98
d85ad7e2888f47b79e6eead8595df555,86ec0d3b83330c9446c948d636387edf,1,4,20,0,55f4abb9d999379f28a8b90be263127a,bde1f5a013ee5199b31ee87c2c8273a8,flagship,4h,futures,aster,ETH,1,2023-02-16T00:00:00+00:00,2023-02-24T16:00:00+00:00,1677.78888,1584.3083326013596,8.070748753310363,13546.428916582623,12781.439878401561,10.531026804711853,52.65232680082097,-764.9890381810619,-5.64716386061432,stop,closed,2023-02-15T20:00:00+00:00,1674.44,1587.4832991997591,-5.193181051589846,53
d85ad7e2888f47b79e6eead8595df555,521aec0492a4a3fcad91a8ad8c034711,1,4,20,0,a5cf8f134147df7a7af61c723c58d721,bde1f5a013ee5199b31ee87c2c8273a8,flagship,4h,spot,aster,ETH,1,2023-02-16T00:00:00+00:00,2023-02-24T16:00:00+00:00,1677.78888,1584.3083326013596,8.083574633842526,13567.956643963586,12801.751899741857,10.547762512365104,52.73600087790219,-766.2047442217281,-5.647163860614297,stop,closed,2023-02-15T20:00:00+00:00,1674.44,1587.4832991997591,-5.193181051589846,53
d85ad7e2888f47b79e6eead8595df555,86ec0d3b83330c9446c948d636387edf,1,4,20,0,80d96641e405eb9fcbda486b3706ca79,b633fec732207e8994a4bfbc0498ffe1,flagship,4h,futures,aster,BNB,1,2023-03-13T08:00:00+00:00,2023-03-27T16:00:00+00:00,305.71020000000004,305.5876,37.07275757953281,11338.05354224417,11324.443424105597,9.064998059320695,45.325153416736825,-13.610118138572943,-0.12003928264991291,trend_break,closed,2023-03-13T04:00:00+00:00,305.1,306.2,0.3605375286791057,87
d85ad7e2888f47b79e6eead8595df555,521aec0492a4a3fcad91a8ad8c034711,1,4,20,0,efeb065ae528e91812fbbbada9a3edf7,b633fec732207e8994a4bfbc0498ffe1,flagship,4h,spot,aster,BNB,0,2023-03-13T08:00:00+00:00,2023-03-27T16:00:00+00:00,305.71020000000004,305.5876,37.131672901301194,11356.071761450965,11342.44001437131,9.079403981954016,45.39718328913084,-13.631747079654815,-0.12003928264991068,trend_break,closed,2023-03-13T04:00:00+00:00,305.1,306.2,0.3605375286791057,87
d85ad7e2888f47b79e6eead8595df555,86ec0d3b83330c9446c948d636387edf,1,4,20,0,e4b575a4b738c26be093a192c5b9f0e5,4393a26a16a47fa4359cc332cc6d68f3,flagship,4h,futures,aster,SOL,1,2023-03-18T04:00:00+00:00,2023-03-22T16:00:00+00:00,22.7454,21.14762,268.5740706786925,6111.268197082019,5677.430507610706,4.715410822312506,23.575431924175632,-433.83768947131284,-7.098979712238121,trend_break,closed,2023-03-18T00:00:00+00:00,22.7,21.19,-6.6519823788546155,28
d85ad7e2888f47b79e6eead8595df555,521aec0492a4a3fcad91a8ad8c034711,1,4,20,0,a16850e784da705df2522d7121d617ec,4393a26a16a47fa4359cc332cc6d68f3,flagship,4h,spot,aster,SOL,1,2023-03-18T04:00:00+00:00,2023-03-22T16:00:00+00:00,22.7454,21.14762,269.0008834874978,6120.980108354644,5686.452972272415,4.722904463573764,23.61289755253256,-434.52713608222894,-7.098979712238151,trend_break,closed,2023-03-18T00:00:00+00:00,22.7,21.19,-6.6519823788546155,28
d85ad7e2888f47b79e6eead8595df555,86ec0d3b83330c9446c948d636387edf,1,4,20,0,f8e090442d04a224dae373b89ce566e7,da346dd2944db63d08355c78a6c5c331,flagship,4h,futures,aster,ADA,1,2023-03-21T20:00:00+00:00,2023-03-25T16:00:00+00:00,0.36432719999999996,0.34820219999999996,23886.587192552804,8706.01444279039,8314.035266054334,6.807958256142934,34.03838674938774,-391.9791767360566,-4.50239520404956,trend_break,closed,2023-03-21T16:00:00+00:00,0.3636,0.3489,-4.042904290429039,24
d85ad7e2888f47b79e6eead8595df555,521aec0492a4a3fcad91a8ad8c034711,1,4,20,0,0181f211a1b0e9b5276098582c4b8d90,da346dd2944db63d08355c78a6c5c331,flagship,4h,spot,aster,ADA,1,2023-03-21T20:00:00+00:00,2023-03-25T16:00:00+00:00,0.36432719999999996,0.34820219999999996,23924.54730294865,8719.849875482892,8327.24777288883,6.818777334016648,34.092479906701826,-392.60210259406267,-4.502395204049553,trend_break,closed,2023-03-21T16:00:00+00:00,0.3636,0.3489,-4.042904290429039,24
d85ad7e2888f47b79e6eead8595df555,86ec0d3b83330c9446c948d636387edf,1,4,20,0,313c52f894cc8abf659c53532399cab4,74e0f43fc9b881fba9f688bf1db9361f,flagship,4h,futures,aster,ETH,1,2023-04-04T12:00:00+00:00,2023-04-21T16:00:00+00:00,1868.64984,1861.19016,7.184056375205233,13429.85559039667,13365.54667640348,10.718152332198196,53.59076166099098,-64.30891399318898,-0.47885037601725644,be_stop,closed,2023-04-04T08:00:00+00:00,1864.92,1864.92,0,104
d85ad7e2888f47b79e6eead8595df555,521aec0492a4a3fcad91a8ad8c034711,1,4,20,0,f668a171b97f428c26c5a11acb354449,74e0f43fc9b881fba9f688bf1db9361f,flagship,4h,spot,aster,ETH,1,2023-04-04T12:00:00+00:00,2023-04-21T16:00:00+00:00,1868.64984,1861.19016,7.195473141061924,13451.19806166317,13386.78694916607,10.735185416183363,53.675927080916814,-64.41111249710048,-0.47885037601726,be_stop,closed,2023-04-04T08:00:00+00:00,1864.92,1864.92,0,104
d85ad7e2888f47b79e6eead8595df555,86ec0d3b83330c9446c948d636387edf,1,4,20,0,330f125e0b183e9db06458fcf37aa414,9f5d829a4d0639a7708933d9e12d4d57,flagship,4h,futures,aster,BNB,1,2023-04-26T00:00:00+00:00,2023-04-26T20:00:00+00:00,338.9766,326.365552025442,39.56504376195762,13416.988662884914,12907.502281342757,10.52971654462467,52.64679748365329,-509.4863815421577,-3.797322889237712,stop,closed,2023-04-25T20:00:00+00:00,338.3,327.01959120785773,-3.334439489252816,6
d85ad7e2888f47b79e6eead8595df555,521aec0492a4a3fcad91a8ad8c034711,1,4,20,0,77903411f24da2c9289d0af67299f1a6,9f5d829a4d0639a7708933d9e12d4d57,flagship,4h,spot,aster,BNB,0,2023-04-26T00:00:00+00:00,2023-04-26T20:00:00+00:00,338.9766,326.365552025442,39.627919777560585,13438.310686274752,12928.014638657962,10.546450170037495,52.73046277364878,-510.29604761679,-3.7973228892377224,stop,closed,2023-04-25T20:00:00+00:00,338.3,327.01959120785773,-3.334439489252816,6
d85ad7e2888f47b79e6eead8595df555,86ec0d3b83330c9446c948d636387edf,1,4,20,0,a8b8f23436f9025c7ca69765a445cd96,5336420e769709022a617c3cf84c5f3c,flagship,4h,futures,aster,BTC,1,2023-04-26T12:00:00+00:00,2023-04-26T16:00:00+00:00,29014.14246,27705.06246991307,0.46311377960492167,13442.223916316898,12825.463956154057,10.506978148511259,52.53267586133168,-616.7599601628408,-4.588228584811657,stop,closed,2023-04-26T08:00:00+00:00,28956.23,27760.583637187447,-4.129150662266989,2
d85ad7e2888f47b79e6eead8595df555,86ec0d3b83330c9446c948d636387edf,1,4,20,0,9a0e1c89764c0863c5664e967dffac8b,199d1db3accfb7274e8b08204b5cfc68,flagship,4h,futures,aster,ETH,1,2023-04-26T12:00:00+00:00,2023-04-26T16:00:00+00:00,1918.05846,1817.358705304633,7.00544298146483,13442.223916316898,12726.3102257656,10.467300785410636,52.333891477060035,-715.9136905512987,-5.3258574995338686,stop,closed,2023-04-26T08:00:00+00:00,1914.23,1821.0007067180693,-4.870328710861848,2
d85ad7e2888f47b79e6eead8595df555,521aec0492a4a3fcad91a8ad8c034711,1,4,20,0,767f86a0f86fa87e5b8ada7b7dfed81d,5336420e769709022a617c3cf84c5f3c,flagship,4h,spot,aster,BTC,1,2023-04-26T12:00:00+00:00,2023-04-26T16:00:00+00:00,29014.14246,27705.06246991307,0.46384975122187677,13463.586043091886,12845.84593972203,10.523675638497132,52.61615979141389,-617.7401033698552,-4.588228584811661,stop,closed,2023-04-26T08:00:00+00:00,28956.23,27760.583637187447,-4.129150662266989,2
d85ad7e2888f47b79e6eead8595df555,521aec0492a4a3fcad91a8ad8c034711,1,4,20,0,ec85b0a6533d49dc327c18e41c45fc1b,199d1db3accfb7274e8b08204b5cfc68,flagship,4h,spot,aster,ETH,1,2023-04-26T12:00:00+00:00,2023-04-26T16:00:00+00:00,1918.05846,1817.358705304633,7.054728524190113,13536.794281517692,12815.84390807901,10.54094161032959,52.70207722222952,-720.9503734386817,-5.325857499533868,stop,closed,2023-04-26T08:00:00+00:00,1914.23,1821.0007067180693,-4.870328710861848,2
d85ad7e2888f47b79e6eead8595df555,86ec0d3b83330c9446c948d636387edf,1,4,20,0,ed89f6b21175928d5ff8481480e27261,c44c00e951610a95a0870ae598fdd86e,flagship,4h,futures,aster,ETH,1,2023-06-30T20:00:00+00:00,2023-07-06T20:00:00+00:00,1932.5574000000001,1845.07246,6.642757187162087,12842.644562276659,12251.465797162033,10.037551161181245,50.18563198357834,-591.178765114626,-4.603247892191339,trend_break,closed,2023-06-30T16:00:00+00:00,1928.7,1848.77,-4.14424223570281,37
d85ad7e2888f47b79e6eead8595df555,521aec0492a4a3fcad91a8ad8c034711,1,4,20,0,e82e203429f50ef5298e3a080c82f25f,c44c00e951610a95a0870ae598fdd86e,flagship,4h,spot,aster,ETH,1,2023-06-30T20:00:00+00:00,2023-07-06T20:00:00+00:00,1932.5574000000001,1845.07246,6.652916590313381,12862.28604546817,12270.203134192538,10.052902547062887,50.262385664822176,-592.0829112756328,-4.603247892191328,trend_break,closed,2023-06-30T16:00:00+00:00,1928.7,1848.77,-4.14424223570281,37
d85ad7e2888f47b79e6eead8595df555,86ec0d3b83330c9446c948d636387edf,1,4,20,0,7c2942f1a1c031fda1e1c1058132155a,22487a4c6889957f1ee7c734cc8c69eb,flagship,4h,futures,aster,BTC,1,2023-07-03T16:00:00+00:00,2023-07-06T12:00:00+00:00,31109.094,30082.913878542484,0.4207297589556746,13093.757028597403,12651.714393961576,10.298119489901168,51.48907642775097,-442.0426346358272,-3.3759801229729907,stop,closed,2023-07-03T12:00:00+00:00,31047,30143.200279100685,-2.911069413789791,18
d85ad7e2888f47b79e6eead8595df555,521aec0492a4a3fcad91a8ad8c034711,1,4,20,0,50bff846222f76f636c313fe35a8bb7b,22487a4c6889957f1ee7c734cc8c69eb,flagship,4h,spot,aster,BTC,1,2023-07-03T16:00:00+00:00,2023-07-06T12:00:00+00:00,31109.094,30082.913878542484,0.42137322116850956,13113.78256207252,12671.063869407053,10.313869387820105,51.56782359110178,-442.71869266546673,-3.375980122972993,stop,closed,2023-07-03T12:00:00+00:00,31047,30143.200279100685,-2.911069413789791,18
d85ad7e2888f47b79e6eead8595df555,86ec0d3b83330c9446c948d636387edf,1,4,20,0,2230a050589a28abce60daf75bbaf16a,c105cd2492a622d1be72d1c9079ec378,flagship,4h,futures,aster,BTC,1,2023-07-13T20:00:00+00:00,2023-07-14T16:00:00+00:00,31688.219940000003,30518.422868367583,0.4050889494955409,12841.682345969006,12357.730789663714,10.079689434754389,50.39675327331756,-483.9515563052919,-3.7685993413254293,stop,closed,2023-07-13T16:00:00+00:00,31624.97,30579.58203243245,-3.3055777367300365,6
d85ad7e2888f47b79e6eead8595df555,521aec0492a4a3fcad91a8ad8c034711,1,4,20,0,bb175fc7658ecdabe65412c9ff2eaf86,c105cd2492a622d1be72d1c9079ec378,flagship,4h,spot,aster,BTC,1,2023-07-13T20:00:00+00:00,2023-07-14T16:00:00+00:00,31688.219940000003,30518.422868367583,0.4057084907242965,12861.322357551197,12376.630647898783,10.09510526672329,50.473829842518285,-484.6917096524139,-3.7685993413254244,stop,closed,2023-07-13T16:00:00+00:00,31624.97,30579.58203243245,-3.3055777367300365,6
d85ad7e2888f47b79e6eead8595df555,86ec0d3b83330c9446c948d636387edf,1,4,20,0,934663fc67a85f3b4ee09765ef80bbd2,d64d31bf7d2269d530547e829d970aae,flagship,4h,futures,aster,BNB,1,2023-07-14T04:00:00+00:00,2023-07-14T16:00:00+00:00,258.71639999999996,240.25336333328332,36.54926997332837,9459.677908347661,8777.572604452937,7.294792235438374,36.47140782077652,-682.1053038947248,-7.210660981308922,stop,closed,2023-07-14T00:00:00+00:00,258.2,240.73483299928188,-6.76420100724946,4
d85ad7e2888f47b79e6eead8595df555,521aec0492a4a3fcad91a8ad8c034711,1,4,20,0,38c8d7ac8da6051cd00eb0df06dd93d5,d64d31bf7d2269d530547e829d970aae,flagship,4h,spot,aster,BNB,0,2023-07-14T04:00:00+00:00,2023-07-14T16:00:00+00:00,258.71639999999996,240.25336333328332,36.60516826346339,9474.145497459305,8790.99698476157,7.305948858078136,36.52718702888344,-683.148512697735,-7.210660981308931,stop,closed,2023-07-14T00:00:00+00:00,258.2,240.73483299928188,-6.76420100724946,4
d85ad7e2888f47b79e6eead8595df555,86ec0d3b83330c9446c948d636387edf,1,4,20,0,4d7857eb1270c077a76cfa9383f6989f,3ebf6a65f67d0aa811e7a67b6c99c133,flagship,4h,futures,aster,XRP,1,2023-07-19T04:00:00+00:00,2023-08-03T04:00:00+00:00,0.8011992,0.6674180389427082,4806.53936753235,3852.535894233839,3206.6878903478546,2.8235866299259165,14.115417513630614,-645.8480038859843,-16.76423066823691,stop,closed,2023-07-19T00:00:00+00:00,0.7996,0.6687555500427939,-16.363738113707615,91
d85ad7e2888f47b79e6eead8595df555,521aec0492a4a3fcad91a8ad8c034711,1,4,20,0,d9649716f5abae81ec2a389e4499cd5d,3ebf6a65f67d0aa811e7a67b6c99c133,flagship,4h,spot,aster,XRP,0,2023-07-19T04:00:00+00:00,2023-08-03T04:00:00+00:00,0.8011992,0.6674180389427082,4813.890467357541,3858.4279454110215,3211.5921844746035,2.827905010697302,14.137005570085087,-646.835760936418,-16.764230668236916,stop,closed,2023-07-19T00:00:00+00:00,0.7996,0.6687555500427939,-16.363738113707615,91
d85ad7e2888f47b79e6eead8595df555,86ec0d3b83330c9446c948d636387edf,1,4,20,0,3a670315dadb23fe10283d11320d9870,e4e62576aef8896b7c6a50c71fb85efc,flagship,4h,futures,aster,BTC,1,2023-08-08T16:00:00+00:00,2023-08-09T16:00:00+00:00,29593.438739999998,29371.75876,0.42151798794508927,12479.15642076268,12375.77236506178,9.941956563593923,49.70960788800461,-103.3840557008989,-0.8284538811364659,trend_break,closed,2023-08-08T12:00:00+00:00,29534.37,29430.62,-0.35128563771632537,7
d85ad7e2888f47b79e6eead8595df555,521aec0492a4a3fcad91a8ad8c034711,1,4,20,0,d500ff5602a3ae248abdaed3d6094b32,e4e62576aef8896b7c6a50c71fb85efc,flagship,4h,spot,aster,BTC,1,2023-08-08T16:00:00+00:00,2023-08-09T16:00:00+00:00,29593.438739999998,29371.75876,0.42216265567181754,12498.241986815221,12394.699816001621,9.957161747525287,49.78563354012432,-103.54217081360002,-0.8284538811364817,trend_break,closed,2023-08-08T12:00:00+00:00,29534.37,29430.62,-0.35128563771632537,7
d85ad7e2888f47b79e6eead8595df555,86ec0d3b83330c9446c948d636387edf,1,4,20,0,7847c2245ee802e39dafbdfdcd395bcf,6c8db9fad02c4527d7e7f3332eaf1e45,flagship,4h,futures,aster,XRP,1,2023-09-29T16:00:00+00:00,2023-10-02T16:00:00+00:00,0.533565,0.5099779416008209,23340.15526303426,12458.471338898044,11898.203151950704,9.74258171224266,48.71090130239757,-560.2681869473399,-4.4970861328553315,stop,closed,2023-09-29T12:00:00+00:00,0.5325,0.5109999414837885,-4.037569674405916,19
d85ad7e2888f47b79e6eead8595df555,521aec0492a4a3fcad91a8ad8c034711,1,4,20,0,ba631b45c02d46399330505afb122e07,6c8db9fad02c4527d7e7f3332eaf1e45,flagship,4h,spot,aster,XRP,0,2023-09-29T16:00:00+00:00,2023-10-02T16:00:00+00:00,0.533565,0.5099779416008209,23375.851592171388,12477.525269278836,11916.40021067058,9.757481973167504,48.78539953712913,-561.125058608257,-4.49708613285532,stop,closed,2023-09-29T12:00:00+00:00,0.5325,0.5109999414837885,-4.037569674405916,19
d85ad7e2888f47b79e6eead8595df555,86ec0d3b83330c9446c948d636387edf,1,4,20,0,c1a2205b4c100d750e55f2dccbe87dbb,99d804815f6d79de761b231b61c00f6f,flagship,4h,futures,aster,BNB,1,2023-10-02T00:00:00+00:00,2023-10-02T16:00:00+00:00,218.63639999999998,214.57,56.78947514047044,12421.212901162991,12180.443553818384,9.840625633397076,49.202401261703585,-240.769347344607,-1.938372277010596,trend_break,closed,2023-10-01T20:00:00+00:00,218.2,215,-1.466544454628771,5
d85ad7e2888f47b79e6eead8595df555,86ec0d3b83330c9446c948d636387edf,1,4,20,0,1408024233c76732b13de90ca8b0aa48,e4610b5cf6211197cdd7bda7743855fd,flagship,4h,futures,aster,BTC,1,2023-10-02T00:00:00+00:00,2023-10-02T20:00:00+00:00,28050.97998,27242.314552938205,0.44263146640347606,12421.212901162991,12053.482316536278,9.789820816557498,48.9478681112047,-367.7305846267136,-2.9605046427654678,stop,closed,2023-10-01T20:00:00+00:00,27994.99,27296.90836967756,-2.493594855088155,6
d85ad7e2888f47b79e6eead8595df555,86ec0d3b83330c9446c948d636387edf,1,4,20,0,90929217b0df528206f9328a4e2a81db,2496b64f55654be2c7f00ffc740995cf,flagship,4h,futures,aster,ETH,1,2023-10-02T00:00:00+00:00,2023-10-02T16:00:00+00:00,1732.3578,1674.0157109129302,7.167252863468476,12421.212901162991,11993.294659972902,9.765736120053546,48.82720329906065,-427.91824119008925,-3.445060032342119,stop,closed,2023-10-01T20:00:00+00:00,1728.9,1677.3704518165634,-2.9804817041723997,5
d85ad7e2888f47b79e6eead8595df555,521aec0492a4a3fcad91a8ad8c034711,1,4,20,0,7165d89d629b0a71417941e51afea3ba,99d804815f6d79de761b231b61c00f6f,flagship,4h,spot,aster,BNB,0,2023-10-02T00:00:00+00:00,2023-10-02T16:00:00+00:00,218.63639999999998,214.57,56.8763287099216,12440.209848655644,12199.072269747361,9.855675842256712,49.277651194276075,-241.1375789082831,-1.9383722770105982,trend_break,closed,2023-10-01T20:00:00+00:00,218.2,215,-1.466544454628771,5
d85ad7e2888f47b79e6eead8595df555,521aec0492a4a3fcad91a8ad8c034711,1,4,20,0,d3e58de65406b515cb145f74370eaa62,e4610b5cf6211197cdd7bda7743855fd,flagship,4h,spot,aster,BTC,1,2023-10-02T00:00:00+00:00,2023-10-02T20:00:00+00:00,28050.97998,27242.314552938205,0.44350151203757465,12445.628296079842,12077.174892553066,9.809063892358822,49.044081060759815,-368.4534035267752,-2.9605046427654576,stop,closed,2023-10-01T20:00:00+00:00,27994.99,27296.90836967756,-2.493594855088155,6
d85ad7e2888f47b79e6eead8595df555,521aec0492a4a3fcad91a8ad8c034711,1,4,20,0,78227dc9d83bd209fd4c7065039930e1,2496b64f55654be2c7f00ffc740995cf,flagship,4h,spot,aster,ETH,1,2023-10-02T00:00:00+00:00,2023-10-02T16:00:00+00:00,1732.3578,1674.0157109129302,7.183807349634645,12449.902665715239,12020.996044913189,9.788292425318831,48.9399814132063,-428.9066208020504,-3.445060032342108,stop,closed,2023-10-01T20:00:00+00:00,1728.9,1677.3704518165634,-2.9804817041723997,5
d85ad7e2888f47b79e6eead8595df555,86ec0d3b83330c9446c948d636387edf,1,4,20,0,32a22f971b0f061223b99b3dbe8c55bc,f0248e772ed9f7461b61bd0090d94af0,flagship,4h,futures,aster,XRP,1,2023-10-04T00:00:00+00:00,2023-10-09T04:00:00+00:00,0.5392764,0.5121116137727896,22500.804171847918,12139.006331967486,11518.313966376301,9.462830322611872,47.31189594250206,-620.6923655911851,-5.1132057156657185,stop,closed,2023-10-03T20:00:00+00:00,0.5382,0.5131378895518933,-4.656653743609562,32
d85ad7e2888f47b79e6eead8595df555,521aec0492a4a3fcad91a8ad8c034711,1,4,20,0,73cecca5d886737190917cae89766ef6,f0248e772ed9f7461b61bd0090d94af0,flagship,4h,spot,aster,XRP,0,2023-10-04T00:00:00+00:00,2023-10-09T04:00:00+00:00,0.5392764,0.5121116137727896,22535.03346782439,12157.472767096815,11535.836174689119,9.477225631215688,47.383869054087555,-621.6365924076963,-5.113205715665709,stop,closed,2023-10-03T20:00:00+00:00,0.5382,0.5131378895518933,-4.656653743609562,32
d85ad7e2888f47b79e6eead8595df555,86ec0d3b83330c9446c948d636387edf,1,4,20,0,2f084e601dbbc6cf7612807959844a76,2e0f44942cf6b8f33b9800d9d0e4162d,flagship,4h,futures,aster,XRP,1,2023-10-20T00:00:00+00:00,2023-11-17T12:00:00+00:00,0.522042,0.5881214,23005.838989546606,12014.818203460001,13524.814144212853,10.216096172995051,51.086766060187195,1509.9959407528513,12.567780179295646,trend_break,closed,2023-10-19T20:00:00+00:00,0.521,0.5893,13.109404990403073,172
d85ad7e2888f47b79e6eead8595df555,521aec0492a4a3fcad91a8ad8c034711,1,4,20,0,f5e6c9d1a050615d0a7856fe5a70e0e0,2e0f44942cf6b8f33b9800d9d0e4162d,flagship,4h,spot,aster,XRP,0,2023-10-20T00:00:00+00:00,2023-11-17T12:00:00+00:00,0.522042,0.5881214,23040.83656856405,12033.095717687884,13545.388736251134,10.231637385520559,51.16448168415333,1512.2930185632504,12.56778017929564,trend_break,closed,2023-10-19T20:00:00+00:00,0.521,0.5893,13.109404990403073,172
d85ad7e2888f47b79e6eead8595df555,86ec0d3b83330c9446c948d636387edf,1,4,20,0,4faa2aa2e25368ac61eeede8b5263b22,3ae5d55dc1d2089af787d391e58c31b2,flagship,4h,futures,aster,ETH,1,2023-10-20T12:00:00+00:00,2023-10-20T12:00:00+00:00,1611.84726,1600.37284,7.45608022635679,12022.86970818665,11927.73528380761,9.580228308126333,47.900990927811094,-95.13442437904087,-0.791278843471635,trend_break,closed,2023-10-20T08:00:00+00:00,1608.63,1603.58,-0.31393173072740144,1
d85ad7e2888f47b79e6eead8595df555,521aec0492a4a3fcad91a8ad8c034711,1,4,20,0,ab4aa7e38056f83139e61da4f549fa16,3ae5d55dc1d2089af787d391e58c31b2,flagship,4h,spot,aster,ETH,1,2023-10-20T12:00:00+00:00,2023-10-20T12:00:00+00:00,1611.84726,1600.37284,7.467422771047331,12041.159470747358,11945.880323346653,9.594802208142374,47.973860198771895,-95.27914740070446,-0.791278843471631,trend_break,closed,2023-10-20T08:00:00+00:00,1608.63,1603.58,-0.31393173072740144,1
d85ad7e2888f47b79e6eead8595df555,86ec0d3b83330c9446c948d636387edf,1,4,20,0,5e437462de70c80f9b8fff2e7552839a,3e89ce478f58ada60005bb528ae299e7,flagship,4h,futures,aster,ETH,1,2023-10-23T04:00:00+00:00,2023-12-18T08:00:00+00:00,1695.70464,2137.7459400000002,7.075864038172222,12003.374911730389,15120.349059746837,10.84999004045298,54.26267854953132,3116.9741480164485,25.96748140367058,trend_break,closed,2023-10-23T00:00:00+00:00,1692.32,2142.03,26.57357946487664,338
d85ad7e2888f47b79e6eead8595df555,521aec0492a4a3fcad91a8ad8c034711,1,4,20,0,ca1cf89d3efdb1cd323ec38d3d9f9c46,3e89ce478f58ada60005bb528ae299e7,flagship,4h,spot,aster,ETH,1,2023-10-23T04:00:00+00:00,2023-12-18T08:00:00+00:00,1695.70464,2137.7459400000002,7.086628179871428,12021.635017877361,15143.350855561812,10.86649556254899,54.34522552298002,3121.715837684451,25.967481403670554,trend_break,closed,2023-10-23T00:00:00+00:00,1692.32,2142.03,26.57357946487664,338
d85ad7e2888f47b79e6eead8595df555,86ec0d3b83330c9446c948d636387edf,1,4,20,0,4bfbfefcdb0369d65af38a533718f5d7,279c9bfad223454b4778013a2ef2d839,flagship,4h,futures,aster,ADA,1,2023-10-24T00:00:00+00:00,2024-01-03T20:00:00+00:00,0.2803596,0.5566844,43729.584261473174,12264.9127552136,24333.839945896896,14.641434451424221,73.25579955481986,12068.927190683296,98.40206311743233,trend_break,closed,2023-10-23T20:00:00+00:00,0.2798,0.5578,99.3566833452466,432
d85ad7e2888f47b79e6eead8595df555,521aec0492a4a3fcad91a8ad8c034711,1,4,20,0,18c90135d0fd09612923a7c8ff29556d,279c9bfad223454b4778013a2ef2d839,flagship,4h,spot,aster,ADA,1,2023-10-24T00:00:00+00:00,2024-01-03T20:00:00+00:00,0.2803596,0.5566844,43796.10778975164,12283.570725196249,24370.857743278306,14.663707699505949,73.36723976939194,12087.287018082057,98.40206311743238,trend_break,closed,2023-10-23T20:00:00+00:00,0.2798,0.5578,99.3566833452466,432
d85ad7e2888f47b79e6eead8595df555,86ec0d3b83330c9446c948d636387edf,1,4,20,0,7f907066323579780c6db20c124df4e6,1b83cb1be949b9e308dcb7aedd1a8f56,flagship,4h,futures,aster,BNB,1,2023-12-12T04:00:00+00:00,2023-12-18T00:00:00+00:00,253.7064,236.98690543449092,50.03160866388714,12698.416656051746,11852.093376719613,9.820070172595079,49.09720123894371,-846.3232793321331,-6.66479374756377,stop,closed,2023-12-12T00:00:00+00:00,253.2,237.46182909267628,-6.215707309369556,36
d85ad7e2888f47b79e6eead8595df555,521aec0492a4a3fcad91a8ad8c034711,1,4,20,0,6e1f14a7f03bb3aaf806767466cbe993,1b83cb1be949b9e308dcb7aedd1a8f56,flagship,4h,spot,aster,BNB,0,2023-12-12T04:00:00+00:00,2023-12-18T00:00:00+00:00,253.7064,236.98690543449092,50.107719132119996,12717.734092834577,11870.123346183553,9.835008931489217,49.17189024205618,-847.6107466510239,-6.664793747563763,stop,closed,2023-12-12T00:00:00+00:00,253.2,237.46182909267628,-6.215707309369556,36
d85ad7e2888f47b79e6eead8595df555,86ec0d3b83330c9446c948d636387edf,1,4,20,0,f5856385034e359b764a33a37a0e769f,bca034481feaf825afdbb953a62d4dcc,flagship,4h,futures,aster,BNB,1,2023-12-26T12:00:00+00:00,2024-01-08T00:00:00+00:00,290.37960000000004,289.2204,47.090663109159856,13679.637584539547,13614.132588528179,10.917499335227621,54.58749667613811,-65.50499601136835,-0.47885037601727687,be_stop,closed,2023-12-26T08:00:00+00:00,289.8,289.8,0,76
d85ad7e2888f47b79e6eead8595df555,521aec0492a4a3fcad91a8ad8c034711,1,4,20,0,c9c2b7469f29dae69bfa04a80bd8f404,bca034481feaf825afdbb953a62d4dcc,flagship,4h,spot,aster,BNB,0,2023-12-26T12:00:00+00:00,2024-01-08T00:00:00+00:00,290.37960000000004,289.2204,47.16229967081255,13700.447701376079,13634.84305604199,10.934107555681184,54.67053777840591,-65.60464533408958,-0.47885037601727587,be_stop,closed,2023-12-26T08:00:00+00:00,289.8,289.8,0,76
d85ad7e2888f47b79e6eead8595df555,86ec0d3b83330c9446c948d636387edf,1,4,20,0,e71119bbd5b069060162ca12005f833a,d9eb4e05cbd38199a3d69520e0301999,flagship,4h,futures,aster,ETH,1,2024-01-08T20:00:00+00:00,2024-01-22T08:00:00+00:00,2358.8082,2380.4795,6.421802804368283,15153.86023417239,15280.85514086967,12.173908417027244,60.87034224176564,126.99490669727857,0.83803667669378,trend_break,closed,2024-01-08T16:00:00+00:00,2354.1,2385.25,1.3232233125185955,82
d85ad7e2888f47b79e6eead8595df555,521aec0492a4a3fcad91a8ad8c034711,1,4,20,0,c3c030c83f61a51780847291c213dcf8,d9eb4e05cbd38199a3d69520e0301999,flagship,4h,spot,aster,ETH,1,2024-01-08T20:00:00+00:00,2024-01-22T08:00:00+00:00,2358.8082,2380.4795,6.431571956937873,15176.913008783467,15304.101106186981,12.192427946872236,60.962941108227014,127.1880974035139,0.838036676693773,trend_break,closed,2024-01-08T16:00:00+00:00,2354.1,2385.25,1.3232233125185955,82
d85ad7e2888f47b79e6eead8595df555,86ec0d3b83330c9446c948d636387edf,1,4,20,0,7bc7d6ef849e11fea79b2e2086f14c33,54c1e9f2bf19fddc6546e0769d469d2b,flagship,4h,futures,aster,BNB,1,2024-02-04T16:00:00+00:00,2024-02-05T12:00:00+00:00,306.612,299.9988,49.48664792984735,15179.269375104383,14839.9966209787,12.00765403601722,60.037201268490804,-339.2727541256827,-2.2351059576169465,trend_break,closed,2024-02-04T12:00:00+00:00,306,300.6,-1.764705882352935,6
d85ad7e2888f47b79e6eead8595df555,521aec0492a4a3fcad91a8ad8c034711,1,4,20,0,e3536c3b4588b489db73b9fd2e18d134,54c1e9f2bf19fddc6546e0769d469d2b,flagship,4h,spot,aster,BNB,0,2024-02-04T16:00:00+00:00,2024-02-05T12:00:00+00:00,306.612,299.9988,49.56192937783193,15202.360803311964,14862.571931298713,12.025920651772054,60.12853272118571,-339.7888720132505,-2.2351059576169554,trend_break,closed,2024-02-04T12:00:00+00:00,306,300.6,-1.764705882352935,6
d85ad7e2888f47b79e6eead8595df555,86ec0d3b83330c9446c948d636387edf,1,4,20,0,b80d97399a31ef0d7ce272a7a3de8f4f,6eed9a0772a3524adac0bf39938530de,flagship,4h,futures,aster,BNB,1,2024-02-15T04:00:00+00:00,2024-04-13T16:00:00+00:00,342.9846,551.395,44.04088563813424,15111.387682458915,24274.210566784455,15.755707872272101,78.81556893800504,9162.82288432554,60.635218133948186,trend_break,closed,2024-02-15T00:00:00+00:00,342.3,552.5,61.408121530820914,352
d85ad7e2888f47b79e6eead8595df555,86ec0d3b83330c9446c948d636387edf,1,4,20,0,4126bfb86b6c1a89483c29ab3fd4664c,9271eec2c317a2256702e11ea5ad6bb2,flagship,4h,futures,aster,XRP,1,2024-02-15T04:00:00+00:00,2024-02-21T08:00:00+00:00,0.5537052,0.5368242000000001,27280.483449028867,15111.387682458915,14638.96577365691,11.900067698951753,59.49873440233196,-472.4219088020054,-3.1262642368072266,trend_break,closed,2024-02-15T00:00:00+00:00,0.5526,0.5379,-2.6601520086862007,38
d85ad7e2888f47b79e6eead8595df555,521aec0492a4a3fcad91a8ad8c034711,1,4,20,0,a88705d1000c98033baafde2dbe94efc,6eed9a0772a3524adac0bf39938530de,flagship,4h,spot,aster,BNB,0,2024-02-15T04:00:00+00:00,2024-04-13T16:00:00+00:00,342.9846,551.395,44.107882732907406,15134.375845799552,24311.137653111677,15.779676206201852,78.9354669388111,9176.761807312125,60.635218133948186,trend_break,closed,2024-02-15T00:00:00+00:00,342.3,552.5,61.408121530820914,352
d85ad7e2888f47b79e6eead8595df555,521aec0492a4a3fcad91a8ad8c034711,1,4,20,0,b464c66c6eae27893d745e3bcc32e7d1,9271eec2c317a2256702e11ea5ad6bb2,flagship,4h,spot,aster,XRP,0,2024-02-15T04:00:00+00:00,2024-02-21T08:00:00+00:00,0.5537052,0.5368242000000001,27348.7208357345,15149.186191670577,14675.58260159304,11.929833649504419,59.64756014273695,-473.60359007753686,-3.126264236807233,trend_break,closed,2024-02-15T00:00:00+00:00,0.5526,0.5379,-2.6601520086862007,38
d85ad7e2888f47b79e6eead8595df555,86ec0d3b83330c9446c948d636387edf,1,4,20,0,479d1dba29e60ce21b4745bdce4b7a71,ed10a12dec2f20fe8e1db6515dc62b71,flagship,4h,futures,aster,SOL,1,2024-02-26T20:00:00+00:00,2024-04-05T08:00:00+00:00,109.86930000000001,169.57018,108.23927136034574,11896.929846061985,18346.811066551614,12.098530281805562,60.51874140299651,6449.881220489629,54.21466970005384,trend_break,closed,2024-02-26T16:00:00+00:00,109.65,169.91,54.95668034655721,232
d85ad7e2888f47b79e6eead8595df555,521aec0492a4a3fcad91a8ad8c034711,1,4,20,0,0f60c0001e542b34123a94ba88d25757,ed10a12dec2f20fe8e1db6515dc62b71,flagship,4h,spot,aster,SOL,1,2024-02-26T20:00:00+00:00,2024-04-05T08:00:00+00:00,109.86930000000001,169.57018,108.40328445035321,11914.957057453299,18374.61167105486,12.116862974839517,60.61044440188149,6459.65461360156,54.21466970005384,trend_break,closed,2024-02-26T16:00:00+00:00,109.65,169.91,54.95668034655721,232
d85ad7e2888f47b79e6eead8595df555,86ec0d3b83330c9446c948d636387edf,1,4,20,0,353057cb20b34931f995b37d4679528f,0b4a6886fd915b9954179001da7ebaf9,flagship,4h,futures,aster,XRP,1,2024-02-27T20:00:00+00:00,2024-02-28T16:00:00+00:00,0.594186,0.5624381052233525,25974.23159068139,15439.69818184939,14603.054041455187,12.0169689489744,60.081786563332464,-836.6441403942026,-5.418785591144166,stop,closed,2024-02-27T16:00:00+00:00,0.593,0.5635652356947419,-4.963703930060381,6
d85ad7e2888f47b79e6eead8595df555,521aec0492a4a3fcad91a8ad8c034711,1,4,20,0,a5f85a8ff2b12aa013f2809544a9c311,0b4a6886fd915b9954179001da7ebaf9,flagship,4h,spot,aster,XRP,0,2024-02-27T20:00:00+00:00,2024-02-28T16:00:00+00:00,0.594186,0.5624381052233525,26013.589318410497,15463.09334698216,14625.181472750719,12.03517778762172,60.17282612262731,-837.9118742314404,-5.418785591144159,stop,closed,2024-02-27T16:00:00+00:00,0.593,0.5635652356947419,-4.963703930060381,6
d85ad7e2888f47b79e6eead8595df555,86ec0d3b83330c9446c948d636387edf,1,4,20,0,66aa05b853c6c070797eeabb23c4624d,1bd738c82857a38e265662ed8146fb63,flagship,4h,futures,aster,XRP,1,2024-03-02T04:00:00+00:00,2024-03-05T16:00:00+00:00,0.632262,0.5795643594225797,15700.830459843928,9931.009283589123,9096.001891162829,7.610672086425526,38.050203046058456,-835.0073924262942,-8.408081883541628,stop,closed,2024-03-02T00:00:00+00:00,0.631,0.580725811044669,-7.967383352667346,22
d85ad7e2888f47b79e6eead8595df555,521aec0492a4a3fcad91a8ad8c034711,1,4,20,0,fb7c6257735f88d151e0fd32a3ef4010,1bd738c82857a38e265662ed8146fb63,flagship,4h,spot,aster,XRP,0,2024-03-02T04:00:00+00:00,2024-03-05T16:00:00+00:00,0.632262,0.5795643594225797,15724.621951555766,9946.057756704286,9109.785076336246,7.622204549140082,38.107860575239435,-836.2726803680398,-8.408081883541627,stop,closed,2024-03-02T00:00:00+00:00,0.631,0.580725811044669,-7.967383352667346,22
d85ad7e2888f47b79e6eead8595df555,86ec0d3b83330c9446c948d636387edf,1,4,20,0,76fb1f5ddb82b50e573bf3c107e9d20a,2f3776388f52543f0dca057bdae43ab4,flagship,4h,futures,aster,XRP,1,2024-03-11T16:00:00+00:00,2024-03-15T04:00:00+00:00,0.67635,0.62363865889595,16932.095442172555,11456.603561414333,10555.28549013718,8.804612818467252,44.01967011718289,-901.3180712771536,-7.867236275092727,stop,closed,2024-03-11T12:00:00+00:00,0.675,0.624888435767485,-7.423935441854079,22
d85ad7e2888f47b79e6eead8595df555,521aec0492a4a3fcad91a8ad8c034711,1,4,20,0,13cb1b260b73c109fbd12c2906c2610a,2f3776388f52543f0dca057bdae43ab4,flagship,4h,spot,aster,XRP,0,2024-03-11T16:00:00+00:00,2024-03-15T04:00:00+00:00,0.67635,0.62363865889595,16957.758411771247,11473.967653762204,10571.283508313018,8.817957446240008,44.08638811200048,-902.684145449186,-7.867236275092727,stop,closed,2024-03-11T12:00:00+00:00,0.675,0.624888435767485,-7.423935441854079,22
d85ad7e2888f47b79e6eead8595df555,86ec0d3b83330c9446c948d636387edf,1,4,20,0,a0e026b81e9e58fa38a4999241b80d72,fc05b9bb5a8f5bbe5713d937cd698573,flagship,4h,futures,aster,BTC,1,2024-03-25T16:00:00+00:00,2024-04-02T08:00:00+00:00,70011.98448,65643.73370673032,0.22532703259575634,15781.902946102155,14785.391201553713,12.226760173464847,61.130108247819734,-996.5117445484411,-6.314268614828617,stop,closed,2024-03-25T12:00:00+00:00,69872.24,65775.28427528088,-5.863495609585623,47
d85ad7e2888f47b79e6eead8595df555,86ec0d3b83330c9446c948d636387edf,1,4,20,0,fca534ecc430f4f02219650bccce013b,2365e2b0469f7af0037a406564c5647f,flagship,4h,futures,aster,ETH,1,2024-03-25T16:00:00+00:00,2024-04-01T12:00:00+00:00,3586.4085,3452.89038,3.9023494685315248,14001.017471633508,13468.995185314898,10.987921697281024,54.93774409992303,-532.02228631861,-3.799883025619413,trend_break,closed,2024-03-25T12:00:00+00:00,3579.25,3459.81,-3.3370119438429824,42
d85ad7e2888f47b79e6eead8595df555,521aec0492a4a3fcad91a8ad8c034711,1,4,20,0,e7362bbf6055c67eac28b59ea53b4e53,fc05b9bb5a8f5bbe5713d937cd698573,flagship,4h,spot,aster,BTC,1,2024-03-25T16:00:00+00:00,2024-04-02T08:00:00+00:00,70011.98448,65643.73370673032,0.22566858959642686,15805.825594765505,14807.803309920679,12.245293837555913,61.222770970899425,-998.0222848448266,-6.314268614828615,stop,closed,2024-03-25T12:00:00+00:00,69872.24,65775.28427528088,-5.863495609585623,47
d85ad7e2888f47b79e6eead8595df555,521aec0492a4a3fcad91a8ad8c034711,1,4,20,0,ab06e38a0e00e6ef29fb6bdfd77df84d,2365e2b0469f7af0037a406564c5647f,flagship,4h,spot,aster,ETH,1,2024-03-25T16:00:00+00:00,2024-04-01T12:00:00+00:00,3586.4085,3452.89038,3.916347295668059,14051.239478627993,13517.308814790475,11.027335652834878,55.13480719009041,-533.9306638375183,-3.799883025619409,trend_break,closed,2024-03-25T12:00:00+00:00,3579.25,3459.81,-3.3370119438429824,42
d85ad7e2888f47b79e6eead8595df555,86ec0d3b83330c9446c948d636387edf,1,4,20,0,a3723cd4b864d49ee750568609097560,e31645883ac6a45ff3c1e5fdcc368ecc,flagship,4h,futures,aster,ADA,1,2024-05-21T00:00:00+00:00,2024-05-22T12:00:00+00:00,0.5031042,0.47443394799553057,32338.31445183889,16276.049638369499,15336.257239228085,12.644774407419078,63.22041632826176,-939.7923991414136,-5.774081672286913,stop,closed,2024-05-20T20:00:00+00:00,0.5021,0.47538471743039135,-5.32070953387943,10
d85ad7e2888f47b79e6eead8595df555,521aec0492a4a3fcad91a8ad8c034711,1,4,20,0,86b38413fd6cb9580448aede249e4338,e31645883ac6a45ff3c1e5fdcc368ecc,flagship,4h,spot,aster,ADA,1,2024-05-21T00:00:00+00:00,2024-05-22T12:00:00+00:00,0.5031042,0.47443394799553057,32386.918760593453,16300.512451454766,15359.30754950647,12.66377943380489,63.31543626627946,-941.2049019482965,-5.7740816722869175,stop,closed,2024-05-20T20:00:00+00:00,0.5021,0.47538471743039135,-5.32070953387943,10
d85ad7e2888f47b79e6eead8595df555,86ec0d3b83330c9446c948d636387edf,1,4,20,0,75294e0d5494116f393a7302b33b5d9b,e1e8d21d2d7e9fcb6a827af0a7a61caa,flagship,4h,futures,aster,XRP,1,2024-07-16T16:00:00+00:00,2024-08-01T12:00:00+00:00,0.5848674,0.5825326,16552.551481205643,9684.920167278164,9638.543890640181,7.729379439663787,38.64689719831893,-46.3762766379823,-0.47885037601725344,be_stop,closed,2024-07-16T12:00:00+00:00,0.5837,0.5837,0,96
d85ad7e2888f47b79e6eead8595df555,521aec0492a4a3fcad91a8ad8c034711,1,4,20,0,5e2440c91e6a3139043e156894a6c6d7,e1e8d21d2d7e9fcb6a827af0a7a61caa,flagship,4h,spot,aster,XRP,0,2024-07-16T16:00:00+00:00,2024-08-01T12:00:00+00:00,0.5848674,0.5825326,16577.42987503988,9699.47654902078,9653.030569094088,7.740996654448623,38.70498327224312,-46.44597992669151,-0.4788503760172554,be_stop,closed,2024-07-16T12:00:00+00:00,0.5837,0.5837,0,96
d85ad7e2888f47b79e6eead8595df555,86ec0d3b83330c9446c948d636387edf,1,4,20,0,c04db5dce6f2050909fb33310d936b83,9ac94a2884ea02f7a23ff0fb7777f306,flagship,4h,futures,aster,SOL,1,2024-07-19T16:00:00+00:00,2024-08-01T04:00:00+00:00,168.87708,168.20291999999998,76.47454562743442,12919.963879071849,12858.096583455617,10.311215936038238,51.55607968019119,-61.867295616231786,-0.47885037601727604,be_stop,closed,2024-07-19T12:00:00+00:00,168.54,168.54,0,76
d85ad7e2888f47b79e6eead8595df555,521aec0492a4a3fcad91a8ad8c034711,1,4,20,0,efe3eb4dcf76e5cc2b292e2a586165ac,9ac94a2884ea02f7a23ff0fb7777f306,flagship,4h,spot,aster,SOL,1,2024-07-19T16:00:00+00:00,2024-08-01T04:00:00+00:00,168.87708,168.20291999999998,76.58948644888868,12939.382513719966,12877.422231898705,10.326713636876558,51.633568184382796,-61.96028182126065,-0.47885037601726776,be_stop,closed,2024-07-19T12:00:00+00:00,168.54,168.54,0,76
d85ad7e2888f47b79e6eead8595df555,86ec0d3b83330c9446c948d636387edf,1,4,20,0,29821f5ad5722400ada885d297739510,c9c74395a40e32f63e43f0b050ffa370,flagship,4h,futures,aster,XRP,1,2024-08-24T00:00:00+00:00,2024-08-26T16:00:00+00:00,0.6123221999999999,0.5850902097723717,27932.180251135407,17110.335459796654,16336.3080644555,13.37853570588332,66.88990349359203,-774.0273953411543,-4.523741788463761,stop,closed,2024-08-23T20:00:00+00:00,0.6111,0.5862627352428574,-4.064353584870317,17
d85ad7e2888f47b79e6eead8595df555,521aec0492a4a3fcad91a8ad8c034711,1,4,20,0,8850e55905eda8903c04cc72adc5e7bb,c9c74395a40e32f63e43f0b050ffa370,flagship,4h,spot,aster,XRP,0,2024-08-24T00:00:00+00:00,2024-08-26T16:00:00+00:00,0.6123221999999999,0.5850902097723717,27974.16216442085,17136.052199882804,16360.861445623743,13.398643571464909,66.9904386506364,-775.1907542590616,-4.523741788463758,stop,closed,2024-08-23T20:00:00+00:00,0.6111,0.5862627352428574,-4.064353584870317,17
d85ad7e2888f47b79e6eead8595df555,86ec0d3b83330c9446c948d636387edf,1,4,20,0,7fb01514690a0fa5094417b7582aa798,b45ad7b4c139d5480a8c14af8caaf521,flagship,4h,futures,aster,ADA,1,2024-09-19T04:00:00+00:00,2024-09-22T12:00:00+00:00,0.3497982,0.3467052,44588.69156256102,15603.28286655861,15452.947573445657,12.422470109950027,62.1120473466475,-150.33529311295206,-0.9634850204193558,trend_break,closed,2024-09-19T00:00:00+00:00,0.3491,0.3474,-0.4869664852477862,21
d85ad7e2888f47b79e6eead8595df555,521aec0492a4a3fcad91a8ad8c034711,1,4,20,0,b8eff534ab0cddc0aeaaa5576f5cbe01,b45ad7b4c139d5480a8c14af8caaf521,flagship,4h,spot,aster,ADA,1,2024-09-19T04:00:00+00:00,2024-09-22T12:00:00+00:00,0.3497982,0.3467052,44655.70812073372,15626.73451488618,15476.173268654551,12.44114101419946,62.20540141218207,-150.5612462316294,-0.9634850204193545,trend_break,closed,2024-09-19T00:00:00+00:00,0.3491,0.3474,-0.4869664852477862,21
d85ad7e2888f47b79e6eead8595df555,86ec0d3b83330c9446c948d636387edf,1,4,20,0,97a7b7a52dd9dd7f26fab44078577e84,ee4769bd182a73377220a93a3f4e2933,flagship,4h,futures,aster,BTC,1,2024-09-23T04:00:00+00:00,2024-10-01T16:00:00+00:00,64506.74598,61947.896817534165,0.26227677845858943,16925.388973090758,16240.995811664132,13.266446533627573,66.32981348053221,-684.3931614266257,-4.043588968706864,stop,closed,2024-09-23T00:00:00+00:00,64377.99,62072.04089933283,-3.5818904887635727,52
d85ad7e2888f47b79e6eead8595df555,86ec0d3b83330c9446c948d636387edf,1,4,20,0,76501528136aa9a1ec468b56b9fe7e33,979a30a59ed01d02636b6bec98ace862,flagship,4h,futures,aster,ETH,1,2024-09-23T04:00:00+00:00,2024-10-01T12:00:00+00:00,2679.348,2532.013668896027,6.166308524499976,16528.29508706696,15606.932199675764,12.853945553266396,64.26635079596781,-921.3628873911948,-5.574458118866366,stop,closed,2024-09-23T00:00:00+00:00,2674,2537.087844585197,-5.120125482976922,51
d85ad7e2888f47b79e6eead8595df555,521aec0492a4a3fcad91a8ad8c034711,1,4,20,0,0a4f87560e0fc319748bf77d59a1c9ee,ee4769bd182a73377220a93a3f4e2933,flagship,4h,spot,aster,BTC,1,2024-09-23T04:00:00+00:00,2024-10-01T16:00:00+00:00,64506.74598,61947.896817534165,0.26267097901404324,16950.827739624627,16265.405939040664,13.286385929799772,66.42950682536755,-685.421800583963,-4.043588968706855,stop,closed,2024-09-23T00:00:00+00:00,64377.99,62072.04089933283,-3.5818904887635727,52
d85ad7e2888f47b79e6eead8595df555,521aec0492a4a3fcad91a8ad8c034711,1,4,20,0,8d4fc8d2b4b3db7fef3eb1fe74667907,979a30a59ed01d02636b6bec98ace862,flagship,4h,spot,aster,ETH,1,2024-09-23T04:00:00+00:00,2024-10-01T12:00:00+00:00,2679.348,2532.013668896027,6.1556221653577925,16499.651159082074,15579.885015459991,12.831669360300944,64.15497568351041,-919.7661436220824,-5.574458118866386,stop,closed,2024-09-23T00:00:00+00:00,2674,2537.087844585197,-5.120125482976922,51
d85ad7e2888f47b79e6eead8595df555,86ec0d3b83330c9446c948d636387edf,1,4,20,0,ce68ba2638e422a551fe81c93c3be68b,400085310f10d021ea58fd48175451df,flagship,4h,futures,aster,ADA,1,2024-09-24T20:00:00+00:00,2024-10-01T12:00:00+00:00,0.3888762,0.36696919994496635,41278.65925513585,16058.709067492951,15141.93736303342,12.480113885556058,62.397201850225386,-916.771704459532,-5.708875480628259,stop,closed,2024-09-24T16:00:00+00:00,0.3881,0.36770460916329295,-5.255189599769916,41
d85ad7e2888f47b79e6eead8595df555,521aec0492a4a3fcad91a8ad8c034711,1,4,20,0,e9b5211f2e5c4130aa78f8ae76a112d9,400085310f10d021ea58fd48175451df,flagship,4h,spot,aster,ADA,1,2024-09-24T20:00:00+00:00,2024-10-01T12:00:00+00:00,0.3888762,0.36696919994496635,41340.95901573463,16082.945652413182,15164.790311499797,12.498949480542564,62.49137474264606,-918.1553409133849,-5.70887548062826,stop,closed,2024-09-24T16:00:00+00:00,0.3881,0.36770460916329295,-5.255189599769916,41
d85ad7e2888f47b79e6eead8595df555,86ec0d3b83330c9446c948d636387edf,1,4,20,0,d232a84ad71449fa3b5cd173bdc38165,a2034b5a4a3ed4cc2c85c862554f0a57,flagship,4h,futures,aster,XRP,1,2024-09-28T08:00:00+00:00,2024-10-01T16:00:00+00:00,0.609216,0.5841832623113647,28003.141022464464,17066.785545766168,16352.42269095751,13.367571135444084,66.83531903736187,-714.3628548086581,-4.185690696663574,stop,closed,2024-09-28T04:00:00+00:00,0.608,0.5853539702518685,-3.724675945416356,21
d85ad7e2888f47b79e6eead8595df555,521aec0492a4a3fcad91a8ad8c034711,1,4,20,0,454d5c01318abb579cb8b51f8e7a13bb,a2034b5a4a3ed4cc2c85c862554f0a57,flagship,4h,spot,aster,XRP,0,2024-09-28T08:00:00+00:00,2024-10-01T16:00:00+00:00,0.609216,0.5841832623113647,28045.27921291607,17092.467074104265,16377.0292699532,13.387686209604116,66.93589059111117,-715.4378041510645,-4.185690696663561,stop,closed,2024-09-28T04:00:00+00:00,0.608,0.5853539702518685,-3.724675945416356,21
d85ad7e2888f47b79e6eead8595df555,86ec0d3b83330c9446c948d636387edf,1,4,20,0,d0ce2733cfee87a079aaf8121b861fb4,559146a312ef26bd22d9f94331639fc1,flagship,4h,futures,aster,BNB,1,2024-10-29T00:00:00+00:00,2024-10-31T00:00:00+00:00,601.0998,579.157586729902,27.069121305420104,16277.751900224906,15671.016055358026,12.779412149203939,63.89494050005083,-606.7358448668801,-3.7273933684816574,stop,closed,2024-10-28T20:00:00+00:00,599.9,580.3182231762546,-3.2641734995408234,13
d85ad7e2888f47b79e6eead8595df555,521aec0492a4a3fcad91a8ad8c034711,1,4,20,0,4f238264b78d92f5cdf2d7ef6c55bd71,559146a312ef26bd22d9f94331639fc1,flagship,4h,spot,aster,BNB,0,2024-10-29T00:00:00+00:00,2024-10-31T00:00:00+00:00,601.0998,579.157586729902,27.11079574759915,16302.812419283387,15695.14247029101,12.799086776491805,63.993310372251656,-607.6699489923776,-3.7273933684816853,stop,closed,2024-10-28T20:00:00+00:00,599.9,580.3182231762546,-3.2641734995408234,13
d85ad7e2888f47b79e6eead8595df555,86ec0d3b83330c9446c948d636387edf,1,4,20,0,cbf2781679d1bff2918bda408e8e2e04,430f1d6146cb32addd4203e976ace8cd,flagship,4h,futures,aster,ETH,1,2024-10-29T04:00:00+00:00,2024-10-31T16:00:00+00:00,2612.1639,2505.35924,6.235577250203968,16294.86512855953,15616.112136100091,12.764284347670552,63.81901305957254,-678.7529924594382,-4.165440996929811,trend_break,closed,2024-10-29T00:00:00+00:00,2606.95,2510.38,-3.704328813364266,16
d85ad7e2888f47b79e6eead8595df555,521aec0492a4a3fcad91a8ad8c034711,1,4,20,0,88f0a80cf838b10ccf615cf997ac1b80,430f1d6146cb32addd4203e976ace8cd,flagship,4h,spot,aster,ETH,1,2024-10-29T04:00:00+00:00,2024-10-31T16:00:00+00:00,2612.1639,2505.35924,6.245177273811478,16319.95199440026,15640.154023346247,12.783935684852944,63.91726603718739,-679.797971054013,-4.165440996929813,trend_break,closed,2024-10-29T00:00:00+00:00,2606.95,2510.38,-3.704328813364266,16
d85ad7e2888f47b79e6eead8595df555,86ec0d3b83330c9446c948d636387edf,1,4,20,0,8ccfdd944eff202d1ffe0c4ef4b6649f,d7bc8506c7c967e6929b1f8568e3ddc3,flagship,4h,futures,aster,ADA,1,2024-11-06T04:00:00+00:00,2024-12-18T20:00:00+00:00,0.3586158,0.9656648,35882.958506549956,12873.343149541693,34637.04958565601,19.00764232833163,95.12572300086393,21763.706436114313,169.060252517926,trend_break,closed,2024-11-06T00:00:00+00:00,0.3579,0.9676,170.3548477228276,257
d85ad7e2888f47b79e6eead8595df555,86ec0d3b83330c9446c948d636387edf,1,4,20,0,8542fda558a2ab35094ab85e5ae18fd0,5e88ef2788166277bd1e6c4a4c202286,flagship,4h,futures,aster,BNB,1,2024-11-06T04:00:00+00:00,2024-11-15T20:00:00+00:00,583.0638,580.7361999999999,27.465511725129396,16020.551293652661,15943.836823542966,12.785745018282237,63.92872509141118,-76.71447010969496,-0.4788503760172673,be_stop,closed,2024-11-06T00:00:00+00:00,581.9,581.9,0,59
d85ad7e2888f47b79e6eead8595df555,86ec0d3b83330c9446c948d636387edf,1,4,20,0,ad0e3b4026561aead5a2d73558e4866e,473a4094bad24b736978aaf32fe6598f,flagship,4h,futures,aster,ETH,1,2024-11-06T04:00:00+00:00,2024-12-19T12:00:00+00:00,2584.158,3606.59236,5.316137128911271,13743.233386089403,19165.470298022192,13.16435113784673,65.8437606693286,5422.236911932789,39.45386620168335,trend_break,closed,2024-11-06T00:00:00+00:00,2579,3613.82,40.12485459480419,261
d85ad7e2888f47b79e6eead8595df555,86ec0d3b83330c9446c948d636387edf,1,4,20,0,7da16412d39675e7f07bf4fa2da2777b,965a3bbced3d1a9dce98b6eb2bd9abe2,flagship,4h,futures,aster,SOL,1,2024-11-06T04:00:00+00:00,2024-12-09T16:00:00+00:00,184.42812,221.58594,58.21398303809702,10740.589967607893,12894.240392579726,9.454278240827563,47.28023274388164,2153.6504249718328,20.05150956760233,trend_break,closed,2024-11-06T00:00:00+00:00,184.06,222.03,20.629142670868195,202
d85ad7e2888f47b79e6eead8595df555,86ec0d3b83330c9446c948d636387edf,1,4,20,0,e518b021706f30d87fd1f05d66416d01,1dbec95a0cfa47df1e1ec48accf81668,flagship,4h,futures,aster,XRP,1,2024-11-06T04:00:00+00:00,2024-11-06T12:00:00+00:00,0.5332644,0.5295388,30030.404496153318,16020.551293652661,15895.903454663468,12.766563998322454,63.83262779702349,-124.64783898919268,-0.7780496232896686,trend_break,closed,2024-11-06T00:00:00+00:00,0.5322,0.5306,-0.3006388575723551,3
d85ad7e2888f47b79e6eead8595df555,521aec0492a4a3fcad91a8ad8c034711,1,4,20,0,4c2c22f877aeba8de32eaced2c9e0133,d7bc8506c7c967e6929b1f8568e3ddc3,flagship,4h,spot,aster,ADA,1,2024-11-06T04:00:00+00:00,2024-12-18T20:00:00+00:00,0.3586158,0.9656648,35938.20234925255,12893.162388913497,34690.375281156914,19.036905667995832,95.2721744278685,21797.212892243417,169.060252517926,trend_break,closed,2024-11-06T00:00:00+00:00,0.3579,0.9676,170.3548477228276,257
d85ad7e2888f47b79e6eead8595df555,521aec0492a4a3fcad91a8ad8c034711,1,4,20,0,885bee9801b3ac5ec3c2a47c34b5cdf8,5e88ef2788166277bd1e6c4a4c202286,flagship,4h,spot,aster,BNB,0,2024-11-06T04:00:00+00:00,2024-11-15T20:00:00+00:00,583.0638,580.7361999999999,27.50953155479738,16046.227929361894,15969.390506585556,12.806237129389277,64.03118564694638,-76.83742277633792,-0.47885037601727176,be_stop,closed,2024-11-06T00:00:00+00:00,581.9,581.9,0,59
d85ad7e2888f47b79e6eead8595df555,521aec0492a4a3fcad91a8ad8c034711,1,4,20,0,85e5ffe19a567ce1aa4dedccf7189a23,473a4094bad24b736978aaf32fe6598f,flagship,4h,spot,aster,ETH,1,2024-11-06T04:00:00+00:00,2024-12-19T12:00:00+00:00,2584.158,3606.59236,5.324608106678911,13765.132487193456,19196.00944117521,13.185327821312555,65.94867915040659,5430.876953981755,39.453866201683354,trend_break,closed,2024-11-06T00:00:00+00:00,2579,3613.82,40.12485459480419,261
d85ad7e2888f47b79e6eead8595df555,521aec0492a4a3fcad91a8ad8c034711,1,4,20,0,7e33fe33b8c3ec2edf1ccb3194e1fcfe,965a3bbced3d1a9dce98b6eb2bd9abe2,flagship,4h,spot,aster,SOL,1,2024-11-06T04:00:00+00:00,2024-12-09T16:00:00+00:00,184.42812,221.58594,58.33422268161971,10762.774409240814,12920.873149649193,9.473805835163404,47.377888977557895,2158.098740408379,20.05150956760235,trend_break,closed,2024-11-06T00:00:00+00:00,184.06,222.03,20.629142670868195,202
d85ad7e2888f47b79e6eead8595df555,521aec0492a4a3fcad91a8ad8c034711,1,4,20,0,671aa75f89fe7eddf208d2d2c5231e80,1dbec95a0cfa47df1e1ec48accf81668,flagship,4h,spot,aster,XRP,0,2024-11-06T04:00:00+00:00,2024-11-06T12:00:00+00:00,0.5332644,0.5295388,30074.450136927742,16044.048661041728,15919.218000874083,12.785288737506896,63.92625121105361,-124.83066016764496,-0.7780496232896603,trend_break,closed,2024-11-06T00:00:00+00:00,0.5322,0.5306,-0.3006388575723551,3
d85ad7e2888f47b79e6eead8595df555,86ec0d3b83330c9446c948d636387edf,1,4,20,0,3eb5792423e8230dea2de6fee0a91d4a,94e1592e3b233f4aa114e8fb19fe619b,flagship,4h,futures,aster,XRP,1,2024-11-07T04:00:00+00:00,2024-12-20T08:00:00+00:00,0.5622222,1.9642636,25820.054614255187,14522.414552510441,50697.10647142199,26.093600535256083,130.6133282716713,36174.69191891155,249.09557421123304,trend_break,closed,2024-11-07T00:00:00+00:00,0.5611,1.9682,250.77526287649258,260
d85ad7e2888f47b79e6eead8595df555,521aec0492a4a3fcad91a8ad8c034711,1,4,20,0,880fe2fb49dd9eb75473ece8dc41cc11,94e1592e3b233f4aa114e8fb19fe619b,flagship,4h,spot,aster,XRP,0,2024-11-07T04:00:00+00:00,2024-12-20T08:00:00+00:00,0.5622222,1.9642636,25859.86763720773,14544.807271369613,50775.27846190492,26.13383535011396,130.81472642957905,36230.4711905353,249.095574211233,trend_break,closed,2024-11-07T00:00:00+00:00,0.5611,1.9682,250.77526287649258,260
d85ad7e2888f47b79e6eead8595df555,86ec0d3b83330c9446c948d636387edf,1,4,20,0,edda9f5f46c93ab8b0fe3c46e2fa5d9d,75db89637d4ec4cc00f3d2eef96c8926,flagship,4h,futures,aster,BNB,1,2024-11-22T04:00:00+00:00,2024-11-26T16:00:00+00:00,636.9213,608.2311000000001,28.732730461561925,18307.808233342872,17469.149798537463,14.310651317106775,71.55024539538151,-838.6584348054093,-4.580878410546233,trend_break,closed,2024-11-22T00:00:00+00:00,635.65,609.45,-4.121765122315724,28
d85ad7e2888f47b79e6eead8595df555,521aec0492a4a3fcad91a8ad8c034711,1,4,20,0,4d9f63725cff7f86042257705992ed69,75db89637d4ec4cc00f3d2eef96c8926,flagship,4h,spot,aster,BNB,0,2024-11-22T04:00:00+00:00,2024-11-26T16:00:00+00:00,636.9213,608.2311000000001,28.777549705416927,18336.36598293644,17496.399352345365,14.332974032727673,71.66185427642924,-839.966630591076,-4.580878410546217,trend_break,closed,2024-11-22T00:00:00+00:00,635.65,609.45,-4.121765122315724,28
d85ad7e2888f47b79e6eead8595df555,86ec0d3b83330c9446c948d636387edf,1,4,20,0,87cf7d1d26c4d4e64ea98a6f22ec654a,de72208ee20632128914d7d71b0f5e8a,flagship,4h,futures,aster,BNB,1,2024-12-03T20:00:00+00:00,2024-12-05T00:00:00+00:00,692.8329,690.0671000000001,30.558306295828814,21180.268690015346,21078.846893751743,16.903632710600668,84.51816355300333,-101.42179626360303,-0.4788503760172532,be_stop,closed,2024-12-03T16:00:00+00:00,691.45,691.45,0,8
d85ad7e2888f47b79e6eead8595df555,521aec0492a4a3fcad91a8ad8c034711,1,4,20,0,226e153f97fea0899eb577d5c51a2bfa,de72208ee20632128914d7d71b0f5e8a,flagship,4h,spot,aster,BNB,0,2024-12-03T20:00:00+00:00,2024-12-05T00:00:00+00:00,692.8329,690.0671000000001,30.605703179812902,21213.11994584524,21111.54084121957,16.929850770945308,84.64925385472652,-101.57910462567088,-0.4788503760172533,be_stop,closed,2024-12-03T16:00:00+00:00,691.45,691.45,0,8
d85ad7e2888f47b79e6eead8595df555,86ec0d3b83330c9446c948d636387edf,1,4,20,0,f58d59dbb864500fe160a49b0cef39db,fe58286f298800543de0cd21ad09e5eb,flagship,4h,futures,aster,ADA,1,2025-01-07T12:00:00+00:00,2025-01-07T12:00:00+00:00,1.1343642,1.0495799389195413,17926.036597040038,20342.788025237474,18807.28247323211,15.659785024065119,78.2931589098933,-1535.5055520053647,-7.548156870633467,stop,closed,2025-01-07T08:00:00+00:00,1.1321,1.0516833055306025,-7.103320772846711,1
d85ad7e2888f47b79e6eead8595df555,521aec0492a4a3fcad91a8ad8c034711,1,4,20,0,ec7b99b82e9e26593372e7ab38734fb0,fe58286f298800543de0cd21ad09e5eb,flagship,4h,spot,aster,ADA,1,2025-01-07T12:00:00+00:00,2025-01-07T12:00:00+00:00,1.1343642,1.0495799389195413,17953.82054931191,20374.317752877512,18836.432287568994,15.684056463953187,78.41450717215923,-1537.8854653085182,-7.548156870633467,stop,closed,2025-01-07T08:00:00+00:00,1.1321,1.0516833055306025,-7.103320772846711,1
d85ad7e2888f47b79e6eead8595df555,86ec0d3b83330c9446c948d636387edf,1,4,20,0,fa2e6a49bdb646d631daa70204aa691d,746a7d73ce49f0a8f8a4f1a3b334c875,flagship,4h,futures,aster,XRP,1,2025-01-15T04:00:00+00:00,2025-01-27T04:00:00+00:00,2.8391669999999998,2.827833,5793.092077224159,16454.13487595773,16375.34418923382,13.131781120651723,65.6589056032586,-78.79068672391077,-0.4788503760172603,be_stop,closed,2025-01-15T00:00:00+00:00,2.8335,2.8335,0,73
d85ad7e2888f47b79e6eead8595df555,521aec0492a4a3fcad91a8ad8c034711,1,4,20,0,8e5e617351703c3b942f38e4c42161a8,746a7d73ce49f0a8f8a4f1a3b334c875,flagship,4h,spot,aster,XRP,0,2025-01-15T04:00:00+00:00,2025-01-27T04:00:00+00:00,2.8391669999999998,2.827833,5802.0709160717115,16479.637495881198,16400.724689765895,13.152134352551357,65.76067176275677,-78.91280611530237,-0.4788503760172229,be_stop,closed,2025-01-15T00:00:00+00:00,2.8335,2.8335,0,73
d85ad7e2888f47b79e6eead8595df555,86ec0d3b83330c9446c948d636387edf,1,4,20,0,1c77492fa8566650c697450cb3232a57,28bc1e93cd24d3ead80332c0cfee8530,flagship,4h,futures,aster,BTC,1,2025-01-17T20:00:00+00:00,2025-01-19T20:00:00+00:00,106011.58998,101236.43950585673,0.2745199198213861,29113.93409871984,27780.302688447937,22.757484975039063,113.78263651004018,-1333.6314102719043,-4.580732393464286,stop,closed,2025-01-17T16:00:00+00:00,105799.99,101439.31814214101,-4.1216184026661935,13
d85ad7e2888f47b79e6eead8595df555,521aec0492a4a3fcad91a8ad8c034711,1,4,20,0,76aefec2a420884f1355ad00a2dd98c1,28bc1e93cd24d3ead80332c0cfee8530,flagship,4h,spot,aster,BTC,1,2025-01-17T20:00:00+00:00,2025-01-19T20:00:00+00:00,106011.58998,101236.43950585673,0.2749454041892611,29159.058415579642,27823.359981108013,22.792757293766716,113.95899068208759,-1335.6984344716293,-4.580732393464281,stop,closed,2025-01-17T16:00:00+00:00,105799.99,101439.31814214101,-4.1216184026661935,13
d85ad7e2888f47b79e6eead8595df555,86ec0d3b83330c9446c948d636387edf,1,4,20,0,b902e6de2bbe44a684656621231a2019,3428472c0ac16f7c51325a0f6a9ecaba,flagship,4h,futures,aster,SOL,1,2025-04-22T16:00:00+00:00,2025-05-10T16:00:00+00:00,145.60062,145.01938,164.31745286166606,23934.29290268474,23819.68345112317,19.101575260262955,95.50787630131478,-114.60945156157322,-0.478850376017239,be_stop,closed,2025-04-22T12:00:00+00:00,145.31,145.31,0,109
d85ad7e2888f47b79e6eead8595df555,521aec0492a4a3fcad91a8ad8c034711,1,4,20,0,6eff879cd2c87ef38a1729a437c1be19,3428472c0ac16f7c51325a0f6a9ecaba,flagship,4h,spot,aster,SOL,1,2025-04-22T16:00:00+00:00,2025-05-10T16:00:00+00:00,145.60062,145.01938,164.57213203980058,23971.389181500712,23856.602094268543,19.13118120536274,95.6559060268137,-114.78708723216914,-0.47885037601722746,be_stop,closed,2025-04-22T12:00:00+00:00,145.31,145.31,0,109
d85ad7e2888f47b79e6eead8595df555,86ec0d3b83330c9446c948d636387edf,1,4,20,0,15f29cb691d53c06861d36839ebc582a,c23a97abe8ad6112259449c60bd63dfa,flagship,4h,futures,aster,ADA,1,2025-05-08T04:00:00+00:00,2025-05-19T00:00:00+00:00,0.7030032,0.7262446,28784.255855812182,20243.518145845206,20896.048616149856,16.45593374262267,82.2826737894247,652.5304703046495,3.223404477440475,trend_break,closed,2025-05-08T00:00:00+00:00,0.7016,0.7277,3.720068415051303,66
d85ad7e2888f47b79e6eead8595df555,521aec0492a4a3fcad91a8ad8c034711,1,4,20,0,2cb6519b50d741892bbac89b8ba9d861,c23a97abe8ad6112259449c60bd63dfa,flagship,4h,spot,aster,ADA,1,2025-05-08T04:00:00+00:00,2025-05-19T00:00:00+00:00,0.7030032,0.7262446,28828.86919722482,20274.894012949695,20928.435854359424,16.481439150648537,82.41020548718686,653.5418414097294,3.2234044774404653,trend_break,closed,2025-05-08T00:00:00+00:00,0.7016,0.7277,3.720068415051303,66
d85ad7e2888f47b79e6eead8595df555,86ec0d3b83330c9446c948d636387edf,1,4,20,0,b7612e3bd5d4884bf47f2125888e9f13,06b10efae9ea6f80d93b26d1fa4de567,flagship,4h,futures,aster,BNB,1,2025-05-08T16:00:00+00:00,2025-06-05T16:00:00+00:00,622.87326,620.38674,46.54502528415107,29003.248296175814,28864.366132652358,23.147027253909467,115.73513626954733,-138.88216352345626,-0.4788503760172559,be_stop,closed,2025-05-08T12:00:00+00:00,621.63,621.63,0,169
d85ad7e2888f47b79e6eead8595df555,521aec0492a4a3fcad91a8ad8c034711,1,4,20,0,5dea12646648ef0508e5dc8aba5c2754,06b10efae9ea6f80d93b26d1fa4de567,flagship,4h,spot,aster,BNB,0,2025-05-08T16:00:00+00:00,2025-06-05T16:00:00+00:00,622.87326,620.38674,46.61716642667231,29048.201058713592,28909.103638717694,23.18290333264985,115.91451666324923,-139.09741999589824,-0.47885037601725483,be_stop,closed,2025-05-08T12:00:00+00:00,621.63,621.63,0,169
d85ad7e2888f47b79e6eead8595df555,86ec0d3b83330c9446c948d636387edf,1,4,20,0,656fa3221437ef8fa40f9772499a08af,7867c76c67a7660f8d572d4400141492,flagship,4h,futures,aster,SOL,1,2025-05-13T20:00:00+00:00,2025-05-17T00:00:00+00:00,181.71269999999998,164.31248745528652,87.77126590259424,15955.533371062167,14416.14626154361,12.148427494853188,60.7362714646237,-1539.3871095185568,-9.647982763838368,stop,closed,2025-05-13T16:00:00+00:00,181.35,164.64177099728107,-9.21325007042676,20
d85ad7e2888f47b79e6eead8595df555,521aec0492a4a3fcad91a8ad8c034711,1,4,20,0,6c868f0a8667197884075f49cd236389,7867c76c67a7660f8d572d4400141492,flagship,4h,spot,aster,SOL,1,2025-05-13T20:00:00+00:00,2025-05-17T00:00:00+00:00,181.71269999999998,164.31248745528652,87.9073044881164,15980.26319771705,14438.490158785304,12.16725660567577,60.83040792688125,-1541.7730389317458,-9.64798276383836,stop,closed,2025-05-13T16:00:00+00:00,181.35,164.64177099728107,-9.21325007042676,20
d85ad7e2888f47b79e6eead8595df555,86ec0d3b83330c9446c948d636387edf,1,4,20,0,a700ea55b2babe6c56575fb98c25f06c,a1ca7c35bce27a6ad62b6aae6252dc86,flagship,4h,futures,aster,BNB,1,2025-06-10T00:00:00+00:00,2025-06-13T00:00:00+00:00,667.85304,647.36268,37.224598785789084,24870.505686454297,24088.17690548041,19.583350997505086,97.91409566218817,-782.3287809738868,-3.145608661266512,trend_break,closed,2025-06-09T20:00:00+00:00,666.52,648.66,-2.6795895096921374,19
d85ad7e2888f47b79e6eead8595df555,521aec0492a4a3fcad91a8ad8c034711,1,4,20,0,b6e4ca0d64a01577d68bd482f1d05381,a1ca7c35bce27a6ad62b6aae6252dc86,flagship,4h,spot,aster,BNB,0,2025-06-10T00:00:00+00:00,2025-06-13T00:00:00+00:00,667.85304,647.36268,37.28229399746654,24909.053021735534,24125.511692444354,19.613703657251854,98.06585483917607,-783.5413292911799,-3.145608661266509,trend_break,closed,2025-06-09T20:00:00+00:00,666.52,648.66,-2.6795895096921374,19
d85ad7e2888f47b79e6eead8595df555,86ec0d3b83330c9446c948d636387edf,1,4,20,0,9c99a975c82384da47e3c962cbb93fa2,dd2b47464d434f17688c49b782d4e276,flagship,4h,futures,aster,BTC,1,2025-06-16T20:00:00+00:00,2025-06-17T08:00:00+00:00,108992.50992000001,105581.61440859239,0.2561147857718425,27925.759166227777,27030.196150679636,21.982242353839254,109.90815707873182,-895.5630155481413,-3.206942415485689,stop,closed,2025-06-16T16:00:00+00:00,108774.96,105793.20081021282,-2.7412183739595863,4
d85ad7e2888f47b79e6eead8595df555,521aec0492a4a3fcad91a8ad8c034711,1,4,20,0,d92aef3e79a909e4b06a50d5a2ebe927,dd2b47464d434f17688c49b782d4e276,flagship,4h,spot,aster,BTC,1,2025-06-16T20:00:00+00:00,2025-06-17T08:00:00+00:00,108992.50992000001,105581.61440859239,0.25651174362393014,27969.041905032318,27072.09083697487,22.016313107242084,110.07850611121506,-896.9510680574494,-3.206942415485694,stop,closed,2025-06-16T16:00:00+00:00,108774.96,105793.20081021282,-2.7412183739595863,4
d85ad7e2888f47b79e6eead8595df555,86ec0d3b83330c9446c948d636387edf,1,4,20,0,55f0efc321f003bdfce446dafcb3c55b,c14dc4d6dff67591bfa27f373ba8511d,flagship,4h,futures,aster,BNB,1,2025-07-09T20:00:00+00:00,2025-10-17T04:00:00+00:00,670.7388,1063.34904,41.350643090554165,27746.574918076905,43952.57856706992,28.682258943804,143.47680736988121,16206.003648993013,58.40722214126254,trend_break,closed,2025-07-09T16:00:00+00:00,669.4,1065.48,59.169405437705414,597
d85ad7e2888f47b79e6eead8595df555,86ec0d3b83330c9446c948d636387edf,1,4,20,0,dda99d74a54c5c6b06ee9ef270cc27d3,1c1f0357b203c81442bd983ce959615e,flagship,4h,futures,aster,BTC,1,2025-07-09T20:00:00+00:00,2025-08-01T16:00:00+00:00,112124.66172,113143.39972,0.24736289323260746,27746.574918076905,27976.283713430625,22.28918377227967,111.44737264280543,229.70879535371932,0.8278816251445289,trend_break,closed,2025-07-09T16:00:00+00:00,111900.86,113370.14,1.3130193994934425,138
d85ad7e2888f47b79e6eead8595df555,86ec0d3b83330c9446c948d636387edf,1,4,20,0,3168c0dc9e45ccfa9da732b4d982cb02,e384285273cb0ff462a9b6a1fd5c29bb,flagship,4h,futures,aster,ETH,1,2025-07-09T20:00:00+00:00,2025-09-22T00:00:00+00:00,2772.4037399999997,4300.47182,10.004127582725953,27746.574918076905,43005.2597656964,28.303179791593706,141.57761322053108,15258.684847619494,54.993039294657066,trend_break,closed,2025-07-09T16:00:00+00:00,2766.87,4309.09,55.738795100601045,446
d85ad7e2888f47b79e6eead8595df555,521aec0492a4a3fcad91a8ad8c034711,1,4,20,0,f2bce2aa6287d894d7007e11136b4ebe,c14dc4d6dff67591bfa27f373ba8511d,flagship,4h,spot,aster,BNB,0,2025-07-09T20:00:00+00:00,2025-10-17T04:00:00+00:00,670.7388,1063.34904,41.414733347640265,27789.57993533538,44020.70162029044,28.726714197994195,143.6991851803083,16231.121684955062,58.40722214126255,trend_break,closed,2025-07-09T16:00:00+00:00,669.4,1065.48,59.169405437705414,597
d85ad7e2888f47b79e6eead8595df555,521aec0492a4a3fcad91a8ad8c034711,1,4,20,0,a6aefe5aaabd62e92bc08cc0a93b256c,1c1f0357b203c81442bd983ce959615e,flagship,4h,spot,aster,BTC,1,2025-07-09T20:00:00+00:00,2025-08-01T16:00:00+00:00,112124.66172,113143.39972,0.24753448637318765,27765.822436847066,27995.69057887198,22.304645553933632,111.52468255954871,229.86814202491587,0.8278816251445366,trend_break,closed,2025-07-09T16:00:00+00:00,111900.86,113370.14,1.3130193994934425,138
d85ad7e2888f47b79e6eead8595df555,521aec0492a4a3fcad91a8ad8c034711,1,4,20,0,63329398241dfef6526faf9cf5dbad41,e384285273cb0ff462a9b6a1fd5c29bb,flagship,4h,spot,aster,ETH,1,2025-07-09T20:00:00+00:00,2025-09-22T00:00:00+00:00,2772.4037399999997,4300.47182,9.998668287776868,27731.433494194403,42981.79161262842,28.287734626065618,141.50035371515523,15250.358118434015,54.99303929465705,trend_break,closed,2025-07-09T16:00:00+00:00,2766.87,4309.09,55.738795100601045,446
d85ad7e2888f47b79e6eead8595df555,86ec0d3b83330c9446c948d636387edf,1,4,20,0,4df062fbde1b94586ee95389d9a77c2c,550ec61e3b099d55fcbc9cb3e138f0c3,flagship,4h,futures,aster,BTC,1,2025-08-11T04:00:00+00:00,2025-08-11T20:00:00+00:00,121876.10568,118068.5628408417,0.26213203088232345,31960.410150366246,30937.17233996273,25.158873303501657,125.79087736526934,-1023.237810403516,-3.2015790961049055,stop,closed,2025-08-11T00:00:00+00:00,121632.84,118305.17318721613,-2.73582924873238,5
d85ad7e2888f47b79e6eead8595df555,521aec0492a4a3fcad91a8ad8c034711,1,4,20,0,40ef97ab5b79106367c0c7eaee7e92a6,550ec61e3b099d55fcbc9cb3e138f0c3,flagship,4h,spot,aster,BTC,1,2025-08-11T04:00:00+00:00,2025-08-11T20:00:00+00:00,121876.10568,118068.5628408417,0.2624865685151218,32003.637100235115,30979.015344840715,25.192901069413644,125.96101147569682,-1024.6217553944007,-3.201579096104903,stop,closed,2025-08-11T00:00:00+00:00,121632.84,118305.17318721613,-2.73582924873238,5
d85ad7e2888f47b79e6eead8595df555,86ec0d3b83330c9446c948d636387edf,1,4,20,0,8e30e32ccbb663fa5a91a961686b8574,a21ec624874beaf5cab407dc9dcda910,flagship,4h,futures,aster,SOL,1,2025-08-12T20:00:00+00:00,2025-08-19T04:00:00+00:00,191.1816,177.75743245229404,128.10506935096146,24501.128659478425,22762.519560665194,18.9051841354311,94.51941993917654,-1738.609098813231,-7.096036770292368,stop,closed,2025-08-12T16:00:00+00:00,190.8,178.11365977183772,-6.6490252768146245,39
d85ad7e2888f47b79e6eead8595df555,521aec0492a4a3fcad91a8ad8c034711,1,4,20,0,cd65df142dd1cafce2862f3874806546,a21ec624874beaf5cab407dc9dcda910,flagship,4h,spot,aster,SOL,1,2025-08-12T20:00:00+00:00,2025-08-19T04:00:00+00:00,191.1816,177.75743245229404,128.27361828776432,24533.36500427686,22792.468402583338,18.930057848097064,94.64377994942973,-1740.8966016935228,-7.096036770292356,stop,closed,2025-08-12T16:00:00+00:00,190.8,178.11365977183772,-6.6490252768146245,39
d85ad7e2888f47b79e6eead8595df555,86ec0d3b83330c9446c948d636387edf,1,4,20,0,4af89ba8f347b32c312378d3dd431fb0,509d4235f6a79d575971b7010404bb6f,flagship,4h,futures,aster,BTC,1,2025-08-22T16:00:00+00:00,2025-08-23T00:00:00+00:00,116766.53694,115572.95088,0.2847299119926759,33260.224556930385,32893.913302343135,26.4616007677648,132.30717366890337,-366.31125458725,-1.10134931278124,trend_break,closed,2025-08-22T12:00:00+00:00,116533.47,115804.56,-0.625494117698544,3
d85ad7e2888f47b79e6eead8595df555,86ec0d3b83330c9446c948d636387edf,1,4,20,0,4efe099128b9df68937d77297e323b99,c14644b94e7aedf9be1ed2488bd7bb6e,flagship,4h,futures,aster,SOL,1,2025-08-22T16:00:00+00:00,2025-09-22T16:00:00+00:00,194.388,216.60592,110.87371553607811,21561.1408235534,24006.296796247487,18.227369189255057,91.1470640678991,2445.155972694087,11.340568630872246,trend_break,closed,2025-08-22T12:00:00+00:00,194,217.04,11.876288659793822,187
d85ad7e2888f47b79e6eead8595df555,521aec0492a4a3fcad91a8ad8c034711,1,4,20,0,418227557a4527892584d9b91a805309,509d4235f6a79d575971b7010404bb6f,flagship,4h,spot,aster,BTC,1,2025-08-22T16:00:00+00:00,2025-08-23T00:00:00+00:00,116766.53694,115572.95088,0.285097231025464,33303.13228456977,32936.34846601904,26.49573785414261,132.47785802982239,-366.7838185507353,-1.1013493127812366,trend_break,closed,2025-08-22T12:00:00+00:00,116533.47,115804.56,-0.625494117698544,3
d85ad7e2888f47b79e6eead8595df555,521aec0492a4a3fcad91a8ad8c034711,1,4,20,0,d0b334a194295c9b88239bcd403cdf3e,c14644b94e7aedf9be1ed2488bd7bb6e,flagship,4h,spot,aster,SOL,1,2025-08-22T16:00:00+00:00,2025-09-22T16:00:00+00:00,194.388,216.60592,110.98191296413617,21582.18151811141,24029.723625212257,18.24515658329166,91.23601100955706,2447.542107100846,11.340568630872227,trend_break,closed,2025-08-22T12:00:00+00:00,194,217.04,11.876288659793822,187
d85ad7e2888f47b79e6eead8595df555,86ec0d3b83330c9446c948d636387edf,1,4,20,0,a266555340c347717f6265bc2215c1b3,a22eb39aef03de001fe698b8f3a82e58,flagship,4h,futures,aster,XRP,1,2025-09-18T00:00:00+00:00,2025-09-20T16:00:00+00:00,3.09117,2.9711458,11211.11340041006,34669.319592909545,33296.52855195489,27.186123961159055,135.92578108925164,-1372.791040954653,-3.9596711359614094,trend_break,closed,2025-09-17T20:00:00+00:00,3.085,2.9771,-3.4975688816855754,17
d85ad7e2888f47b79e6eead8595df555,521aec0492a4a3fcad91a8ad8c034711,1,4,20,0,e82a9100fdd16917845df4d5c1117674,a22eb39aef03de001fe698b8f3a82e58,flagship,4h,spot,aster,XRP,0,2025-09-18T00:00:00+00:00,2025-09-20T16:00:00+00:00,3.09117,2.9711458,11225.819456846819,34714.79669695335,33340.204912236404,27.22178506447596,136.1040802587022,-1374.5917847169476,-3.959671135961412,trend_break,closed,2025-09-17T20:00:00+00:00,3.085,2.9771,-3.4975688816855754,17
d85ad7e2888f47b79e6eead8595df555,86ec0d3b83330c9446c948d636387edf,1,4,20,0,52aa2cc5e6a28ff4210a52be719dd7e6,d0d77e541e55c528bc055b2b1633433c,flagship,4h,futures,aster,XRP,1,2025-10-02T20:00:00+00:00,2025-10-04T12:00:00+00:00,3.0939756000000003,2.94402374141875,10947.617323671808,33885.20954192891,32217.153294731856,26.440682476173954,132.1973747081097,-1668.0562471970552,-4.922667646877126,stop,closed,2025-10-02T16:00:00+00:00,3.0878,2.949923588595942,-4.46519889254674,11
d85ad7e2888f47b79e6eead8595df555,521aec0492a4a3fcad91a8ad8c034711,1,4,20,0,1e2fca9de144d5c726955ce497b9951f,d0d77e541e55c528bc055b2b1633433c,flagship,4h,spot,aster,XRP,0,2025-10-02T20:00:00+00:00,2025-10-04T12:00:00+00:00,3.0939756000000003,2.94402374141875,10962.481475873154,33931.21726188425,32260.896207541886,26.476582372654942,132.3768659928508,-1670.3210543423666,-4.922667646877137,stop,closed,2025-10-02T16:00:00+00:00,3.0878,2.949923588595942,-4.46519889254674,11
d85ad7e2888f47b79e6eead8595df555,86ec0d3b83330c9446c948d636387edf,1,4,20,0,319941e80e15b563ad028b565b303846,1c8dca92e4090c178bdbf07dd4c51851,flagship,4h,futures,aster,ETH,1,2025-10-06T16:00:00+00:00,2025-10-07T12:00:00+00:00,4687.2357600000005,4475.746672790543,7.3904162174050745,34654.47942477521,33064.399743269794,27.087301588437214,135.43079769585717,-1590.0796815054127,-4.5883813807014855,stop,closed,2025-10-06T12:00:00+00:00,4677.88,4484.716105000544,-4.129304193340911,6
d85ad7e2888f47b79e6eead8595df555,521aec0492a4a3fcad91a8ad8c034711,1,4,20,0,baedccf9160c2f79403c58474d9225a0,1c8dca92e4090c178bdbf07dd4c51851,flagship,4h,spot,aster,ETH,1,2025-10-06T16:00:00+00:00,2025-10-07T12:00:00+00:00,4687.2357600000005,4475.746672790543,7.400495775556325,34701.74358829291,33109.49524670891,27.124245114145296,135.61550753637073,-1592.2483415840034,-4.588381380701485,stop,closed,2025-10-06T12:00:00+00:00,4677.88,4484.716105000544,-4.129304193340911,6
d85ad7e2888f47b79e6eead8595df555,86ec0d3b83330c9446c948d636387edf,1,4,20,0,a04337815fc18e36f48da641b530114d,e020d29958b5b1c0fbdff7d2bc5ae440,flagship,4h,futures,aster,SOL,1,2026-01-02T20:00:00+00:00,2026-01-03T04:00:00+00:00,131.82312,129.81984,224.64925623195765,29625.811448520966,29152.264927951685,23.51115854493114,117.5544628010588,-473.5465205692817,-1.5984254858036067,trend_break,closed,2026-01-02T16:00:00+00:00,131.56,130.08,-1.1249619945272071,3
d85ad7e2888f47b79e6eead8595df555,521aec0492a4a3fcad91a8ad8c034711,1,4,20,0,663caac9ca04e23829e644d2ca5fe99f,e020d29958b5b1c0fbdff7d2bc5ae440,flagship,4h,spot,aster,SOL,1,2026-01-02T20:00:00+00:00,2026-01-03T04:00:00+00:00,131.82312,129.81984,224.95398841938746,29665.998264531478,29191.809387653146,23.543050957541702,117.71392306009707,-474.18887687833194,-1.598425485803624,trend_break,closed,2026-01-02T16:00:00+00:00,131.56,130.08,-1.1249619945272071,3
d85ad7e2888f47b79e6eead8595df555,86ec0d3b83330c9446c948d636387edf,1,4,20,0,ed45ca6986b315621d82707937fb367f,42bf89a447ad47748ddb1cb274700313,flagship,4h,futures,aster,SOL,1,2026-01-12T04:00:00+00:00,2026-01-19T00:00:00+00:00,142.91526,135.60346489209894,230.32435478137586,32930.03179393174,31220.287445168684,25.659858242121686,128.29306804491853,-1709.7443487630553,-5.192051922276378,stop,closed,2026-01-12T00:00:00+00:00,142.63,135.87521532274442,-4.735879322201198,42
d85ad7e2888f47b79e6eead8595df555,521aec0492a4a3fcad91a8ad8c034711,1,4,20,0,272ba892c500446e48477a728cad3881,42bf89a447ad47748ddb1cb274700313,flagship,4h,spot,aster,SOL,1,2026-01-12T04:00:00+00:00,2026-01-19T00:00:00+00:00,142.91526,135.60346489209894,230.636785125585,32974.70071823183,31262.637135725992,25.69466532255638,128.46709500549318,-1712.0635825058343,-5.192051922276367,stop,closed,2026-01-12T00:00:00+00:00,142.63,135.87521532274442,-4.735879322201198,42
d85ad7e2888f47b79e6eead8595df555,86ec0d3b83330c9446c948d636387edf,1,4,20,0,53e24ce303f795bd17b9ca137b35f514,2a8fbd9d3ab3aa2db764fd1c9449cdca,flagship,4h,futures,aster,ADA,1,2026-01-13T16:00:00+00:00,2026-01-15T16:00:00+00:00,0.4070124,0.3906172,66253.35338569453,26976.72274410748,25869.347510374464,21.13825430387607,105.68734932085992,-1107.3752337330152,-4.1049286981121496,trend_break,closed,2026-01-13T12:00:00+00:00,0.4062,0.3914,-3.6435253569670034,13
d85ad7e2888f47b79e6eead8595df555,521aec0492a4a3fcad91a8ad8c034711,1,4,20,0,a8d6614afef54f7e169f8b931fbe34c6,2a8fbd9d3ab3aa2db764fd1c9449cdca,flagship,4h,spot,aster,ADA,1,2026-01-13T16:00:00+00:00,2026-01-15T16:00:00+00:00,0.4070124,0.3906172,66343.22472397724,27013.316124692774,25904.438758778502,21.166927919718432,105.83071207968851,-1108.8773659142716,-4.104928698112154,trend_break,closed,2026-01-13T12:00:00+00:00,0.4062,0.3914,-3.6435253569670034,13
d85ad7e2888f47b79e6eead8595df555,86ec0d3b83330c9446c948d636387edf,1,4,20,0,0c4dcaf9b5bd9ce989320d6a16d18564,53a8af8d387e7c836c00c43d5a9543e1,flagship,4h,futures,aster,BNB,1,2026-01-13T20:00:00+00:00,2026-01-19T00:00:00+00:00,946.32888,912.1902819532099,35.097320044949825,33226.893012166576,32002.628093897787,26.091616734697503,130.45381279553254,-1224.2649182687892,-3.6845603283475956,stop,closed,2026-01-13T16:00:00+00:00,944.44,914.0183185903907,-3.22113436635566,32
d85ad7e2888f47b79e6eead8595df555,521aec0492a4a3fcad91a8ad8c034711,1,4,20,0,ede53475ef14b5da6e9b95865f563a10,53a8af8d387e7c836c00c43d5a9543e1,flagship,4h,spot,aster,BNB,0,2026-01-13T20:00:00+00:00,2026-01-19T00:00:00+00:00,946.32888,912.1902819532099,35.144928852072596,33271.96462272485,32046.039013774083,26.12700948682366,130.63077076280348,-1225.925608950769,-3.6845603283476027,stop,closed,2026-01-13T16:00:00+00:00,944.44,914.0183185903907,-3.22113436635566,32
d85ad7e2888f47b79e6eead8595df555,86ec0d3b83330c9446c948d636387edf,1,4,20,0,cbbe09cccf358d32e84cfcc49d3cbd2c,d822a08a7535409bc19bf976810ee763,flagship,4h,futures,aster,BTC,1,2026-03-04T16:00:00+00:00,2026-03-05T16:00:00+00:00,73529.48544,70820.66481999999,0.3218211432400578,23672.808403380448,22782.47068246638,18.58197215341893,92.90674537108109,-890.3377209140672,-3.761014349218186,trend_break,closed,2026-03-04T12:00:00+00:00,73382.72,70962.59,-3.2979562491006087,7
d85ad7e2888f47b79e6eead8595df555,86ec0d3b83330c9446c948d636387edf,1,4,20,0,e9ae5295bb87a9281322e970aeca270d,a79d9379517b300eac2a84d1b1935a14,flagship,4h,futures,aster,SOL,1,2026-03-04T16:00:00+00:00,2026-03-04T20:00:00+00:00,93.17598,90.55852,186.35352451028922,17370.617741609298,16869.149016684943,13.695828659654294,68.47746611655089,-501.4687249243543,-2.886879052799281,trend_break,closed,2026-03-04T12:00:00+00:00,92.99,90.74,-2.419615012366916,2
d85ad7e2888f47b79e6eead8595df555,521aec0492a4a3fcad91a8ad8c034711,1,4,20,0,54ea2fa350442c08759596d7c2ba2958,d822a08a7535409bc19bf976810ee763,flagship,4h,spot,aster,BTC,1,2026-03-04T16:00:00+00:00,2026-03-05T16:00:00+00:00,73529.48544,70820.66481999999,0.32225768713334996,23704.920090765332,22813.374644680945,18.607178224055655,93.03277149829282,-891.5454460843866,-3.7610143492181765,trend_break,closed,2026-03-04T12:00:00+00:00,73382.72,70962.59,-3.2979562491006087,7
d85ad7e2888f47b79e6eead8595df555,521aec0492a4a3fcad91a8ad8c034711,1,4,20,0,95d5ef2bd651905c2f4277fc6ff9ec16,a79d9379517b300eac2a84d1b1935a14,flagship,4h,spot,aster,SOL,1,2026-03-04T16:00:00+00:00,2026-03-04T20:00:00+00:00,93.17598,90.55852,186.66285060855537,17399.451032659763,16897.14992549584,13.718562210055048,68.59113108461975,-502.301107163923,-2.886879052799282,trend_break,closed,2026-03-04T12:00:00+00:00,92.99,90.74,-2.419615012366916,2
d85ad7e2888f47b79e6eead8595df555,86ec0d3b83330c9446c948d636387edf,1,4,20,0,109e6a245e4bea31c772993673963fb0,660acc193b4df7c9f8f0859fdc835780,flagship,4h,futures,aster,SOL,1,2026-04-16T20:00:00+00:00,2026-04-19T00:00:00+00:00,90.29022,85.31156810184513,343.2406392761204,31003.669342314828,29270.684214056433,24.109468002442867,120.54098667352,-1732.985128258395,-5.589612987818702,stop,closed,2026-04-16T16:00:00+00:00,90.11,85.48253316818149,-5.135353270245824,14
d85ad7e2888f47b79e6eead8595df555,86ec0d3b83330c9446c948d636387edf,1,4,20,0,ff82cc7b02efca9eb8ab3bb004bfead7,782ab445962bb791c07a5f25f418556a,flagship,4h,futures,aster,XRP,1,2026-04-16T20:00:00+00:00,2026-04-19T20:00:00+00:00,1.466427,1.3950897843264218,21705.974357122395,31842.95894933536,30269.670371238935,24.844803977225858,124.21832298432476,-1573.2885780964243,-4.940773816276463,stop,closed,2026-04-16T16:00:00+00:00,1.4635,1.3978855554372964,-4.483392180574208,19
d85ad7e2888f47b79e6eead8595df555,521aec0492a4a3fcad91a8ad8c034711,1,4,20,0,b45c78d2371fd88f26bada8fd5d0c640,660acc193b4df7c9f8f0859fdc835780,flagship,4h,spot,aster,SOL,1,2026-04-16T20:00:00+00:00,2026-04-19T00:00:00+00:00,90.29022,85.31156810184513,343.70591014262527,31045.6955549747,29310.36132407518,24.142148960886843,120.70438285363787,-1735.3342308995198,-5.589612987818703,stop,closed,2026-04-16T16:00:00+00:00,90.11,85.48253316818149,-5.135353270245824,14
d85ad7e2888f47b79e6eead8595df555,521aec0492a4a3fcad91a8ad8c034711,1,4,20,0,2f74438b8efaa28bdb5faa10c4374274,782ab445962bb791c07a5f25f418556a,flagship,4h,spot,aster,XRP,0,2026-04-16T20:00:00+00:00,2026-04-19T20:00:00+00:00,1.466427,1.3950897843264218,21675.56696535763,31798.350892963812,30227.266298036546,24.809999472464874,124.04430844117631,-1571.0845949272662,-4.9407738162764545,stop,closed,2026-04-16T16:00:00+00:00,1.4635,1.3978855554372964,-4.483392180574208,19
d85ad7e2888f47b79e6eead8595df555,86ec0d3b83330c9446c948d636387edf,1,4,20,0,322d48122d144d84399f30b5f51387f9,93cc7f8cedf99df4923a73a057f74bae,flagship,4h,futures,aster,ADA,1,2026-05-05T08:00:00+00:00,2026-05-15T12:00:00+00:00,0.25881659999999995,0.257484,120428.79829702176,31181.439706167883,30996.085305230066,24.870984327212525,124.35477712150467,-185.35440093781654,-0.5944382385305714,trend_break,closed,2026-05-05T04:00:00+00:00,0.2583,0.258,-0.11614401858303092,62
d85ad7e2888f47b79e6eead8595df555,521aec0492a4a3fcad91a8ad8c034711,1,4,20,0,a43d653fd24415bff43e14ec2c5948ea,93cc7f8cedf99df4923a73a057f74bae,flagship,4h,spot,aster,ADA,1,2026-05-05T08:00:00+00:00,2026-05-15T12:00:00+00:00,0.25881659999999995,0.257484,120595.39351223191,31224.574560387715,31038.96374938228,24.905389611040576,124.52680334073067,-185.6108110054338,-0.5944382385305719,trend_break,closed,2026-05-05T04:00:00+00:00,0.2583,0.258,-0.11614401858303092,62
d85ad7e2888f47b79e6eead8595df555,86ec0d3b83330c9446c948d636387edf,1,4,20,0,695661c9a3bf9f738095581663ecf186,0cfdc7b903dff0974660c95bc6ea3983,flagship,4h,futures,aster,SOL,1,2026-05-05T20:00:00+00:00,2026-05-16T04:00:00+00:00,86.70306000000001,87.24516,360.26326497534797,31248.42184994508,31418.65370441867,25.06686146954005,125.33558988492356,170.23185447358992,0.544769445609264,trend_break,closed,2026-05-05T16:00:00+00:00,86.53,87.42,1.028545013290194,63
d85ad7e2888f47b79e6eead8595df555,521aec0492a4a3fcad91a8ad8c034711,1,4,20,0,72992c59e6b06a245ce507b36e89e47d,0cfdc7b903dff0974660c95bc6ea3983,flagship,4h,spot,aster,SOL,1,2026-05-05T20:00:00+00:00,2026-05-16T04:00:00+00:00,86.70306000000001,87.24516,360.76163527389446,31291.64936393413,31462.11670869603,25.101537720073264,125.50897291178788,170.46734476189886,0.5447694456092643,trend_break,closed,2026-05-05T16:00:00+00:00,86.53,87.42,1.028545013290194,63
d85ad7e2888f47b79e6eead8595df555,86ec0d3b83330c9446c948d636387edf,1,4,20,0,abb1e80e727e2d65418b0e887ddeb80f,d20ad756be0654d39cf870bf76f4ae17,flagship,4h,futures,aster,BNB,1,2026-05-06T12:00:00+00:00,2026-05-07T20:00:00+00:00,654.31602,636.0681215868032,48.186184296215856,31541.60392461753,30637.43585343684,24.871475223766396,124.35435634987356,-904.1680711806912,-2.8665887547811346,stop,closed,2026-05-06T08:00:00+00:00,653.01,637.3428072012056,-2.3992270866900034,9
d85ad7e2888f47b79e6eead8595df555,86ec0d3b83330c9446c948d636387edf,1,4,20,0,6e98954d47e2a6931ea9cd850380c5bb,f0b82100c2b1deefe8aff52c2b6948c6,flagship,4h,futures,aster,XRP,1,2026-05-06T12:00:00+00:00,2026-05-07T00:00:00+00:00,1.4540022000000001,1.4043978139884092,21684.281033196825,31541.603924617535,30441.17553817957,24.792939683447365,123.96089171901666,-1100.428386437965,-3.4888155626705606,stop,closed,2026-05-06T08:00:00+00:00,1.4511,1.4072122384653398,-3.0244477661539704,4
d85ad7e2888f47b79e6eead8595df555,521aec0492a4a3fcad91a8ad8c034711,1,4,20,0,9f7061aa2bab543663e8d665a0726e69,d20ad756be0654d39cf870bf76f4ae17,flagship,4h,spot,aster,BNB,0,2026-05-06T12:00:00+00:00,2026-05-07T20:00:00+00:00,654.31602,636.0681215868032,48.25284266910093,31585.237012119866,30679.81815975947,24.905881186676346,124.52638198702499,-905.4188523603952,-2.8665887547811293,stop,closed,2026-05-06T08:00:00+00:00,653.01,637.3428072012056,-2.3992270866900034,9
d85ad7e2888f47b79e6eead8595df555,521aec0492a4a3fcad91a8ad8c034711,1,4,20,0,d11fb333d2c5492952e04f65ef3fe06f,f0b82100c2b1deefe8aff52c2b6948c6,flagship,4h,spot,aster,XRP,0,2026-05-06T12:00:00+00:00,2026-05-07T00:00:00+00:00,1.4540022000000001,1.4043978139884092,21675.000458497325,31528.104550996784,30428.147132806567,24.782328645507015,123.90783815852951,-1099.9574181902171,-3.488815562670548,stop,closed,2026-05-06T08:00:00+00:00,1.4511,1.4072122384653398,-3.0244477661539704,4
d85ad7e2888f47b79e6eead8595df555,86ec0d3b83330c9446c948d636387edf,1,4,20,0,9017aad0967d70df22ca751f09d0c054,9e7d7a39c91f0b0d6b03dff23c86db3a,flagship,4h,futures,aster,XRP,1,2026-05-10T20:00:00+00:00,2026-05-12T12:00:00+00:00,1.4890722,1.4310456077776486,21517.00677635707,32053.192768532088,30779.501312611756,25.13287786308505,125.65989772070388,-1273.6914559203324,-3.973680453982003,stop,closed,2026-05-10T16:00:00+00:00,1.4861,1.4339134346469424,-3.511645606154201,11
d85ad7e2888f47b79e6eead8595df555,521aec0492a4a3fcad91a8ad8c034711,1,4,20,0,5b55525f2f757ef525a150b4ace40206,9e7d7a39c91f0b0d6b03dff23c86db3a,flagship,4h,spot,aster,XRP,0,2026-05-10T20:00:00+00:00,2026-05-12T12:00:00+00:00,1.4890722,1.4310456077776486,21547.040050835076,32097.932371317893,30822.463106546475,25.167958142936687,125.83529285062832,-1275.4692647714182,-3.973680453981994,stop,closed,2026-05-10T16:00:00+00:00,1.4861,1.4339134346469424,-3.511645606154201,11
d85ad7e2888f47b79e6eead8595df555,86ec0d3b83330c9446c948d636387edf,1,4,20,0,def5be55f9bc76bdf227bad77c3043e9,f234e0a59fb73fe86a4bf313a001e6cf,flagship,4h,futures,aster,ADA,1,2026-07-21T04:00:00+00:00,2026-07-23T16:00:00+00:00,0.1732458,0.16882168,160038.4672164571,27737.082680602358,27007.155714947166,21.897582073518436,109.48551619212262,-729.9269656551915,-2.6315924210935795,trend_break,closed,2026-07-21T00:00:00+00:00,0.1729,0.16916,-2.1631000578368975,16
d85ad7e2888f47b79e6eead8595df555,521aec0492a4a3fcad91a8ad8c034711,1,4,20,0,16d4e59e37fbfe63d3be27d036a496c6,f234e0a59fb73fe86a4bf313a001e6cf,flagship,4h,spot,aster,ADA,1,2026-07-21T04:00:00+00:00,2026-07-23T16:00:00+00:00,0.1732458,0.16882168,160261.93092621292,27775.81231542964,27044.86614363962,21.92815794074549,109.63839218524079,-730.9461717900194,-2.631592421093565,trend_break,closed,2026-07-21T00:00:00+00:00,0.1729,0.16916,-2.1631000578368975,16
d85ad7e2888f47b79e6eead8595df555,86ec0d3b83330c9446c948d636387edf,1,4,20,0,585f7b71b2ba03887df929c8a8c59992,98a0eba024adb6c06b5523c345e60e56,flagship,4h,futures,aster,BNB,1,2026-07-30T12:00:00+00:00,2026-08-01T12:00:00+00:00,590.5888199999999,575.43682,51.41361232030989,30376.45035404215,29573.45146408062,23.979836084200493,119.89654393096265,-802.998889961531,-2.64349152255269,trend_break,closed,2026-07-30T08:00:00+00:00,589.41,576.59,-2.1750564123445337,13
d85ad7e2888f47b79e6eead8595df555,521aec0492a4a3fcad91a8ad8c034711,1,4,20,0,8b9dc888195aa52ede24c901756d312e,98a0eba024adb6c06b5523c345e60e56,flagship,4h,spot,aster,BNB,0,2026-07-30T12:00:00+00:00,2026-08-01T12:00:00+00:00,590.5888199999999,575.43682,51.48540178905996,30418.865370902735,29614.745243566205,24.01331942869831,120.06395697208782,-804.1201273365295,-2.6434915225526896,trend_break,closed,2026-07-30T08:00:00+00:00,589.41,576.59,-2.1750564123445337,13
d85ad7e2888f47b79e6eead8595df555,86ec0d3b83330c9446c948d636387edf,1,4,20,0,39cd8f260b4bd3ac40f4281477cc40c6,105392c5e010963ead1c447ffd63ed47,flagship,4h,futures,aster,ADA,1,2026-07-30T16:00:00+00:00,2026-08-04T16:00:00+00:00,0.172344,0.19256,150746.91169601376,25990.717879637534,29027.82531618441,10.392130299735118,51.85693762342873,3037.1074365468776,11.685354173792575,open,open_marked,2026-07-30T12:00:00+00:00,0.172,,,
d85ad7e2888f47b79e6eead8595df555,521aec0492a4a3fcad91a8ad8c034711,1,4,20,0,c622011afec8265cda5c556894126a3c,105392c5e010963ead1c447ffd63ed47,flagship,4h,spot,aster,ADA,1,2026-07-30T16:00:00+00:00,2026-08-04T16:00:00+00:00,0.172344,0.19256,150957.40149079706,26027.00904349094,29068.357231067883,10.406640961011972,51.92934611283418,3041.348187576943,11.68535417379259,open,open_marked,2026-07-30T12:00:00+00:00,0.172,,,
