run_id,account_id,leverage,fee_bps_per_side,adverse_fill_bps_per_side,funding_included,fill_id,signal_id,tier,timeframe,market,venue,symbol,fill_time,side,fill_px,quantity,notional,fee,reason,cash_after,equity_after,signal_time,raw_entry_px,raw_exit_px,raw_gross_pct
d85ad7e2888f47b79e6eead8595df555,29320e750c3ee71b4fa8c31fcd49eec3,1,4,20,0,20446c59084a13a75481a9abd9f73ad2,60c89ba027d16b264498acdc19d628e3,sixh,6h,futures,aster,BTC,2020-01-14T06:00:00+00:00,buy,8495.79768,0.201581693182395,1712.597281269463,0.6850389125077853,entry,8286.71767981803,,2020-01-14T00:00:00+00:00,8478.84,9198.98,8.493378811252473
d85ad7e2888f47b79e6eead8595df555,d54c6e5c30d3bcab409169037abffd35,1,4,20,0,475a27483fce50549505faa29611c9e5,60c89ba027d16b264498acdc19d628e3,sixh,6h,spot,aster,BTC,2020-01-14T06:00:00+00:00,buy,8495.79768,0.201581693182395,1712.597281269463,0.6850389125077853,entry,8286.71767981803,10005.497939286925,2020-01-14T00:00:00+00:00,8478.84,9198.98,8.493378811252473
d85ad7e2888f47b79e6eead8595df555,29320e750c3ee71b4fa8c31fcd49eec3,1,4,20,0,cdb56e865e64455a7ff934b7c575ef71,b0e908fbdaa6da4380f5ab6747c167b3,sixh,6h,futures,aster,ADA,2020-01-14T18:00:00+00:00,buy,0.04156296,32617.852386484552,1355.694494025362,0.5422777976101448,entry,6930.480907995057,,2020-01-14T12:00:00+00:00,0.04148,0.05281,27.314368370298947
d85ad7e2888f47b79e6eead8595df555,29320e750c3ee71b4fa8c31fcd49eec3,1,4,20,0,4f71eb7a10e4f6a993c3a0454a34269c,9b1da644b15b0779de479f9f8263b565,sixh,6h,futures,aster,BNB,2020-01-14T18:00:00+00:00,buy,16.755143399999998,93.84277898366099,1572.349218925746,0.6289396875702985,entry,5357.5027493817415,,2020-01-14T12:00:00+00:00,16.7217,19.5207,16.73872871777393
d85ad7e2888f47b79e6eead8595df555,29320e750c3ee71b4fa8c31fcd49eec3,1,4,20,0,ab9a2ac7b47452bc1cdc6f3ce6e35b08,6153bfeffd764d0d48d960c25ac2779d,sixh,6h,futures,aster,ETH,2020-01-14T18:00:00+00:00,buy,165.44022,8.321051019192307,1376.6365112463996,0.5506546044985599,entry,3980.3155835308435,,2020-01-14T12:00:00+00:00,165.11,215.66,30.615953001029595
d85ad7e2888f47b79e6eead8595df555,29320e750c3ee71b4fa8c31fcd49eec3,1,4,20,0,565f441ebd16bdc3f75d9da5ea6dda0f,d28fcfe5a315d725a76eb69b623a26c9,sixh,6h,futures,aster,XRP,2020-01-14T18:00:00+00:00,buy,0.24064032000000002,5312.135835481899,1278.3140673338316,0.5113256269335327,entry,2701.490190570078,,2020-01-14T12:00:00+00:00,0.24016,0.2212409901132434,-7.877669006810706
d85ad7e2888f47b79e6eead8595df555,d54c6e5c30d3bcab409169037abffd35,1,4,20,0,71e891927e2eae8a0122d153e97c8e59,b0e908fbdaa6da4380f5ab6747c167b3,sixh,6h,spot,aster,ADA,2020-01-14T18:00:00+00:00,buy,0.04156296,32617.852386484552,1355.694494025362,0.5422777976101448,entry,6930.480907995057,10076.998388614076,2020-01-14T12:00:00+00:00,0.04148,0.05281,27.314368370298947
d85ad7e2888f47b79e6eead8595df555,d54c6e5c30d3bcab409169037abffd35,1,4,20,0,cbc3020d5db4261ca5c108ba120ec74e,9b1da644b15b0779de479f9f8263b565,sixh,6h,spot,aster,BNB,2020-01-14T18:00:00+00:00,buy,16.755143399999998,93.90673733234486,1573.4208502295714,0.6293683400918286,entry,5356.430689425394,10066.561081344087,2020-01-14T12:00:00+00:00,16.7217,19.5207,16.73872871777393
d85ad7e2888f47b79e6eead8595df555,d54c6e5c30d3bcab409169037abffd35,1,4,20,0,088614e7058bf9b41b39010e400c99cd,6153bfeffd764d0d48d960c25ac2779d,sixh,6h,spot,aster,ETH,2020-01-14T18:00:00+00:00,buy,165.44022,8.31809776505427,1376.147924232087,0.5504591696928348,entry,3979.732306023614,10073.827804092038,2020-01-14T12:00:00+00:00,165.11,215.66,30.615953001029595
d85ad7e2888f47b79e6eead8595df555,d54c6e5c30d3bcab409169037abffd35,1,4,20,0,3da1139b5a2edbd45d374ebf491eefa8,d28fcfe5a315d725a76eb69b623a26c9,sixh,6h,spot,aster,XRP,2020-01-14T18:00:00+00:00,buy,0.24064032000000002,5314.083783212653,1278.7828220991034,0.5115131288396414,entry,2700.437970795671,10043.715143783893,2020-01-14T12:00:00+00:00,0.24016,0.2212409901132434,-7.877669006810706
d85ad7e2888f47b79e6eead8595df555,29320e750c3ee71b4fa8c31fcd49eec3,1,4,20,0,bc593ff5e319347a987ef335a03ad4fc,d28fcfe5a315d725a76eb69b623a26c9,sixh,6h,futures,aster,XRP,2020-01-24T00:00:00+00:00,sell,0.22079850813301694,5312.135835481899,1172.911667474341,0.46916466698973636,stop,3873.932693377429,,2020-01-14T12:00:00+00:00,0.24016,0.2212409901132434,-7.877669006810706
d85ad7e2888f47b79e6eead8595df555,d54c6e5c30d3bcab409169037abffd35,1,4,20,0,f2448c116344cb9e3cf15ab49fecf722,d28fcfe5a315d725a76eb69b623a26c9,sixh,6h,spot,aster,XRP,2020-01-24T00:00:00+00:00,sell,0.22079850813301694,5314.083783212653,1173.3417714272123,0.46933670857088494,stop,3873.310405514312,9817.24182286481,2020-01-14T12:00:00+00:00,0.24016,0.2212409901132434,-7.877669006810706
d85ad7e2888f47b79e6eead8595df555,29320e750c3ee71b4fa8c31fcd49eec3,1,4,20,0,8f22dfef0358d52cccd64c3a1f925059,eb47d983b5b124d8a4b8d7587ab7db17,sixh,6h,futures,aster,XRP,2020-02-02T18:00:00+00:00,buy,0.2549589,6488.3811571913675,1654.2705226182381,0.6617082090472953,entry,2219.0004625501438,,2020-02-02T12:00:00+00:00,0.25445,0.2544,-0.01965022597759658
d85ad7e2888f47b79e6eead8595df555,d54c6e5c30d3bcab409169037abffd35,1,4,20,0,3940b8a9de74f30007654cfd214d8ee8,eb47d983b5b124d8a4b8d7587ab7db17,sixh,6h,spot,aster,XRP,2020-02-02T18:00:00+00:00,buy,0.2549589,6488.38091947406,1654.2704620100947,0.6617081848040379,entry,2218.3782353194138,10844.103904231986,2020-02-02T12:00:00+00:00,0.25445,0.2544,-0.01965022597759658
d85ad7e2888f47b79e6eead8595df555,29320e750c3ee71b4fa8c31fcd49eec3,1,4,20,0,7a5c17a1c753181806b8e9055d7e5507,eb47d983b5b124d8a4b8d7587ab7db17,sixh,6h,futures,aster,XRP,2020-02-25T12:00:00+00:00,sell,0.25389120000000004,6488.3811571913675,1647.342878056705,0.658937151222682,trend_break,3865.684403455626,,2020-02-02T12:00:00+00:00,0.25445,0.2544,-0.01965022597759658
d85ad7e2888f47b79e6eead8595df555,d54c6e5c30d3bcab409169037abffd35,1,4,20,0,329cc95193b7a6d97b87d7728ae1421c,eb47d983b5b124d8a4b8d7587ab7db17,sixh,6h,spot,aster,XRP,2020-02-25T12:00:00+00:00,sell,0.25389120000000004,6488.38091947406,1647.3428177023727,0.6589371270809491,trend_break,3865.0621158947056,11580.826545676506,2020-02-02T12:00:00+00:00,0.25445,0.2544,-0.01965022597759658
d85ad7e2888f47b79e6eead8595df555,29320e750c3ee71b4fa8c31fcd49eec3,1,4,20,0,2b301438cc6ca70aabfd225ad1efe3d4,b0e908fbdaa6da4380f5ab6747c167b3,sixh,6h,futures,aster,ADA,2020-02-26T00:00:00+00:00,sell,0.05270438,32617.852386484552,1719.1036869611887,0.6876414747844756,trend_break,7433.997466056307,,2020-01-14T12:00:00+00:00,0.04148,0.05281,27.314368370298947
d85ad7e2888f47b79e6eead8595df555,29320e750c3ee71b4fa8c31fcd49eec3,1,4,20,0,d3d6fa2049eeb3eb4b557b042b126b53,9b1da644b15b0779de479f9f8263b565,sixh,6h,futures,aster,BNB,2020-02-26T00:00:00+00:00,sell,19.481658600000003,93.84277898366099,1828.2129822349386,0.7312851928939755,trend_break,9261.47916309835,,2020-01-14T12:00:00+00:00,16.7217,19.5207,16.73872871777393
d85ad7e2888f47b79e6eead8595df555,29320e750c3ee71b4fa8c31fcd49eec3,1,4,20,0,fc629e501db8f0fb9ebbf7ce31ea41ff,60c89ba027d16b264498acdc19d628e3,sixh,6h,futures,aster,BTC,2020-02-26T00:00:00+00:00,sell,9180.58204,0.201581693182395,1850.6372720230859,0.7402549088092344,trend_break,5715.581420569903,,2020-01-14T00:00:00+00:00,8478.84,9198.98,8.493378811252473
d85ad7e2888f47b79e6eead8595df555,d54c6e5c30d3bcab409169037abffd35,1,4,20,0,dadbcf3b41fc6837c7e5b81574a39dac,b0e908fbdaa6da4380f5ab6747c167b3,sixh,6h,spot,aster,ADA,2020-02-26T00:00:00+00:00,sell,0.05270438,32617.852386484552,1719.1036869611887,0.6876414747844756,trend_break,7433.3751784953865,11269.248824831007,2020-01-14T12:00:00+00:00,0.04148,0.05281,27.314368370298947
d85ad7e2888f47b79e6eead8595df555,d54c6e5c30d3bcab409169037abffd35,1,4,20,0,f5fa55d607244a55520f3eb09d59cf3e,9b1da644b15b0779de479f9f8263b565,sixh,6h,spot,aster,BNB,2020-02-26T00:00:00+00:00,sell,19.481658600000003,93.90673733234486,1829.4589969486176,0.7317835987794471,trend_break,9262.102391845225,11264.850790737342,2020-01-14T12:00:00+00:00,16.7217,19.5207,16.73872871777393
d85ad7e2888f47b79e6eead8595df555,d54c6e5c30d3bcab409169037abffd35,1,4,20,0,b02f60156e638f58c249e40a9dc41ea0,60c89ba027d16b264498acdc19d628e3,sixh,6h,spot,aster,BTC,2020-02-26T00:00:00+00:00,sell,9180.58204,0.201581693182395,1850.6372720230859,0.7402549088092344,trend_break,5714.9591330089825,11273.381563874853,2020-01-14T00:00:00+00:00,8478.84,9198.98,8.493378811252473
d85ad7e2888f47b79e6eead8595df555,29320e750c3ee71b4fa8c31fcd49eec3,1,4,20,0,4ab7d70990d02b6f750cb5ecd95bb36f,6153bfeffd764d0d48d960c25ac2779d,sixh,6h,futures,aster,ETH,2020-03-01T12:00:00+00:00,sell,215.22868,8.321051019192307,1790.9288270734148,0.716371530829366,trend_break,11051.691618640936,,2020-01-14T12:00:00+00:00,165.11,215.66,30.615953001029595
d85ad7e2888f47b79e6eead8595df555,d54c6e5c30d3bcab409169037abffd35,1,4,20,0,c5575f97ce7220dfdfd75bdcdd4adb4e,6153bfeffd764d0d48d960c25ac2779d,sixh,6h,spot,aster,ETH,2020-03-01T12:00:00+00:00,sell,215.22868,8.31809776505427,1790.2932020835808,0.7161172808334324,trend_break,11051.679476647972,11051.679476647972,2020-01-14T12:00:00+00:00,165.11,215.66,30.615953001029595
d85ad7e2888f47b79e6eead8595df555,29320e750c3ee71b4fa8c31fcd49eec3,1,4,20,0,1eb1068e18c51012b122090f821d77ee,c36febd45ce08d36e679983db649d682,sixh,6h,futures,aster,BNB,2020-04-29T12:00:00+00:00,buy,16.844020800000003,130.6215822748097,2200.192648765806,0.8800770595063225,entry,8850.618892815624,,2020-04-29T06:00:00+00:00,16.8104,15.96600413816392,-5.0230563331989835
d85ad7e2888f47b79e6eead8595df555,29320e750c3ee71b4fa8c31fcd49eec3,1,4,20,0,18acc5d2f5c234761286859d8f02fd02,8e2151fbd291bc7c8fba03e799864e4d,sixh,6h,futures,aster,ETH,2020-04-29T12:00:00+00:00,buy,208.37592,7.578910410456546,1579.2624293764604,0.6317049717505842,entry,7270.724758467413,,2020-04-29T06:00:00+00:00,207.96,193.40694189983353,-6.998008318987536
d85ad7e2888f47b79e6eead8595df555,d54c6e5c30d3bcab409169037abffd35,1,4,20,0,d9d48c0bb7e7e7531d3e20d754f2a88f,c36febd45ce08d36e679983db649d682,sixh,6h,spot,aster,BNB,2020-04-29T12:00:00+00:00,buy,16.844020800000003,130.6214387667941,2200.190231513807,0.8800760926055228,entry,8850.60916904156,11096.919113657994,2020-04-29T06:00:00+00:00,16.8104,15.96600413816392,-5.0230563331989835
d85ad7e2888f47b79e6eead8595df555,d54c6e5c30d3bcab409169037abffd35,1,4,20,0,c63a7b8b0b03963467f358e14a02f476,8e2151fbd291bc7c8fba03e799864e4d,sixh,6h,spot,aster,ETH,2020-04-29T12:00:00+00:00,buy,208.37592,7.609926036358149,1585.7253389580828,0.6342901355832332,entry,7264.249539947894,11148.824361671512,2020-04-29T06:00:00+00:00,207.96,193.40694189983353,-6.998008318987536
d85ad7e2888f47b79e6eead8595df555,29320e750c3ee71b4fa8c31fcd49eec3,1,4,20,0,9d3b5dabd4aed01a332326a126e70fab,c36febd45ce08d36e679983db649d682,sixh,6h,futures,aster,BNB,2020-05-10T00:00:00+00:00,sell,15.934072129887591,130.6215822748097,2081.333713686864,0.8325334854747457,stop,9351.225938668802,,2020-04-29T06:00:00+00:00,16.8104,15.96600413816392,-5.0230563331989835
d85ad7e2888f47b79e6eead8595df555,29320e750c3ee71b4fa8c31fcd49eec3,1,4,20,0,df3281bfdbec15e046ae37405212588b,8e2151fbd291bc7c8fba03e799864e4d,sixh,6h,futures,aster,ETH,2020-05-10T00:00:00+00:00,sell,193.02012801603385,7.578910410456546,1462.8822576483742,0.5851529030593497,stop,10813.523043414116,,2020-04-29T06:00:00+00:00,207.96,193.40694189983353,-6.998008318987536
d85ad7e2888f47b79e6eead8595df555,d54c6e5c30d3bcab409169037abffd35,1,4,20,0,411444f8ec8ba9d569145bdf4b7dd092,c36febd45ce08d36e679983db649d682,sixh,6h,spot,aster,BNB,2020-05-10T00:00:00+00:00,sell,15.934072129887591,130.6214387667941,2081.3314270197925,0.8325325708079171,stop,9344.748434396879,10772.751055119486,2020-04-29T06:00:00+00:00,16.8104,15.96600413816392,-5.0230563331989835
d85ad7e2888f47b79e6eead8595df555,d54c6e5c30d3bcab409169037abffd35,1,4,20,0,07dc22587cf22d9516cb0d52b5db7c57,8e2151fbd291bc7c8fba03e799864e4d,sixh,6h,spot,aster,ETH,2020-05-10T00:00:00+00:00,sell,193.02012801603385,7.609926036358149,1468.868897730399,0.5875475590921597,stop,10813.029784568185,10813.029784568185,2020-04-29T06:00:00+00:00,207.96,193.40694189983353,-6.998008318987536
d85ad7e2888f47b79e6eead8595df555,29320e750c3ee71b4fa8c31fcd49eec3,1,4,20,0,8aa8d42a449ead026141cf3a0c35282f,03ffc505c7c660e317aa58b363c90a14,sixh,6h,futures,aster,ETH,2020-05-28T18:00:00+00:00,buy,215.31977999999998,8.904238789936098,1917.2587373165068,0.7669034949266027,entry,8895.497402602683,,2020-05-28T12:00:00+00:00,214.89,220.89,2.792126204104428
d85ad7e2888f47b79e6eead8595df555,d54c6e5c30d3bcab409169037abffd35,1,4,20,0,19f18313c5f44ebe340f53be935fffdf,03ffc505c7c660e317aa58b363c90a14,sixh,6h,spot,aster,ETH,2020-05-28T18:00:00+00:00,buy,215.31977999999998,8.903832623090032,1917.1712815605686,0.7668685126242275,entry,8895.091634494993,10852.599236681337,2020-05-28T12:00:00+00:00,214.89,220.89,2.792126204104428
d85ad7e2888f47b79e6eead8595df555,29320e750c3ee71b4fa8c31fcd49eec3,1,4,20,0,ddb946ec309b0aa08b473b46d69e9652,03ffc505c7c660e317aa58b363c90a14,sixh,6h,futures,aster,ETH,2020-06-27T18:00:00+00:00,sell,220.44822,8.904238789936098,1962.9235916963667,0.7851694366785467,trend_break,10857.635824862371,,2020-05-28T12:00:00+00:00,214.89,220.89,2.792126204104428
d85ad7e2888f47b79e6eead8595df555,d54c6e5c30d3bcab409169037abffd35,1,4,20,0,e7ce062b8a571446313a7104d4a12eed,03ffc505c7c660e317aa58b363c90a14,sixh,6h,spot,aster,ETH,2020-06-27T18:00:00+00:00,sell,220.44822,8.903832623090032,1962.8340529381285,0.7851336211752514,trend_break,10857.140553811947,10857.140553811947,2020-05-28T12:00:00+00:00,214.89,220.89,2.792126204104428
d85ad7e2888f47b79e6eead8595df555,29320e750c3ee71b4fa8c31fcd49eec3,1,4,20,0,ffdc5d73ccf07f830918086fe33e8e57,5126b88c165ed30a639ce09f1385b3d7,sixh,6h,futures,aster,XRP,2020-07-08T06:00:00+00:00,buy,0.19782486,9529.056143268006,1885.0841974741331,0.7540336789896533,entry,8971.797593709249,,2020-07-08T00:00:00+00:00,0.19743,0.19064,-3.4391936382515254
d85ad7e2888f47b79e6eead8595df555,d54c6e5c30d3bcab409169037abffd35,1,4,20,0,9066036a45d38791a369aae5a3e9d02d,5126b88c165ed30a639ce09f1385b3d7,sixh,6h,spot,aster,XRP,2020-07-08T06:00:00+00:00,buy,0.19782486,9528.621475378814,1884.998209359807,0.7539992837439229,entry,8971.388345168396,10891.596144886735,2020-07-08T00:00:00+00:00,0.19743,0.19064,-3.4391936382515254
d85ad7e2888f47b79e6eead8595df555,29320e750c3ee71b4fa8c31fcd49eec3,1,4,20,0,53a0db10a90bc11288d733710fcb4fc5,5126b88c165ed30a639ce09f1385b3d7,sixh,6h,futures,aster,XRP,2020-07-16T06:00:00+00:00,sell,0.19025872,9529.056143268006,1812.9860246263074,0.725194409850523,trend_break,10784.058423925706,,2020-07-08T00:00:00+00:00,0.19743,0.19064,-3.4391936382515254
d85ad7e2888f47b79e6eead8595df555,d54c6e5c30d3bcab409169037abffd35,1,4,20,0,70a6513b3900fd387481a665d9125b0f,5126b88c165ed30a639ce09f1385b3d7,sixh,6h,spot,aster,XRP,2020-07-16T06:00:00+00:00,sell,0.19025872,9528.621475378814,1812.9033252700845,0.7251613301080339,trend_break,10783.566509108372,10783.566509108372,2020-07-08T00:00:00+00:00,0.19743,0.19064,-3.4391936382515254
d85ad7e2888f47b79e6eead8595df555,29320e750c3ee71b4fa8c31fcd49eec3,1,4,20,0,630526e029a6881bf43479025fb7d928,8e6686cdc4dbc23ba4f0cfc1bf399dc3,sixh,6h,futures,aster,XRP,2020-07-23T18:00:00+00:00,buy,0.20787492000000002,10375.526228874272,2156.811684785141,0.8627246739140565,entry,8626.38401446665,,2020-07-23T12:00:00+00:00,0.20746,0.25849,24.597512773546693
d85ad7e2888f47b79e6eead8595df555,d54c6e5c30d3bcab409169037abffd35,1,4,20,0,e3a54bf3f4fc78466836178af06ceac1,8e6686cdc4dbc23ba4f0cfc1bf399dc3,sixh,6h,spot,aster,XRP,2020-07-23T18:00:00+00:00,buy,0.20787492000000002,10375.052949252726,2156.7133018216746,0.8626853207286699,entry,8625.990521965969,10789.50031347364,2020-07-23T12:00:00+00:00,0.20746,0.25849,24.597512773546693
d85ad7e2888f47b79e6eead8595df555,29320e750c3ee71b4fa8c31fcd49eec3,1,4,20,0,34d9f1c69a0fcea625642d6b5d68e377,8e6686cdc4dbc23ba4f0cfc1bf399dc3,sixh,6h,futures,aster,XRP,2020-08-27T12:00:00+00:00,sell,0.25797302,10375.526228874272,2676.6058353519074,1.070642334140763,trend_break,11301.919207484418,,2020-07-23T12:00:00+00:00,0.20746,0.25849,24.597512773546693
d85ad7e2888f47b79e6eead8595df555,d54c6e5c30d3bcab409169037abffd35,1,4,20,0,cd753b72837738832443d431944f7e1d,8e6686cdc4dbc23ba4f0cfc1bf399dc3,sixh,6h,spot,aster,XRP,2020-08-27T12:00:00+00:00,sell,0.25797302,10375.052949252726,2676.483741978632,1.070593496791453,trend_break,11301.40367044781,11301.40367044781,2020-07-23T12:00:00+00:00,0.20746,0.25849,24.597512773546693
d85ad7e2888f47b79e6eead8595df555,29320e750c3ee71b4fa8c31fcd49eec3,1,4,20,0,4ca9c567d82938d440f520805f1218fe,cf4781e001b6be214099d01c15fd5ed6,sixh,6h,futures,aster,BNB,2020-10-12T12:00:00+00:00,buy,30.0918636,57.74808061636171,1737.7473650693605,0.6950989460277442,entry,9563.47674346903,,2020-10-12T06:00:00+00:00,30.0318,28.07859906827663,-6.503775770094933
d85ad7e2888f47b79e6eead8595df555,d54c6e5c30d3bcab409169037abffd35,1,4,20,0,c67f9f85b53d390dc43808fe52e04be0,cf4781e001b6be214099d01c15fd5ed6,sixh,6h,spot,aster,BNB,2020-10-12T12:00:00+00:00,buy,30.0918636,57.74544643770549,1737.6680977245394,0.6950672390898158,entry,9563.04050548418,11354.448617597898,2020-10-12T06:00:00+00:00,30.0318,28.07859906827663,-6.503775770094933
d85ad7e2888f47b79e6eead8595df555,29320e750c3ee71b4fa8c31fcd49eec3,1,4,20,0,930fe85ba47038c7415a270715ee62bf,1586377041171dfa19f30aff70fea7d2,sixh,6h,futures,aster,BTC,2020-10-21T18:00:00+00:00,buy,12798.78648,0.12274803058079484,1571.0258342441036,0.6284103336976414,entry,7991.822498891228,,2020-10-21T12:00:00+00:00,12773.24,55585.63,335.17251691818205
d85ad7e2888f47b79e6eead8595df555,29320e750c3ee71b4fa8c31fcd49eec3,1,4,20,0,d401e5667675cf22f7dd98d90ea3016d,66b70b3f4bee4f3be2e4f10b29800410,sixh,6h,futures,aster,XRP,2020-10-21T18:00:00+00:00,buy,0.25276452,8925.562163703564,2256.0654360386925,0.902426174415477,entry,5734.85463667812,,2020-10-21T12:00:00+00:00,0.25226,0.24455,-3.0563704114802137
d85ad7e2888f47b79e6eead8595df555,d54c6e5c30d3bcab409169037abffd35,1,4,20,0,9b6c57070369eb05e93de26b24f99642,1586377041171dfa19f30aff70fea7d2,sixh,6h,spot,aster,BTC,2020-10-21T18:00:00+00:00,buy,12798.78648,0.12274243142946722,1570.9541719017923,0.628381668760717,entry,7991.457951913626,11277.492060332348,2020-10-21T12:00:00+00:00,12773.24,55585.63,335.17251691818205
d85ad7e2888f47b79e6eead8595df555,d54c6e5c30d3bcab409169037abffd35,1,4,20,0,c809c674d58f76d696acb0ab87918f83,66b70b3f4bee4f3be2e4f10b29800410,sixh,6h,spot,aster,XRP,2020-10-21T18:00:00+00:00,buy,0.25276452,8923.318874288489,2255.49841206647,0.902199364826588,entry,5735.05734048233,11262.182984178606,2020-10-21T12:00:00+00:00,0.25226,0.24455,-3.0563704114802137
d85ad7e2888f47b79e6eead8595df555,29320e750c3ee71b4fa8c31fcd49eec3,1,4,20,0,6c0ffae36b84f54aa7ea010c8d0e4712,66b70b3f4bee4f3be2e4f10b29800410,sixh,6h,futures,aster,XRP,2020-10-26T12:00:00+00:00,sell,0.2440609,8925.562163703564,2178.3807346794392,0.8713522938717757,trend_break,7912.364019063687,,2020-10-21T12:00:00+00:00,0.25226,0.24455,-3.0563704114802137
d85ad7e2888f47b79e6eead8595df555,d54c6e5c30d3bcab409169037abffd35,1,4,20,0,7494dfa427af951c34aba60231c1d3da,66b70b3f4bee4f3be2e4f10b29800410,sixh,6h,spot,aster,XRP,2020-10-26T12:00:00+00:00,sell,0.2440609,8923.318874288489,2177.8332354458353,0.8711332941783342,trend_break,7912.019442633987,11250.991763970294,2020-10-21T12:00:00+00:00,0.25226,0.24455,-3.0563704114802137
d85ad7e2888f47b79e6eead8595df555,29320e750c3ee71b4fa8c31fcd49eec3,1,4,20,0,b14a64efd2ec13f302b1db90b36f7c4f,cf4781e001b6be214099d01c15fd5ed6,sixh,6h,futures,aster,BNB,2020-10-30T06:00:00+00:00,sell,28.022441870140078,57.74808061636171,1618.242232184159,0.6472968928736637,stop,9529.958954354972,,2020-10-12T06:00:00+00:00,30.0318,28.07859906827663,-6.503775770094933
d85ad7e2888f47b79e6eead8595df555,d54c6e5c30d3bcab409169037abffd35,1,4,20,0,724e2601db5260482136bab4d998afaa,cf4781e001b6be214099d01c15fd5ed6,sixh,6h,spot,aster,BNB,2020-10-30T06:00:00+00:00,sell,28.022441870140078,57.74544643770549,1618.1684160658895,0.6472673664263559,stop,9529.54059133345,11168.025626212466,2020-10-12T06:00:00+00:00,30.0318,28.07859906827663,-6.503775770094933
d85ad7e2888f47b79e6eead8595df555,29320e750c3ee71b4fa8c31fcd49eec3,1,4,20,0,a58a3dd7f0cb01945a16a8488f401cc7,9984366b97c701f1c689a7c20943b01a,sixh,6h,futures,aster,ADA,2020-11-06T06:00:00+00:00,buy,0.10184328,12931.047040562462,1316.9402444451741,0.5267760977780697,entry,8212.49193381202,,2020-11-06T00:00:00+00:00,0.10164,0.10141,-0.2262888626524906
d85ad7e2888f47b79e6eead8595df555,d54c6e5c30d3bcab409169037abffd35,1,4,20,0,7c3ef12ebf06a697f392e8357eaf493e,9984366b97c701f1c689a7c20943b01a,sixh,6h,spot,aster,ADA,2020-11-06T06:00:00+00:00,buy,0.10184328,12930.47566416775,1316.8820535990221,0.5267528214396089,entry,8212.131784912988,11491.739685742938,2020-11-06T00:00:00+00:00,0.10164,0.10141,-0.2262888626524906
d85ad7e2888f47b79e6eead8595df555,29320e750c3ee71b4fa8c31fcd49eec3,1,4,20,0,f72b1828af57997f260f831549162243,9984366b97c701f1c689a7c20943b01a,sixh,6h,futures,aster,ADA,2020-11-07T18:00:00+00:00,sell,0.10120718,12931.047040562462,1308.7148054226723,0.523485922169069,trend_break,9520.683253312523,,2020-11-06T00:00:00+00:00,0.10164,0.10141,-0.2262888626524906
d85ad7e2888f47b79e6eead8595df555,d54c6e5c30d3bcab409169037abffd35,1,4,20,0,4352b63bd2fbe5ce86317d1e14e99db2,9984366b97c701f1c689a7c20943b01a,sixh,6h,spot,aster,ADA,2020-11-07T18:00:00+00:00,sell,0.10120718,12930.47566416775,1308.656978029045,0.523462791211618,trend_break,9520.265300150822,11338.979184219295,2020-11-06T00:00:00+00:00,0.10164,0.10141,-0.2262888626524906
d85ad7e2888f47b79e6eead8595df555,29320e750c3ee71b4fa8c31fcd49eec3,1,4,20,0,ab636dd050ce6768ec4bb5fbb43ce7f4,b3d6528ecfda4bad6f920d76ae337f54,sixh,6h,futures,aster,XRP,2020-11-13T18:00:00+00:00,buy,0.26273442,7386.406536944517,1940.6632373683265,0.7762652949473307,entry,7579.24375064925,,2020-11-13T12:00:00+00:00,0.26221,0.44946,71.41222684108159
d85ad7e2888f47b79e6eead8595df555,d54c6e5c30d3bcab409169037abffd35,1,4,20,0,18bcb05cef658c9fb74f5dcc050f1c34,b3d6528ecfda4bad6f920d76ae337f54,sixh,6h,spot,aster,XRP,2020-11-13T18:00:00+00:00,buy,0.26273442,7386.080074185393,1940.5774643646564,0.7762309857458626,entry,7578.91160480042,11542.041481177344,2020-11-13T12:00:00+00:00,0.26221,0.44946,71.41222684108159
d85ad7e2888f47b79e6eead8595df555,29320e750c3ee71b4fa8c31fcd49eec3,1,4,20,0,b6ef35c31dc0b78f7e422428030fe868,42df9a08f32085be76245b3a4717ed46,sixh,6h,futures,aster,BNB,2020-11-17T06:00:00+00:00,buy,28.499385,83.29473900508107,2373.8488353803223,0.949539534152129,entry,5204.445375734775,,2020-11-17T00:00:00+00:00,28.4425,28.01,-1.5206117605695568
d85ad7e2888f47b79e6eead8595df555,d54c6e5c30d3bcab409169037abffd35,1,4,20,0,3edaa53b7012dcabd839ebaed1b0a8e1,42df9a08f32085be76245b3a4717ed46,sixh,6h,spot,aster,BNB,2020-11-17T06:00:00+00:00,buy,28.499385,83.29105676542838,2373.743893814798,0.9494975575259192,entry,5204.218213428096,11892.534219033158,2020-11-17T00:00:00+00:00,28.4425,28.01,-1.5206117605695568
d85ad7e2888f47b79e6eead8595df555,29320e750c3ee71b4fa8c31fcd49eec3,1,4,20,0,43bb05ffedbc0d3bfc6afca5a7769866,42df9a08f32085be76245b3a4717ed46,sixh,6h,futures,aster,BNB,2020-11-18T00:00:00+00:00,sell,27.95398,83.29473900508107,2328.419468253256,0.9313677873013025,trend_break,7531.933476200729,,2020-11-17T00:00:00+00:00,28.4425,28.01,-1.5206117605695568
d85ad7e2888f47b79e6eead8595df555,d54c6e5c30d3bcab409169037abffd35,1,4,20,0,c82e099693f2472092a5dc7f6eae840f,42df9a08f32085be76245b3a4717ed46,sixh,6h,spot,aster,BNB,2020-11-18T00:00:00+00:00,sell,27.95398,83.29105676542838,2328.31653499965,0.9313266139998599,trend_break,7531.603421813746,11835.215753066823,2020-11-17T00:00:00+00:00,28.4425,28.01,-1.5206117605695568
d85ad7e2888f47b79e6eead8595df555,29320e750c3ee71b4fa8c31fcd49eec3,1,4,20,0,7a41cb9447bbc7c5f69428c656ff558f,baec66ef96b61fbff6f8453aee294589,sixh,6h,futures,aster,ADA,2020-11-21T00:00:00+00:00,buy,0.11871696,12915.505866280662,1533.2895933070067,0.6133158373228027,entry,5998.030567056399,,2020-11-20T18:00:00+00:00,0.11848,0.13639,15.11647535449021
d85ad7e2888f47b79e6eead8595df555,d54c6e5c30d3bcab409169037abffd35,1,4,20,0,81ff3c77d44873cc3f98795599d5d9ed,baec66ef96b61fbff6f8453aee294589,sixh,6h,spot,aster,ADA,2020-11-21T00:00:00+00:00,buy,0.11871696,12914.934609849382,1533.2217754801047,0.6132887101920419,entry,5997.7683576234485,12422.62623083326,2020-11-20T18:00:00+00:00,0.11848,0.13639,15.11647535449021
d85ad7e2888f47b79e6eead8595df555,29320e750c3ee71b4fa8c31fcd49eec3,1,4,20,0,99076e9e7eba9d4dfb69bb272b514d35,3d829502ae8891a9a3dc1ec4d21ff69d,sixh,6h,futures,aster,BNB,2020-11-21T18:00:00+00:00,buy,30.419217,63.737989799261854,1938.8597428475327,0.7755438971390132,entry,4058.3952803117277,,2020-11-21T12:00:00+00:00,30.3585,28.254867920849655,-6.929301774298279
d85ad7e2888f47b79e6eead8595df555,29320e750c3ee71b4fa8c31fcd49eec3,1,4,20,0,3c6766a5ee14b7013c18e8d6e72c3d48,338d613380d1d7ae6c34c935e2860c8e,sixh,6h,futures,aster,ETH,2020-11-21T18:00:00+00:00,buy,546.2002200000001,2.288102798355114,1249.762251844179,0.49990490073767163,entry,2808.1331235668113,,2020-11-21T12:00:00+00:00,545.11,486.5106747866949,-10.750000039130658
d85ad7e2888f47b79e6eead8595df555,29320e750c3ee71b4fa8c31fcd49eec3,1,4,20,0,0c28893528c7815a7aeffbeb7cfe1e78,ad18db651144b83b9fef7db36f1df55a,sixh,6h,futures,aster,SOL,2020-11-21T18:00:00+00:00,buy,2.4768438,405.81589186597,1005.1425757096982,0.4020570302838793,entry,1802.588490826829,,2020-11-21T12:00:00+00:00,2.4719,2.1415007162613335,-13.366207522095008
d85ad7e2888f47b79e6eead8595df555,d54c6e5c30d3bcab409169037abffd35,1,4,20,0,7e37fead34566c018459abafa71459b2,3d829502ae8891a9a3dc1ec4d21ff69d,sixh,6h,spot,aster,BNB,2020-11-21T18:00:00+00:00,buy,30.419217,63.73517074235637,1938.7739893437895,0.7755095957375159,entry,4058.2188586839216,13438.736000059787,2020-11-21T12:00:00+00:00,30.3585,28.254867920849655,-6.929301774298279
d85ad7e2888f47b79e6eead8595df555,d54c6e5c30d3bcab409169037abffd35,1,4,20,0,9cb8c0b3470a5c1127fa2789c4c927e5,338d613380d1d7ae6c34c935e2860c8e,sixh,6h,spot,aster,ETH,2020-11-21T18:00:00+00:00,buy,546.2002200000001,2.2887485695250236,1250.1149721992533,0.5000459888797013,entry,2807.6038404957885,13451.990829449067,2020-11-21T12:00:00+00:00,545.11,486.5106747866949,-10.750000039130658
d85ad7e2888f47b79e6eead8595df555,d54c6e5c30d3bcab409169037abffd35,1,4,20,0,ada19a3c425be4302b2b7933f75cfc5a,ad18db651144b83b9fef7db36f1df55a,sixh,6h,spot,aster,SOL,2020-11-21T18:00:00+00:00,buy,2.4768438,406.33080061308885,1006.4179242475653,0.4025671696990262,entry,1800.7833490785242,13404.436092119184,2020-11-21T12:00:00+00:00,2.4719,2.1415007162613335,-13.366207522095008
d85ad7e2888f47b79e6eead8595df555,29320e750c3ee71b4fa8c31fcd49eec3,1,4,20,0,f63eda9b149bc60ae2acc27f5ce29b35,ad18db651144b83b9fef7db36f1df55a,sixh,6h,futures,aster,SOL,2020-11-22T06:00:00+00:00,sell,2.137217714828811,405.81589186597,867.3169130550043,0.3469267652220017,stop,2669.5584771166114,,2020-11-21T12:00:00+00:00,2.4719,2.1415007162613335,-13.366207522095008
d85ad7e2888f47b79e6eead8595df555,d54c6e5c30d3bcab409169037abffd35,1,4,20,0,86943799e60ca1e2a65d25e767f985d9,ad18db651144b83b9fef7db36f1df55a,sixh,6h,spot,aster,SOL,2020-11-22T06:00:00+00:00,sell,2.137217714828811,406.33080061308885,868.417385150867,0.3473669540603468,stop,2668.853367275331,12752.418147352178,2020-11-21T12:00:00+00:00,2.4719,2.1415007162613335,-13.366207522095008
d85ad7e2888f47b79e6eead8595df555,29320e750c3ee71b4fa8c31fcd49eec3,1,4,20,0,e974e5a623305ba0dba322850cf8a941,3d829502ae8891a9a3dc1ec4d21ff69d,sixh,6h,futures,aster,BNB,2020-11-25T00:00:00+00:00,sell,28.198358185007955,63.737989799261854,1797.306666351969,0.7189226665407876,stop,4466.146220802039,,2020-11-21T12:00:00+00:00,30.3585,28.254867920849655,-6.929301774298279
d85ad7e2888f47b79e6eead8595df555,d54c6e5c30d3bcab409169037abffd35,1,4,20,0,71c190186577ddde3c3df9888c92a807,3d829502ae8891a9a3dc1ec4d21ff69d,sixh,6h,spot,aster,BNB,2020-11-25T00:00:00+00:00,sell,28.198358185007955,63.73517074235637,1797.2271735756042,0.7188908694302417,stop,4465.361649981505,15006.486322820438,2020-11-21T12:00:00+00:00,30.3585,28.254867920849655,-6.929301774298279
d85ad7e2888f47b79e6eead8595df555,29320e750c3ee71b4fa8c31fcd49eec3,1,4,20,0,ed4a328d757114924ef8dd9489bee56c,338d613380d1d7ae6c34c935e2860c8e,sixh,6h,futures,aster,ETH,2020-11-26T06:00:00+00:00,sell,485.5376534371215,2.288102798355114,1110.960063536253,0.4443840254145012,stop,5576.661900312878,,2020-11-21T12:00:00+00:00,545.11,486.5106747866949,-10.750000039130658
d85ad7e2888f47b79e6eead8595df555,d54c6e5c30d3bcab409169037abffd35,1,4,20,0,ac8bd20f417e2a1996fbfd292e0810c1,338d613380d1d7ae6c34c935e2860c8e,sixh,6h,spot,aster,ETH,2020-11-26T06:00:00+00:00,sell,485.5376534371215,2.2887485695250236,1111.2736097547486,0.44450944390189945,stop,5576.190750292351,13392.392921069586,2020-11-21T12:00:00+00:00,545.11,486.5106747866949,-10.750000039130658
d85ad7e2888f47b79e6eead8595df555,29320e750c3ee71b4fa8c31fcd49eec3,1,4,20,0,436c6f7f33551dca8ffc3c9505700fb6,b3d6528ecfda4bad6f920d76ae337f54,sixh,6h,futures,aster,XRP,2020-12-16T00:00:00+00:00,sell,0.44856108,7386.406536944517,3313.2544935308924,1.325301797412357,trend_break,8888.591092046358,,2020-11-13T12:00:00+00:00,0.26221,0.44946,71.41222684108159
d85ad7e2888f47b79e6eead8595df555,d54c6e5c30d3bcab409169037abffd35,1,4,20,0,496a86ea76ba67d1c3bd1b6f779ef013,b3d6528ecfda4bad6f920d76ae337f54,sixh,6h,spot,aster,XRP,2020-12-16T00:00:00+00:00,sell,0.44856108,7386.080074185393,3313.1080550430797,1.3252432220172319,trend_break,8887.973562113413,13213.369528790765,2020-11-13T12:00:00+00:00,0.26221,0.44946,71.41222684108159
d85ad7e2888f47b79e6eead8595df555,29320e750c3ee71b4fa8c31fcd49eec3,1,4,20,0,9735ca081d313e3c9a79f28ca326796d,11db826954c2e3e63d8c1d3ea1fb4b92,sixh,6h,futures,aster,XRP,2020-12-17T00:00:00+00:00,buy,0.57045864,1509.7882118548093,861.2717300227264,0.34450869200909057,entry,8026.974853331622,,2020-12-16T18:00:00+00:00,0.56932,0.4781954268178987,-16.0058619374168
d85ad7e2888f47b79e6eead8595df555,d54c6e5c30d3bcab409169037abffd35,1,4,20,0,c0b6069a3a776d5206d7154758fb6a32,11db826954c2e3e63d8c1d3ea1fb4b92,sixh,6h,spot,aster,XRP,2020-12-17T00:00:00+00:00,buy,0.57045864,1509.6964438013893,861.219380143777,0.3444877520575108,entry,8026.409694217578,13783.717862017624,2020-12-16T18:00:00+00:00,0.56932,0.4781954268178987,-16.0058619374168
d85ad7e2888f47b79e6eead8595df555,29320e750c3ee71b4fa8c31fcd49eec3,1,4,20,0,2956737eafe6771f69264e679fe7ee23,1a26859a7a96b65e811c045b90dfee72,sixh,6h,futures,aster,ETH,2020-12-17T06:00:00+00:00,buy,649.296,3.1093171298406634,2018.8671751370237,0.8075468700548095,entry,6007.300131324544,,2020-12-17T00:00:00+00:00,648,603.4981779712425,-6.86756512789467
d85ad7e2888f47b79e6eead8595df555,d54c6e5c30d3bcab409169037abffd35,1,4,20,0,468d73b3b3507bf0fb348add00505f03,1a26859a7a96b65e811c045b90dfee72,sixh,6h,spot,aster,ETH,2020-12-17T06:00:00+00:00,buy,649.296,3.109128437890784,2018.7446582087348,0.8074978632834939,entry,6006.85753814556,13901.742913255785,2020-12-17T00:00:00+00:00,648,603.4981779712425,-6.86756512789467
d85ad7e2888f47b79e6eead8595df555,29320e750c3ee71b4fa8c31fcd49eec3,1,4,20,0,6083ed4e18adb717ab08d63723fb99c0,0512ab2c0fc5a7107440167ad11d9e52,sixh,6h,futures,aster,BNB,2020-12-19T06:00:00+00:00,buy,32.48985,62.835035569252334,2041.5008803896728,0.8166003521558691,entry,3964.9826505827155,,2020-12-19T00:00:00+00:00,32.425,30.221670775476557,-6.795155665453945
d85ad7e2888f47b79e6eead8595df555,d54c6e5c30d3bcab409169037abffd35,1,4,20,0,c02f17814c1ae3f4b2270f8c6d4bc129,0512ab2c0fc5a7107440167ad11d9e52,sixh,6h,spot,aster,BNB,2020-12-19T06:00:00+00:00,buy,32.48985,62.831221458959114,2041.3769605183625,0.8165507842073451,entry,3964.6640268429906,13856.907054992993,2020-12-19T00:00:00+00:00,32.425,30.221670775476557,-6.795155665453945
d85ad7e2888f47b79e6eead8595df555,29320e750c3ee71b4fa8c31fcd49eec3,1,4,20,0,fb111e981204ab8377daf345428f4419,1a26859a7a96b65e811c045b90dfee72,sixh,6h,futures,aster,ETH,2020-12-21T12:00:00+00:00,sell,602.2911816153,3.1093171298406634,1872.7142881484265,0.7490857152593706,stop,5836.947853015883,,2020-12-17T00:00:00+00:00,648,603.4981779712425,-6.86756512789467
d85ad7e2888f47b79e6eead8595df555,d54c6e5c30d3bcab409169037abffd35,1,4,20,0,f52ed2516ea0560e95423bccbe8e3c3b,1a26859a7a96b65e811c045b90dfee72,sixh,6h,spot,aster,ETH,2020-12-21T12:00:00+00:00,sell,602.2911816153,3.109128437890784,1872.6006406509725,0.7490402562603891,stop,5836.515627237703,13411.877022733475,2020-12-17T00:00:00+00:00,648,603.4981779712425,-6.86756512789467
d85ad7e2888f47b79e6eead8595df555,29320e750c3ee71b4fa8c31fcd49eec3,1,4,20,0,4b1e49f65018cf75fe17546265d61cd1,11db826954c2e3e63d8c1d3ea1fb4b92,sixh,6h,futures,aster,XRP,2020-12-22T00:00:00+00:00,sell,0.4772390359642629,1509.7882118548093,720.5298707357975,0.288211948294319,stop,6557.189511803386,,2020-12-16T18:00:00+00:00,0.56932,0.4781954268178987,-16.0058619374168
d85ad7e2888f47b79e6eead8595df555,d54c6e5c30d3bcab409169037abffd35,1,4,20,0,5c4f2a67ea568a6f79078de44305778d,11db826954c2e3e63d8c1d3ea1fb4b92,sixh,6h,spot,aster,XRP,2020-12-22T00:00:00+00:00,sell,0.4772390359642629,1509.6964438013893,720.486075438451,0.28819443017538043,stop,6556.713508245978,13359.568405383434,2020-12-16T18:00:00+00:00,0.56932,0.4781954268178987,-16.0058619374168
d85ad7e2888f47b79e6eead8595df555,29320e750c3ee71b4fa8c31fcd49eec3,1,4,20,0,431c61d4f2f77f48a28258d1fe77a1fe,baec66ef96b61fbff6f8453aee294589,sixh,6h,futures,aster,ADA,2020-12-23T18:00:00+00:00,sell,0.13611722,12915.505866280662,1758.0227534118155,0.7032091013647263,trend_break,8314.509056113837,,2020-11-20T18:00:00+00:00,0.11848,0.13639,15.11647535449021
d85ad7e2888f47b79e6eead8595df555,29320e750c3ee71b4fa8c31fcd49eec3,1,4,20,0,c65e74f381e54c14e5f8b7aa7704d5c2,0512ab2c0fc5a7107440167ad11d9e52,sixh,6h,futures,aster,BNB,2020-12-23T18:00:00+00:00,sell,30.161227433925603,62.835035569252334,1895.1817986230246,0.7580727194492098,stop,10208.932782017411,,2020-12-19T00:00:00+00:00,32.425,30.221670775476557,-6.795155665453945
d85ad7e2888f47b79e6eead8595df555,d54c6e5c30d3bcab409169037abffd35,1,4,20,0,b9537036524826e690bcd518ca7c2b64,baec66ef96b61fbff6f8453aee294589,sixh,6h,spot,aster,ADA,2020-12-23T18:00:00+00:00,sell,0.13611722,12914.934609849382,1757.9449955744826,0.7031779982297931,trend_break,8313.955325822231,13121.006324718794,2020-11-20T18:00:00+00:00,0.11848,0.13639,15.11647535449021
d85ad7e2888f47b79e6eead8595df555,d54c6e5c30d3bcab409169037abffd35,1,4,20,0,8a0214cff1729419e6b111ece1c8f090,0512ab2c0fc5a7107440167ad11d9e52,sixh,6h,spot,aster,BNB,2020-12-23T18:00:00+00:00,sell,30.161227433925603,62.831221458959114,1895.0667603750128,0.7580267041500052,stop,10208.264059493094,13058.750822157668,2020-12-19T00:00:00+00:00,32.425,30.221670775476557,-6.795155665453945
d85ad7e2888f47b79e6eead8595df555,29320e750c3ee71b4fa8c31fcd49eec3,1,4,20,0,2a20c41141cd790ba78e68e4e1a44da3,f877c432dd7db282d0124206aa2c8ae0,sixh,6h,futures,aster,ETH,2020-12-27T18:00:00+00:00,buy,691.25976,1.5743551878185729,1088.2883892862217,0.4353153557144887,entry,9120.209077375475,,2020-12-27T12:00:00+00:00,689.88,1451.55,110.40615759262482
d85ad7e2888f47b79e6eead8595df555,d54c6e5c30d3bcab409169037abffd35,1,4,20,0,1c213b4595cfc32964a43ab86afa4f52,f877c432dd7db282d0124206aa2c8ae0,sixh,6h,spot,aster,ETH,2020-12-27T18:00:00+00:00,buy,691.25976,1.5742595804670751,1088.2222997713711,0.43528891990854846,entry,9119.606470801815,13423.101067691874,2020-12-27T12:00:00+00:00,689.88,1451.55,110.40615759262482
d85ad7e2888f47b79e6eead8595df555,29320e750c3ee71b4fa8c31fcd49eec3,1,4,20,0,2d230d3e9521e482d78cdff10965fc97,0c983ca326de35d22aa09e328684c23b,sixh,6h,futures,aster,BNB,2020-12-29T06:00:00+00:00,buy,37.899848399999996,28.660347015551828,1086.2228069808066,0.43448912279232266,entry,8033.551781271876,,2020-12-29T00:00:00+00:00,37.8242,508.5766,1244.579925021547
d85ad7e2888f47b79e6eead8595df555,d54c6e5c30d3bcab409169037abffd35,1,4,20,0,ce1bac5a26ca66df3c88d1794dc513d0,0c983ca326de35d22aa09e328684c23b,sixh,6h,spot,aster,BNB,2020-12-29T06:00:00+00:00,buy,37.899848399999996,28.658608913849246,1086.156933189775,0.43446277327591,entry,8033.015074838764,13584.897735263046,2020-12-29T00:00:00+00:00,37.8242,508.5766,1244.579925021547
d85ad7e2888f47b79e6eead8595df555,29320e750c3ee71b4fa8c31fcd49eec3,1,4,20,0,a9b2fd314047a5dc6b5b6f67a83d340b,306067523b492cbcb82473517b4153f0,sixh,6h,futures,aster,SOL,2021-01-02T00:00:00+00:00,buy,1.8202332,514.8581890166416,937.1619689399665,0.3748647875759866,entry,7096.014947544334,,2021-01-01T18:00:00+00:00,1.8166,35.0311,1828.388197732027
d85ad7e2888f47b79e6eead8595df555,d54c6e5c30d3bcab409169037abffd35,1,4,20,0,b383d7e937c8ef0617020f282df63a14,306067523b492cbcb82473517b4153f0,sixh,6h,spot,aster,SOL,2021-01-02T00:00:00+00:00,buy,1.8202332,514.82715049884,937.105471599385,0.37484218863975405,entry,7095.53476105074,13904.949357280673,2021-01-01T18:00:00+00:00,1.8166,35.0311,1828.388197732027
d85ad7e2888f47b79e6eead8595df555,29320e750c3ee71b4fa8c31fcd49eec3,1,4,20,0,21c76d0460a0e96810b54fc03ec40806,1e6e75344c0add5160c9bc1943c26a31,sixh,6h,futures,aster,ADA,2021-01-03T18:00:00+00:00,buy,0.19621164,4885.165573950525,958.5263489363738,0.3834105395745495,entry,6137.105188068385,,2021-01-03T12:00:00+00:00,0.19582,0.16520550358431377,-15.633998782395174
d85ad7e2888f47b79e6eead8595df555,d54c6e5c30d3bcab409169037abffd35,1,4,20,0,07756077ce239caeb5288d531d3d0f02,1e6e75344c0add5160c9bc1943c26a31,sixh,6h,spot,aster,ADA,2021-01-03T18:00:00+00:00,buy,0.19621164,4884.873018101868,958.4689460735173,0.3833875784294069,entry,6136.682427398793,15033.306213478336,2021-01-03T12:00:00+00:00,0.19582,0.16520550358431377,-15.633998782395174
d85ad7e2888f47b79e6eead8595df555,29320e750c3ee71b4fa8c31fcd49eec3,1,4,20,0,ea1c0815273a89ae9b33e5df960e22fe,f877c432dd7db282d0124206aa2c8ae0,sixh,6h,futures,aster,ETH,2021-02-23T06:00:00+00:00,sell,1448.6469,1.5743551878185729,2280.6847623322933,0.9122739049329174,trend_break,8416.877676495746,,2020-12-27T12:00:00+00:00,689.88,1451.55,110.40615759262482
d85ad7e2888f47b79e6eead8595df555,d54c6e5c30d3bcab409169037abffd35,1,4,20,0,2063e855ee3a5cf282a62a7f952430da,f877c432dd7db282d0124206aa2c8ae0,sixh,6h,spot,aster,ETH,2021-02-23T06:00:00+00:00,sell,1448.6469,1.5742595804670751,2280.546261038929,0.9122185044155716,trend_break,8416.316469933307,31655.591021180946,2020-12-27T12:00:00+00:00,689.88,1451.55,110.40615759262482
d85ad7e2888f47b79e6eead8595df555,29320e750c3ee71b4fa8c31fcd49eec3,1,4,20,0,38748d02fd4946b9b159d969a416da39,1e6e75344c0add5160c9bc1943c26a31,sixh,6h,futures,aster,ADA,2021-04-02T12:00:00+00:00,sell,0.16487509257714514,4885.165573950525,805.4421262597751,0.3221768505039101,stop,9221.997625905016,,2021-01-03T12:00:00+00:00,0.19582,0.16520550358431377,-15.633998782395174
d85ad7e2888f47b79e6eead8595df555,d54c6e5c30d3bcab409169037abffd35,1,4,20,0,df024b3147ef2df30924b7aa77bca442,1e6e75344c0add5160c9bc1943c26a31,sixh,6h,spot,aster,ADA,2021-04-02T12:00:00+00:00,sell,0.16487509257714514,4884.873018101868,805.3938910871439,0.32215755643485755,stop,9221.388203464016,36278.76395885117,2021-01-03T12:00:00+00:00,0.19582,0.16520550358431377,-15.633998782395174
d85ad7e2888f47b79e6eead8595df555,29320e750c3ee71b4fa8c31fcd49eec3,1,4,20,0,6d2624df6c46b6a5560dc3cb342c92cd,416fe37f820f4f3a6da5f6619cd8c1cf,sixh,6h,futures,aster,ADA,2021-04-06T18:00:00+00:00,buy,1.27512516,2177.8093657515374,2776.9795159534274,1.110791806381371,entry,6443.907318145208,,2021-04-06T12:00:00+00:00,1.27258,1.0856200494677615,-14.691410405022754
d85ad7e2888f47b79e6eead8595df555,d54c6e5c30d3bcab409169037abffd35,1,4,20,0,6246d99c000a5f6c1d79c0189cf778f9,416fe37f820f4f3a6da5f6619cd8c1cf,sixh,6h,spot,aster,ADA,2021-04-06T18:00:00+00:00,buy,1.27512516,2177.6805745155107,2776.8152910079825,1.110726116403193,entry,6443.46218633963,40744.233327007685,2021-04-06T12:00:00+00:00,1.27258,1.0856200494677615,-14.691410405022754
d85ad7e2888f47b79e6eead8595df555,29320e750c3ee71b4fa8c31fcd49eec3,1,4,20,0,ad785f34e35e4b737fe2e7b16aa61e59,20353bff14671052ccea2750bc5af934,sixh,6h,futures,aster,ETH,2021-04-13T18:00:00+00:00,buy,2314.4196,1.8888191279721231,4371.520010633591,1.7486080042534362,entry,2070.6386995073635,,2021-04-13T12:00:00+00:00,2309.8,2060.092403318446,-10.810788669216132
d85ad7e2888f47b79e6eead8595df555,d54c6e5c30d3bcab409169037abffd35,1,4,20,0,d0585728c0788efdf56147f1032c238c,20353bff14671052ccea2750bc5af934,sixh,6h,spot,aster,ETH,2021-04-13T18:00:00+00:00,buy,2314.4196,1.8887074835163997,4371.261618517033,1.748504647406813,entry,2070.4520631751902,47226.87719789966,2021-04-13T12:00:00+00:00,2309.8,2060.092403318446,-10.810788669216132
d85ad7e2888f47b79e6eead8595df555,29320e750c3ee71b4fa8c31fcd49eec3,1,4,20,0,977a9cf789b763e36a2a07725896ac9d,416fe37f820f4f3a6da5f6619cd8c1cf,sixh,6h,futures,aster,ADA,2021-04-18T00:00:00+00:00,sell,1.083448809368826,2177.8093657515374,2359.5449643557813,0.9438179857423126,stop,11235.896651524814,,2021-04-06T12:00:00+00:00,1.27258,1.0856200494677615,-14.691410405022754
d85ad7e2888f47b79e6eead8595df555,29320e750c3ee71b4fa8c31fcd49eec3,1,4,20,0,62c0d297e69c039e06d58bf98b67b112,1586377041171dfa19f30aff70fea7d2,sixh,6h,futures,aster,BTC,2021-04-18T00:00:00+00:00,sell,55474.458739999995,0.12274803058079484,6809.380557870561,2.7237522231482245,trend_break,8877.295505154776,,2020-10-21T12:00:00+00:00,12773.24,55585.63,335.17251691818205
d85ad7e2888f47b79e6eead8595df555,29320e750c3ee71b4fa8c31fcd49eec3,1,4,20,0,95f34874f1d2afb2d3385c2f07185cb7,20353bff14671052ccea2750bc5af934,sixh,6h,futures,aster,ETH,2021-04-18T00:00:00+00:00,sell,2055.972218511809,1.8888191279721231,3883.359652904386,1.5533438611617545,stop,15117.702960568038,,2021-04-13T12:00:00+00:00,2309.8,2060.092403318446,-10.810788669216132
d85ad7e2888f47b79e6eead8595df555,d54c6e5c30d3bcab409169037abffd35,1,4,20,0,e25368beddb24fa78b329a9f3e451232,416fe37f820f4f3a6da5f6619cd8c1cf,sixh,6h,spot,aster,ADA,2021-04-18T00:00:00+00:00,sell,1.083448809368826,2177.6805745155107,2359.405425644451,0.9437621702577804,stop,11235.260046651449,41259.14589928406,2021-04-06T12:00:00+00:00,1.27258,1.0856200494677615,-14.691410405022754
d85ad7e2888f47b79e6eead8595df555,d54c6e5c30d3bcab409169037abffd35,1,4,20,0,25c2b2b70fc67f09f0745503eef2f76f,1586377041171dfa19f30aff70fea7d2,sixh,6h,spot,aster,BTC,2021-04-18T00:00:00+00:00,sell,55474.458739999995,0.12274243142946722,6809.069947981258,2.7236279791925035,trend_break,8876.798383177256,41543.103621732735,2020-10-21T12:00:00+00:00,12773.24,55585.63,335.17251691818205
d85ad7e2888f47b79e6eead8595df555,d54c6e5c30d3bcab409169037abffd35,1,4,20,0,93b6ba7bef745927268105676efdeb5a,20353bff14671052ccea2750bc5af934,sixh,6h,spot,aster,ETH,2021-04-18T00:00:00+00:00,sell,2055.972218511809,1.8887074835163997,3883.130115005068,1.5532520460020274,stop,15116.836909610514,41029.23321552595,2021-04-13T12:00:00+00:00,2309.8,2060.092403318446,-10.810788669216132
d85ad7e2888f47b79e6eead8595df555,29320e750c3ee71b4fa8c31fcd49eec3,1,4,20,0,179db91141a32885371fce4206f7269b,c2f59b42e22cdbc47fc907b3984e0d69,sixh,6h,futures,aster,ETH,2021-05-03T18:00:00+00:00,buy,3291.2693999999997,1.9420265530076213,6391.732567901461,2.5566930271605846,entry,8723.413699639415,,2021-05-03T12:00:00+00:00,3284.7,2985.9295099710484,-9.095822754861981
d85ad7e2888f47b79e6eead8595df555,d54c6e5c30d3bcab409169037abffd35,1,4,20,0,e6a5c97021bb90a11ab2cbff935e5a82,c2f59b42e22cdbc47fc907b3984e0d69,sixh,6h,spot,aster,ETH,2021-05-03T18:00:00+00:00,buy,3291.2693999999997,1.9419107583656523,6391.3514565396645,2.556540582615866,entry,8722.928912488234,58399.91180728654,2021-05-03T12:00:00+00:00,3284.7,2985.9295099710484,-9.095822754861981
d85ad7e2888f47b79e6eead8595df555,29320e750c3ee71b4fa8c31fcd49eec3,1,4,20,0,0a905dd1b3e4a1c3b6b770d3311cd938,3003db2c270742fdfeda8e1621327df6,sixh,6h,futures,aster,ADA,2021-05-05T18:00:00+00:00,buy,1.41930294,3267.559055702627,4637.656174382362,1.855062469752945,entry,4083.9024627873005,,2021-05-05T12:00:00+00:00,1.41647,1.241293171689883,-12.36714002485877
d85ad7e2888f47b79e6eead8595df555,d54c6e5c30d3bcab409169037abffd35,1,4,20,0,1273327eac5468da737d18a6f5d485fc,3003db2c270742fdfeda8e1621327df6,sixh,6h,spot,aster,ADA,2021-05-05T18:00:00+00:00,buy,1.41930294,3267.364286449511,4637.379737808793,1.8549518951235173,entry,4083.6942227843183,57547.13158916543,2021-05-05T12:00:00+00:00,1.41647,1.241293171689883,-12.36714002485877
d85ad7e2888f47b79e6eead8595df555,29320e750c3ee71b4fa8c31fcd49eec3,1,4,20,0,254a181c20efc99dcee3cee2e7881597,0c983ca326de35d22aa09e328684c23b,sixh,6h,futures,aster,BNB,2021-05-17T00:00:00+00:00,sell,507.5594468,28.660347015551828,14546.829876309517,5.818731950523807,trend_break,18624.913607146293,,2020-12-29T00:00:00+00:00,37.8242,508.5766,1244.579925021547
d85ad7e2888f47b79e6eead8595df555,d54c6e5c30d3bcab409169037abffd35,1,4,20,0,569d41c40d553cb8b979c50b65e4cb3b,0c983ca326de35d22aa09e328684c23b,sixh,6h,spot,aster,BNB,2021-05-17T00:00:00+00:00,sell,507.5594468,28.658608913849246,14545.947686370871,5.818379074548349,trend_break,18623.82353008064,56848.4467494861,2020-12-29T00:00:00+00:00,37.8242,508.5766,1244.579925021547
d85ad7e2888f47b79e6eead8595df555,29320e750c3ee71b4fa8c31fcd49eec3,1,4,20,0,5bc1b0c23aaf07e0ee7d743d1fbb1039,c2f59b42e22cdbc47fc907b3984e0d69,sixh,6h,futures,aster,ETH,2021-05-19T00:00:00+00:00,sell,2979.957650951106,1.9420265530076213,5787.156884985265,2.314862753994106,stop,24409.755629377563,,2021-05-03T12:00:00+00:00,3284.7,2985.9295099710484,-9.095822754861981
d85ad7e2888f47b79e6eead8595df555,d54c6e5c30d3bcab409169037abffd35,1,4,20,0,541d23eb46d2717a91776f6c3e1c4452,c2f59b42e22cdbc47fc907b3984e0d69,sixh,6h,spot,aster,ETH,2021-05-19T00:00:00+00:00,sell,2979.957650951106,1.9419107583656523,5786.81182185599,2.314724728742396,stop,24408.32062720789,55783.4002168422,2021-05-03T12:00:00+00:00,3284.7,2985.9295099710484,-9.095822754861981
d85ad7e2888f47b79e6eead8595df555,29320e750c3ee71b4fa8c31fcd49eec3,1,4,20,0,2fa0945e2367657405076de14aec6f6f,3003db2c270742fdfeda8e1621327df6,sixh,6h,futures,aster,ADA,2021-05-19T12:00:00+00:00,sell,1.2388105853465032,3267.559055702627,4047.8867464492387,1.6191546985796956,stop,28456.023221128224,,2021-05-05T12:00:00+00:00,1.41647,1.241293171689883,-12.36714002485877
d85ad7e2888f47b79e6eead8595df555,d54c6e5c30d3bcab409169037abffd35,1,4,20,0,87c38271596b99b5d5ef43fec5b8a764,3003db2c270742fdfeda8e1621327df6,sixh,6h,spot,aster,ADA,2021-05-19T12:00:00+00:00,sell,1.2388105853465032,3267.364286449511,4047.6454642367785,1.6190581856947115,stop,28454.347033258975,50999.812056049326,2021-05-05T12:00:00+00:00,1.41647,1.241293171689883,-12.36714002485877
d85ad7e2888f47b79e6eead8595df555,29320e750c3ee71b4fa8c31fcd49eec3,1,4,20,0,fd4a9c3bf8ea439d0d3c458fafc0aaae,306067523b492cbcb82473517b4153f0,sixh,6h,futures,aster,SOL,2021-05-19T18:00:00+00:00,sell,34.9610378,514.8581890166416,17999.976607850353,7.199990643140142,trend_break,46448.799838335435,,2021-01-01T18:00:00+00:00,1.8166,35.0311,1828.388197732027
d85ad7e2888f47b79e6eead8595df555,d54c6e5c30d3bcab409169037abffd35,1,4,20,0,9b65348eaff65b5146d8300c6964a722,306067523b492cbcb82473517b4153f0,sixh,6h,spot,aster,SOL,2021-05-19T18:00:00+00:00,sell,34.9610378,514.82715049884,17998.891469056234,7.199556587622494,trend_break,46446.03894572759,46446.03894572759,2021-01-01T18:00:00+00:00,1.8166,35.0311,1828.388197732027
d85ad7e2888f47b79e6eead8595df555,29320e750c3ee71b4fa8c31fcd49eec3,1,4,20,0,600a81030a27f58b73ccf4d5d85aafbd,82aedd1819190086871c47f363ab37e9,sixh,6h,futures,aster,ADA,2021-08-11T00:00:00+00:00,buy,1.67918166,2647.9706694622187,4446.42378437888,1.778569513751552,entry,42000.597484442806,,2021-08-10T18:00:00+00:00,1.67583,2.28204,36.173716904459276
d85ad7e2888f47b79e6eead8595df555,d54c6e5c30d3bcab409169037abffd35,1,4,20,0,c713c354daa59fb21b959ed2b9059e5d,82aedd1819190086871c47f363ab37e9,sixh,6h,spot,aster,ADA,2021-08-11T00:00:00+00:00,buy,1.67918166,2647.813275456936,4446.159491251815,1.778463796500726,entry,41998.100990679275,46630.900444348015,2021-08-10T18:00:00+00:00,1.67583,2.28204,36.173716904459276
d85ad7e2888f47b79e6eead8595df555,29320e750c3ee71b4fa8c31fcd49eec3,1,4,20,0,62fea26f79370308a450a8e0ebd9c0cb,7050cad11dbd45fe699f3fec26fffbd7,sixh,6h,futures,aster,BNB,2021-08-11T06:00:00+00:00,buy,385.94484900000003,13.972577960707003,5392.6444911857925,2.157057796474317,entry,36605.79593546054,,2021-08-11T00:00:00+00:00,385.1745,418.5562,8.666643300633869
d85ad7e2888f47b79e6eead8595df555,d54c6e5c30d3bcab409169037abffd35,1,4,20,0,a417b5a722e73d8d423604912148fc94,7050cad11dbd45fe699f3fec26fffbd7,sixh,6h,spot,aster,BNB,2021-08-11T06:00:00+00:00,buy,385.94484900000003,13.971747437909027,5392.323955189937,2.156929582075975,entry,36603.62010590726,46676.13402427707,2021-08-11T00:00:00+00:00,385.1745,418.5562,8.666643300633869
d85ad7e2888f47b79e6eead8595df555,29320e750c3ee71b4fa8c31fcd49eec3,1,4,20,0,374009081983eeeada3ef08753e66178,37b26afd8f711ab42d2c8c8e4c528b2d,sixh,6h,futures,aster,SOL,2021-08-15T18:00:00+00:00,buy,51.9874674,71.8283551237624,3734.174270392221,1.4936697081568884,entry,32870.12799536016,,2021-08-15T12:00:00+00:00,51.8837,196.1882,278.13070386267754
d85ad7e2888f47b79e6eead8595df555,d54c6e5c30d3bcab409169037abffd35,1,4,20,0,4c672919cccadc026a64c589b49decb3,37b26afd8f711ab42d2c8c8e4c528b2d,sixh,6h,spot,aster,SOL,2021-08-15T18:00:00+00:00,buy,51.9874674,71.82408568353175,3733.9523130074135,1.4935809252029655,entry,32868.17421197465,48240.08165969239,2021-08-15T12:00:00+00:00,51.8837,196.1882,278.13070386267754
d85ad7e2888f47b79e6eead8595df555,29320e750c3ee71b4fa8c31fcd49eec3,1,4,20,0,497984c06166259ae9b5334f2cd5f9f5,7050cad11dbd45fe699f3fec26fffbd7,sixh,6h,futures,aster,BNB,2021-09-07T18:00:00+00:00,sell,417.71908759999997,13.972577960707003,5836.612517166397,2.334645006866559,trend_break,38704.405867519694,,2021-08-11T00:00:00+00:00,385.1745,418.5562,8.666643300633869
d85ad7e2888f47b79e6eead8595df555,d54c6e5c30d3bcab409169037abffd35,1,4,20,0,3356d5aac62dcd89c6ebb509a140c746,7050cad11dbd45fe699f3fec26fffbd7,sixh,6h,spot,aster,BNB,2021-09-07T18:00:00+00:00,sell,417.71908759999997,13.971747437909027,5836.265591940996,2.3345062367763987,trend_break,38702.10529767887,57816.72296184876,2021-08-11T00:00:00+00:00,385.1745,418.5562,8.666643300633869
d85ad7e2888f47b79e6eead8595df555,29320e750c3ee71b4fa8c31fcd49eec3,1,4,20,0,2f60eb1c0914fd2e918e788118bfdf28,82aedd1819190086871c47f363ab37e9,sixh,6h,futures,aster,ADA,2021-09-19T18:00:00+00:00,sell,2.2774759199999997,2647.9706694622187,6030.689436566481,2.4122757746265924,trend_break,44732.68302831155,,2021-08-10T18:00:00+00:00,1.67583,2.28204,36.173716904459276
d85ad7e2888f47b79e6eead8595df555,d54c6e5c30d3bcab409169037abffd35,1,4,20,0,c40369aacec0f43a1e611b8d6b4a9953,82aedd1819190086871c47f363ab37e9,sixh,6h,spot,aster,ADA,2021-09-19T18:00:00+00:00,sell,2.2774759199999997,2647.813275456936,6030.330975509498,2.412132390203799,trend_break,44730.02414079817,55708.378731977406,2021-08-10T18:00:00+00:00,1.67583,2.28204,36.173716904459276
d85ad7e2888f47b79e6eead8595df555,29320e750c3ee71b4fa8c31fcd49eec3,1,4,20,0,de69cfd6364ec9ff3f3485061e5432d7,49641cdbbaa4038b400cab5a028ddc4a,sixh,6h,futures,aster,BNB,2021-10-13T12:00:00+00:00,buy,462.3059664,11.037883349087672,5102.8793287104445,2.041151731484178,entry,39627.76254786962,,2021-10-13T06:00:00+00:00,461.3832,538.9617,16.814331341063117
d85ad7e2888f47b79e6eead8595df555,d54c6e5c30d3bcab409169037abffd35,1,4,20,0,4b81438b4ed297ffa606ad4c55a0289d,49641cdbbaa4038b400cab5a028ddc4a,sixh,6h,spot,aster,BNB,2021-10-13T12:00:00+00:00,buy,462.3059664,11.037227263017618,5102.576016205787,2.0410304064823146,entry,39625.407094185895,55229.94396002813,2021-10-13T06:00:00+00:00,461.3832,538.9617,16.814331341063117
d85ad7e2888f47b79e6eead8595df555,29320e750c3ee71b4fa8c31fcd49eec3,1,4,20,0,4fe0bb9866ef897f92d5e432a0ca545b,cbbf1a83dcd9492be83f97610579c0b7,sixh,6h,futures,aster,ETH,2021-10-14T18:00:00+00:00,buy,3795.90666,1.8505307822710384,7024.442120957645,2.8097768483830583,entry,32600.510650063592,,2021-10-14T12:00:00+00:00,3788.33,4034.06,6.486499328200024
d85ad7e2888f47b79e6eead8595df555,d54c6e5c30d3bcab409169037abffd35,1,4,20,0,26e3a0e91615cb44e98634f2be127eb7,cbbf1a83dcd9492be83f97610579c0b7,sixh,6h,spot,aster,ETH,2021-10-14T18:00:00+00:00,buy,3795.90666,1.8504207876796788,7024.024591755739,2.8096098367022955,entry,32598.572892593453,55606.80963582087,2021-10-14T12:00:00+00:00,3788.33,4034.06,6.486499328200024
d85ad7e2888f47b79e6eead8595df555,29320e750c3ee71b4fa8c31fcd49eec3,1,4,20,0,9207cefb486cdfeb43ac2c4bf2be078d,5868dc2bf159c4a5982cd4e59356a265,sixh,6h,futures,aster,ADA,2021-10-21T06:00:00+00:00,buy,2.27557206,4193.27656482958,9542.10299077897,3.8168411963115885,entry,23054.59081808831,,2021-10-21T00:00:00+00:00,2.27103,2.14772,-5.42969489614844
d85ad7e2888f47b79e6eead8595df555,d54c6e5c30d3bcab409169037abffd35,1,4,20,0,3d417e2fc80555072ee6c33f5abc2e71,5868dc2bf159c4a5982cd4e59356a265,sixh,6h,spot,aster,ADA,2021-10-21T06:00:00+00:00,buy,2.27557206,4193.027318642147,9541.535813118788,3.816614325247515,entry,23053.220465149418,59061.30918516429,2021-10-21T00:00:00+00:00,2.27103,2.14772,-5.42969489614844
d85ad7e2888f47b79e6eead8595df555,29320e750c3ee71b4fa8c31fcd49eec3,1,4,20,0,849102646ef6d6d996b306f608a6d516,5868dc2bf159c4a5982cd4e59356a265,sixh,6h,futures,aster,ADA,2021-10-21T12:00:00+00:00,sell,2.14342456,4193.27656482958,8987.971975928154,3.595188790371262,trend_break,32038.96760522609,,2021-10-21T00:00:00+00:00,2.27103,2.14772,-5.42969489614844
d85ad7e2888f47b79e6eead8595df555,d54c6e5c30d3bcab409169037abffd35,1,4,20,0,128e5e1c82682ddfbd5873a91e474a64,5868dc2bf159c4a5982cd4e59356a265,sixh,6h,spot,aster,ADA,2021-10-21T12:00:00+00:00,sell,2.14342456,4193.027318642147,8987.437735528525,3.59497509421141,trend_break,32037.063225583734,57738.18838263485,2021-10-21T00:00:00+00:00,2.27103,2.14772,-5.42969489614844
d85ad7e2888f47b79e6eead8595df555,29320e750c3ee71b4fa8c31fcd49eec3,1,4,20,0,24c1f4499ec3fcb2aea8f68ba18b64fa,ba41cf31e738825fc45082ea3bea41f5,sixh,6h,futures,aster,ADA,2021-11-09T00:00:00+00:00,buy,2.1297610199999997,4096.804687765192,8725.214930555576,3.4900859722222304,entry,23310.262588698293,,2021-11-08T18:00:00+00:00,2.12551,1.9652514218842851,-7.539770601677464
d85ad7e2888f47b79e6eead8595df555,d54c6e5c30d3bcab409169037abffd35,1,4,20,0,65722313c5c2432a432aca50b414853f,ba41cf31e738825fc45082ea3bea41f5,sixh,6h,spot,aster,ADA,2021-11-09T00:00:00+00:00,buy,2.1297610199999997,4096.561175816173,8724.696308298651,3.4898785233194607,entry,23308.877038761762,65983.50177003743,2021-11-08T18:00:00+00:00,2.12551,1.9652514218842851,-7.539770601677464
d85ad7e2888f47b79e6eead8595df555,29320e750c3ee71b4fa8c31fcd49eec3,1,4,20,0,759e59e3b1928ecb4b536d5135c01b4e,ba41cf31e738825fc45082ea3bea41f5,sixh,6h,futures,aster,ADA,2021-11-10T18:00:00+00:00,sell,1.9613209190405165,4096.804687765192,8035.148735337123,3.2140594941348493,stop,31342.197264541282,,2021-11-08T18:00:00+00:00,2.12551,1.9652514218842851,-7.539770601677464
d85ad7e2888f47b79e6eead8595df555,d54c6e5c30d3bcab409169037abffd35,1,4,20,0,01ad29be58b2708ceaae644db1588ef8,ba41cf31e738825fc45082ea3bea41f5,sixh,6h,spot,aster,ADA,2021-11-10T18:00:00+00:00,sell,1.9613209190405165,4096.561175816173,8034.671130257476,3.2138684521029903,stop,31340.334300567134,63448.19589475596,2021-11-08T18:00:00+00:00,2.12551,1.9652514218842851,-7.539770601677464
d85ad7e2888f47b79e6eead8595df555,29320e750c3ee71b4fa8c31fcd49eec3,1,4,20,0,982e867927e81510e36b1dfe438da9c4,cbbf1a83dcd9492be83f97610579c0b7,sixh,6h,futures,aster,ETH,2021-11-18T12:00:00+00:00,sell,4025.99188,1.8505307822710384,7450.221903113249,2.9800887612452995,trend_break,52847.50555140391,,2021-10-14T12:00:00+00:00,3788.33,4034.06,6.486499328200024
d85ad7e2888f47b79e6eead8595df555,29320e750c3ee71b4fa8c31fcd49eec3,1,4,20,0,ea026b4f3bd70d8a59452a703f2bbecc,37b26afd8f711ab42d2c8c8e4c528b2d,sixh,6h,futures,aster,SOL,2021-11-18T12:00:00+00:00,sell,195.7958236,71.8283551237624,14063.691949290342,5.625476779716137,trend_break,45400.26373705191,,2021-08-15T12:00:00+00:00,51.8837,196.1882,278.13070386267754
d85ad7e2888f47b79e6eead8595df555,d54c6e5c30d3bcab409169037abffd35,1,4,20,0,37798e610df3c5010018404ad660efa6,cbbf1a83dcd9492be83f97610579c0b7,sixh,6h,spot,aster,ETH,2021-11-18T12:00:00+00:00,sell,4025.99188,1.8504207876796788,7449.779065781591,2.979911626312637,trend_break,52844.36432304219,58709.098779182874,2021-10-14T12:00:00+00:00,3788.33,4034.06,6.486499328200024
d85ad7e2888f47b79e6eead8595df555,d54c6e5c30d3bcab409169037abffd35,1,4,20,0,2d09021f5efba6403cc5fa1ca61920cb,37b26afd8f711ab42d2c8c8e4c528b2d,sixh,6h,spot,aster,SOL,2021-11-18T12:00:00+00:00,sell,195.7958236,71.82408568353175,14062.856010724068,5.625142404289628,trend_break,45397.56516888691,58727.00810777468,2021-08-15T12:00:00+00:00,51.8837,196.1882,278.13070386267754
d85ad7e2888f47b79e6eead8595df555,29320e750c3ee71b4fa8c31fcd49eec3,1,4,20,0,cd95f53d87052bd856bcb0f3372f3e13,49641cdbbaa4038b400cab5a028ddc4a,sixh,6h,futures,aster,BNB,2021-12-04T00:00:00+00:00,sell,537.8837765999999,11.037883349087672,5937.098381477532,2.374839352591013,trend_break,58782.229093528855,,2021-10-13T06:00:00+00:00,461.3832,538.9617,16.814331341063117
d85ad7e2888f47b79e6eead8595df555,d54c6e5c30d3bcab409169037abffd35,1,4,20,0,85c0168742c84b1df9710af0f26a9d43,49641cdbbaa4038b400cab5a028ddc4a,sixh,6h,spot,aster,BNB,2021-12-04T00:00:00+00:00,sell,537.8837765999999,11.037227263017618,5936.745483424397,2.374698193369759,trend_break,58778.73510827321,58778.73510827321,2021-10-13T06:00:00+00:00,461.3832,538.9617,16.814331341063117
d85ad7e2888f47b79e6eead8595df555,29320e750c3ee71b4fa8c31fcd49eec3,1,4,20,0,200321944f14d068bf31c73d3182b5b4,6f54a38f6e9c35a0e9320da135a72bb1,sixh,6h,futures,aster,ETH,2022-08-10T18:00:00+00:00,buy,1837.53774,3.598170219065859,6611.773572477583,2.644709428991033,entry,52167.81081162228,,2022-08-10T12:00:00+00:00,1833.87,1670.8290771884901,-8.890538741105413
d85ad7e2888f47b79e6eead8595df555,d54c6e5c30d3bcab409169037abffd35,1,4,20,0,9200e66512d36cdf9b68879a1f34848b,6f54a38f6e9c35a0e9320da135a72bb1,sixh,6h,spot,aster,ETH,2022-08-10T18:00:00+00:00,buy,1837.53774,3.597956345691429,6611.380572080488,2.644552228832195,entry,52164.70998396389,58835.177130621974,2022-08-10T12:00:00+00:00,1833.87,1670.8290771884901,-8.890538741105413
d85ad7e2888f47b79e6eead8595df555,29320e750c3ee71b4fa8c31fcd49eec3,1,4,20,0,465ef0e0b07f35e0e9289f83c0a38828,ed5ff49123a1a0146cb12e06020244fe,sixh,6h,futures,aster,ADA,2022-08-14T06:00:00+00:00,buy,0.58860486,13355.497693555773,7861.110850145719,3.1444443400582878,entry,44303.5555171365,,2022-08-14T00:00:00+00:00,0.58743,0.5430938569860353,-7.547476808124321
d85ad7e2888f47b79e6eead8595df555,d54c6e5c30d3bcab409169037abffd35,1,4,20,0,e7c67fe9208c39a45e1773225a4d2b87,ed5ff49123a1a0146cb12e06020244fe,sixh,6h,spot,aster,ADA,2022-08-14T06:00:00+00:00,buy,0.58860486,13354.70384968931,7860.643589787837,3.144257435915135,entry,44300.92213674014,59217.844851722155,2022-08-14T00:00:00+00:00,0.58743,0.5430938569860353,-7.547476808124321
d85ad7e2888f47b79e6eead8595df555,29320e750c3ee71b4fa8c31fcd49eec3,1,4,20,0,cc8e54a0efe9a1cbbd4f7eff166720e3,ed5ff49123a1a0146cb12e06020244fe,sixh,6h,futures,aster,ADA,2022-08-15T18:00:00+00:00,sell,0.5420076692720632,13355.497693555773,7238.782176852581,2.8955128707410327,stop,51539.442181118335,,2022-08-14T00:00:00+00:00,0.58743,0.5430938569860353,-7.547476808124321
d85ad7e2888f47b79e6eead8595df555,d54c6e5c30d3bcab409169037abffd35,1,4,20,0,ec78f85570b0b0cb8fd8cc1e126aa714,ed5ff49123a1a0146cb12e06020244fe,sixh,6h,spot,aster,ADA,2022-08-15T18:00:00+00:00,sell,0.5420076692720632,13354.70384968931,7238.351907388753,2.8953407629555015,stop,51536.37870336594,58369.32955859545,2022-08-14T00:00:00+00:00,0.58743,0.5430938569860353,-7.547476808124321
d85ad7e2888f47b79e6eead8595df555,29320e750c3ee71b4fa8c31fcd49eec3,1,4,20,0,901f68a9af8af9c64c24bd5e8f134c71,6f54a38f6e9c35a0e9320da135a72bb1,sixh,6h,futures,aster,ETH,2022-08-19T18:00:00+00:00,sell,1667.4874190341131,3.598170219065859,5999.903571835538,2.3999614287342155,stop,57536.94579152514,,2022-08-10T12:00:00+00:00,1833.87,1670.8290771884901,-8.890538741105413
d85ad7e2888f47b79e6eead8595df555,d54c6e5c30d3bcab409169037abffd35,1,4,20,0,48a72a5aef829ac9a49eba9bd4be0c14,6f54a38f6e9c35a0e9320da135a72bb1,sixh,6h,spot,aster,ETH,2022-08-19T18:00:00+00:00,sell,1667.4874190341131,3.597956345691429,5999.5469406744105,2.3998187762697643,stop,57533.52582526408,57533.52582526408,2022-08-10T12:00:00+00:00,1833.87,1670.8290771884901,-8.890538741105413
d85ad7e2888f47b79e6eead8595df555,29320e750c3ee71b4fa8c31fcd49eec3,1,4,20,0,bfc93220ca49b56d56230bd15f58c83d,5aa5fbf719d5e5b127a17b7f9a6fe5d2,sixh,6h,futures,aster,SOL,2022-11-05T18:00:00+00:00,buy,36.7746024,142.9455306497868,5256.765054502923,2.1027060218011693,entry,52278.07803100042,,2022-11-05T12:00:00+00:00,36.7012,32.68413830332959,-10.94531431307535
d85ad7e2888f47b79e6eead8595df555,d54c6e5c30d3bcab409169037abffd35,1,4,20,0,90d629efd7934fa0eece64fc7773a129,5aa5fbf719d5e5b127a17b7f9a6fe5d2,sixh,6h,spot,aster,SOL,2022-11-05T18:00:00+00:00,buy,36.7746024,142.9370340414725,5256.452595110416,2.1025810380441667,entry,52274.97064911562,57529.993530836735,2022-11-05T12:00:00+00:00,36.7012,32.68413830332959,-10.94531431307535
d85ad7e2888f47b79e6eead8595df555,29320e750c3ee71b4fa8c31fcd49eec3,1,4,20,0,6febf6036edc59dc82c6b27c04e44c81,5aa5fbf719d5e5b127a17b7f9a6fe5d2,sixh,6h,futures,aster,SOL,2022-11-06T18:00:00+00:00,sell,32.61877002672293,142.9455306497868,4662.707390613269,1.8650829562453077,stop,56938.920338657445,,2022-11-05T12:00:00+00:00,36.7012,32.68413830332959,-10.94531431307535
d85ad7e2888f47b79e6eead8595df555,d54c6e5c30d3bcab409169037abffd35,1,4,20,0,be0902d4839668c55c77e9327b638ba2,5aa5fbf719d5e5b127a17b7f9a6fe5d2,sixh,6h,spot,aster,SOL,2022-11-06T18:00:00+00:00,sell,32.61877002672293,142.9370340414725,4662.4302417006575,1.864972096680263,stop,56935.53591871959,56935.53591871959,2022-11-05T12:00:00+00:00,36.7012,32.68413830332959,-10.94531431307535
d85ad7e2888f47b79e6eead8595df555,29320e750c3ee71b4fa8c31fcd49eec3,1,4,20,0,ab04c830db0d4a2e77984e1ec5712593,314e2db6240b363c3dd37837ca23e269,sixh,6h,futures,aster,ADA,2023-02-14T18:00:00+00:00,buy,0.38174196,18316.20373240296,6992.0635125668205,2.7968254050267283,entry,49944.0600006856,,2023-02-14T12:00:00+00:00,0.38098,0.36554,-4.052706178802035
d85ad7e2888f47b79e6eead8595df555,d54c6e5c30d3bcab409169037abffd35,1,4,20,0,211d7db69227afd42cce4dc504fa4573,314e2db6240b363c3dd37837ca23e269,sixh,6h,spot,aster,ADA,2023-02-14T18:00:00+00:00,buy,0.38174196,18315.115026738556,6991.647907932629,2.796659163173052,entry,49941.09135162379,57018.41810025611,2023-02-14T12:00:00+00:00,0.38098,0.36554,-4.052706178802035
d85ad7e2888f47b79e6eead8595df555,29320e750c3ee71b4fa8c31fcd49eec3,1,4,20,0,5aae13ea3347145d8b0fa519af268816,e7887ddf3fdb8f147588e7879ce8eb6d,sixh,6h,futures,aster,ETH,2023-02-16T00:00:00+00:00,buy,1677.78888,5.262759376461375,8829.79915994263,3.531919663977052,entry,41110.72892107899,,2023-02-15T18:00:00+00:00,1674.44,1565.470929580703,-6.507791883811731
d85ad7e2888f47b79e6eead8595df555,29320e750c3ee71b4fa8c31fcd49eec3,1,4,20,0,766676323d9e301dbd2da51c88c1600b,4f1583bf0f62291c2542be1bf36b84cb,sixh,6h,futures,aster,SOL,2023-02-16T00:00:00+00:00,buy,23.92776,225.85402221544177,5404.180838605759,2.161672335442304,entry,35704.386410137784,,2023-02-15T18:00:00+00:00,23.88,21.7914,-8.746231155778894
d85ad7e2888f47b79e6eead8595df555,d54c6e5c30d3bcab409169037abffd35,1,4,20,0,54dabf51c7016734233857b7588deffb,e7887ddf3fdb8f147588e7879ce8eb6d,sixh,6h,spot,aster,ETH,2023-02-16T00:00:00+00:00,buy,1677.78888,5.262446560769475,8829.27432125327,3.531709728501308,entry,41108.285320642026,57533.6486589729,2023-02-15T18:00:00+00:00,1674.44,1565.470929580703,-6.507791883811731
d85ad7e2888f47b79e6eead8595df555,d54c6e5c30d3bcab409169037abffd35,1,4,20,0,7a82ae5a8a17169205a500badd07aed9,4f1583bf0f62291c2542be1bf36b84cb,sixh,6h,spot,aster,SOL,2023-02-16T00:00:00+00:00,buy,23.92776,226.13368759114124,5410.872604595806,2.164349041838322,entry,35695.24836700438,57508.925213256975,2023-02-15T18:00:00+00:00,23.88,21.7914,-8.746231155778894
d85ad7e2888f47b79e6eead8595df555,29320e750c3ee71b4fa8c31fcd49eec3,1,4,20,0,9038f7fc40f368d862260fdd642470f5,314e2db6240b363c3dd37837ca23e269,sixh,6h,futures,aster,ADA,2023-02-24T12:00:00+00:00,sell,0.36480892,18316.20373240296,6681.914502117892,2.672765800847157,trend_break,42383.62814645483,,2023-02-14T12:00:00+00:00,0.38098,0.36554,-4.052706178802035
d85ad7e2888f47b79e6eead8595df555,d54c6e5c30d3bcab409169037abffd35,1,4,20,0,1a3dad142a16252aac225356c9cba889,314e2db6240b363c3dd37837ca23e269,sixh,6h,spot,aster,ADA,2023-02-24T12:00:00+00:00,sell,0.36480892,18315.115026738556,6681.517332580263,2.6726069330321054,trend_break,42374.09309265161,55920.1728582521,2023-02-14T12:00:00+00:00,0.38098,0.36554,-4.052706178802035
d85ad7e2888f47b79e6eead8595df555,29320e750c3ee71b4fa8c31fcd49eec3,1,4,20,0,3f5e1d08afadb4fc8b190ce92153765c,e7887ddf3fdb8f147588e7879ce8eb6d,sixh,6h,futures,aster,ETH,2023-02-25T18:00:00+00:00,sell,1562.3399877215415,5.262759376461375,8222.219419602092,3.288887767840837,stop,50602.55867828908,,2023-02-15T18:00:00+00:00,1674.44,1565.470929580703,-6.507791883811731
d85ad7e2888f47b79e6eead8595df555,d54c6e5c30d3bcab409169037abffd35,1,4,20,0,4eeb4b4f50e8028f2a7ec27f19da3e40,e7887ddf3fdb8f147588e7879ce8eb6d,sixh,6h,spot,aster,ETH,2023-02-25T18:00:00+00:00,sell,1562.3399877215415,5.262446560769475,8221.73069513785,3.2886922780551404,stop,50592.535095511405,55675.52289844756,2023-02-15T18:00:00+00:00,1674.44,1565.470929580703,-6.507791883811731
d85ad7e2888f47b79e6eead8595df555,29320e750c3ee71b4fa8c31fcd49eec3,1,4,20,0,9e84f9a977bb06cb0ce7e364de7aab9d,4f1583bf0f62291c2542be1bf36b84cb,sixh,6h,futures,aster,SOL,2023-03-02T12:00:00+00:00,sell,21.7478172,225.85402221544177,4911.831989026166,1.9647327956104668,trend_break,55512.42593451964,,2023-02-15T18:00:00+00:00,23.88,21.7914,-8.746231155778894
d85ad7e2888f47b79e6eead8595df555,d54c6e5c30d3bcab409169037abffd35,1,4,20,0,b2367986cefaa1f18c20309ca9c576bc,4f1583bf0f62291c2542be1bf36b84cb,sixh,6h,spot,aster,SOL,2023-03-02T12:00:00+00:00,sell,21.7478172,226.13368759114124,4917.914100494048,1.9671656401976194,trend_break,55508.48203036525,55508.48203036525,2023-02-15T18:00:00+00:00,23.88,21.7914,-8.746231155778894
d85ad7e2888f47b79e6eead8595df555,29320e750c3ee71b4fa8c31fcd49eec3,1,4,20,0,41ac466f6f30824c0dbfdf76e8b91d81,8b98cd6f3e0e1e2fe09fffa9a79c8f1e,sixh,6h,futures,aster,BNB,2023-03-13T06:00:00+00:00,buy,304.4076,27.03976411123529,8231.109697667267,3.292443879066907,entry,47278.023792973305,,2023-03-13T00:00:00+00:00,303.8,306.7,0.9545753785385136
d85ad7e2888f47b79e6eead8595df555,d54c6e5c30d3bcab409169037abffd35,1,4,20,0,5f4fff486af031144dc252d397d882b3,8b98cd6f3e0e1e2fe09fffa9a79c8f1e,sixh,6h,spot,aster,BNB,2023-03-13T06:00:00+00:00,buy,304.4076,27.03784305957493,8230.524914941861,3.2922099659767445,entry,47274.664905457415,55304.90429415117,2023-03-13T00:00:00+00:00,303.8,306.7,0.9545753785385136
d85ad7e2888f47b79e6eead8595df555,29320e750c3ee71b4fa8c31fcd49eec3,1,4,20,0,4c84019e3330dee2cd36e061332a7319,b119b8b34ed83863ae7f7f45162d76a3,sixh,6h,futures,aster,BTC,2023-03-13T18:00:00+00:00,buy,24157.59876,0.2799334791218133,6762.520668115603,2.7050082672462414,entry,40512.79811659046,,2023-03-13T12:00:00+00:00,24109.38,27549.95,14.270669755920729
d85ad7e2888f47b79e6eead8595df555,d54c6e5c30d3bcab409169037abffd35,1,4,20,0,a184372d78ca78ff6f79108c6d8c89a1,b119b8b34ed83863ae7f7f45162d76a3,sixh,6h,spot,aster,BTC,2023-03-13T18:00:00+00:00,buy,24157.59876,0.2799135911275008,6762.040221928861,2.7048160887715444,entry,40509.919867439785,55585.74917950612,2023-03-13T12:00:00+00:00,24109.38,27549.95,14.270669755920729
d85ad7e2888f47b79e6eead8595df555,29320e750c3ee71b4fa8c31fcd49eec3,1,4,20,0,120edd229a407780961cf911c34f57a6,ca00268c2207534e5bcae256246df754,sixh,6h,futures,aster,ADA,2023-03-22T00:00:00+00:00,buy,0.3710406,14572.152334818164,5406.8601456023325,2.162744058240933,entry,35103.77522692988,,2023-03-21T18:00:00+00:00,0.3703,0.3481,-5.9951390764245165
d85ad7e2888f47b79e6eead8595df555,d54c6e5c30d3bcab409169037abffd35,1,4,20,0,1347ca747d93bf98ce77b8437027cf7c,ca00268c2207534e5bcae256246df754,sixh,6h,spot,aster,ADA,2023-03-22T00:00:00+00:00,buy,0.3710406,14571.117049993836,5406.476012899943,2.1625904051599774,entry,35101.28126413468,57744.6697055329,2023-03-21T18:00:00+00:00,0.3703,0.3481,-5.9951390764245165
d85ad7e2888f47b79e6eead8595df555,29320e750c3ee71b4fa8c31fcd49eec3,1,4,20,0,9aa3105833c199c7e0ba7f22ac3dc249,ca00268c2207534e5bcae256246df754,sixh,6h,futures,aster,ADA,2023-03-27T00:00:00+00:00,sell,0.34740380000000004,14572.152334818164,5062.421095294703,2.0249684381178814,trend_break,40164.17135378646,,2023-03-21T18:00:00+00:00,0.3703,0.3481,-5.9951390764245165
d85ad7e2888f47b79e6eead8595df555,d54c6e5c30d3bcab409169037abffd35,1,4,20,0,c48bdd6060f04fab716c6bf5c8a3e5af,ca00268c2207534e5bcae256246df754,sixh,6h,spot,aster,ADA,2023-03-27T00:00:00+00:00,sell,0.34740380000000004,14571.117049993836,5062.061433412649,2.02482457336506,trend_break,40161.31787297397,56763.9936713225,2023-03-21T18:00:00+00:00,0.3703,0.3481,-5.9951390764245165
d85ad7e2888f47b79e6eead8595df555,29320e750c3ee71b4fa8c31fcd49eec3,1,4,20,0,8073b6c35e388f525063e7aa5c41101a,8b98cd6f3e0e1e2fe09fffa9a79c8f1e,sixh,6h,futures,aster,BNB,2023-03-27T12:00:00+00:00,sell,306.0866,27.03976411123529,8276.50946161003,3.3106037846440124,trend_break,48437.37021161185,,2023-03-13T00:00:00+00:00,303.8,306.7,0.9545753785385136
d85ad7e2888f47b79e6eead8595df555,d54c6e5c30d3bcab409169037abffd35,1,4,20,0,3fb0a23c7381b09e80c27fbf5f55f406,8b98cd6f3e0e1e2fe09fffa9a79c8f1e,sixh,6h,spot,aster,BNB,2023-03-27T12:00:00+00:00,sell,306.0866,27.03784305957493,8275.921453438887,3.310368581375555,trend_break,48433.92895783148,55979.9039275726,2023-03-13T00:00:00+00:00,303.8,306.7,0.9545753785385136
d85ad7e2888f47b79e6eead8595df555,29320e750c3ee71b4fa8c31fcd49eec3,1,4,20,0,2ff875596aebe3ac19dbbc0e4044f109,d055ec6eaf9caf19926d2fd3f5ebcef6,sixh,6h,futures,aster,ADA,2023-03-29T06:00:00+00:00,buy,0.37765380000000004,17266.85874021433,6520.894817305156,2.6083579269220625,entry,41913.86703637977,,2023-03-29T00:00:00+00:00,0.3769,0.3827,1.5388697267179507
d85ad7e2888f47b79e6eead8595df555,d54c6e5c30d3bcab409169037abffd35,1,4,20,0,0c9be3976cd98fadf746981a4fd4941b,d055ec6eaf9caf19926d2fd3f5ebcef6,sixh,6h,spot,aster,ADA,2023-03-29T06:00:00+00:00,buy,0.37765380000000004,17265.63200881551,6520.431537530812,2.6081726150123252,entry,41910.889247685656,56561.346654713445,2023-03-29T00:00:00+00:00,0.3769,0.3827,1.5388697267179507
d85ad7e2888f47b79e6eead8595df555,29320e750c3ee71b4fa8c31fcd49eec3,1,4,20,0,8b8af7974fe5d5f4e6d86e3872d415fb,15efa0e4fe418fc338666c19e8837107,sixh,6h,futures,aster,ETH,2023-04-04T12:00:00+00:00,buy,1868.64984,5.477939899079565,10236.351515944645,4.094540606377858,entry,31673.42097982875,,2023-04-04T06:00:00+00:00,1864.92,1826.28,-2.071938742680657
d85ad7e2888f47b79e6eead8595df555,d54c6e5c30d3bcab409169037abffd35,1,4,20,0,fd15579d26755e9c51bb89778e7f35b5,15efa0e4fe418fc338666c19e8837107,sixh,6h,spot,aster,ETH,2023-04-04T12:00:00+00:00,buy,1868.64984,5.477550716485547,10235.624269952603,4.094249707981041,entry,31671.17072802507,56581.65068289348,2023-04-04T06:00:00+00:00,1864.92,1826.28,-2.071938742680657
d85ad7e2888f47b79e6eead8595df555,29320e750c3ee71b4fa8c31fcd49eec3,1,4,20,0,f2089aaa52a83d60104bb7aba5135caa,887fbaed56407b800c5847585fb6dec6,sixh,6h,futures,aster,SOL,2023-04-11T06:00:00+00:00,buy,22.02396,432.7211942596365,9530.234273526463,3.8120937094105853,entry,22139.374612592874,,2023-04-11T00:00:00+00:00,21.98,21.62,-1.6378525932666088
d85ad7e2888f47b79e6eead8595df555,d54c6e5c30d3bcab409169037abffd35,1,4,20,0,daffb527138f2f614be191ac8e1b1761,887fbaed56407b800c5847585fb6dec6,sixh,6h,spot,aster,SOL,2023-04-11T06:00:00+00:00,buy,22.02396,432.69045139644874,9529.557193937331,3.8118228775749325,entry,22137.801711210166,57690.94861630117,2023-04-11T00:00:00+00:00,21.98,21.62,-1.6378525932666088
d85ad7e2888f47b79e6eead8595df555,29320e750c3ee71b4fa8c31fcd49eec3,1,4,20,0,34437edb12dd4de7608c6d9e2293de37,887fbaed56407b800c5847585fb6dec6,sixh,6h,futures,aster,SOL,2023-04-21T12:00:00+00:00,sell,21.57676,432.7211942596365,9336.721355453554,3.7346885421814218,trend_break,31472.361279504246,,2023-04-11T00:00:00+00:00,21.98,21.62,-1.6378525932666088
d85ad7e2888f47b79e6eead8595df555,d54c6e5c30d3bcab409169037abffd35,1,4,20,0,1243dd6e39a7e5a19fe6017e101426d5,887fbaed56407b800c5847585fb6dec6,sixh,6h,spot,aster,SOL,2023-04-21T12:00:00+00:00,sell,21.57676,432.69045139644874,9336.05802407284,3.734423209629136,trend_break,31470.125312073375,56370.89953920059,2023-04-11T00:00:00+00:00,21.98,21.62,-1.6378525932666088
d85ad7e2888f47b79e6eead8595df555,29320e750c3ee71b4fa8c31fcd49eec3,1,4,20,0,f11f55854a3f7d0930e582b4c5f41d65,d055ec6eaf9caf19926d2fd3f5ebcef6,sixh,6h,futures,aster,ADA,2023-04-21T18:00:00+00:00,sell,0.38193459999999996,17266.85874021433,6594.8107862002635,2.6379243144801054,trend_break,38064.53414139003,,2023-03-29T00:00:00+00:00,0.3769,0.3827,1.5388697267179507
d85ad7e2888f47b79e6eead8595df555,d54c6e5c30d3bcab409169037abffd35,1,4,20,0,60640c8d40f5501b16ff6ba16db23c9d,d055ec6eaf9caf19926d2fd3f5ebcef6,sixh,6h,spot,aster,ADA,2023-04-21T18:00:00+00:00,sell,0.38193459999999996,17265.63200881551,6594.342255034148,2.6377369020136596,trend_break,38061.82983020551,55819.30334643173,2023-03-29T00:00:00+00:00,0.3769,0.3827,1.5388697267179507
d85ad7e2888f47b79e6eead8595df555,29320e750c3ee71b4fa8c31fcd49eec3,1,4,20,0,bfe56e44175424a6001109a75b970809,15efa0e4fe418fc338666c19e8837107,sixh,6h,futures,aster,ETH,2023-04-25T06:00:00+00:00,sell,1822.62744,5.477939899079565,9984.243574733246,3.9936974298932983,trend_break,48044.78401869338,,2023-04-04T06:00:00+00:00,1864.92,1826.28,-2.071938742680657
d85ad7e2888f47b79e6eead8595df555,d54c6e5c30d3bcab409169037abffd35,1,4,20,0,853a06b325f93fffe7a1a468e40a1d73,15efa0e4fe418fc338666c19e8837107,sixh,6h,spot,aster,ETH,2023-04-25T06:00:00+00:00,sell,1822.62744,5.477550716485547,9983.534239858218,3.9934136959432873,trend_break,48041.370656367784,55708.01357610807,2023-04-04T06:00:00+00:00,1864.92,1826.28,-2.071938742680657
d85ad7e2888f47b79e6eead8595df555,29320e750c3ee71b4fa8c31fcd49eec3,1,4,20,0,5afb52a4406801eba636a3d92a02077c,b119b8b34ed83863ae7f7f45162d76a3,sixh,6h,futures,aster,BTC,2023-05-08T12:00:00+00:00,sell,27494.8501,0.2799334791218133,7696.729046425737,3.0786916185702946,trend_break,55738.434373500546,,2023-03-13T12:00:00+00:00,24109.38,27549.95,14.270669755920729
d85ad7e2888f47b79e6eead8595df555,d54c6e5c30d3bcab409169037abffd35,1,4,20,0,6e12792c36ccbfe7e83e39fa0aab2791,b119b8b34ed83863ae7f7f45162d76a3,sixh,6h,spot,aster,BTC,2023-05-08T12:00:00+00:00,sell,27494.8501,0.2799135911275008,7696.182229003324,3.0784728916013298,trend_break,55734.47441247951,55734.47441247951,2023-03-13T12:00:00+00:00,24109.38,27549.95,14.270669755920729
d85ad7e2888f47b79e6eead8595df555,29320e750c3ee71b4fa8c31fcd49eec3,1,4,20,0,d57bda112a8abb1a3e32e863e7bc0cde,b277c3ad6990a145be678064f07ba541,sixh,6h,futures,aster,SOL,2023-07-07T18:00:00+00:00,buy,21.31254,239.92870243868745,5113.4900678726235,2.0453960271490494,entry,50622.89890960077,,2023-07-07T12:00:00+00:00,21.27,22.85,7.428302773859907
d85ad7e2888f47b79e6eead8595df555,d54c6e5c30d3bcab409169037abffd35,1,4,20,0,3666a4fe65289a1fbbf95e89f58f878b,b277c3ad6990a145be678064f07ba541,sixh,6h,spot,aster,SOL,2023-07-07T18:00:00+00:00,buy,21.31254,239.91165660092466,5113.12677777347,2.045250711109388,entry,50619.30238399493,55770.205651216784,2023-07-07T12:00:00+00:00,21.27,22.85,7.428302773859907
d85ad7e2888f47b79e6eead8595df555,29320e750c3ee71b4fa8c31fcd49eec3,1,4,20,0,970cc333f4c9919ee0d05b25c5394c5b,b277c3ad6990a145be678064f07ba541,sixh,6h,futures,aster,SOL,2023-08-16T18:00:00+00:00,sell,22.8043,239.92870243868745,5471.4061090225605,2.1885624436090243,trend_break,56092.11645617972,,2023-07-07T12:00:00+00:00,21.27,22.85,7.428302773859907
d85ad7e2888f47b79e6eead8595df555,d54c6e5c30d3bcab409169037abffd35,1,4,20,0,22676ad4c2a2891a4eee49e23c4fb441,b277c3ad6990a145be678064f07ba541,sixh,6h,spot,aster,SOL,2023-08-16T18:00:00+00:00,sell,22.8043,239.91165660092466,5471.017390624466,2.1884069562497865,trend_break,56088.13136766315,56088.13136766315,2023-07-07T12:00:00+00:00,21.27,22.85,7.428302773859907
d85ad7e2888f47b79e6eead8595df555,29320e750c3ee71b4fa8c31fcd49eec3,1,4,20,0,db61252dabe20eb4abd2327063ad81f0,9b731edb40aa7463c6406c55869e854d,sixh,6h,futures,aster,XRP,2023-10-04T00:00:00+00:00,buy,0.5392764,19613.113389895825,10576.889181694816,4.230755672677927,entry,45510.99651881223,,2023-10-03T18:00:00+00:00,0.5382,0.5204,-3.307320698625049
d85ad7e2888f47b79e6eead8595df555,d54c6e5c30d3bcab409169037abffd35,1,4,20,0,5d8018e97d15d3a35354e7552d487b44,9b731edb40aa7463c6406c55869e854d,sixh,6h,spot,aster,XRP,2023-10-04T00:00:00+00:00,buy,0.5392764,19611.719967827226,10576.137742057983,4.230455096823193,entry,45507.76317050834,55909.8194414439,2023-10-03T18:00:00+00:00,0.5382,0.5204,-3.307320698625049
d85ad7e2888f47b79e6eead8595df555,29320e750c3ee71b4fa8c31fcd49eec3,1,4,20,0,a3fb7b175f717ff112e754e3aadef57d,9b731edb40aa7463c6406c55869e854d,sixh,6h,futures,aster,XRP,2023-10-08T00:00:00+00:00,sell,0.5193592,19613.113389895825,10186.250879685584,4.074500351874233,trend_break,55693.17289814594,,2023-10-03T18:00:00+00:00,0.5382,0.5204,-3.307320698625049
d85ad7e2888f47b79e6eead8595df555,d54c6e5c30d3bcab409169037abffd35,1,4,20,0,19f19b59c4265c2635a7ee6c75c1d175,9b731edb40aa7463c6406c55869e854d,sixh,6h,spot,aster,XRP,2023-10-08T00:00:00+00:00,sell,0.5193592,19611.719967827226,10185.527193114774,4.07421087724591,trend_break,55689.21615274587,55689.21615274587,2023-10-03T18:00:00+00:00,0.5382,0.5204,-3.307320698625049
d85ad7e2888f47b79e6eead8595df555,29320e750c3ee71b4fa8c31fcd49eec3,1,4,20,0,9ace44866b596af99e4350b1c3ef391f,040f69c65802ffff7f2b0b1250bb838c,sixh,6h,futures,aster,XRP,2023-10-20T00:00:00+00:00,buy,0.522042,21336.663677691045,11138.634579629188,4.455453831851675,entry,44550.0828646849,,2023-10-19T18:00:00+00:00,0.521,0.5801,11.343570057581553
d85ad7e2888f47b79e6eead8595df555,d54c6e5c30d3bcab409169037abffd35,1,4,20,0,144512ccc6023d7ef22ab64ef44b4acd,040f69c65802ffff7f2b0b1250bb838c,sixh,6h,spot,aster,XRP,2023-10-20T00:00:00+00:00,buy,0.522042,21335.147805251632,11137.843230549173,4.4551372922196695,entry,44546.91778490447,55468.37994641278,2023-10-19T18:00:00+00:00,0.521,0.5801,11.343570057581553
d85ad7e2888f47b79e6eead8595df555,29320e750c3ee71b4fa8c31fcd49eec3,1,4,20,0,28452884b1cc031a9e27a29e58f8b834,b987dafc98f5e20f903ecefdcea04fcb,sixh,6h,futures,aster,SOL,2023-10-21T12:00:00+00:00,buy,29.39868,236.77200121577906,6960.784296702299,2.7843137186809197,entry,37586.514254263915,,2023-10-21T06:00:00+00:00,29.34,86.77,195.73960463531014
d85ad7e2888f47b79e6eead8595df555,d54c6e5c30d3bcab409169037abffd35,1,4,20,0,80e3498089ea913c88ec89223706c0db,b987dafc98f5e20f903ecefdcea04fcb,sixh,6h,spot,aster,SOL,2023-10-21T12:00:00+00:00,buy,29.39868,236.75517964721107,6960.28976479087,2.784115905916348,entry,37583.843904207686,55812.158307925914,2023-10-21T06:00:00+00:00,29.34,86.77,195.73960463531014
d85ad7e2888f47b79e6eead8595df555,29320e750c3ee71b4fa8c31fcd49eec3,1,4,20,0,1c69a84bee8ae697ee32437eced9aa95,8b139bb34047ff52d114af026a99e513,sixh,6h,futures,aster,BNB,2023-10-23T06:00:00+00:00,buy,222.74460000000002,50.247606687090304,11192.383052473257,4.476953220989303,entry,26389.65424856967,,2023-10-23T00:00:00+00:00,222.3,225.4,1.3945119208277124
d85ad7e2888f47b79e6eead8595df555,d54c6e5c30d3bcab409169037abffd35,1,4,20,0,3b71e2e68fd6d3d822fc5cc013439cd6,8b139bb34047ff52d114af026a99e513,sixh,6h,spot,aster,BNB,2023-10-23T06:00:00+00:00,buy,222.74460000000002,50.24403682428168,11191.587884809895,4.476635153923958,entry,26387.77938424387,55830.6362164749,2023-10-23T00:00:00+00:00,222.3,225.4,1.3945119208277124
d85ad7e2888f47b79e6eead8595df555,29320e750c3ee71b4fa8c31fcd49eec3,1,4,20,0,3e0b0f251a187c6495ff16b797d1a9f0,d5aeaa31eaf73b54a1900fa590128a47,sixh,6h,futures,aster,BTC,2023-10-24T00:00:00+00:00,buy,32980.83,0.31828800524609624,10497.40259206061,4.198961036824244,entry,15888.052695472237,,2023-10-23T18:00:00+00:00,32915,41700.01,26.689989366550204
d85ad7e2888f47b79e6eead8595df555,29320e750c3ee71b4fa8c31fcd49eec3,1,4,20,0,0f620c7e4e457fbb963b595e93aa08dd,8b1733305f452c0e3664f613afa859ca,sixh,6h,futures,aster,ETH,2023-10-24T00:00:00+00:00,buy,1766.35566,6.429174806726831,11356.209308991343,4.542483723596537,entry,4527.300902757297,,2023-10-23T18:00:00+00:00,1762.83,2314.61,31.300806090207246
d85ad7e2888f47b79e6eead8595df555,d54c6e5c30d3bcab409169037abffd35,1,4,20,0,7f47f654ca4ef356787a00991b4ac391,d5aeaa31eaf73b54a1900fa590128a47,sixh,6h,spot,aster,BTC,2023-10-24T00:00:00+00:00,buy,32980.83,0.3182653923379943,10496.656799582692,4.198662719833077,entry,15886.923921941345,57070.95531996657,2023-10-23T18:00:00+00:00,32915,41700.01,26.689989366550204
d85ad7e2888f47b79e6eead8595df555,d54c6e5c30d3bcab409169037abffd35,1,4,20,0,bf28f11adcb3ac7a58d7b40f32830779,8b1733305f452c0e3664f613afa859ca,sixh,6h,spot,aster,ETH,2023-10-24T00:00:00+00:00,buy,1766.35566,6.4620004467239145,11414.191063993314,4.565676425597326,entry,4468.167181522433,57360.95566898459,2023-10-23T18:00:00+00:00,1762.83,2314.61,31.300806090207246
d85ad7e2888f47b79e6eead8595df555,29320e750c3ee71b4fa8c31fcd49eec3,1,4,20,0,ce9326f6b0c7c3503d35f8395151c337,8b139bb34047ff52d114af026a99e513,sixh,6h,futures,aster,BNB,2023-11-21T18:00:00+00:00,sell,224.94920000000002,50.247606687090304,11303.158926175614,4.521263570470246,trend_break,28173.641310071267,,2023-10-23T00:00:00+00:00,222.3,225.4,1.3945119208277124
d85ad7e2888f47b79e6eead8595df555,29320e750c3ee71b4fa8c31fcd49eec3,1,4,20,0,85c84d3a56b4d2bd2429baa31f439943,040f69c65802ffff7f2b0b1250bb838c,sixh,6h,futures,aster,XRP,2023-11-21T18:00:00+00:00,sell,0.5789397999999999,21336.663677691045,12352.643802229715,4.941057520891887,trend_break,16875.00364746612,,2023-10-19T18:00:00+00:00,0.521,0.5801,11.343570057581553
d85ad7e2888f47b79e6eead8595df555,d54c6e5c30d3bcab409169037abffd35,1,4,20,0,44c09eebfd5d353cc9e514c3743ec14b,8b139bb34047ff52d114af026a99e513,sixh,6h,spot,aster,BNB,2023-11-21T18:00:00+00:00,sell,224.94920000000002,50.24403682428168,11302.355888392705,4.520942355357082,trend_break,28112.82762442126,64323.889340780705,2023-10-23T00:00:00+00:00,222.3,225.4,1.3945119208277124
d85ad7e2888f47b79e6eead8595df555,d54c6e5c30d3bcab409169037abffd35,1,4,20,0,0d3640c0ac94c4beb785ed90e2a44cc6,040f69c65802ffff7f2b0b1250bb838c,sixh,6h,spot,aster,XRP,2023-11-21T18:00:00+00:00,sell,0.5789397999999999,21335.147805251632,12351.766203342817,4.940706481337127,trend_break,16814.99267838391,64351.06029493645,2023-10-19T18:00:00+00:00,0.521,0.5801,11.343570057581553
d85ad7e2888f47b79e6eead8595df555,29320e750c3ee71b4fa8c31fcd49eec3,1,4,20,0,d73663561e998dc237516b9ca7420ce7,27a76c3c70cf04754cbd2a98d64d27ec,sixh,6h,futures,aster,ADA,2023-12-03T00:00:00+00:00,buy,0.3975936,35094.89529208021,13953.505760801223,5.5814023043204894,entry,14214.554146965724,,2023-12-02T18:00:00+00:00,0.3968,0.5208,31.25000000000002
d85ad7e2888f47b79e6eead8595df555,d54c6e5c30d3bcab409169037abffd35,1,4,20,0,9fabe3e8f4063dfe2c39867f458c1f63,27a76c3c70cf04754cbd2a98d64d27ec,sixh,6h,spot,aster,ADA,2023-12-03T00:00:00+00:00,buy,0.3975936,35098.92558028489,13955.10817759756,5.582043271039025,entry,14152.137403552662,69714.02519691201,2023-12-02T18:00:00+00:00,0.3968,0.5208,31.25000000000002
d85ad7e2888f47b79e6eead8595df555,29320e750c3ee71b4fa8c31fcd49eec3,1,4,20,0,cf93130e72902eb4e896b321ef5b5774,76f844ae613a27992aa6c2298d31713a,sixh,6h,futures,aster,BNB,2023-12-12T06:00:00+00:00,buy,251.502,45.54840013996441,11455.51373200133,4.582205492800532,entry,2754.4582094715934,,2023-12-12T00:00:00+00:00,251,236,-5.976095617529875
d85ad7e2888f47b79e6eead8595df555,d54c6e5c30d3bcab409169037abffd35,1,4,20,0,8b3a90a1437908ac2e850944f2a47e18,76f844ae613a27992aa6c2298d31713a,sixh,6h,spot,aster,BNB,2023-12-12T06:00:00+00:00,buy,251.502,45.55436973980498,11457.015098300433,4.5828060393201735,entry,2690.5394992129095,79051.381396789,2023-12-12T00:00:00+00:00,251,236,-5.976095617529875
d85ad7e2888f47b79e6eead8595df555,29320e750c3ee71b4fa8c31fcd49eec3,1,4,20,0,481115531efd51edb3d6d3d116693e9e,76f844ae613a27992aa6c2298d31713a,sixh,6h,futures,aster,BNB,2023-12-18T00:00:00+00:00,sell,235.528,45.54840013996441,10727.923588165537,4.291169435266215,trend_break,13478.090628201864,,2023-12-12T00:00:00+00:00,251,236,-5.976095617529875
d85ad7e2888f47b79e6eead8595df555,d54c6e5c30d3bcab409169037abffd35,1,4,20,0,70241e75085bfbc147aeb06f0649f5f7,76f844ae613a27992aa6c2298d31713a,sixh,6h,spot,aster,BNB,2023-12-18T00:00:00+00:00,sell,235.528,45.55436973980498,10729.329596076788,4.2917318384307155,trend_break,13415.577363451266,77066.76166382342,2023-12-12T00:00:00+00:00,251,236,-5.976095617529875
d85ad7e2888f47b79e6eead8595df555,29320e750c3ee71b4fa8c31fcd49eec3,1,4,20,0,ddd8516c8a472f2f5b40b2dfa4632480,d1a905179a30bc084e922f51a3078613,sixh,6h,futures,aster,XRP,2023-12-25T12:00:00+00:00,buy,0.6435846,20942.220538219637,13478.09062820187,5.391236251280748,entry,-5.391236251285591,,2023-12-25T06:00:00+00:00,0.6423,0.6074308056174631,-5.428801865567012
d85ad7e2888f47b79e6eead8595df555,d54c6e5c30d3bcab409169037abffd35,1,4,20,0,3c6eef5e89ac0c3ff413321fb491e008,d1a905179a30bc084e922f51a3078613,sixh,6h,spot,aster,XRP,2023-12-25T12:00:00+00:00,buy,0.6435846,20836.752896417987,13410.21327814001,5.364085311256004,entry,0,92994.03962641708,2023-12-25T06:00:00+00:00,0.6423,0.6074308056174631,-5.428801865567012
d85ad7e2888f47b79e6eead8595df555,29320e750c3ee71b4fa8c31fcd49eec3,1,4,20,0,05bb400e25d16a4f2d0ebafeb1a6c7f9,844f3506b4ab5d068f5963685729950e,sixh,6h,futures,aster,BNB,2023-12-26T12:00:00+00:00,buy,290.37960000000004,41.998814832899676,12195.599051651476,4.87823962066059,entry,484.5612624427504,,2023-12-26T06:00:00+00:00,289.8,288.7,-0.3795721187025647
d85ad7e2888f47b79e6eead8595df555,29320e750c3ee71b4fa8c31fcd49eec3,1,4,20,0,562d51a82cd2963c867950ed83d30a09,d1a905179a30bc084e922f51a3078613,sixh,6h,futures,aster,XRP,2023-12-26T12:00:00+00:00,sell,0.6062159440062281,20942.220538219637,12695.507993163437,5.078203197265375,stop,12685.038553714887,,2023-12-25T06:00:00+00:00,0.6423,0.6074308056174631,-5.428801865567012
d85ad7e2888f47b79e6eead8595df555,d54c6e5c30d3bcab409169037abffd35,1,4,20,0,d210ad752bb2619c726ca6c658e32314,844f3506b4ab5d068f5963685729950e,sixh,6h,spot,aster,BNB,2023-12-26T12:00:00+00:00,buy,290.37960000000004,42.00532222958145,12197.488666896972,4.878995466758789,entry,424.1515360319554,86109.66000586266,2023-12-26T06:00:00+00:00,289.8,288.7,-0.3795721187025647
d85ad7e2888f47b79e6eead8595df555,d54c6e5c30d3bcab409169037abffd35,1,4,20,0,c07602ecb8a05a7d242466344a168bf2,d1a905179a30bc084e922f51a3078613,sixh,6h,spot,aster,XRP,2023-12-26T12:00:00+00:00,sell,0.6062159440062281,20836.752896417987,12631.571827126538,5.052628730850615,stop,12626.519198395687,85975.06452939831,2023-12-25T06:00:00+00:00,0.6423,0.6074308056174631,-5.428801865567012
d85ad7e2888f47b79e6eead8595df555,29320e750c3ee71b4fa8c31fcd49eec3,1,4,20,0,cd8852ed11f6af013e67caa150fc7f62,27a76c3c70cf04754cbd2a98d64d27ec,sixh,6h,futures,aster,ADA,2024-01-06T00:00:00+00:00,sell,0.5197584000000001,35094.89529208021,18240.866625179144,7.296346650071658,trend_break,18718.131540971823,,2023-12-02T18:00:00+00:00,0.3968,0.5208,31.25000000000002
d85ad7e2888f47b79e6eead8595df555,d54c6e5c30d3bcab409169037abffd35,1,4,20,0,d47c00c432181eecb7a6d5a881c71c67,27a76c3c70cf04754cbd2a98d64d27ec,sixh,6h,spot,aster,ADA,2024-01-06T00:00:00+00:00,sell,0.5197584000000001,35098.92558028489,18242.96140132795,7.29718456053118,trend_break,18659.815752799375,82224.65283357131,2023-12-02T18:00:00+00:00,0.3968,0.5208,31.25000000000002
d85ad7e2888f47b79e6eead8595df555,29320e750c3ee71b4fa8c31fcd49eec3,1,4,20,0,8a3ef265c3e8020f778d234b00752843,f9f8a631e744629d2c3efce62c6557ef,sixh,6h,futures,aster,ADA,2024-01-11T00:00:00+00:00,buy,0.5673324000000001,11976.08242786152,6794.419586396504,2.7177678345586016,entry,11920.99418674076,,2024-01-10T18:00:00+00:00,0.5662,0.5247,-7.329565524549631
d85ad7e2888f47b79e6eead8595df555,d54c6e5c30d3bcab409169037abffd35,1,4,20,0,ef6a8c82aa7f1ecf1934d3db096642c5,f9f8a631e744629d2c3efce62c6557ef,sixh,6h,spot,aster,ADA,2024-01-11T00:00:00+00:00,buy,0.5673324000000001,11979.712900981971,6796.479271425064,2.7185917085700257,entry,11860.61788966574,86678.3376349929,2024-01-10T18:00:00+00:00,0.5662,0.5247,-7.329565524549631
d85ad7e2888f47b79e6eead8595df555,29320e750c3ee71b4fa8c31fcd49eec3,1,4,20,0,6157e2dee68bf7b40d9b5f1ad90b96e8,f9f8a631e744629d2c3efce62c6557ef,sixh,6h,futures,aster,ADA,2024-01-14T18:00:00+00:00,sell,0.5236506000000001,11976.08242786152,6271.282748999142,2.508513099599657,trend_break,31430.537771169027,,2024-01-10T18:00:00+00:00,0.5662,0.5247,-7.329565524549631
d85ad7e2888f47b79e6eead8595df555,29320e750c3ee71b4fa8c31fcd49eec3,1,4,20,0,d828f46e20436fcf15240e2c6355073c,d5aeaa31eaf73b54a1900fa590128a47,sixh,6h,futures,aster,BTC,2024-01-14T18:00:00+00:00,sell,41616.60998,0.31828800524609624,13246.067775638981,5.298427110255592,trend_break,25161.763535269485,,2023-10-23T18:00:00+00:00,32915,41700.01,26.689989366550204
d85ad7e2888f47b79e6eead8595df555,d54c6e5c30d3bcab409169037abffd35,1,4,20,0,1fee98334a89c7292dfe0077c60d078e,f9f8a631e744629d2c3efce62c6557ef,sixh,6h,spot,aster,ADA,2024-01-14T18:00:00+00:00,sell,0.5236506000000001,11979.712900981971,6273.183848426951,2.5092735393707803,trend_break,31371.121116934086,82305.99326646728,2024-01-10T18:00:00+00:00,0.5662,0.5247,-7.329565524549631
d85ad7e2888f47b79e6eead8595df555,d54c6e5c30d3bcab409169037abffd35,1,4,20,0,0030820616a11af13656189813d58640,d5aeaa31eaf73b54a1900fa590128a47,sixh,6h,spot,aster,BTC,2024-01-14T18:00:00+00:00,sell,41616.60998,0.3182653923379943,13245.12670306199,5.298050681224796,trend_break,25100.446542046506,82321.07405072494,2023-10-23T18:00:00+00:00,32915,41700.01,26.689989366550204
d85ad7e2888f47b79e6eead8595df555,29320e750c3ee71b4fa8c31fcd49eec3,1,4,20,0,592dd3d536250463cda466390fae62ac,b987dafc98f5e20f903ecefdcea04fcb,sixh,6h,futures,aster,SOL,2024-01-22T12:00:00+00:00,sell,86.59646,236.77200121577906,20503.61713240216,8.201446852960864,trend_break,51925.95345671823,,2023-10-21T06:00:00+00:00,29.34,86.77,195.73960463531014
d85ad7e2888f47b79e6eead8595df555,d54c6e5c30d3bcab409169037abffd35,1,4,20,0,9586d85102a4cf42e9500aec3afbba98,b987dafc98f5e20f903ecefdcea04fcb,sixh,6h,spot,aster,SOL,2024-01-22T12:00:00+00:00,sell,86.59646,236.75517964721107,20502.160444112527,8.20086417764501,trend_break,51865.08069686897,80338.79923910837,2023-10-21T06:00:00+00:00,29.34,86.77,195.73960463531014
d85ad7e2888f47b79e6eead8595df555,29320e750c3ee71b4fa8c31fcd49eec3,1,4,20,0,b1e5089d8ee483b4ca5b29efa0a25c74,8b1733305f452c0e3664f613afa859ca,sixh,6h,futures,aster,ETH,2024-01-22T18:00:00+00:00,sell,2309.9807800000003,6.429174806726831,14851.270234799196,5.940508093919679,trend_break,66771.28318342351,,2023-10-23T18:00:00+00:00,1762.83,2314.61,31.300806090207246
d85ad7e2888f47b79e6eead8595df555,d54c6e5c30d3bcab409169037abffd35,1,4,20,0,b93bb6f292559dc5bee2a81f4d938b7e,8b1733305f452c0e3664f613afa859ca,sixh,6h,spot,aster,ETH,2024-01-22T18:00:00+00:00,sell,2309.9807800000003,6.4620004467239145,14927.096832283658,5.970838732913464,trend_break,66786.20669041971,79627.23369600276,2023-10-23T18:00:00+00:00,1762.83,2314.61,31.300806090207246
d85ad7e2888f47b79e6eead8595df555,29320e750c3ee71b4fa8c31fcd49eec3,1,4,20,0,f4ee16008911fc01bfa9a1500ecb9c8b,844f3506b4ab5d068f5963685729950e,sixh,6h,futures,aster,BNB,2024-01-25T00:00:00+00:00,sell,288.1226,41.998814832899676,12100.80772657362,4.840323090629448,trend_break,78867.2505869065,,2023-12-26T06:00:00+00:00,289.8,288.7,-0.3795721187025647
d85ad7e2888f47b79e6eead8595df555,d54c6e5c30d3bcab409169037abffd35,1,4,20,0,3ac238dc4f6158d87806c93d64ce4001,844f3506b4ab5d068f5963685729950e,sixh,6h,spot,aster,BNB,2024-01-25T00:00:00+00:00,sell,288.1226,42.00532222958145,12102.682654624803,4.841073061849921,trend_break,78884.04827198267,78884.04827198267,2023-12-26T06:00:00+00:00,289.8,288.7,-0.3795721187025647
d85ad7e2888f47b79e6eead8595df555,29320e750c3ee71b4fa8c31fcd49eec3,1,4,20,0,6b06b482308d0b67be4997414d32cb73,e58599a75073c2d4beea8f99cfc7dce9,sixh,6h,futures,aster,BNB,2024-02-15T06:00:00+00:00,buy,340.0788,43.083886720832666,14651.916495356709,5.860766598142684,entry,64209.47332495166,,2024-02-15T00:00:00+00:00,339.4,550.6,62.22746022392458
d85ad7e2888f47b79e6eead8595df555,d54c6e5c30d3bcab409169037abffd35,1,4,20,0,9580e956870dfbe7c80c782ee1d28a99,e58599a75073c2d4beea8f99cfc7dce9,sixh,6h,spot,aster,BNB,2024-02-15T06:00:00+00:00,buy,340.0788,43.093063020952265,14655.037160489821,5.862014864195928,entry,64223.14909662865,79167.8233522949,2024-02-15T00:00:00+00:00,339.4,550.6,62.22746022392458
d85ad7e2888f47b79e6eead8595df555,29320e750c3ee71b4fa8c31fcd49eec3,1,4,20,0,eca2d6a178b523fb77db827763236784,e3384c3c8b6505d91722b30955d99da1,sixh,6h,futures,aster,XRP,2024-02-16T00:00:00+00:00,buy,0.5635248,25281.65080147837,14246.837211572938,5.698734884629175,entry,49956.93737849409,,2024-02-15T18:00:00+00:00,0.5624,0.5379,-4.35633001422474
d85ad7e2888f47b79e6eead8595df555,d54c6e5c30d3bcab409169037abffd35,1,4,20,0,a4bfb3aac9d4931448d65524b5ea34b2,e3384c3c8b6505d91722b30955d99da1,sixh,6h,spot,aster,XRP,2024-02-16T00:00:00+00:00,buy,0.5635248,25287.035459941904,14249.87160015667,5.699948640062669,entry,49967.57754783192,80065.4613953066,2024-02-15T18:00:00+00:00,0.5624,0.5379,-4.35633001422474
d85ad7e2888f47b79e6eead8595df555,29320e750c3ee71b4fa8c31fcd49eec3,1,4,20,0,a9fc4335ba0a33e5cf79bf479fd3fe27,e3384c3c8b6505d91722b30955d99da1,sixh,6h,futures,aster,XRP,2024-02-21T06:00:00+00:00,sell,0.5368242000000001,25281.65080147837,13571.801966182986,5.428720786473194,trend_break,63523.310623890604,,2024-02-15T18:00:00+00:00,0.5624,0.5379,-4.35633001422474
d85ad7e2888f47b79e6eead8595df555,d54c6e5c30d3bcab409169037abffd35,1,4,20,0,30d37b5a5a5f6efca3e03b7f1639058f,e3384c3c8b6505d91722b30955d99da1,sixh,6h,spot,aster,XRP,2024-02-21T06:00:00+00:00,sell,0.5368242000000001,25287.035459941904,13574.692581154946,5.429877032461979,trend_break,63536.8402519544,79227.02449788312,2024-02-15T18:00:00+00:00,0.5624,0.5379,-4.35633001422474
d85ad7e2888f47b79e6eead8595df555,29320e750c3ee71b4fa8c31fcd49eec3,1,4,20,0,a64f85bb631370939116ec02d1e8fa38,49dda6dd9d3673a8caacee52824db94a,sixh,6h,futures,aster,SOL,2024-02-27T00:00:00+00:00,buy,110.30016,89.36669718204466,9857.160997851075,3.94286439914043,entry,53662.20676164039,,2024-02-26T18:00:00+00:00,110.08,153.56,39.49854651162792
d85ad7e2888f47b79e6eead8595df555,d54c6e5c30d3bcab409169037abffd35,1,4,20,0,4edbcda37b3dd4fb7748c0a9b5f45eff,49dda6dd9d3673a8caacee52824db94a,sixh,6h,spot,aster,SOL,2024-02-27T00:00:00+00:00,buy,110.30016,89.3857311108857,9859.260443247671,3.9437041772990686,entry,53673.63610452943,80673.03506041237,2024-02-26T18:00:00+00:00,110.08,153.56,39.49854651162792
d85ad7e2888f47b79e6eead8595df555,29320e750c3ee71b4fa8c31fcd49eec3,1,4,20,0,4e81d01557d249d9e9c7dedf25dbc55a,fcae37489e63d2dc4e0e42c02d5562d5,sixh,6h,futures,aster,XRP,2024-02-27T18:00:00+00:00,buy,0.5753484000000001,26281.967219829698,15121.287788781467,6.048515115512587,entry,38534.87045774341,,2024-02-27T12:00:00+00:00,0.5742,0.5436846655402532,-5.314408648510427
d85ad7e2888f47b79e6eead8595df555,d54c6e5c30d3bcab409169037abffd35,1,4,20,0,d0d791e364abc121d359db4959e36f9c,fcae37489e63d2dc4e0e42c02d5562d5,sixh,6h,spot,aster,XRP,2024-02-27T18:00:00+00:00,buy,0.5753484000000001,26287.56493250835,15124.50842381479,6.049803369525916,entry,38543.07787734512,80667.54573421525,2024-02-27T12:00:00+00:00,0.5742,0.5436846655402532,-5.314408648510427
d85ad7e2888f47b79e6eead8595df555,29320e750c3ee71b4fa8c31fcd49eec3,1,4,20,0,51608d6359e687ba4d487291f2eedc5a,fcae37489e63d2dc4e0e42c02d5562d5,sixh,6h,futures,aster,XRP,2024-03-05T18:00:00+00:00,sell,0.5425972962091726,26281.967219829698,14260.524352537699,5.70420974101508,stop,52789.690600540096,,2024-02-27T12:00:00+00:00,0.5742,0.5436846655402532,-5.314408648510427
d85ad7e2888f47b79e6eead8595df555,d54c6e5c30d3bcab409169037abffd35,1,4,20,0,d0e329275a21fcbd0f5f51f3f3688dea,fcae37489e63d2dc4e0e42c02d5562d5,sixh,6h,spot,aster,XRP,2024-03-05T18:00:00+00:00,sell,0.5425972962091726,26287.56493250835,14263.561656302092,5.705424662520837,stop,52800.934108984686,80985.47613206085,2024-02-27T12:00:00+00:00,0.5742,0.5436846655402532,-5.314408648510427
d85ad7e2888f47b79e6eead8595df555,29320e750c3ee71b4fa8c31fcd49eec3,1,4,20,0,13dcdcb57678d2aa211fdec4d4ada1b1,1fcab43f7fa272819ee9b865765f33b0,sixh,6h,futures,aster,XRP,2024-03-11T18:00:00+00:00,buy,0.7317606,11589.209323863037,8480.52676835561,3.3922107073422443,entry,44305.77162147714,,2024-03-11T12:00:00+00:00,0.7303,0.6539882358575302,-10.449372058396522
d85ad7e2888f47b79e6eead8595df555,d54c6e5c30d3bcab409169037abffd35,1,4,20,0,8a7a493128230bd9f459cb1866c1554c,1fcab43f7fa272819ee9b865765f33b0,sixh,6h,spot,aster,XRP,2024-03-11T18:00:00+00:00,buy,0.7317606,11591.677672728443,8482.333008802369,3.3929332035209474,entry,44315.208166978795,88497.653850087,2024-03-11T12:00:00+00:00,0.7303,0.6539882358575302,-10.449372058396522
d85ad7e2888f47b79e6eead8595df555,29320e750c3ee71b4fa8c31fcd49eec3,1,4,20,0,8dfadaae7c548c03e50eb1009168fca1,1fcab43f7fa272819ee9b865765f33b0,sixh,6h,futures,aster,XRP,2024-03-14T18:00:00+00:00,sell,0.6526802593858151,11589.209323863037,7564.048147575433,3.0256192590301736,stop,51866.794149793546,,2024-03-11T12:00:00+00:00,0.7303,0.6539882358575302,-10.449372058396522
d85ad7e2888f47b79e6eead8595df555,d54c6e5c30d3bcab409169037abffd35,1,4,20,0,60117a6590df49eb54acb8a758357577,1fcab43f7fa272819ee9b865765f33b0,sixh,6h,spot,aster,XRP,2024-03-14T18:00:00+00:00,sell,0.6526802593858151,11591.677672728443,7565.659190153162,3.026263676061265,stop,51877.84109345589,93649.94596338784,2024-03-11T12:00:00+00:00,0.7303,0.6539882358575302,-10.449372058396522
d85ad7e2888f47b79e6eead8595df555,29320e750c3ee71b4fa8c31fcd49eec3,1,4,20,0,993ed9aaadb65c27117fc3fbddb35735,3b779f42795d1e78e9ab8665dcddbe95,sixh,6h,futures,aster,ADA,2024-03-25T18:00:00+00:00,buy,0.6650273999999999,13444.242968503817,8940.789946312374,3.5763159785249496,entry,42922.42788750265,,2024-03-25T12:00:00+00:00,0.6637,0.6376,-3.932499623323793
d85ad7e2888f47b79e6eead8595df555,d54c6e5c30d3bcab409169037abffd35,1,4,20,0,edd51b86e85c3dc15ff11454a36aa544,3b779f42795d1e78e9ab8665dcddbe95,sixh,6h,spot,aster,ADA,2024-03-25T18:00:00+00:00,buy,0.6650273999999999,13447.10641509022,8942.69421675077,3.577077686700308,entry,42931.56979901842,93897.91029761612,2024-03-25T12:00:00+00:00,0.6637,0.6376,-3.932499623323793
d85ad7e2888f47b79e6eead8595df555,29320e750c3ee71b4fa8c31fcd49eec3,1,4,20,0,6b528f5cd6962efca058ab4c6644eb07,3b779f42795d1e78e9ab8665dcddbe95,sixh,6h,futures,aster,ADA,2024-03-27T12:00:00+00:00,sell,0.6363247999999999,13444.242968503817,8554.905218084596,3.4219620872338385,trend_break,51473.91114350001,,2024-03-25T12:00:00+00:00,0.6637,0.6376,-3.932499623323793
d85ad7e2888f47b79e6eead8595df555,d54c6e5c30d3bcab409169037abffd35,1,4,20,0,1f64563dd7ec862e3d2c0c57a247bcca,3b779f42795d1e78e9ab8665dcddbe95,sixh,6h,spot,aster,ADA,2024-03-27T12:00:00+00:00,sell,0.6363247999999999,13447.10641509022,8556.727300161001,3.4226909200644005,trend_break,51484.874408259355,92471.74852056016,2024-03-25T12:00:00+00:00,0.6637,0.6376,-3.932499623323793
d85ad7e2888f47b79e6eead8595df555,29320e750c3ee71b4fa8c31fcd49eec3,1,4,20,0,c2f9b69cbd59d19e755a3593b8951f08,49dda6dd9d3673a8caacee52824db94a,sixh,6h,futures,aster,SOL,2024-04-12T18:00:00+00:00,sell,153.25288,89.36669718204466,13695.70371923623,5.478281487694492,trend_break,65164.136581248546,,2024-02-26T18:00:00+00:00,110.08,153.56,39.49854651162792
d85ad7e2888f47b79e6eead8595df555,d54c6e5c30d3bcab409169037abffd35,1,4,20,0,e15da2bc110378bffa8a0e63bd5b3884,49dda6dd9d3673a8caacee52824db94a,sixh,6h,spot,aster,SOL,2024-04-12T18:00:00+00:00,sell,153.25288,89.3857311108857,13698.620723648834,5.479448289459533,trend_break,65178.01568361873,90805.46026217904,2024-02-26T18:00:00+00:00,110.08,153.56,39.49854651162792
d85ad7e2888f47b79e6eead8595df555,29320e750c3ee71b4fa8c31fcd49eec3,1,4,20,0,73454f9a45070ca5ae89c8625c9810ca,e58599a75073c2d4beea8f99cfc7dce9,sixh,6h,futures,aster,BNB,2024-05-01T06:00:00+00:00,sell,549.4988000000001,43.083886720832666,23674.544052433488,9.469817620973396,trend_break,88829.21081606107,,2024-02-15T00:00:00+00:00,339.4,550.6,62.22746022392458
d85ad7e2888f47b79e6eead8595df555,d54c6e5c30d3bcab409169037abffd35,1,4,20,0,385c23089c763a20cbe197b5e19f8c9e,e58599a75073c2d4beea8f99cfc7dce9,sixh,6h,spot,aster,BNB,2024-05-01T06:00:00+00:00,sell,549.4988000000001,43.093063020952265,23679.586418337647,9.47183456733506,trend_break,88848.13026738905,88848.13026738905,2024-02-15T00:00:00+00:00,339.4,550.6,62.22746022392458
d85ad7e2888f47b79e6eead8595df555,29320e750c3ee71b4fa8c31fcd49eec3,1,4,20,0,8756d0ea46003c09196c188ba9555eed,92aebb5cd11558564007ac596a08aa0f,sixh,6h,futures,aster,XRP,2024-07-30T12:00:00+00:00,buy,0.632262,19485.55306983513,12319.974755040097,4.927989902016039,entry,76504.30807111895,,2024-07-30T06:00:00+00:00,0.631,0.5855037768831434,-7.210177989993127
d85ad7e2888f47b79e6eead8595df555,d54c6e5c30d3bcab409169037abffd35,1,4,20,0,ce4494708bbfce2ae023b803ee777786,92aebb5cd11558564007ac596a08aa0f,sixh,6h,spot,aster,XRP,2024-07-30T12:00:00+00:00,buy,0.632262,19489.703235861783,12322.598747312442,4.929039498924977,entry,76520.60248057768,88771.82993464041,2024-07-30T06:00:00+00:00,0.631,0.5855037768831434,-7.210177989993127
d85ad7e2888f47b79e6eead8595df555,29320e750c3ee71b4fa8c31fcd49eec3,1,4,20,0,9d10d98816052d9b00cf437b04de85c0,92aebb5cd11558564007ac596a08aa0f,sixh,6h,futures,aster,XRP,2024-08-01T12:00:00+00:00,sell,0.584332769329377,19485.55306983513,11386.047187211305,4.554418874884522,stop,87885.80083945538,,2024-07-30T06:00:00+00:00,0.631,0.5855037768831434,-7.210177989993127
d85ad7e2888f47b79e6eead8595df555,d54c6e5c30d3bcab409169037abffd35,1,4,20,0,041f1ec244af684b707bd6e93301cfe9,92aebb5cd11558564007ac596a08aa0f,sixh,6h,spot,aster,XRP,2024-08-01T12:00:00+00:00,sell,0.584332769329377,19489.703235861783,11388.472265218837,4.555388906087535,stop,87904.51935689044,87904.51935689044,2024-07-30T06:00:00+00:00,0.631,0.5855037768831434,-7.210177989993127
d85ad7e2888f47b79e6eead8595df555,29320e750c3ee71b4fa8c31fcd49eec3,1,4,20,0,79ad1c08fd0dbdb51d4d2c03bad4c999,69cb6b73f37d9e95cbc22a1b36475b9c,sixh,6h,futures,aster,XRP,2024-08-24T18:00:00+00:00,buy,0.6214404,28044.627522690847,17428.06454555201,6.9712258182208044,entry,70450.76506808514,,2024-08-24T12:00:00+00:00,0.6202,0.5889247120653214,-5.042774578309994
d85ad7e2888f47b79e6eead8595df555,d54c6e5c30d3bcab409169037abffd35,1,4,20,0,e30a0fa4da26c6bf6cb8b83069357566,69cb6b73f37d9e95cbc22a1b36475b9c,sixh,6h,spot,aster,XRP,2024-08-24T18:00:00+00:00,buy,0.6214404,28050.600658785974,17431.77649363622,6.972710597454488,entry,70465.77015265677,87657.9832964267,2024-08-24T12:00:00+00:00,0.6202,0.5889247120653214,-5.042774578309994
d85ad7e2888f47b79e6eead8595df555,29320e750c3ee71b4fa8c31fcd49eec3,1,4,20,0,fbbd2ec5d589304ed5a3d41896585213,69cb6b73f37d9e95cbc22a1b36475b9c,sixh,6h,futures,aster,XRP,2024-08-26T12:00:00+00:00,sell,0.5877468626411907,28044.627522690847,16483.141840402335,6.593256736160934,stop,86927.31365175132,,2024-08-24T12:00:00+00:00,0.6202,0.5889247120653214,-5.042774578309994
d85ad7e2888f47b79e6eead8595df555,d54c6e5c30d3bcab409169037abffd35,1,4,20,0,110b0c19ce1496788e319e67c5458c33,69cb6b73f37d9e95cbc22a1b36475b9c,sixh,6h,spot,aster,XRP,2024-08-26T12:00:00+00:00,sell,0.5877468626411907,28050.600658785974,16486.65253240237,6.594661012960949,stop,86945.82802404618,86945.82802404618,2024-08-24T12:00:00+00:00,0.6202,0.5889247120653214,-5.042774578309994
d85ad7e2888f47b79e6eead8595df555,29320e750c3ee71b4fa8c31fcd49eec3,1,4,20,0,321d35a6a09417249c3804ba036d10f2,e383a34cce62812e2ed664a1eb6357be,sixh,6h,futures,aster,XRP,2024-09-21T18:00:00+00:00,buy,0.6040056,26648.001119260756,16095.541904839765,6.438216761935906,entry,70825.33353014963,,2024-09-21T12:00:00+00:00,0.6028,0.5702445352762434,-5.400707485692868
d85ad7e2888f47b79e6eead8595df555,d54c6e5c30d3bcab409169037abffd35,1,4,20,0,16b4b7948dd2b2ff1eba77f97f50c64a,e383a34cce62812e2ed664a1eb6357be,sixh,6h,spot,aster,XRP,2024-09-21T18:00:00+00:00,buy,0.6040056,26653.676792336453,16098.970043161256,6.439588017264503,entry,70840.41839286765,86781.98248236408,2024-09-21T12:00:00+00:00,0.6028,0.5702445352762434,-5.400707485692868
d85ad7e2888f47b79e6eead8595df555,29320e750c3ee71b4fa8c31fcd49eec3,1,4,20,0,df74b2ee1203d7268a6bfcd40405c8fa,bb4f7d8db50e905ff8fcc51af45fdd7e,sixh,6h,futures,aster,BTC,2024-09-26T18:00:00+00:00,buy,65338.64646,0.26481421479100054,17302.602357811687,6.921040943124675,entry,53515.810131394814,,2024-09-26T12:00:00+00:00,65208.23,62490.49887899711,-4.167773179862255
d85ad7e2888f47b79e6eead8595df555,d54c6e5c30d3bcab409169037abffd35,1,4,20,0,9697ad7f7c1b2ebbf96c48de7394b3f1,bb4f7d8db50e905ff8fcc51af45fdd7e,sixh,6h,spot,aster,BTC,2024-09-26T18:00:00+00:00,buy,65338.64646,0.26487061672907547,17306.287584103226,6.92251503364129,entry,53527.208293730786,86448.49847612322,2024-09-26T12:00:00+00:00,65208.23,62490.49887899711,-4.167773179862255
d85ad7e2888f47b79e6eead8595df555,29320e750c3ee71b4fa8c31fcd49eec3,1,4,20,0,7c385ab08311cf151652081b20216bbf,bb4f7d8db50e905ff8fcc51af45fdd7e,sixh,6h,futures,aster,BTC,2024-10-01T12:00:00+00:00,sell,62365.51788123912,0.26481421479100054,16515.27564775444,6.606110259101776,stop,70024.47966889016,,2024-09-26T12:00:00+00:00,65208.23,62490.49887899711,-4.167773179862255
d85ad7e2888f47b79e6eead8595df555,d54c6e5c30d3bcab409169037abffd35,1,4,20,0,3c42fee3cb641889fde6c3000542a331,bb4f7d8db50e905ff8fcc51af45fdd7e,sixh,6h,spot,aster,BTC,2024-10-01T12:00:00+00:00,sell,62365.51788123912,0.26487061672907547,16518.79318383199,6.607517273532796,stop,70039.39396028925,85967.63121138951,2024-09-26T12:00:00+00:00,65208.23,62490.49887899711,-4.167773179862255
d85ad7e2888f47b79e6eead8595df555,29320e750c3ee71b4fa8c31fcd49eec3,1,4,20,0,0d82fda9b1a5fbe34f29e44eb29158ef,e383a34cce62812e2ed664a1eb6357be,sixh,6h,futures,aster,XRP,2024-10-02T18:00:00+00:00,sell,0.5691040462056909,26648.001119260756,15165.485260265075,6.066194104106031,stop,85183.89873505113,,2024-09-21T12:00:00+00:00,0.6028,0.5702445352762434,-5.400707485692868
d85ad7e2888f47b79e6eead8595df555,d54c6e5c30d3bcab409169037abffd35,1,4,20,0,d58f3b559675f07b337b4e77eac9af86,e383a34cce62812e2ed664a1eb6357be,sixh,6h,spot,aster,XRP,2024-10-02T18:00:00+00:00,sell,0.5691040462056909,26653.676792336453,15168.715308777395,6.0674861235109585,stop,85202.04178294314,85202.04178294314,2024-09-21T12:00:00+00:00,0.6028,0.5702445352762434,-5.400707485692868
d85ad7e2888f47b79e6eead8595df555,29320e750c3ee71b4fa8c31fcd49eec3,1,4,20,0,bf1c5e45940fb71b72706806d63dcd51,5c78978f384e9504957b62ee95af47f8,sixh,6h,futures,aster,SOL,2024-10-20T00:00:00+00:00,buy,160.05948,94.70310496989082,15158.129735866141,6.063251894346457,entry,70019.70574729065,,2024-10-19T18:00:00+00:00,159.74,204.2,27.83272818329785
d85ad7e2888f47b79e6eead8595df555,d54c6e5c30d3bcab409169037abffd35,1,4,20,0,43f1d4d4011e65dfa9f93fa97d1701ff,5c78978f384e9504957b62ee95af47f8,sixh,6h,spot,aster,SOL,2024-10-20T00:00:00+00:00,buy,160.05948,94.7232754832684,15161.35821774869,6.064543287099476,entry,70034.61902190735,85134.45636669516,2024-10-19T18:00:00+00:00,159.74,204.2,27.83272818329785
d85ad7e2888f47b79e6eead8595df555,29320e750c3ee71b4fa8c31fcd49eec3,1,4,20,0,dcce30ebf611c34089ec5a15018789e0,74f7de4c1ba29adb86040e24794a7537,sixh,6h,futures,aster,BTC,2024-11-06T06:00:00+00:00,buy,74815.37207999999,0.2056509469092278,15385.852111618202,6.154340844647281,entry,54627.6992948278,,2024-11-06T00:00:00+00:00,74666.04,92821.32,24.3153112177906
d85ad7e2888f47b79e6eead8595df555,29320e750c3ee71b4fa8c31fcd49eec3,1,4,20,0,c3f612ca64039b2e40f24d87144bcefb,927639edb5cdb458133c4b7bae089510,sixh,6h,futures,aster,ETH,2024-11-06T06:00:00+00:00,buy,2602.30422,4.951783096949602,12886.046049716619,5.154418419886648,entry,41736.49882669129,,2024-11-06T00:00:00+00:00,2597.11,3425.27,31.887752155280282
d85ad7e2888f47b79e6eead8595df555,d54c6e5c30d3bcab409169037abffd35,1,4,20,0,68da8425f079d35aa8bade5ab91ddb31,74f7de4c1ba29adb86040e24794a7537,sixh,6h,spot,aster,BTC,2024-11-06T06:00:00+00:00,buy,74815.37207999999,0.20569474785088718,15389.1290953659,6.15565163814636,entry,54639.3342749033,87584.92428172485,2024-11-06T00:00:00+00:00,74666.04,92821.32,24.3153112177906
d85ad7e2888f47b79e6eead8595df555,d54c6e5c30d3bcab409169037abffd35,1,4,20,0,033a65f000deab0d172dfe2873e756bb,927639edb5cdb458133c4b7bae089510,sixh,6h,spot,aster,ETH,2024-11-06T06:00:00+00:00,buy,2602.30422,4.945882773085556,12870.691612025845,5.1482766448103385,entry,41763.49438623265,87709.23834445412,2024-11-06T00:00:00+00:00,2597.11,3425.27,31.887752155280282
d85ad7e2888f47b79e6eead8595df555,29320e750c3ee71b4fa8c31fcd49eec3,1,4,20,0,5d41f7f6ab973f782efe8aeed136fbb2,07d368f7890667bb96abdf9e249b6f8d,sixh,6h,futures,aster,BNB,2024-11-07T06:00:00+00:00,buy,599.08578,25.965629839097275,15555.639605346865,6.222255842138746,entry,26174.636965502286,,2024-11-07T00:00:00+00:00,597.89,624.58,4.464031845322736
d85ad7e2888f47b79e6eead8595df555,29320e750c3ee71b4fa8c31fcd49eec3,1,4,20,0,31dd187bb7a84622a4cdaa6cb24ee8bb,b8b33eee8297d4b53ee6aca4375577bb,sixh,6h,futures,aster,XRP,2024-11-07T06:00:00+00:00,buy,0.5592162,24771.430286844818,13852.58511357427,5.541034045429709,entry,12316.510817882587,,2024-11-07T00:00:00+00:00,0.5581,2.5786,362.03189392581965
d85ad7e2888f47b79e6eead8595df555,d54c6e5c30d3bcab409169037abffd35,1,4,20,0,7f5dd24829d86950124b1e2ea262d05d,07d368f7890667bb96abdf9e249b6f8d,sixh,6h,spot,aster,BNB,2024-11-07T06:00:00+00:00,buy,599.08578,25.970770234304933,15558.719143019352,6.223487657207741,entry,26198.551755556087,88398.60852233061,2024-11-07T00:00:00+00:00,597.89,624.58,4.464031845322736
d85ad7e2888f47b79e6eead8595df555,d54c6e5c30d3bcab409169037abffd35,1,4,20,0,39dac3dda2d6afb2e08323119d593ec7,b8b33eee8297d4b53ee6aca4375577bb,sixh,6h,spot,aster,XRP,2024-11-07T06:00:00+00:00,buy,0.5592162,24724.86611234568,13826.545672854725,5.530618269141891,entry,12366.47546443222,88103.396427716,2024-11-07T00:00:00+00:00,0.5581,2.5786,362.03189392581965
d85ad7e2888f47b79e6eead8595df555,29320e750c3ee71b4fa8c31fcd49eec3,1,4,20,0,41cf652c9bef4a6f4418a2c5c4ef7d7b,5c19c72339577b2c5653434c80a62555,sixh,6h,futures,aster,ADA,2024-11-07T18:00:00+00:00,buy,0.3909804,28876.391648969056,11290.103157470581,4.5160412629882325,entry,1021.8916191490171,,2024-11-07T12:00:00+00:00,0.3902,0.8857,126.98616094310613
d85ad7e2888f47b79e6eead8595df555,d54c6e5c30d3bcab409169037abffd35,1,4,20,0,9dc7fb60383864bc02a1b96334de073e,5c19c72339577b2c5653434c80a62555,sixh,6h,spot,aster,ADA,2024-11-07T18:00:00+00:00,buy,0.3909804,28881.968483464203,11292.283590452227,4.516913436180891,entry,1069.6749605438126,90501.45101235867,2024-11-07T12:00:00+00:00,0.3902,0.8857,126.98616094310613
d85ad7e2888f47b79e6eead8595df555,29320e750c3ee71b4fa8c31fcd49eec3,1,4,20,0,581045709f7095e4df875023c2264769,5c78978f384e9504957b62ee95af47f8,sixh,6h,futures,aster,SOL,2024-12-10T12:00:00+00:00,sell,203.7916,94.70310496989082,19299.697286782,7.7198789147128,trend_break,20313.869027016306,,2024-10-19T18:00:00+00:00,159.74,204.2,27.83272818329785
d85ad7e2888f47b79e6eead8595df555,d54c6e5c30d3bcab409169037abffd35,1,4,20,0,761c3f6816697bf3661f0f27af99dc70,5c78978f384e9504957b62ee95af47f8,sixh,6h,spot,aster,SOL,2024-12-10T12:00:00+00:00,sell,203.7916,94.7232754832684,19303.80786797604,7.721523147190417,trend_break,20365.761305372664,147603.14200285857,2024-10-19T18:00:00+00:00,159.74,204.2,27.83272818329785
d85ad7e2888f47b79e6eead8595df555,29320e750c3ee71b4fa8c31fcd49eec3,1,4,20,0,cbd74ef70bed2740c7dc2dd85d720500,5c19c72339577b2c5653434c80a62555,sixh,6h,futures,aster,ADA,2024-12-19T18:00:00+00:00,sell,0.8839286000000001,28876.391648969056,25524.66844332491,10.209867377329964,trend_break,62748.82839459535,,2024-11-07T12:00:00+00:00,0.3902,0.8857,126.98616094310613
d85ad7e2888f47b79e6eead8595df555,29320e750c3ee71b4fa8c31fcd49eec3,1,4,20,0,326b02910ccdc9c1fb2fd463248fb03b,927639edb5cdb458133c4b7bae089510,sixh,6h,futures,aster,ETH,2024-12-19T18:00:00+00:00,sell,3418.41946,4.951783096949602,16927.271700311587,6.770908680124635,trend_break,37234.36981864777,,2024-11-06T00:00:00+00:00,2597.11,3425.27,31.887752155280282
d85ad7e2888f47b79e6eead8595df555,d54c6e5c30d3bcab409169037abffd35,1,4,20,0,8a56e05fb724dd408c2771429505be54,5c19c72339577b2c5653434c80a62555,sixh,6h,spot,aster,ADA,2024-12-19T18:00:00+00:00,sell,0.8839286000000001,28881.968483464203,25529.597966832636,10.211839186733055,trend_break,62785.48651064564,155538.4685884723,2024-11-07T12:00:00+00:00,0.3902,0.8857,126.98616094310613
d85ad7e2888f47b79e6eead8595df555,d54c6e5c30d3bcab409169037abffd35,1,4,20,0,04f7127205655a584a1d44c0335f61a7,927639edb5cdb458133c4b7bae089510,sixh,6h,spot,aster,ETH,2024-12-19T18:00:00+00:00,sell,3418.41946,4.945882773085556,16907.10191839443,6.762840767357773,trend_break,37266.100382999735,155599.84194663062,2024-11-06T00:00:00+00:00,2597.11,3425.27,31.887752155280282
d85ad7e2888f47b79e6eead8595df555,29320e750c3ee71b4fa8c31fcd49eec3,1,4,20,0,1a22b61dd2d6df2551421fcd80663757,07d368f7890667bb96abdf9e249b6f8d,sixh,6h,futures,aster,BNB,2024-12-20T06:00:00+00:00,sell,623.3308400000001,25.965629839097275,16185.177858733572,6.474071143493429,trend_break,78927.53218218543,,2024-11-07T00:00:00+00:00,597.89,624.58,4.464031845322736
d85ad7e2888f47b79e6eead8595df555,d54c6e5c30d3bcab409169037abffd35,1,4,20,0,c95284fb43ab9ec68ba84ae1524edb3b,07d368f7890667bb96abdf9e249b6f8d,sixh,6h,spot,aster,BNB,2024-12-20T06:00:00+00:00,sell,623.3308400000001,25.970770234304933,16188.382025596293,6.475352810238517,trend_break,78967.39318343169,146727.43929769326,2024-11-07T00:00:00+00:00,597.89,624.58,4.464031845322736
d85ad7e2888f47b79e6eead8595df555,29320e750c3ee71b4fa8c31fcd49eec3,1,4,20,0,400faaadf926888772b8408b02b97b92,74f7de4c1ba29adb86040e24794a7537,sixh,6h,futures,aster,BTC,2024-12-30T18:00:00+00:00,sell,92635.67736,0.2056509469092278,19050.614766661718,7.620245906664688,trend_break,97970.52670294048,,2024-11-06T00:00:00+00:00,74666.04,92821.32,24.3153112177906
d85ad7e2888f47b79e6eead8595df555,d54c6e5c30d3bcab409169037abffd35,1,4,20,0,5fc5edb1c7ea50b09588c3d71c3a9e4e,74f7de4c1ba29adb86040e24794a7537,sixh,6h,spot,aster,BTC,2024-12-30T18:00:00+00:00,sell,92635.67736,0.20569474785088718,19054.672296561337,7.621868918624536,trend_break,98014.4436110744,148898.21807028182,2024-11-06T00:00:00+00:00,74666.04,92821.32,24.3153112177906
d85ad7e2888f47b79e6eead8595df555,29320e750c3ee71b4fa8c31fcd49eec3,1,4,20,0,1921c28d3fc1e402330d58bbffbb6d9c,c1a228df03cdc5cc1baaa099d8be5f58,sixh,6h,futures,aster,BTC,2025-01-16T00:00:00+00:00,buy,100627.67364000001,0.33156616514412457,33364.73185618931,13.345892742475725,entry,64592.448954008694,,2025-01-15T18:00:00+00:00,100426.82,97310.79,-3.102786685867398
d85ad7e2888f47b79e6eead8595df555,d54c6e5c30d3bcab409169037abffd35,1,4,20,0,5911528eeb728bfde0d3abe483af75be,c1a228df03cdc5cc1baaa099d8be5f58,sixh,6h,spot,aster,BTC,2025-01-16T00:00:00+00:00,buy,100627.67364000001,0.33137783421883615,33345.78055330307,13.338312221321228,entry,64655.32474555001,173337.264302045,2025-01-15T18:00:00+00:00,100426.82,97310.79,-3.102786685867398
d85ad7e2888f47b79e6eead8595df555,29320e750c3ee71b4fa8c31fcd49eec3,1,4,20,0,5e6f4740a587c5ca20f0248328784617,c1a228df03cdc5cc1baaa099d8be5f58,sixh,6h,futures,aster,BTC,2025-02-02T12:00:00+00:00,sell,97116.16841999999,0.33156616514412457,32200.43553651033,12.880174214604132,trend_break,160502.3640901202,,2025-01-15T18:00:00+00:00,100426.82,97310.79,-3.102786685867398
d85ad7e2888f47b79e6eead8595df555,29320e750c3ee71b4fa8c31fcd49eec3,1,4,20,0,306ab069fb5b75a4bdd83ec09581f786,b8b33eee8297d4b53ee6aca4375577bb,sixh,6h,futures,aster,XRP,2025-02-02T12:00:00+00:00,sell,2.5734427999999996,24771.430286844818,63747.85891738272,25.49914356695309,trend_break,128314.80872782446,,2024-11-07T00:00:00+00:00,0.5581,2.5786,362.03189392581965
d85ad7e2888f47b79e6eead8595df555,d54c6e5c30d3bcab409169037abffd35,1,4,20,0,fb438514954c8318436a62833bc1d702,c1a228df03cdc5cc1baaa099d8be5f58,sixh,6h,spot,aster,BTC,2025-02-02T12:00:00+00:00,sell,97116.16841999999,0.33137783421883615,32182.145558651326,12.87285822346053,trend_break,160427.17491228672,160427.17491228672,2025-01-15T18:00:00+00:00,100426.82,97310.79,-3.102786685867398
d85ad7e2888f47b79e6eead8595df555,d54c6e5c30d3bcab409169037abffd35,1,4,20,0,9889309108f30c4b99a2fa1932db751c,b8b33eee8297d4b53ee6aca4375577bb,sixh,6h,spot,aster,XRP,2025-02-02T12:00:00+00:00,sell,2.5734427999999996,24724.86611234568,63628.02867777997,25.45121147111199,trend_break,128257.90221185886,160504.54104818284,2024-11-07T00:00:00+00:00,0.5581,2.5786,362.03189392581965
d85ad7e2888f47b79e6eead8595df555,29320e750c3ee71b4fa8c31fcd49eec3,1,4,20,0,deea8791221090f9806ce330e45a7977,43393096e231d7595f4a007eefe2fd1a,sixh,6h,futures,aster,ADA,2025-05-09T00:00:00+00:00,buy,0.7699368,24163.300137673737,18604.213985440078,7.441685594176032,entry,141890.70841908595,,2025-05-08T18:00:00+00:00,0.7684,0.7207,-6.207704320666318
d85ad7e2888f47b79e6eead8595df555,29320e750c3ee71b4fa8c31fcd49eec3,1,4,20,0,060c9e5d45255eaf6dc0c9d032c6bd30,3811d419fff71d801ed8e508f715878d,sixh,6h,futures,aster,BNB,2025-05-09T00:00:00+00:00,buy,630.0576,50.94847331104972,32100.472818024038,12.840189127209616,entry,109777.3954119347,,2025-05-08T18:00:00+00:00,628.8,606.9323603631635,-3.477678059293321
d85ad7e2888f47b79e6eead8595df555,d54c6e5c30d3bcab409169037abffd35,1,4,20,0,07f7890a718712d5aa56e9f4b2141a05,43393096e231d7595f4a007eefe2fd1a,sixh,6h,spot,aster,ADA,2025-05-09T00:00:00+00:00,buy,0.7699368,24151.980561906774,18595.4986274967,7.438199450998681,entry,141824.23808533902,160194.23450072532,2025-05-08T18:00:00+00:00,0.7684,0.7207,-6.207704320666318
d85ad7e2888f47b79e6eead8595df555,d54c6e5c30d3bcab409169037abffd35,1,4,20,0,2f08e0846a1364b60b7fd357ce89bd01,3811d419fff71d801ed8e508f715878d,sixh,6h,spot,aster,BNB,2025-05-09T00:00:00+00:00,buy,630.0576,50.85066333640776,32038.84690014507,12.815538760058027,entry,109772.57564643389,160025.93797374784,2025-05-08T18:00:00+00:00,628.8,606.9323603631635,-3.477678059293321
d85ad7e2888f47b79e6eead8595df555,29320e750c3ee71b4fa8c31fcd49eec3,1,4,20,0,affc2276528b34f94d97fb7adab5d284,3811d419fff71d801ed8e508f715878d,sixh,6h,futures,aster,BNB,2025-05-12T18:00:00+00:00,sell,605.7184956424372,50.94847331104972,30860.4326092479,12.34417304369916,stop,140625.4838481389,,2025-05-08T18:00:00+00:00,628.8,606.9323603631635,-3.477678059293321
d85ad7e2888f47b79e6eead8595df555,d54c6e5c30d3bcab409169037abffd35,1,4,20,0,d24247c1a04f6d29758be2a5d3d16468,3811d419fff71d801ed8e508f715878d,sixh,6h,spot,aster,BNB,2025-05-12T18:00:00+00:00,sell,605.7184956424372,50.85066333640776,30801.18729854895,12.320474919419581,stop,140561.44247006343,160291.19539108506,2025-05-08T18:00:00+00:00,628.8,606.9323603631635,-3.477678059293321
d85ad7e2888f47b79e6eead8595df555,29320e750c3ee71b4fa8c31fcd49eec3,1,4,20,0,ac32f33dd12b48dbf4392d8a9004afc6,468cf61776d6bac5cd55424dc58d7609,sixh,6h,futures,aster,BNB,2025-05-21T06:00:00+00:00,buy,662.56248,47.95586235190455,31773.755090416515,12.709502036166606,entry,108839.0192556862,,2025-05-21T00:00:00+00:00,661.24,629.2768833833727,-4.8338147445144415
d85ad7e2888f47b79e6eead8595df555,d54c6e5c30d3bcab409169037abffd35,1,4,20,0,0e51e1d0d804a8a71816b49439463b32,468cf61776d6bac5cd55424dc58d7609,sixh,6h,spot,aster,BNB,2025-05-21T06:00:00+00:00,buy,662.56248,47.93395116315764,31759.237558860612,12.703695023544245,entry,108789.50121617927,158424.81926838018,2025-05-21T00:00:00+00:00,661.24,629.2768833833727,-4.8338147445144415
d85ad7e2888f47b79e6eead8595df555,29320e750c3ee71b4fa8c31fcd49eec3,1,4,20,0,5ec7583bbd205cddd59850ad9ac6ef46,43393096e231d7595f4a007eefe2fd1a,sixh,6h,futures,aster,ADA,2025-05-29T18:00:00+00:00,sell,0.7192586,24163.300137673737,17379.66142840302,6.951864571361208,trend_break,126211.72881951786,,2025-05-08T18:00:00+00:00,0.7684,0.7207,-6.207704320666318
d85ad7e2888f47b79e6eead8595df555,d54c6e5c30d3bcab409169037abffd35,1,4,20,0,b6493806535003d6229db5cd1175ef51,43393096e231d7595f4a007eefe2fd1a,sixh,6h,spot,aster,ADA,2025-05-29T18:00:00+00:00,sell,0.7192586,24151.980561906774,17371.51972618428,6.9486078904737125,trend_break,126154.07233447308,158437.58844285976,2025-05-08T18:00:00+00:00,0.7684,0.7207,-6.207704320666318
d85ad7e2888f47b79e6eead8595df555,29320e750c3ee71b4fa8c31fcd49eec3,1,4,20,0,b3c7ff72e089da19175a98b4c64f8e95,468cf61776d6bac5cd55424dc58d7609,sixh,6h,futures,aster,BNB,2025-06-05T18:00:00+00:00,sell,628.0183296166059,47.95586235190455,30117.160569566975,12.046864227826791,stop,156316.842524857,,2025-05-21T00:00:00+00:00,661.24,629.2768833833727,-4.8338147445144415
d85ad7e2888f47b79e6eead8595df555,d54c6e5c30d3bcab409169037abffd35,1,4,20,0,af3ef87b1a142e0cb748caf162bb15ee,468cf61776d6bac5cd55424dc58d7609,sixh,6h,spot,aster,BNB,2025-06-05T18:00:00+00:00,sell,628.0183296166059,47.93395116315764,30103.39994141022,12.04135997656409,stop,156245.43091590673,156245.43091590673,2025-05-21T00:00:00+00:00,661.24,629.2768833833727,-4.8338147445144415
d85ad7e2888f47b79e6eead8595df555,29320e750c3ee71b4fa8c31fcd49eec3,1,4,20,0,5b6e8a296565c22081821939b7f5adb5,c000e94a1f1fcb1dc8e41ebc2880d5a9,sixh,6h,futures,aster,SOL,2025-08-13T00:00:00+00:00,buy,192.22368,105.64305411240692,20307.096627925992,8.122838651170397,entry,136001.62305827983,,2025-08-12T18:00:00+00:00,191.84,177.07283578178783,-7.69764606870943
d85ad7e2888f47b79e6eead8595df555,d54c6e5c30d3bcab409169037abffd35,1,4,20,0,e4c2f22cdeadc1f36ca6bb8a6a963654,c000e94a1f1fcb1dc8e41ebc2880d5a9,sixh,6h,spot,aster,SOL,2025-08-13T00:00:00+00:00,buy,192.22368,105.59479225945023,20297.819556947037,8.119127822778815,entry,135939.49223113692,156702.59623311262,2025-08-12T18:00:00+00:00,191.84,177.07283578178783,-7.69764606870943
d85ad7e2888f47b79e6eead8595df555,29320e750c3ee71b4fa8c31fcd49eec3,1,4,20,0,10ec338c19e46a64ac37c9ca21dd7703,df3246c1321d29389885b821c19f72db,sixh,6h,futures,aster,ADA,2025-08-14T06:00:00+00:00,buy,0.9963888,15014.123800785483,14959.904796916086,5.983961918766434,entry,121035.73429944497,,2025-08-14T00:00:00+00:00,0.9944,0.8897172964042165,-10.52722280729922
d85ad7e2888f47b79e6eead8595df555,d54c6e5c30d3bcab409169037abffd35,1,4,20,0,3bc78812a722916e46066f70f42bb3fa,df3246c1321d29389885b821c19f72db,sixh,6h,spot,aster,ADA,2025-08-14T06:00:00+00:00,buy,0.9963888,15007.264765506401,14953.070530985204,5.981228212394082,entry,120980.44047193932,156914.75297530915,2025-08-14T00:00:00+00:00,0.9944,0.8897172964042165,-10.52722280729922
d85ad7e2888f47b79e6eead8595df555,29320e750c3ee71b4fa8c31fcd49eec3,1,4,20,0,ce9699d82ac43fe2aee58fdd343ad362,df3246c1321d29389885b821c19f72db,sixh,6h,futures,aster,ADA,2025-08-14T12:00:00+00:00,sell,0.8879378618114081,15014.123800785483,13331.608984641234,5.332643593856494,stop,134362.01064049234,,2025-08-14T00:00:00+00:00,0.9944,0.8897172964042165,-10.52722280729922
d85ad7e2888f47b79e6eead8595df555,d54c6e5c30d3bcab409169037abffd35,1,4,20,0,b82a92c9928caf898fb04ac328d59d8c,df3246c1321d29389885b821c19f72db,sixh,6h,spot,aster,ADA,2025-08-14T12:00:00+00:00,sell,0.8879378618114081,15007.264765506401,13325.518587521437,5.3302074350085755,stop,134300.62885202575,154781.79475866872,2025-08-14T00:00:00+00:00,0.9944,0.8897172964042165,-10.52722280729922
d85ad7e2888f47b79e6eead8595df555,29320e750c3ee71b4fa8c31fcd49eec3,1,4,20,0,079603991057780ec16fb65497c44f5e,c000e94a1f1fcb1dc8e41ebc2880d5a9,sixh,6h,futures,aster,SOL,2025-08-19T12:00:00+00:00,sell,176.71869011022426,105.64305411240692,18669.10214198809,7.467640856795236,stop,153023.64514162362,,2025-08-12T18:00:00+00:00,191.84,177.07283578178783,-7.69764606870943
d85ad7e2888f47b79e6eead8595df555,d54c6e5c30d3bcab409169037abffd35,1,4,20,0,1230df63ea5fd94654267aecf80ecf00,c000e94a1f1fcb1dc8e41ebc2880d5a9,sixh,6h,spot,aster,SOL,2025-08-19T12:00:00+00:00,sell,176.71869011022426,105.59479225945023,18660.573370551294,7.464229348220518,stop,152953.73799322883,152953.73799322883,2025-08-12T18:00:00+00:00,191.84,177.07283578178783,-7.69764606870943
d85ad7e2888f47b79e6eead8595df555,29320e750c3ee71b4fa8c31fcd49eec3,1,4,20,0,9ab5bbc63a7054aad3898dc034ac2278,a9ce457ab8c5d3bbd026c05944d7d4a0,sixh,6h,futures,aster,SOL,2025-08-22T18:00:00+00:00,buy,197.394,82.52252585554788,16289.45146873002,6.515780587492008,entry,136727.67789230612,,2025-08-22T12:00:00+00:00,197,209.56,6.375634517766504
d85ad7e2888f47b79e6eead8595df555,d54c6e5c30d3bcab409169037abffd35,1,4,20,0,71bbf88a25e08d8e995695bd8c50b2fb,a9ce457ab8c5d3bbd026c05944d7d4a0,sixh,6h,spot,aster,SOL,2025-08-22T18:00:00+00:00,buy,197.394,82.48482635848285,16282.009814206363,6.512803925682546,entry,136665.21537509677,153224.8691148258,2025-08-22T12:00:00+00:00,197,209.56,6.375634517766504
d85ad7e2888f47b79e6eead8595df555,29320e750c3ee71b4fa8c31fcd49eec3,1,4,20,0,02802b59be5b015c087b98350fdab7c0,a9ce457ab8c5d3bbd026c05944d7d4a0,sixh,6h,futures,aster,SOL,2025-09-24T00:00:00+00:00,sell,209.14088,82.52252585554788,17258.833677252038,6.903533470900816,trend_break,153979.60803608724,,2025-08-22T12:00:00+00:00,197,209.56,6.375634517766504
d85ad7e2888f47b79e6eead8595df555,d54c6e5c30d3bcab409169037abffd35,1,4,20,0,edf1acceab743eacce98092f72e39642,a9ce457ab8c5d3bbd026c05944d7d4a0,sixh,6h,spot,aster,SOL,2025-09-24T00:00:00+00:00,sell,209.14088,82.48482635848285,17250.949171260298,6.90037966850412,trend_break,153909.26416668858,153909.26416668858,2025-08-22T12:00:00+00:00,197,209.56,6.375634517766504
d85ad7e2888f47b79e6eead8595df555,29320e750c3ee71b4fa8c31fcd49eec3,1,4,20,0,7d3c62d5bf3e7b3a8000a7d71688ed1b,b616ca6592d972b8f312abf71461677a,sixh,6h,futures,aster,ETH,2025-10-06T18:00:00+00:00,buy,4706.25372,6.5011643281976745,30596.128803911604,12.238451521564642,entry,123371.24078065407,,2025-10-06T12:00:00+00:00,4696.86,4460.483474578942,-5.0326500134357355
d85ad7e2888f47b79e6eead8595df555,d54c6e5c30d3bcab409169037abffd35,1,4,20,0,6219aed987a652744291fe9b398dc113,b616ca6592d972b8f312abf71461677a,sixh,6h,spot,aster,ETH,2025-10-06T18:00:00+00:00,buy,4706.25372,6.498194343663522,30582.151303149407,12.232860521259763,entry,123314.88000301791,153692.96383049333,2025-10-06T12:00:00+00:00,4696.86,4460.483474578942,-5.0326500134357355
d85ad7e2888f47b79e6eead8595df555,29320e750c3ee71b4fa8c31fcd49eec3,1,4,20,0,1fd16a481cfe997ccfcbc11dfa02e77e,b616ca6592d972b8f312abf71461677a,sixh,6h,futures,aster,ETH,2025-10-07T12:00:00+00:00,sell,4451.562507629785,6.5011643281976745,28940.339379344943,11.576135751737977,stop,152300.0040242473,,2025-10-06T12:00:00+00:00,4696.86,4460.483474578942,-5.0326500134357355
d85ad7e2888f47b79e6eead8595df555,d54c6e5c30d3bcab409169037abffd35,1,4,20,0,efb5a5c4d26a6a643338693a1a5d46d2,b616ca6592d972b8f312abf71461677a,sixh,6h,spot,aster,ETH,2025-10-07T12:00:00+00:00,sell,4451.562507629785,6.498194343663522,28927.11830754447,11.570847323017789,stop,152230.42746323935,152230.42746323935,2025-10-06T12:00:00+00:00,4696.86,4460.483474578942,-5.0326500134357355
d85ad7e2888f47b79e6eead8595df555,29320e750c3ee71b4fa8c31fcd49eec3,1,4,20,0,98d1f43a9a83ac98ef6e0b93c8f78bfd,db99e531f8f8c3b462d3af2c2312a11a,sixh,6h,futures,aster,SOL,2026-01-12T06:00:00+00:00,buy,143.12568000000002,181.16193317071816,25928.924875173594,10.371569950069437,entry,126360.70757912363,,2026-01-12T00:00:00+00:00,142.84,137.81,-3.521422570708488
d85ad7e2888f47b79e6eead8595df555,d54c6e5c30d3bcab409169037abffd35,1,4,20,0,8c996110bb5bd4ec1c190a5319807730,db99e531f8f8c3b462d3af2c2312a11a,sixh,6h,spot,aster,SOL,2026-01-12T06:00:00+00:00,buy,143.12568000000002,181.07917135875155,25917.079534557844,10.366831813823138,entry,126302.98109686768,151655.8758788065,2026-01-12T00:00:00+00:00,142.84,137.81,-3.521422570708488
d85ad7e2888f47b79e6eead8595df555,29320e750c3ee71b4fa8c31fcd49eec3,1,4,20,0,d1701e834d107f5068015353e11e4bef,8a5362741f5af5e2714ee21702dfb6e7,sixh,6h,futures,aster,BTC,2026-01-13T18:00:00+00:00,buy,93424.81668,0.32688965277075377,30539.605884696524,12.21584235387861,entry,95808.88585207323,,2026-01-13T12:00:00+00:00,93238.34,91631.03,-1.7238723898344799
d85ad7e2888f47b79e6eead8595df555,29320e750c3ee71b4fa8c31fcd49eec3,1,4,20,0,bfd7c90a6a840a0dacd1ab81881fdd38,d536f661e0315b51d2912c44f2d38aeb,sixh,6h,futures,aster,ETH,2026-01-13T18:00:00+00:00,buy,3190.0173,9.573492245542534,30539.60588469653,12.215842353878614,entry,65257.06412502282,,2026-01-13T12:00:00+00:00,3183.65,3111.15,-2.2772603772399647
d85ad7e2888f47b79e6eead8595df555,d54c6e5c30d3bcab409169037abffd35,1,4,20,0,9314d1aa3af8760b21ef1d0ff2b8d757,8a5362741f5af5e2714ee21702dfb6e7,sixh,6h,spot,aster,BTC,2026-01-13T18:00:00+00:00,buy,93424.81668,0.3267403168727373,30525.654205800594,12.210261682320239,entry,95765.11662938476,153258.05429630273,2026-01-13T12:00:00+00:00,93238.34,91631.03,-1.7238723898344799
d85ad7e2888f47b79e6eead8595df555,d54c6e5c30d3bcab409169037abffd35,1,4,20,0,beb88db03fa3926e60e8635fcfd4efd5,d536f661e0315b51d2912c44f2d38aeb,sixh,6h,spot,aster,ETH,2026-01-13T18:00:00+00:00,buy,3190.0173,9.60860333242097,30651.61085926054,12.260644343704216,entry,65101.24512578052,154524.0520965,2026-01-13T12:00:00+00:00,3183.65,3111.15,-2.2772603772399647
d85ad7e2888f47b79e6eead8595df555,29320e750c3ee71b4fa8c31fcd49eec3,1,4,20,0,4795aa7db1a7c3e2f5e999bd0cd8eedc,07e6791dd4c4fc1fee464acfdfcd7db4,sixh,6h,futures,aster,BNB,2026-01-14T00:00:00+00:00,buy,947.03028,32.59137670883455,30865.020610153064,12.346008244061226,entry,34379.6975066257,,2026-01-13T18:00:00+00:00,945.14,906.5428750804617,-4.0837468438049696
d85ad7e2888f47b79e6eead8595df555,29320e750c3ee71b4fa8c31fcd49eec3,1,4,20,0,8851d34120bba3723bd342d0a40819e2,636a3762a08812834a41fe8242fdd531,sixh,6h,futures,aster,XRP,2026-01-14T00:00:00+00:00,buy,2.1707327999999997,10818.952178230835,23485.054354917116,9.394021741966847,entry,10885.249129966618,,2026-01-13T18:00:00+00:00,2.1664,2.072,-4.357459379615946
d85ad7e2888f47b79e6eead8595df555,d54c6e5c30d3bcab409169037abffd35,1,4,20,0,7fb1c45274968792664204fd374a5bb5,07e6791dd4c4fc1fee464acfdfcd7db4,sixh,6h,spot,aster,BNB,2026-01-14T00:00:00+00:00,buy,947.03028,32.57761080249449,30851.983880017382,12.340793552006954,entry,34236.92045221113,153968.37936022648,2026-01-13T18:00:00+00:00,945.14,906.5428750804617,-4.0837468438049696
d85ad7e2888f47b79e6eead8595df555,d54c6e5c30d3bcab409169037abffd35,1,4,20,0,c91cf0a9d6cc74828bd108fe3ca3156b,636a3762a08812834a41fe8242fdd531,sixh,6h,spot,aster,XRP,2026-01-14T00:00:00+00:00,buy,2.1707327999999997,10793.944085104782,23430.768466902937,9.372307386761175,entry,10796.779677921433,153776.23535643547,2026-01-13T18:00:00+00:00,2.1664,2.072,-4.357459379615946
d85ad7e2888f47b79e6eead8595df555,29320e750c3ee71b4fa8c31fcd49eec3,1,4,20,0,cff33d234223d44366f4cae555802db8,636a3762a08812834a41fe8242fdd531,sixh,6h,futures,aster,XRP,2026-01-16T00:00:00+00:00,sell,2.067856,10818.952178230835,22372.0351754677,8.94881407018708,trend_break,33248.33549136413,,2026-01-13T18:00:00+00:00,2.1664,2.072,-4.357459379615946
d85ad7e2888f47b79e6eead8595df555,d54c6e5c30d3bcab409169037abffd35,1,4,20,0,78c3e3f3de3f205ceef8af83497b0878,636a3762a08812834a41fe8242fdd531,sixh,6h,spot,aster,XRP,2026-01-16T00:00:00+00:00,sell,2.067856,10793.944085104782,22320.32204004843,8.928128816019374,trend_break,33108.17358915384,152498.92100557213,2026-01-13T18:00:00+00:00,2.1664,2.072,-4.357459379615946
d85ad7e2888f47b79e6eead8595df555,29320e750c3ee71b4fa8c31fcd49eec3,1,4,20,0,b158250b39249420f6985ce07bb6906f,db99e531f8f8c3b462d3af2c2312a11a,sixh,6h,futures,aster,SOL,2026-01-18T18:00:00+00:00,sell,137.53438,181.16193317071816,24915.994158236157,9.966397663294464,trend_break,58154.36325193699,,2026-01-12T00:00:00+00:00,142.84,137.81,-3.521422570708488
d85ad7e2888f47b79e6eead8595df555,d54c6e5c30d3bcab409169037abffd35,1,4,20,0,7e56212bc2fe63ea6781bb6b1b636267,db99e531f8f8c3b462d3af2c2312a11a,sixh,6h,spot,aster,SOL,2026-01-18T18:00:00+00:00,sell,137.53438,181.07917135875155,24904.61156373965,9.96184462549586,trend_break,58002.823308267994,150610.25882045168,2026-01-12T00:00:00+00:00,142.84,137.81,-3.521422570708488
d85ad7e2888f47b79e6eead8595df555,29320e750c3ee71b4fa8c31fcd49eec3,1,4,20,0,98087301cd116d8ae6c75a002e07f1e8,8a5362741f5af5e2714ee21702dfb6e7,sixh,6h,futures,aster,BTC,2026-01-20T00:00:00+00:00,sell,91447.76794,0.32688965277075377,29893.32910856707,11.95733164342683,trend_break,88035.73502886064,,2026-01-13T12:00:00+00:00,93238.34,91631.03,-1.7238723898344799
d85ad7e2888f47b79e6eead8595df555,d54c6e5c30d3bcab409169037abffd35,1,4,20,0,0cb85462e8a3343eb418b94728a63ca4,8a5362741f5af5e2714ee21702dfb6e7,sixh,6h,spot,aster,BTC,2026-01-20T00:00:00+00:00,sell,91447.76794,0.3267403168727373,29879.67267402015,11.95186906960806,trend_break,87870.54411321854,148440.06152556126,2026-01-13T12:00:00+00:00,93238.34,91631.03,-1.7238723898344799
d85ad7e2888f47b79e6eead8595df555,29320e750c3ee71b4fa8c31fcd49eec3,1,4,20,0,48029dd40963dca054d884f1df8860ee,d536f661e0315b51d2912c44f2d38aeb,sixh,6h,futures,aster,ETH,2026-01-20T06:00:00+00:00,sell,3104.9277,9.573492245542534,29725.001258920216,11.890000503568087,trend_break,117748.8462872773,,2026-01-13T12:00:00+00:00,3183.65,3111.15,-2.2772603772399647
d85ad7e2888f47b79e6eead8595df555,d54c6e5c30d3bcab409169037abffd35,1,4,20,0,b261473db5c0c47cf69c667d27a63c6f,d536f661e0315b51d2912c44f2d38aeb,sixh,6h,spot,aster,ETH,2026-01-20T06:00:00+00:00,sell,3104.9277,9.60860333242097,29834.018645146178,11.933607458058471,trend_break,117692.62915090667,147522.31848221074,2026-01-13T12:00:00+00:00,3183.65,3111.15,-2.2772603772399647
d85ad7e2888f47b79e6eead8595df555,29320e750c3ee71b4fa8c31fcd49eec3,1,4,20,0,cacd8257bedd5426b49a77727f23dadd,07e6791dd4c4fc1fee464acfdfcd7db4,sixh,6h,futures,aster,BNB,2026-01-20T12:00:00+00:00,sell,904.7297893303008,32.59137670883455,29486.389383768357,11.794555753507343,stop,147223.44111529214,,2026-01-13T18:00:00+00:00,945.14,906.5428750804617,-4.0837468438049696
d85ad7e2888f47b79e6eead8595df555,d54c6e5c30d3bcab409169037abffd35,1,4,20,0,52f5b01d9aa8b401126c258972ff2b8b,07e6791dd4c4fc1fee464acfdfcd7db4,sixh,6h,spot,aster,BNB,2026-01-20T12:00:00+00:00,sell,904.7297893303008,32.57761080249449,29473.934958225374,11.78957398329015,stop,147154.77453514875,147154.77453514875,2026-01-13T18:00:00+00:00,945.14,906.5428750804617,-4.0837468438049696
d85ad7e2888f47b79e6eead8595df555,29320e750c3ee71b4fa8c31fcd49eec3,1,4,20,0,12aff8eeab5b8891ab10580a4767316d,adffb8451359596f2ebc481d92959c1b,sixh,6h,futures,aster,XRP,2026-05-10T18:00:00+00:00,sell,1.437112402128153,19543.706032374215,28086.502322671782,11.234600929068714,stop,145842.2427386872,,2026-05-10T12:00:00+00:00,1.5036,1.4399923869019569,-4.230354688616867
d85ad7e2888f47b79e6eead8595df555,29320e750c3ee71b4fa8c31fcd49eec3,1,4,20,0,bd3c813cd814850cac13b682b0700ed5,adffb8451359596f2ebc481d92959c1b,sixh,6h,futures,aster,XRP,2026-05-10T18:00:00+00:00,buy,1.5066072000000001,19543.706032374215,29444.688223058427,11.777875289223372,entry,117766.97501694449,,2026-05-10T12:00:00+00:00,1.5036,1.4399923869019569,-4.230354688616867
d85ad7e2888f47b79e6eead8595df555,d54c6e5c30d3bcab409169037abffd35,1,4,20,0,17e5fd9377cf9fb46acb614e1b8bf0e3,adffb8451359596f2ebc481d92959c1b,sixh,6h,spot,aster,XRP,2026-05-10T18:00:00+00:00,buy,1.5066072000000001,19534.590639836148,29430.95490702975,11.7723819628119,entry,117712.04724615619,146517.75460365857,2026-05-10T12:00:00+00:00,1.5036,1.4399923869019569,-4.230354688616867
d85ad7e2888f47b79e6eead8595df555,d54c6e5c30d3bcab409169037abffd35,1,4,20,0,73527ef4094f6389cbc687a4dd121ed7,adffb8451359596f2ebc481d92959c1b,sixh,6h,spot,aster,XRP,2026-05-10T18:00:00+00:00,sell,1.437112402128153,19534.590639836148,28073.402479005057,11.229360991602023,stop,145774.22036416965,145774.22036416965,2026-05-10T12:00:00+00:00,1.5036,1.4399923869019569,-4.230354688616867
